Header,SubHeader,Brand,Documentation,Case,Price,Model,Condition,Year,Imgs
Rolex Submariner (No Date),14060M,Rolex,Sin documentos originales,Sin estuche original,7990 €,Submariner (No Date),"Usado (Bueno) El artículo presenta señales visibles y perceptibles de uso, como arañazos, rozaduras o pequeñas abolladuras.",2004 (Año aproximado),"['https://img.chrono24.com/images/uhren/35973403-lfcwt594cmbg5d6u0blygmv3-Zoom.jpg', 'https://img.chrono24.com/images/uhren/35973403-8jzd91vzwq086yzwytlc5dlj-Zoom.jpg', 'https://img.chrono24.com/images/uhren/35973403-pl8ob624k7fijdap50bo5ozj-Zoom.jpg', 'https://img.chrono24.com/images/uhren/35973403-fq69wgkkynp4gfdj0bv6ei6c-Zoom.jpg']"
Rolex Oyster Perpetual Lady Date,DATEJUST 1966 (circa) Ref. 6517 STEEL AND GOLD Vintage Swiss automatic watch Cal. 1161,Rolex,Sin documentos originales,Sin estuche original,2390 €,Oyster Perpetual Lady Date,"Usado (Bueno) El artículo presenta señales visibles y perceptibles de uso, como arañazos, rozaduras o pequeñas abolladuras.",1966,"['https://img.chrono24.com/images/uhren/37911854-lw1jaqj83x5ye2wby0269r35-Zoom.jpg', 'https://img.chrono24.com/images/uhren/37911854-tdcfbnkj8j3tyat52icxz75e-Zoom.jpg', 'https://img.chrono24.com/images/uhren/37911854-c48qybvnfdrwo8wpc0p8rcty-Zoom.jpg', 'https://img.chrono24.com/images/uhren/37911854-pbkwdtm33nef8uagovnffr89-Zoom.jpg', 'https://img.chrono24.com/images/uhren/37911854-4eqqrnw5bkqalc19aaxc4y0k-Zoom.jpg', 'https://img.chrono24.com/images/uhren/37911854-1hd4qhxys7prdt0f6a52tjw5-Zoom.jpg', 'https://img.chrono24.com/images/uhren/37911854-7jh2b3emos6y2rsd5xmncdpc-Zoom.jpg', 'https://img.chrono24.com/images/uhren/37911854-qi7ss8vk78xw43rl396dkiqm-Zoom.jpg', 'https://img.chrono24.com/images/uhren/37911854-084t9mnywdx7nmke0dnc70y5-Zoom.jpg', 'https://img.chrono24.com/images/uhren/37911854-k2wap8xffn2vcdedymaew24q-Zoom.jpg', 'https://img.chrono24.com/images/uhren/37911854-oax31fbt7k1kaasg9j9j3nmm-Zoom.jpg', 'https://img.chrono24.com/images/uhren/37911854-hyamjltpusdyxkcvpga4qmi1-Zoom.jpg', 'https://img.chrono24.com/images/uhren/37911854-dybobd8ygvwr4q420ybmc18b-Zoom.jpg', 'https://img.chrono24.com/images/uhren/37911854-zw62xpqxxbefdql6i5svqb07-Zoom.jpg', 'https://img.chrono24.com/images/uhren/37911854-a0drnsr9ol2hdeno8vt0ljak-Zoom.jpg', 'https://img.chrono24.com/images/uhren/37911854-dz3kibe2vk05qgbghr51pg9o-Zoom.jpg']"
Rolex Datejust Oysterquartz,Quartz Silver Dial,Rolex,Sin documentos originales,Con estuche original,5790 €,Datejust Oysterquartz,"Usado (Muy bueno) El artículo presenta ligeras señales de uso, como unos leves arañazos, pero no son perceptibles.",1990 (Año aproximado),"['https://img.chrono24.com/images/uhren/38657942-lux2rhtr017mgyzoxrlxx63x-Zoom.jpg', 'https://img.chrono24.com/images/uhren/38657942-s9srrlod2hiou1m7jtlwk7a9-Zoom.jpg', 'https://img.chrono24.com/images/uhren/38657942-qniv30tjh24v4ngnrultu131-Zoom.jpg', 'https://img.chrono24.com/images/uhren/38657942-sc31c3vywntn59m9wdn63wzz-Zoom.jpg', 'https://img.chrono24.com/images/uhren/38657942-uz71ktkabc6gk3xvtqaskuj6-Zoom.jpg', 'https://img.chrono24.com/images/uhren/38657942-rukxwlrz59ycw5cviso5g01j-Zoom.jpg', 'https://img.chrono24.com/images/uhren/38657942-336xk7lauxfmvj2gtz1rndz2-Zoom.jpg', 'https://img.chrono24.com/images/uhren/38657942-97lzj5gje8kr81vbyehxkwxm-Zoom.jpg', 'https://img.chrono24.com/images/uhren/38657942-bzbyv5bxge0nmz2n4ih9v8vb-Zoom.jpg', 'https://img.chrono24.com/images/uhren/38657942-cvxa8krkn54lczd8vggmp7lq-Zoom.jpg', 'https://img.chrono24.com/images/uhren/38657942-hj04t8icp07miy4t0756cm0q-Zoom.jpg', 'https://img.chrono24.com/images/uhren/38657942-sugqi8j85s97efkoulzqkvne-Zoom.jpg']"
Rolex Daytona,116520,Rolex,Sin documentos originales,Sin estuche original,16 800 €,Daytona,"Usado (Muy bueno) El artículo presenta ligeras señales de uso, como unos leves arañazos, pero no son perceptibles.",2010,"['https://img.chrono24.com/images/uhren/z9et7fbppxld-w2nmngwmogo5e03qt403mqp0-Zoom.jpg', 'https://img.chrono24.com/images/uhren/dedlq1ss5y54-uqqiyr4i35ihqo9fjsbn8edo-Zoom.jpg', 'https://img.chrono24.com/images/uhren/jkip409mecs4-bjqwmqxvfq795xh0xlliio3k-Zoom.jpg', 'https://img.chrono24.com/images/uhren/wa81k8lfrlqi-eytgpf1mz0mhsnq0gbo4hxu4-Zoom.jpg', 'https://img.chrono24.com/images/uhren/xff2qxtuvyn2-7x4rjc81toruz32dwo5nq9tl-Zoom.jpg', 'https://img.chrono24.com/images/uhren/t4221vqodygl-xmpievn0n2pl0slh1t0xnep1-Zoom.jpg', 'https://img.chrono24.com/images/uhren/wnuaj4dixcyg-j2ofzmjee3lo64brtz7obs7d-Zoom.jpg', 'https://img.chrono24.com/images/uhren/6h3rujlstth8-m3oss703b3nan47u5ywydc6h-Zoom.jpg', 'https://img.chrono24.com/images/uhren/rh7u8zs5f36n-7vdcpc6wcbh0nku21kg1tot4-Zoom.jpg', 'https://img.chrono24.com/images/uhren/5l30oum9z20x-rrm5plxhveke6shhj1qz85ke-Zoom.jpg', 'https://img.chrono24.com/images/uhren/y8cyomdpcsaj-fbutwahmrz4s8oi6chhcxl93-Zoom.jpg', 'https://img.chrono24.com/images/uhren/mmexkm22xyvf-akn2ooomp5m1k999fxgw07rb-Zoom.jpg', 'https://img.chrono24.com/images/uhren/s67iyspc7ufi-lype6vyd2mmkw8ev0l1qxaai-Zoom.jpg', 'https://img.chrono24.com/images/uhren/99ryjyorusan-b8gn759bwzh9g22k3mi0h7eg-Zoom.jpg']"
Rolex Oyster Perpetual Date,Vintage Excellent Condition New Service 2025 Oyster Perpetual Date,Rolex,Sin documentos originales,Sin estuche original,3500 €,Oyster Perpetual Date,"Usado (Muy bueno) El artículo presenta ligeras señales de uso, como unos leves arañazos, pero no son perceptibles.",1983,"['https://img.chrono24.com/images/uhren/39674828-ucoh4avunr9oy2yqldio47ym-Zoom.jpg', 'https://img.chrono24.com/images/uhren/39674828-67xoy1t8jjftspt6ivs07s6c-Zoom.jpg', 'https://img.chrono24.com/images/uhren/39674828-jpoi54ovtl4705uuulhqorpt-Zoom.jpg', 'https://img.chrono24.com/images/uhren/39674828-w79z3f1sapb5pc2gjtoo61rj-Zoom.jpg', 'https://img.chrono24.com/images/uhren/39674828-93tu1ecfe2e2cpc8sbq52j1c-Zoom.jpg', 'https://img.chrono24.com/images/uhren/39674828-nyxurdapr1d935f2nzvq0uz2-Zoom.jpg', 'https://img.chrono24.com/images/uhren/39674828-0g5p4ouqtyl5yr37dkxl6w72-Zoom.jpg', 'https://img.chrono24.com/images/uhren/39674828-y9tcu2tvjzg0m8uin5dliy97-Zoom.jpg', 'https://img.chrono24.com/images/uhren/39674828-2dlr549hskdaahg5p4oqxqdp-Zoom.jpg', 'https://img.chrono24.com/images/uhren/39674828-dbfshxe5kvt7f37fn9evubgb-Zoom.jpg', 'https://img.chrono24.com/images/uhren/39674828-ppyz2ikx5mb6knnvcan142mr-Zoom.jpg', 'https://img.chrono24.com/images/uhren/39674828-3t1qsnrpfsl20pyfj275je33-Zoom.jpg', 'https://img.chrono24.com/images/uhren/39674828-h2if9cqjkwx3q56797h1ejqf-Zoom.jpg']"
Rolex GMT-Master II,126710BLRO,Rolex,Con documentos originales,Con estuche original,21 900 € [Sujeto a negociación],GMT-Master II,"Usado (Muy bueno) El artículo presenta ligeras señales de uso, como unos leves arañazos, pero no son perceptibles.",2024,"['https://img.chrono24.com/images/uhren/37323017-8fv4871k73xw1sxg66rcd5r6-Zoom.jpg', 'https://img.chrono24.com/images/uhren/37323017-n6j02d3c4nhfxo6xgrhkb5mp-Zoom.jpg', 'https://img.chrono24.com/images/uhren/37323017-un7ky2pb47hpt2j0f0ddd8vh-Zoom.jpg', 'https://img.chrono24.com/images/uhren/hpvs6z5ivgu0-5beu4pkgmu8jg2gyxkr38hpc-Zoom.jpg', 'https://img.chrono24.com/images/uhren/37323017-kwllt2ruhftd16u16akzkjab-Zoom.jpg', 'https://img.chrono24.com/images/uhren/0ogx62cdyyg4-xegt53tygwna7i8fgzcklkxq-Zoom.jpg', 'https://img.chrono24.com/images/uhren/fuunz7re3g5f-zz2djfegupiy9222uzpev82f-Zoom.jpg']"
Rolex Datejust 36,Blue Dial,Rolex,Sin documentos originales,Sin estuche original,5200 €,Datejust 36,"Usado (Muy bueno) El artículo presenta ligeras señales de uso, como unos leves arañazos, pero no son perceptibles.",1998 (Año aproximado),"['https://img.chrono24.com/images/uhren/39364634-396xwbtxr39iuty1gke8iycs-Zoom.jpg', 'https://img.chrono24.com/images/uhren/39364634-zs8km8j18how584n8vr8bfzt-Zoom.jpg', 'https://img.chrono24.com/images/uhren/39364634-7lc6tfdl57snghr56djwwieu-Zoom.jpg', 'https://img.chrono24.com/images/uhren/39364634-dlxv68bg1di1mn9qcbton3u1-Zoom.jpg', 'https://img.chrono24.com/images/uhren/39364634-uf0ytzjc8vl04kz3c1bcmeib-Zoom.jpg', 'https://img.chrono24.com/images/uhren/39364634-8w589ve1gjvvd93qy8zjoimt-Zoom.jpg', 'https://img.chrono24.com/images/uhren/39364634-6rwwx33x00g6i5tno4bawpns-Zoom.jpg', 'https://img.chrono24.com/images/uhren/39364634-htzliv0gkoou58tcvhlvq0gn-Zoom.jpg', 'https://img.chrono24.com/images/uhren/39364634-ih5vhtu38kzk737bnlzpvh6t-Zoom.jpg', 'https://img.chrono24.com/images/uhren/39364634-ewt089cuhjigdrqxsdtxme73-Zoom.jpg', 'https://img.chrono24.com/images/uhren/39364634-0sj37go06f2zl466hzh62c7b-Zoom.jpg', 'https://img.chrono24.com/images/uhren/39364634-wpf4908n9w05on137drmqemr-Zoom.jpg']"
Rolex Oyster Perpetual Date,Gold/Steel vintage 1974,Rolex,Sin documentos originales,Sin estuche original,3595 €,Oyster Perpetual Date,"Usado (Bueno) El artículo presenta señales visibles y perceptibles de uso, como arañazos, rozaduras o pequeñas abolladuras.",1974,"['https://img.chrono24.com/images/uhren/37644846-hoewqnkamn2npu36tgxfpf1f-Zoom.jpg', 'https://img.chrono24.com/images/uhren/37644846-zg51hsb6fceznfl7yga11fr7-Zoom.jpg', 'https://img.chrono24.com/images/uhren/37644846-oa0eozgwm0p95y7sc1mohovk-Zoom.jpg', 'https://img.chrono24.com/images/uhren/37644846-5hszos3d5qw3xp6v2oiuy7qq-Zoom.jpg', 'https://img.chrono24.com/images/uhren/37644846-14dz4umm6vs24kvv1jaiwa43-Zoom.jpg', 'https://img.chrono24.com/images/uhren/37644846-grmrdm4d81zh8d5ptmv6quwn-Zoom.jpg', 'https://img.chrono24.com/images/uhren/37644846-grmrdm4d81zh8d5ptmv6quwn-Zoom.jpg', 'https://img.chrono24.com/images/uhren/37644846-grmrdm4d81zh8d5ptmv6quwn-Zoom.jpg', 'https://img.chrono24.com/images/uhren/37644846-6hs2g062eac0evju65z975xt-Zoom.jpg', 'https://img.chrono24.com/images/uhren/37644846-af32nhghqqx4qa1ds864hutz-Zoom.jpg', 'https://img.chrono24.com/images/uhren/37644846-vx2yxum31j5utlgdhl5xsmrn-Zoom.jpg', 'https://img.chrono24.com/images/uhren/37644846-vx2yxum31j5utlgdhl5xsmrn-Zoom.jpg', 'https://img.chrono24.com/images/uhren/37644846-p7zw4t8hr0q9yfnimwqwfuxs-Zoom.jpg']"
Rolex Submariner Date,16610,Rolex,Sin documentos originales,Sin estuche original,7850 €,Submariner Date,"Usado (Muy bueno) El artículo presenta ligeras señales de uso, como unos leves arañazos, pero no son perceptibles.",1990,"['https://img.chrono24.com/images/uhren/37722384-kbv6ambqksbdgkvrh8gv5nof-Zoom.jpg', 'https://img.chrono24.com/images/uhren/37722384-kbv6ambqksbdgkvrh8gv5nof-Zoom.jpg', 'https://img.chrono24.com/images/uhren/37722384-kbv6ambqksbdgkvrh8gv5nof-Zoom.jpg', 'https://img.chrono24.com/images/uhren/37722384-kbv6ambqksbdgkvrh8gv5nof-Zoom.jpg', 'https://img.chrono24.com/images/uhren/37722384-kbv6ambqksbdgkvrh8gv5nof-Zoom.jpg', 'https://img.chrono24.com/images/uhren/37722384-kbv6ambqksbdgkvrh8gv5nof-Zoom.jpg', 'https://img.chrono24.com/images/uhren/37722384-kbv6ambqksbdgkvrh8gv5nof-Zoom.jpg', 'https://img.chrono24.com/images/uhren/37722384-kbv6ambqksbdgkvrh8gv5nof-Zoom.jpg', 'https://img.chrono24.com/images/uhren/37722384-kbv6ambqksbdgkvrh8gv5nof-Zoom.jpg', 'https://img.chrono24.com/images/uhren/37722384-kbv6ambqksbdgkvrh8gv5nof-Zoom.jpg', 'https://img.chrono24.com/images/uhren/37722384-kbv6ambqksbdgkvrh8gv5nof-Zoom.jpg', 'https://img.chrono24.com/images/uhren/37722384-kbv6ambqksbdgkvrh8gv5nof-Zoom.jpg', 'https://img.chrono24.com/images/uhren/37722384-kbv6ambqksbdgkvrh8gv5nof-Zoom.jpg', 'https://img.chrono24.com/images/uhren/37722384-kbv6ambqksbdgkvrh8gv5nof-Zoom.jpg', 'https://img.chrono24.com/images/uhren/37722384-kbv6ambqksbdgkvrh8gv5nof-Zoom.jpg']"
Rolex Submariner Date,116610LV Date “Hulk” Full Set TOP Condition 2018’s,Rolex,Con documentos originales,Con estuche original,18 350 €,Submariner Date,"Usado (Muy bueno) El artículo presenta ligeras señales de uso, como unos leves arañazos, pero no son perceptibles.",2018,"['https://img.chrono24.com/images/uhren/39783541-cfjkg651spay6q4rpd7zvke1-Zoom.jpg', 'https://img.chrono24.com/images/uhren/39783541-faawrjpmuad3x9su0oq6gwvz-Zoom.jpg', 'https://img.chrono24.com/images/uhren/39783541-vu3ce38uiqavt9ls2tohnh37-Zoom.jpg', 'https://img.chrono24.com/images/uhren/39783541-ftmggy4jz0qvohc0ndu0q53z-Zoom.jpg', 'https://img.chrono24.com/images/uhren/39783541-ej391vmplifug89h1k8u3o77-Zoom.jpg', 'https://img.chrono24.com/images/uhren/39783541-v89efcd10vqm39y557d3uw7o-Zoom.jpg', 'https://img.chrono24.com/images/uhren/39783541-phq4p20dfoobv8osfamnwxym-Zoom.jpg', 'https://img.chrono24.com/images/uhren/39783541-4703d04v9je984pbn1c65vjf-Zoom.jpg', 'https://img.chrono24.com/images/uhren/39783541-zo2omzzi3ha7t7zd33zwyyyk-Zoom.jpg', 'https://img.chrono24.com/images/uhren/39783541-kl71jokcmujdgg06fvk5azg0-Zoom.jpg', 'https://img.chrono24.com/images/uhren/39783541-7n6xdgxqhvju69zmln9mots7-Zoom.jpg', 'https://img.chrono24.com/images/uhren/39783541-ljk41uimu12udlzleqjg8n6w-Zoom.jpg', 'https://img.chrono24.com/images/uhren/39783541-y56sj6cqoe3pxwzc8aye4pdg-Zoom.jpg', 'https://img.chrono24.com/images/uhren/39783541-pgd56nbvrdrxg2bakgbvlzes-Zoom.jpg', 'https://img.chrono24.com/images/uhren/39783541-ios1yace4ln5tkahhrr7jdj3-Zoom.jpg', 'https://img.chrono24.com/images/uhren/39783541-3t94uwxddqput2kt5b0eujmr-Zoom.jpg']"
Rolex Submariner Date,116610LN,Rolex,Con documentos originales,Con estuche original,10 200 €,Submariner Date,"Usado (Muy bueno) El artículo presenta ligeras señales de uso, como unos leves arañazos, pero no son perceptibles.",2012,"['https://img.chrono24.com/images/uhren/38872134-uz5f8rpw93az0hnsn3shy2pr-Zoom.jpg', 'https://img.chrono24.com/images/uhren/38872134-bm6dnsfej8rq6967zsrm40l2-Zoom.jpg', 'https://img.chrono24.com/images/uhren/38872134-h4rexcve6u36m5sbqyshy1yz-Zoom.jpg', 'https://img.chrono24.com/images/uhren/38872134-fmtn632tfkzlv6u6v4xqdl31-Zoom.jpg', 'https://img.chrono24.com/images/uhren/38872134-u8z1dioo8zeuqgb3fwyjd6yp-Zoom.jpg', 'https://img.chrono24.com/images/uhren/38872134-mhute4ikd0aycgei97b6tvy4-Zoom.jpg', 'https://img.chrono24.com/images/uhren/38872134-xhhb90f35m4n92zc1w637zld-Zoom.jpg', 'https://img.chrono24.com/images/uhren/38872134-stikinnpggsrn3usphk5d9cd-Zoom.jpg', 'https://img.chrono24.com/images/uhren/38872134-axcys9r5lnd6g5hkbc0uab6m-Zoom.jpg', 'https://img.chrono24.com/images/uhren/38872134-phzfht54l118fsot2otf6vry-Zoom.jpg', 'https://img.chrono24.com/images/uhren/38872134-6rh7q0qc4lrqipz3evh78q6w-Zoom.jpg']"
Rolex GMT-Master II,Oyster 40 mm Oystersteel / Ref: 126720VTNR / Full Stickers,Rolex,Con documentos originales,Con estuche original,17 900 € [Sujeto a negociación],GMT-Master II,"Como nuevo y sin estrenar El artículo no presenta señales de uso, como arañazos o abolladuras, y está sin estrenar. El artículo no ha sido pulido.",2022,"['https://img.chrono24.com/images/uhren/37186431-gpbvts3c1w38k0tngtlqtbkq-Zoom.jpg', 'https://img.chrono24.com/images/uhren/37186431-s3vpnmb9b6qx8rg00caxrgkg-Zoom.jpg', 'https://img.chrono24.com/images/uhren/37186431-m82pclh5bc5mv9jyi5jidped-Zoom.jpg', 'https://img.chrono24.com/images/uhren/37186431-vkmq7yetdqz5z31b2vzv8329-Zoom.jpg', 'https://img.chrono24.com/images/uhren/37186431-7g1enf426ccs5x9xydtyin0p-Zoom.jpg', 'https://img.chrono24.com/images/uhren/37186431-fsurn7em3b3d0m8jreqzjyxo-Zoom.jpg', 'https://img.chrono24.com/images/uhren/37186431-teclxs6hycxadqmw50qlakrd-Zoom.jpg', 'https://img.chrono24.com/images/uhren/37186431-idesr683w3b0ofbnemzh9e3c-Zoom.jpg', 'https://img.chrono24.com/images/uhren/37186431-15fsf8oi6l8zeorey0w6yl2d-Zoom.jpg', 'https://img.chrono24.com/images/uhren/37186431-88nm92ss20z8dodm1ojg0v0c-Zoom.jpg', 'https://img.chrono24.com/images/uhren/37186431-mp19vqqbkqbbj13uwwjl2bi6-Zoom.jpg', 'https://img.chrono24.com/images/uhren/37186431-kiqtakwfcgnf08spwpw58kjr-Zoom.jpg', 'https://img.chrono24.com/images/uhren/37186431-ti7ldmxkwl0tb7wx2483u219-Zoom.jpg', 'https://img.chrono24.com/images/uhren/37186431-wm0g2lf3jb93obxviflykfu0-Zoom.jpg', 'https://img.chrono24.com/images/uhren/37186431-v2hhcpo4l2ciamej10f65ugi-Zoom.jpg', 'https://img.chrono24.com/images/uhren/37186431-3c70o94vzcqaobi13jay3353-Zoom.jpg', 'https://img.chrono24.com/images/uhren/37186431-22mv2hwte0gan0q336bh901i-Zoom.jpg', 'https://img.chrono24.com/images/uhren/37186431-sva3lbofb6pkw4vzr4mmkeek-Zoom.jpg', 'https://img.chrono24.com/images/uhren/37186431-cc0dx38ikga9e56skcddtqjq-Zoom.jpg', 'https://img.chrono24.com/images/uhren/37186431-ltv720bulrcyxojcgeoocg1l-Zoom.jpg', 'https://img.chrono24.com/images/uhren/37186431-h82t4bzeukrp0hqiuk113wwt-Zoom.jpg']"
Rolex GMT-Master II,2002 Coke Bezel GMT-Master II ¨Mr Wolf¨,Rolex,Sin documentos originales,Sin estuche original,8750 €,GMT-Master II,"Usado (Bueno) El artículo presenta señales visibles y perceptibles de uso, como arañazos, rozaduras o pequeñas abolladuras.",2002 (Año aproximado),"['https://img.chrono24.com/images/uhren/39750856-2eshlzlhm819wkrh2ak7leuo-Zoom.jpg', 'https://img.chrono24.com/images/uhren/39750856-r5e1yc1d69ok1oipjpwa0yfd-Zoom.jpg', 'https://img.chrono24.com/images/uhren/39750856-mhpt0qzxf3p3x6xbpewhc1qy-Zoom.jpg', 'https://img.chrono24.com/images/uhren/39750856-3swqjnjkg284c5vvctg2x97v-Zoom.jpg', 'https://img.chrono24.com/images/uhren/39750856-i1htie9jgie82eps4v7f6pzr-Zoom.jpg', 'https://img.chrono24.com/images/uhren/39750856-zagd3t3muy7z2va4xp1fcjuk-Zoom.jpg', 'https://img.chrono24.com/images/uhren/39750856-wbhlanpq3kgyu4bvo26i0cc7-Zoom.jpg', 'https://img.chrono24.com/images/uhren/39750856-vk47hjshn064vxx21xwy9946-Zoom.jpg', 'https://img.chrono24.com/images/uhren/39750856-gcgsdt51l2dvatdhiuhro7nl-Zoom.jpg', 'https://img.chrono24.com/images/uhren/39750856-fu9jtizqpwj1xvyux7i4ljb7-Zoom.jpg', 'https://img.chrono24.com/images/uhren/39750856-pa8ln5ko8ew2g5lshljreqw5-Zoom.jpg']"
Rolex Submariner Date,41mm 126610LN with Card and Booklets No Box,Rolex,Con documentos originales,Sin estuche original,12 300 €,Submariner Date,"Usado (Muy bueno) El artículo presenta ligeras señales de uso, como unos leves arañazos, pero no son perceptibles.",2020,"['https://img.chrono24.com/images/uhren/39700769-55agv96diwfyjs3ytw2z7stk-Zoom.jpg', 'https://img.chrono24.com/images/uhren/39700769-duume0y83tblq69sifyji24d-Zoom.jpg', 'https://img.chrono24.com/images/uhren/39700769-285jltgrs36haztwp1ghcl1x-Zoom.jpg', 'https://img.chrono24.com/images/uhren/39700769-x02utruaam5vblhjn6jjgd9n-Zoom.jpg', 'https://img.chrono24.com/images/uhren/39700769-isylak575zphxdiz8gjcylpg-Zoom.jpg', 'https://img.chrono24.com/images/uhren/39700769-e379reno13gifn7vlujwp7hi-Zoom.jpg', 'https://img.chrono24.com/images/uhren/39700769-cfzf6u9v8m5h71ox0w1o2b0d-Zoom.jpg', 'https://img.chrono24.com/images/uhren/39700769-9jsix71zqobzs8jbcc5vficl-Zoom.jpg', 'https://img.chrono24.com/images/uhren/39700769-hhs6ocnojbe3onwgzo0tq8g6-Zoom.jpg', 'https://img.chrono24.com/images/uhren/39700769-9s7j0tqro76p8npx3jqhi6cv-Zoom.jpg']"
Rolex Oyster Perpetual Date,15053,Rolex,Sin documentos originales,Sin estuche original,4000 €,Oyster Perpetual Date,"Usado (Bueno) El artículo presenta señales visibles y perceptibles de uso, como arañazos, rozaduras o pequeñas abolladuras.",1988,"['https://img.chrono24.com/images/uhren/l8e072dsow23-wwz4pdzrske6qp4ti3m5cx41-Zoom.jpg', 'https://img.chrono24.com/images/uhren/35646398-nujd68wo4c9fkowa170gahtc-Zoom.jpg', 'https://img.chrono24.com/images/uhren/35646398-4hc5uv8z2495put6un87tize-Zoom.jpg', 'https://img.chrono24.com/images/uhren/35646398-vl7vwlay70mtstfpcononxv7-Zoom.jpg', 'https://img.chrono24.com/images/uhren/35646398-9ovay67jgjhzekv8q7i18um1-Zoom.jpg', 'https://img.chrono24.com/images/uhren/35646398-xkw04m8vjpxj99rvgwjb3vb6-Zoom.jpg', 'https://img.chrono24.com/images/uhren/35646398-giolzqixc56jxuqzcznqashf-Zoom.jpg', 'https://img.chrono24.com/images/uhren/35646398-g9alxe1wgj5r671421e30txj-Zoom.jpg', 'https://img.chrono24.com/images/uhren/h6v27ske4qml-y8trk7h8vqdnnsczw3qs8k7h-Zoom.jpg', 'https://img.chrono24.com/images/uhren/dtp9aobag04r-dk165lxbis92m1dngq0ppc4r-Zoom.jpg', 'https://img.chrono24.com/images/uhren/x5agr6ek68tr-hmwl3nla34i0h8hqaf9okbsw-Zoom.jpg', 'https://img.chrono24.com/images/uhren/5hcyae2frdho-s0osbp1w1r8dhf5fbpeky6bg-Zoom.jpg', 'https://img.chrono24.com/images/uhren/ber477aqkku7-8ipsbxiuiv0px6awovjana92-Zoom.jpg', 'https://img.chrono24.com/images/uhren/i6zq7ps4gwqr-j2ei4b1s9rt4tc9shwvzhajl-Zoom.jpg']"
Rolex Daytona,Cosmograph Steel & Gold (Y Serial) 2002,Rolex,Sin documentos originales,Sin estuche original,14 995 €,Daytona,"Usado (Muy bueno) El artículo presenta ligeras señales de uso, como unos leves arañazos, pero no son perceptibles.",2002,"['https://img.chrono24.com/images/uhren/37078947-7djc55phye1jnd8dwjm6l6b8-Zoom.jpg', 'https://img.chrono24.com/images/uhren/37078947-5ztmbdz8wwug7h44d97wbpbx-Zoom.jpg', 'https://img.chrono24.com/images/uhren/37078947-4iazbcq80o5fqjpbmyyn84tp-Zoom.jpg', 'https://img.chrono24.com/images/uhren/37078947-yfysn0juyyt1q8jlpvuodjwd-Zoom.jpg', 'https://img.chrono24.com/images/uhren/37078947-ineb6lv6hwc0gyg4wq2ic6zd-Zoom.jpg', 'https://img.chrono24.com/images/uhren/37078947-jevy593h9t7pi8kqsusq5a9u-Zoom.jpg', 'https://img.chrono24.com/images/uhren/37078947-accqjxlbfkfwqabicmcdnyjy-Zoom.jpg', 'https://img.chrono24.com/images/uhren/37078947-evhdfkdrjk86je1kx9fe5eab-Zoom.jpg', 'https://img.chrono24.com/images/uhren/37078947-bx8171uasvrne7gu30mdg4yd-Zoom.jpg', 'https://img.chrono24.com/images/uhren/37078947-axo8puyqh87ofue96evkl6kp-Zoom.jpg', 'https://img.chrono24.com/images/uhren/37078947-wpsz9ovxfvy8vuf239cboim0-Zoom.jpg', 'https://img.chrono24.com/images/uhren/37078947-eu3r91x8l65850m3qolmg693-Zoom.jpg', 'https://img.chrono24.com/images/uhren/37078947-hjrruqmhd1u90ez1k34equiu-Zoom.jpg', 'https://img.chrono24.com/images/uhren/37078947-3qpy8lv65z5gm0ob51wvsnza-Zoom.jpg', 'https://img.chrono24.com/images/uhren/37078947-m0mq76mtx8vewwe0qducoa9b-Zoom.jpg', 'https://img.chrono24.com/images/uhren/37078947-r7l4gcz1yr0noiov0auil2h8-Zoom.jpg']"
Rolex Datejust 36,16000,Rolex,Sin documentos originales,Con estuche original,3900 €,Datejust 36,"Usado (Bueno) El artículo presenta señales visibles y perceptibles de uso, como arañazos, rozaduras o pequeñas abolladuras.",1982,"['https://img.chrono24.com/images/uhren/gwr62drkvari-tyz0n6evbpz5ebi04inwgrww-Zoom.jpg', 'https://img.chrono24.com/images/uhren/to2l0xr7tzsj-3shg5w68tkiiwxw48sldyxcw-Zoom.jpg', 'https://img.chrono24.com/images/uhren/3plp2x05iuzv-gpzjjh6hk15me368gjzq8lq4-Zoom.jpg', 'https://img.chrono24.com/images/uhren/a9th1segahna-h2tjnl6023g90t9q1rwtr5sl-Zoom.jpg', 'https://img.chrono24.com/images/uhren/z1gmpz06bb9g-0t1oruynh7d15h4qrm6xcf6t-Zoom.jpg', 'https://img.chrono24.com/images/uhren/uwgi16wapn0f-m4o85geww5h9dyb0cpmuayri-Zoom.jpg', 'https://img.chrono24.com/images/uhren/6s6m7a0240y8-ni18xdnugj3krgy9hv6rgwq6-Zoom.jpg', 'https://img.chrono24.com/images/uhren/baxlbxzbxb3i-ncpfi3piznauvxq6kv1w9zvh-Zoom.jpg', 'https://img.chrono24.com/images/uhren/gidnfiu1ixbb-bt2o0u5q4g2jhzzegvp1jq11-Zoom.jpg', 'https://img.chrono24.com/images/uhren/lf8zoyaqm767-69z9tzh32mb6q6axkjtf7pag-Zoom.jpg', 'https://img.chrono24.com/images/uhren/l2w03d8alwrh-1org3orz8lu2m7rysyt0zhal-Zoom.jpg', 'https://img.chrono24.com/images/uhren/ouhfnmfzxmp3-32odiw5gbt6ukuawvjy47imy-Zoom.jpg', 'https://img.chrono24.com/images/uhren/ibzey3mkic8d-lbggxkre2qb4et9r7za5ckax-Zoom.jpg', 'https://img.chrono24.com/images/uhren/rk8i8mxtyths-csry4txzklpgvu8t79r635bn-Zoom.jpg', 'https://img.chrono24.com/images/uhren/v2erxx1ykuoa-qm1ppzre1owma82102jywq1n-Zoom.jpg', 'https://img.chrono24.com/images/uhren/uvjpmqe1rt81-zglxytt54388pb2o4kt4jjk1-Zoom.jpg']"
Rolex Datejust 41,41mm Jubilee Unworn Full Set 2024 Top Quality 126300,Rolex,Con documentos originales,Con estuche original,17 900 € [Sujeto a negociación],Datejust 41,Nuevo El artículo es nuevo y no presenta señales de uso. El periodo de garantía comienza a partir de la compra del reloj.,2024,"['', '', 'https://img.chrono24.com/images/uhren/30876351-denoe5c47hyfbbilocns0t38-Zoom.jpg', 'https://img.chrono24.com/images/uhren/30876351-gqbayw0k457cl1ucy6km4yop-Zoom.jpg']"
Rolex Lady-Datejust,6917,Rolex,Sin documentos originales,Sin estuche original,4750 €,Lady-Datejust,"Usado (Bueno) El artículo presenta señales visibles y perceptibles de uso, como arañazos, rozaduras o pequeñas abolladuras.",1978,"['https://img.chrono24.com/images/uhren/33946024-q36vur3db9z2afp3ladh1t6m-Zoom.jpg', 'https://img.chrono24.com/images/uhren/33946024-470m4mx7ftn17kadn423xe8c-Zoom.jpg', 'https://img.chrono24.com/images/uhren/33946024-svzqvdc8vb9m1c9wonvfjfo8-Zoom.jpg', 'https://img.chrono24.com/images/uhren/33946024-l79dkjj0837m66ldmgfsax1a-Zoom.jpg', 'https://img.chrono24.com/images/uhren/33946024-sfv3o1w49jcf1zrmvkdjvng4-Zoom.jpg', 'https://img.chrono24.com/images/uhren/33946024-x6o42df07f7l7ltt7vsvg0pb-Zoom.jpg', 'https://img.chrono24.com/images/uhren/33946024-13mak6ob3s07cqjivxc1090e-Zoom.jpg']"
Rolex Submariner Date,Excellent condition,Rolex,Con documentos originales,Con estuche original,15 300 € [Sujeto a negociación],Submariner Date,"Usado (Bueno) El artículo presenta señales visibles y perceptibles de uso, como arañazos, rozaduras o pequeñas abolladuras.",2021,"['https://img.chrono24.com/images/uhren/4jlhq4cw6olp-jjazcrsv0h16l27f9vuc1qrj-Zoom.jpg', 'https://img.chrono24.com/images/uhren/p6y1kaqd59ds-0onayng5ia8uh487a0ess8pq-Zoom.jpg', 'https://img.chrono24.com/images/uhren/kz3v5rt9ybrg-xoaf551nlj0ki9u91t2ahz48-Zoom.jpg', 'https://img.chrono24.com/images/uhren/9otu2iuemkia-7r16ue65smfbz1n6k94xht6d-Zoom.jpg', 'https://img.chrono24.com/images/uhren/66whjr3vrd3z-1lxqr90wj6brvty8am8thdbj-Zoom.jpg', 'https://img.chrono24.com/images/uhren/9zorpnovkgqc-e7rzfh985xz7uyyedlb69za8-Zoom.jpg', 'https://img.chrono24.com/images/uhren/jdyjyqjp167v-gfzf5hr0me4aklk1konz9mza-Zoom.jpg', 'https://img.chrono24.com/images/uhren/suzx6radm6qy-baiz5p26ahc39swxks2mpbb6-Zoom.jpg', 'https://img.chrono24.com/images/uhren/vb022pl7934y-lys4m2oos52i10zpgnu3elww-Zoom.jpg', 'https://img.chrono24.com/images/uhren/1h9ncgvvoec5-r6y9dszv3bhvi83p6c7isto0-Zoom.jpg', 'https://img.chrono24.com/images/uhren/3c9vak239vsb-sl0nmer65ycw9or0lga3doxo-Zoom.jpg', 'https://img.chrono24.com/images/uhren/dvvhwwmkh9al-4y0qxy0e35p1sm2ahi8sdodq-Zoom.jpg', 'https://img.chrono24.com/images/uhren/6pvkdbi4fcli-7txba8cvmj9e4tp6ykfwujvj-Zoom.jpg', 'https://img.chrono24.com/images/uhren/mu27e1i7u53j-qw4da51wl2gerf2d3vuvmjl8-Zoom.jpg', 'https://img.chrono24.com/images/uhren/tp6uff94vxqj-suf12rkt4dsovz35j0hlidou-Zoom.jpg']"
IWC Da Vinci Chronograph,IW3736,IWC,Sin documentos originales,Sin estuche original,2200 €,Da Vinci Chronograph,"Usado (Bueno) El artículo presenta señales visibles y perceptibles de uso, como arañazos, rozaduras o pequeñas abolladuras.",No conocido,"['https://img.chrono24.com/images/uhren/oco6ib9z1yup-0x8opnr2yd8weryiuclvcvno-Zoom.jpg', 'https://img.chrono24.com/images/uhren/athp0eun23bq-endr2w3o9nv5nauijcf5mu9l-Zoom.jpg', 'https://img.chrono24.com/images/uhren/94rs55uh5ar1-efgi3ijatbwrfco1gitz2jqc-Zoom.jpg', 'https://img.chrono24.com/images/uhren/kxdi16hia251-i0of1fybmkq5x8b81hwzee4x-Zoom.jpg', 'https://img.chrono24.com/images/uhren/x70l35tdxvx2-mmjj6t7wc03y6zfjxyny0pq2-Zoom.jpg', 'https://img.chrono24.com/images/uhren/u45anmb0oi9b-omazphop5ze29nvo1fxkskkq-Zoom.jpg', 'https://img.chrono24.com/images/uhren/1xq3eazne2fv-7wwzgu7ddwedqf8693f5eekr-Zoom.jpg', 'https://img.chrono24.com/images/uhren/tvumnja0osvd-q0eo94fo1ulvobb6o2ljno1v-Zoom.jpg']"
IWC Pilot Chronograph,36mm IW374101,IWC,Sin documentos originales,Sin estuche original,2195 €,Pilot Chronograph,"Usado (Muy bueno) El artículo presenta ligeras señales de uso, como unos leves arañazos, pero no son perceptibles.",2001 (Año aproximado),"['https://img.chrono24.com/images/uhren/38652691-wljr5m6qedlrik67kuvqr41p-Zoom.jpg', 'https://img.chrono24.com/images/uhren/38652691-kethr8utl6h7tapxs977d3a6-Zoom.jpg', 'https://img.chrono24.com/images/uhren/38652691-etgcl0bcjj7xkzaqmdx5jwc1-Zoom.jpg', 'https://img.chrono24.com/images/uhren/38652691-tf0l61b2qbco000iyk4e87h9-Zoom.jpg', 'https://img.chrono24.com/images/uhren/38652691-p69kryurune12xhq8mpbmk2x-Zoom.jpg', 'https://img.chrono24.com/images/uhren/38652691-gwdiw3w7iikw3s5mbck432nc-Zoom.jpg', 'https://img.chrono24.com/images/uhren/38652691-7ozcfhngi0ivyki7mnnbdjzi-Zoom.jpg', 'https://img.chrono24.com/images/uhren/38652691-rizv7kcqjebs86zlozit56i6-Zoom.jpg', 'https://img.chrono24.com/images/uhren/38652691-6n8z5ud77ukufp77w9u22u5s-Zoom.jpg', 'https://img.chrono24.com/images/uhren/38652691-phqnhcyglzkpiekzr8x2fmaz-Zoom.jpg', 'https://img.chrono24.com/images/uhren/38652691-0jcdtpg0zl8kxmlm4xzr83rj-Zoom.jpg', 'https://img.chrono24.com/images/uhren/38652691-65nae6d3zvoxanix5j9pcjqe-Zoom.jpg', 'https://img.chrono24.com/images/uhren/38652691-v5d4arcskbesab80yy72u7q6-Zoom.jpg', 'https://img.chrono24.com/images/uhren/38652691-mwxtkzitte8tu3j3v4ny2gdt-Zoom.jpg', 'https://img.chrono24.com/images/uhren/38652691-5yalwgztjn1pirdgeh3r2tag-Zoom.jpg', 'https://img.chrono24.com/images/uhren/38652691-8mgb24fsa506j6qy692nc3w1-Zoom.jpg']"
IWC Pilot’s Watch Automatic 36,pilot 36mm full set and waranty,IWC,Con documentos originales,Con estuche original,3700 € [Sujeto a negociación],Pilot’s Watch Automatic 36,"Usado (Muy bueno) El artículo presenta ligeras señales de uso, como unos leves arañazos, pero no son perceptibles.",2020,"['https://img.chrono24.com/images/uhren/q0358tlh0fgq-oip13xwyos1xmo1bobodd7sk-Zoom.jpg', 'https://img.chrono24.com/images/uhren/h7bkopas7q1s-ja8rzxj5en7vd501zaqglfog-Zoom.jpg', 'https://img.chrono24.com/images/uhren/tiemhpj0fcpp-ur5c8fp5mqflpatxc7n9hu7g-Zoom.jpg', 'https://img.chrono24.com/images/uhren/v2w6bj8pkkl8-qiolzi04hxhdkfux40fibxic-Zoom.jpg', 'https://img.chrono24.com/images/uhren/r8usr7wp4w6s-bqcb49rfovk2rfyac7h0u5vd-Zoom.jpg', 'https://img.chrono24.com/images/uhren/mc20h68d80tw-2k1sca3gz4hvvvyvcmma8c4y-Zoom.jpg', 'https://img.chrono24.com/images/uhren/xcn1s7n3orqs-tb7yp0u4q19jg0ybhprufbqk-Zoom.jpg', 'https://img.chrono24.com/images/uhren/7fz4tstaqain-etjx7nah56uiaxu6uth49a6c-Zoom.jpg', 'https://img.chrono24.com/images/uhren/38680777-s9a03ouyqtgglgrxqq7i90xy-Zoom.jpg', 'https://img.chrono24.com/images/uhren/ztt9pik5ekkr-z0dmgdutj66sqfaho8mwb1kk-Zoom.jpg', 'https://img.chrono24.com/images/uhren/y05l6s8iu9s8-ua9tg4kgiz1rxfr84uw4w8it-Zoom.jpg', 'https://img.chrono24.com/images/uhren/ktzra11s5kx6-vil5llh6zou47t53ezmt21qt-Zoom.jpg', 'https://img.chrono24.com/images/uhren/b7r63imw35hi-yf2mq32uqnfx5a6s7ffebhsw-Zoom.jpg', 'https://img.chrono24.com/images/uhren/196w1qf3rfv7-frn6tnkgnzq8uyacoqua9w21-Zoom.jpg', 'https://img.chrono24.com/images/uhren/i7f5p8khyay7-lasb9pf8yqr5zwm3hzorefcn-Zoom.jpg', 'https://img.chrono24.com/images/uhren/sabmogfe2teo-rvm0sg9uqgo74e8m8vcj0vc8-Zoom.jpg', 'https://img.chrono24.com/images/uhren/tm82fpqace3d-rxokpsnh18prziwo9posd6bm-Zoom.jpg', 'https://img.chrono24.com/images/uhren/39xwvds72d1h-uldaz81a3saspwxxtx26taak-Zoom.jpg']"
IWC,Schaffhausen Automatic Lady R2229 - Women - 1970-1979,IWC,Sin documentos originales,Sin estuche original,640 € [Sujeto a negociación],,"Usado (Muy bueno) El artículo presenta ligeras señales de uso, como unos leves arañazos, pero no son perceptibles.",1970 (Año aproximado),"['https://img.chrono24.com/images/uhren/38526299-42ga2kpylokw350mbtk0tqye-Zoom.jpg', 'https://img.chrono24.com/images/uhren/38526299-915wmx9isiyv64l1onkqid4o-Zoom.jpg', 'https://img.chrono24.com/images/uhren/38526299-hqv5blio51vq3czwharadu2c-Zoom.jpg', 'https://img.chrono24.com/images/uhren/38526299-bln2y9narwhfz4w2k6nqap31-Zoom.jpg', 'https://img.chrono24.com/images/uhren/38526299-nv60g7scimdj3eo2r6vgexq4-Zoom.jpg', 'https://img.chrono24.com/images/uhren/38526299-nv60g7scimdj3eo2r6vgexq4-Zoom.jpg', 'https://img.chrono24.com/images/uhren/38526299-yl7f1wtgghvixlxy8wrmssnw-Zoom.jpg', 'https://img.chrono24.com/images/uhren/38526299-rlpcd6zt59234dmk9uo57571-Zoom.jpg']"
IWC Porsche Design,Sportivo,IWC,Sin documentos originales,Con estuche original,1399 € [Sujeto a negociación],Porsche Design,"Usado (Bueno) El artículo presenta señales visibles y perceptibles de uso, como arañazos, rozaduras o pequeñas abolladuras.",1980 (Año aproximado),"['https://img.chrono24.com/images/uhren/zerd28notpp1-ferjauxzod6m0uvwheqjmk2f-Zoom.jpg', 'https://img.chrono24.com/images/uhren/yrlhi5s58f2n-1nb3ump2l12vqyb1dbsi35uj-Zoom.jpg', 'https://img.chrono24.com/images/uhren/kknop73ow0et-d9j607as8ckftse0ff2zozp9-Zoom.jpg', 'https://img.chrono24.com/images/uhren/x0yq59wr40bj-tso2sj8koj05pnw88woqv8q7-Zoom.jpg', 'https://img.chrono24.com/images/uhren/res6g52vi4l1-f4ok33lbj6hb6y22upvtexjj-Zoom.jpg', 'https://img.chrono24.com/images/uhren/ytcrdnbrsih3-yc989bsrpseratj4zgxvx7sa-Zoom.jpg', 'https://img.chrono24.com/images/uhren/xvz3jjb9ci2r-mmdodu5w1bi3a5bbfpxqy936-Zoom.jpg', 'https://img.chrono24.com/images/uhren/an11pndd8qen-zhtitipyvm8yzmbss68w3sab-Zoom.jpg', 'https://img.chrono24.com/images/uhren/jw888rhu75sg-ppx48jpjiyqef5eh2ogxv3g9-Zoom.jpg', 'https://img.chrono24.com/images/uhren/njn4hmaiyzod-e7gh48qpqnys4al7ugle4ihq-Zoom.jpg']"
IWC Pilot Chronograph,Discontinued IWC Pilot's Chronograph IW377701 watch only,IWC,Sin documentos originales,Sin estuche original,4088 S$ (= 2815 €),Pilot Chronograph,"Usado (Bueno) El artículo presenta señales visibles y perceptibles de uso, como arañazos, rozaduras o pequeñas abolladuras.",No conocido,"['https://img.chrono24.com/images/uhren/38402653-drb7fapgnzlpblz4hgja6puf-Zoom.jpg', 'https://img.chrono24.com/images/uhren/38402653-cvn986p3x810qhf4gphi49qm-Zoom.jpg', 'https://img.chrono24.com/images/uhren/38402653-lm8iiktazybid4n0ttt6fqan-Zoom.jpg', 'https://img.chrono24.com/images/uhren/38402653-sden7hrziztx6rd7lfbrdc3f-Zoom.jpg', 'https://img.chrono24.com/images/uhren/38402653-3h16glew2dh0372ao2d27u8u-Zoom.jpg', 'https://img.chrono24.com/images/uhren/38402653-o4upi0lvpvstb7l9hkwvp5ok-Zoom.jpg', 'https://img.chrono24.com/images/uhren/38402653-mpx30r7qbhranfmd30ozabqe-Zoom.jpg', 'https://img.chrono24.com/images/uhren/38402653-lwqv2umq0rt4sxv7nkqotm4k-Zoom.jpg', 'https://img.chrono24.com/images/uhren/38402653-fgqw99ozy3hjsk46qczz1ahq-Zoom.jpg']"
IWC Ingenieur,IW3305,IWC,Sin documentos originales,Sin estuche original,3500 € [Sujeto a negociación],Ingenieur,"Usado (Bueno) El artículo presenta señales visibles y perceptibles de uso, como arañazos, rozaduras o pequeñas abolladuras.",1990 (Año aproximado),"['https://img.chrono24.com/images/uhren/egl1qo8f0fze-lp5e3kl8jgek9c4ki2nq63yu-Zoom.jpg', 'https://img.chrono24.com/images/uhren/zsm9bie8jrx6-lxdff3zkxpix2xo801ba0ibh-Zoom.jpg', 'https://img.chrono24.com/images/uhren/3xx5286a0l5d-h2y555asdir94vveh4mh4gqa-Zoom.jpg', 'https://img.chrono24.com/images/uhren/wgxj3b6uwdu6-l9we6akdq23qp20h6ndspns3-Zoom.jpg', 'https://img.chrono24.com/images/uhren/4zykqwltgjrn-j0r1qjy0tn4tbk4upuxpfg52-Zoom.jpg', 'https://img.chrono24.com/images/uhren/3ttmv83zb356-kb5s4dmf4d0ltlic7qigkvl9-Zoom.jpg', 'https://img.chrono24.com/images/uhren/dy0ytu554pc8-08cnqktjee2kvnr33qx60n89-Zoom.jpg', 'https://img.chrono24.com/images/uhren/xkum78jhch13-l1uuvg5w9l2crpapp73o7zor-Zoom.jpg', 'https://img.chrono24.com/images/uhren/qeud0m0r3dij-dd2t2vio5fkjfm45tfw9gyal-Zoom.jpg', 'https://img.chrono24.com/images/uhren/esoh8dz33z7l-dljfoyy4x7rdnidvta0j1f8g-Zoom.jpg', 'https://img.chrono24.com/images/uhren/mhibufuiadjs-kgy3ifdtnc0h8q1vt810h9ww-Zoom.jpg', 'https://img.chrono24.com/images/uhren/b3dx31bjrglx-gvp8v9gadxke2gb8elo56f2w-Zoom.jpg', 'https://img.chrono24.com/images/uhren/hzuhzbmeazaw-juu7w050syl8rgqbmlomkcx1-Zoom.jpg', 'https://img.chrono24.com/images/uhren/v3niwt74bprr-lefmtvspyu0sgwxzwa9k0h1p-Zoom.jpg', 'https://img.chrono24.com/images/uhren/3xptvtkgdmp0-cjemn48uf8sw2glbjlfagiks-Zoom.jpg', 'https://img.chrono24.com/images/uhren/dzsavo0998p9-o7cbsf4awi775zedsu75vjxt-Zoom.jpg']"
IWC Pilot Chronograph Top Gun,IW378901,IWC,Con documentos originales,Con estuche original,5300 € [Sujeto a negociación],Pilot Chronograph Top Gun,"Usado (Bueno) El artículo presenta señales visibles y perceptibles de uso, como arañazos, rozaduras o pequeñas abolladuras.",2013,"['https://img.chrono24.com/images/uhren/tiqx7yh8fu39-m8atwpex4zri9gqsm2h54f4i-Zoom.jpg', 'https://img.chrono24.com/images/uhren/gxzl98cn5b9b-e8fvtlwh27tj59wb5aldicz3-Zoom.jpg', 'https://img.chrono24.com/images/uhren/6r82fhmc11x7-0bncg1eeqkeszbs67f8cop5e-Zoom.jpg', 'https://img.chrono24.com/images/uhren/lbsct0ntnd9z-giid762ylkscbdut1lh2lm2j-Zoom.jpg', 'https://img.chrono24.com/images/uhren/vqsznfy4amv9-s4b4i82ed7uo97b1cse5hbbm-Zoom.jpg', 'https://img.chrono24.com/images/uhren/hhaxptwwkyxt-ql8auaq14yu918kp0p57ohhl-Zoom.jpg', 'https://img.chrono24.com/images/uhren/zfw57zu6fuau-4hszwj1d1bs52cbq3qq71qk4-Zoom.jpg', 'https://img.chrono24.com/images/uhren/lbk37l4chj07-0nxqx4obs7pmxhwgeoh447e8-Zoom.jpg', 'https://img.chrono24.com/images/uhren/lyhzrhrx4rvp-9twiom6tbthq8g7a8upe0fmo-Zoom.jpg', 'https://img.chrono24.com/images/uhren/60e34dyzryyf-aygnay4zfxa79svas8r9y51v-Zoom.jpg', 'https://img.chrono24.com/images/uhren/i1d69hcz8iur-oak5y7c500kdcqjla9nmp2y9-Zoom.jpg', 'https://img.chrono24.com/images/uhren/wxbc9lev11u3-s6a3v7bs9kc9u0wj2t9hu9bw-Zoom.jpg', 'https://img.chrono24.com/images/uhren/e4do95l5afh0-ck1xdcp8smz95jp3s1ux7s20-Zoom.jpg']"
IWC Ingenieur,IW4503,IWC,Sin documentos originales,Sin estuche original,1000 €,Ingenieur,"Usado (Bueno) El artículo presenta señales visibles y perceptibles de uso, como arañazos, rozaduras o pequeñas abolladuras.",1990 (Año aproximado),"['https://img.chrono24.com/images/uhren/38745769-k7ka8kmm27in6rsw76nrt3xk-Zoom.jpg', 'https://img.chrono24.com/images/uhren/38745769-ny0uzc565lbd71eo558qgtio-Zoom.jpg', 'https://img.chrono24.com/images/uhren/38745769-mg50at5ogv30aqr4g8y6pyyc-Zoom.jpg', 'https://img.chrono24.com/images/uhren/38745769-1girc0pt135fuxezyldgb2re-Zoom.jpg', 'https://img.chrono24.com/images/uhren/38745769-3kk5t6a0rc47rnusk39lb5ji-Zoom.jpg', 'https://img.chrono24.com/images/uhren/38745769-uhsra3b6mc1d6gv5qje57q6e-Zoom.jpg', 'https://img.chrono24.com/images/uhren/38745769-0wyn2ykjzglvb6nbg7uh9ycg-Zoom.jpg', 'https://img.chrono24.com/images/uhren/38745769-94hn0lwxzdf5b0i1va3evgxl-Zoom.jpg', 'https://img.chrono24.com/images/uhren/38745769-psfcz9cvdu13r7h32b13m3hn-Zoom.jpg', 'https://img.chrono24.com/images/uhren/38745769-y22t2gushguf7gji7aey6gia-Zoom.jpg', 'https://img.chrono24.com/images/uhren/38745769-766tdek2th0t93mbnpqgusiv-Zoom.jpg', 'https://img.chrono24.com/images/uhren/38745769-7tjg5jmh05q8r4eo4r2nqo4x-Zoom.jpg']"
IWC Pilot Mark,Pilot's Watch Mark XX,IWC,Con documentos originales,Con estuche original,6459 € [Sujeto a negociación],Pilot Mark,"Usado (Muy bueno) El artículo presenta ligeras señales de uso, como unos leves arañazos, pero no son perceptibles.",2024,"['https://img.chrono24.com/images/uhren/39544506-j6a9nequw3plzqh8lo0a4ipn-Zoom.jpg', 'https://img.chrono24.com/images/uhren/39544506-2e68gky1cgofbwr7fiaj8g2b-Zoom.jpg', 'https://img.chrono24.com/images/uhren/39544506-pt4acnn4sc1tn6w6xg6mipjf-Zoom.jpg', 'https://img.chrono24.com/images/uhren/39544506-r1ed4azea42fpizii7suip0x-Zoom.jpg', 'https://img.chrono24.com/images/uhren/39544506-h2yaz7ya6lhpd7t779c8r5l4-Zoom.jpg', 'https://img.chrono24.com/images/uhren/39544506-zm6t6znwyfkot2qburzqtcx4-Zoom.jpg', 'https://img.chrono24.com/images/uhren/39544506-t8arbddiuqnr94jnmfjunsyy-Zoom.jpg', 'https://img.chrono24.com/images/uhren/39544506-lna857vhhpl53yqag5ko2hzf-Zoom.jpg', 'https://img.chrono24.com/images/uhren/39544506-kq603jxy07qpfi34chbqxff4-Zoom.jpg', 'https://img.chrono24.com/images/uhren/39544506-wr4m67q3f813racacmzinwg3-Zoom.jpg', 'https://img.chrono24.com/images/uhren/39544506-wp5hvawpotd5caluwql019e3-Zoom.jpg', 'https://img.chrono24.com/images/uhren/39544506-1w55ad2k1n533mgc9cnc2ste-Zoom.jpg', 'https://img.chrono24.com/images/uhren/39544506-xtt4uq3lrtesg6dzit5lnsjp-Zoom.jpg', 'https://img.chrono24.com/images/uhren/39544506-jffrha2fvjirvfvv2tryk6tx-Zoom.jpg', 'https://img.chrono24.com/images/uhren/39544506-2sshh4dk8pvmbcmgi5hlyct6-Zoom.jpg', 'https://img.chrono24.com/images/uhren/39544506-j71onji5wca2po8khkaqph4g-Zoom.jpg', 'https://img.chrono24.com/images/uhren/39544506-yym2i4tqzrm6wl7z1rg48z0v-Zoom.jpg']"
IWC Portuguese Chronograph,IW371446,IWC,Sin documentos originales,Sin estuche original,4000 €,Portuguese Chronograph,"Usado (Bueno) El artículo presenta señales visibles y perceptibles de uso, como arañazos, rozaduras o pequeñas abolladuras.",No conocido,"['https://img.chrono24.com/images/uhren/34947904-2s4x607au2yuk9gc29uy8vhs-Zoom.jpg', 'https://img.chrono24.com/images/uhren/34947904-nod4fb3pniqhr4qef3pad3tk-Zoom.jpg', 'https://img.chrono24.com/images/uhren/34947904-pfk6fk6pydvgqd1phbol10nx-Zoom.jpg']"
IWC,Cal C.854 Automatic IWC Schaffhausen C854 Automatic 1960-65. Very good condition,IWC,Sin documentos originales,Sin estuche original,870 € [Sujeto a negociación],,"Usado (Bueno) El artículo presenta señales visibles y perceptibles de uso, como arañazos, rozaduras o pequeñas abolladuras.",1960 (Año aproximado),"['https://img.chrono24.com/images/uhren/p6i20d0ea3sg-672scwvsifbd5w1qjammxnky-Zoom.jpg', 'https://img.chrono24.com/images/uhren/iqyauq4ypyy6-s7n476jihfy2yu1xsyo7p2p6-Zoom.jpg', 'https://img.chrono24.com/images/uhren/wq6595uqvymx-hkthf0bic9ifxmew72sgsixr-Zoom.jpg', 'https://img.chrono24.com/images/uhren/ugmlmu59tqj5-6nuuuz5afjnpb0be7v3fl7gu-Zoom.jpg', 'https://img.chrono24.com/images/uhren/yzpysksnvh2f-g4n9i42vmtgo2apwh6oftctd-Zoom.jpg', 'https://img.chrono24.com/images/uhren/12ap2y8yvm2f-v707s2ku7uwju4gbjdlg9z12-Zoom.jpg', 'https://img.chrono24.com/images/uhren/x0iu0h1fmgyn-pn7op75c48z9s9ej02m34o0x-Zoom.jpg', 'https://img.chrono24.com/images/uhren/l30ncqmoa7zz-n7pddwd62iha524ia3zigr4v-Zoom.jpg', 'https://img.chrono24.com/images/uhren/4z9kbnycc7ce-q49e1d9y11oaa9bt6zs5nhzi-Zoom.jpg', 'https://img.chrono24.com/images/uhren/lftpvvmhen7l-9193xxpbbj72hq14vv21kwe2-Zoom.jpg', 'https://img.chrono24.com/images/uhren/qq78h4zuim5v-fg49ufqpgex8ns41rm1ndx0x-Zoom.jpg', 'https://img.chrono24.com/images/uhren/94s32zrnz21b-f1dyo8c037z0sc4rgw5sjxe7-Zoom.jpg', 'https://img.chrono24.com/images/uhren/in8681xyawot-7f2d1w8yzn0umbygfqydgkv7-Zoom.jpg', 'https://img.chrono24.com/images/uhren/n6yg94gyeqdk-zbc14zblaqvk9l53l33xfa3s-Zoom.jpg']"
IWC Pilot Mark,XV Stahlband,IWC,Sin documentos originales,Con estuche original,3890 € [Sujeto a negociación],Pilot Mark,"Usado (Bueno) El artículo presenta señales visibles y perceptibles de uso, como arañazos, rozaduras o pequeñas abolladuras.",1999 (Año aproximado),"['https://img.chrono24.com/images/uhren/38496595-0un69uboyl6inly56u2rqk9c-Zoom.jpg', 'https://img.chrono24.com/images/uhren/38496595-7u98x05idfftj3lv5hx2kx6x-Zoom.jpg', 'https://img.chrono24.com/images/uhren/38496595-xyrnkjrazejyfvcfy7lcfo7q-Zoom.jpg', 'https://img.chrono24.com/images/uhren/38496595-wym4cez8ndbx6z3te81aexel-Zoom.jpg', 'https://img.chrono24.com/images/uhren/38496595-rsdawszjt5imajujrfyoefpf-Zoom.jpg', 'https://img.chrono24.com/images/uhren/38496595-ij13v052umuks94ih2o8u8yu-Zoom.jpg', 'https://img.chrono24.com/images/uhren/38496595-mi1d8z2uo8yz9qikdwf43vvg-Zoom.jpg', 'https://img.chrono24.com/images/uhren/38496595-nr3tl28uu2opp88w0klitz7w-Zoom.jpg', 'https://img.chrono24.com/images/uhren/38496595-bi0lxrcga7nhih0j7502j48a-Zoom.jpg', 'https://img.chrono24.com/images/uhren/38496595-n94vyce8alh0ef0u4thmd4lx-Zoom.jpg', 'https://img.chrono24.com/images/uhren/38496595-v3dfgzdvg8o4pr37ncl754fz-Zoom.jpg', 'https://img.chrono24.com/images/uhren/38496595-lgefpanjmt6z2xwcso1i6yat-Zoom.jpg', 'https://img.chrono24.com/images/uhren/38496595-o8k9jc2jrc9f2ea656epcvkf-Zoom.jpg', 'https://img.chrono24.com/images/uhren/38496595-iitmfm64luty6tsvwljmmirw-Zoom.jpg', 'https://img.chrono24.com/images/uhren/38496595-thmbc01rtxdk3viqkybhhsaz-Zoom.jpg', 'https://img.chrono24.com/images/uhren/38496595-uzon6p4tplna5gcmhgilib7c-Zoom.jpg']"
IWC Big Ingenieur,with steel bracelet.,IWC,Con documentos originales,Sin estuche original,5000 € [Sujeto a negociación],Big Ingenieur,"Usado (Satisfactorio) El artículo presenta notables señales de uso, como arañazos y abolladuras.",2009,"['https://img.chrono24.com/images/uhren/37772856-hq62iw5vdirjcel5ghsmpuaz-Zoom.jpg', 'https://img.chrono24.com/images/uhren/37772856-suhcgxy2wifx0ihj7xfonbla-Zoom.jpg', 'https://img.chrono24.com/images/uhren/37772856-kgmkxveskddovgiea11rcc80-Zoom.jpg', 'https://img.chrono24.com/images/uhren/37772856-ywti7sr7pzkuednnje1uarob-Zoom.jpg', 'https://img.chrono24.com/images/uhren/37772856-04z4qu6o2zd85hmybjze6w35-Zoom.jpg', 'https://img.chrono24.com/images/uhren/37772856-v4k9iaxu82kg2kv6wumgq6o3-Zoom.jpg', 'https://img.chrono24.com/images/uhren/37772856-uunc11if2ap8t4fpppmygrp1-Zoom.jpg', 'https://img.chrono24.com/images/uhren/37772856-va2jnesqmcbsdetz7obj1umo-Zoom.jpg', 'https://img.chrono24.com/images/uhren/37772856-nsog7xa2og57yamc7balqnwr-Zoom.jpg', 'https://img.chrono24.com/images/uhren/37772856-aeiw3c0j7k9kwq7epd2ggbqv-Zoom.jpg', 'https://img.chrono24.com/images/uhren/37772856-6nmgeakozsb8437305r6oldb-Zoom.jpg', 'https://img.chrono24.com/images/uhren/37772856-njpfjqgrnjwsrj25mpfdhqid-Zoom.jpg', 'https://img.chrono24.com/images/uhren/37772856-o6zh1fu9dj9e1eo7jbq3banj-Zoom.jpg', 'https://img.chrono24.com/images/uhren/37772856-5d131e2ues0idwfo9ue13im3-Zoom.jpg']"
IWC Aquatimer Automatic,Vintage,IWC,Sin documentos originales,Sin estuche original,3700 €,Aquatimer Automatic,"Usado (Muy bueno) El artículo presenta ligeras señales de uso, como unos leves arañazos, pero no son perceptibles.",2010 (Año aproximado),"['', 'https://img.chrono24.com/images/uhren/38403867-pft1kam6mn8meuzqknrcsx76-Zoom.jpg', 'https://img.chrono24.com/images/uhren/38403867-361p67kf3qk6r0t73hel46zv-Zoom.jpg', 'https://img.chrono24.com/images/uhren/38403867-361p67kf3qk6r0t73hel46zv-Zoom.jpg', 'https://img.chrono24.com/images/uhren/38403867-6f92vzv9oyxpd8tnct49bmn0-Zoom.jpg', 'https://img.chrono24.com/images/uhren/38403867-6f92vzv9oyxpd8tnct49bmn0-Zoom.jpg', 'https://img.chrono24.com/images/uhren/38403867-ifxvpnt3h3wevlwdxpg5gkt5-Zoom.jpg', 'https://img.chrono24.com/images/uhren/38403867-0f55jdauxd990e6qomdiegfu-Zoom.jpg', 'https://img.chrono24.com/images/uhren/38403867-varfc6otjq59u6x9qeuksg2n-Zoom.jpg', 'https://img.chrono24.com/images/uhren/38403867-olqi1wb0s169av7sqavhaios-Zoom.jpg']"
IWC Pilot Chronograph,Ref. IW377714 - 08/19 - DEU - Fullset,IWC,Con documentos originales,Con estuche original,4850 €,Pilot Chronograph,"Usado (Muy bueno) El artículo presenta ligeras señales de uso, como unos leves arañazos, pero no son perceptibles.",2019,"['https://img.chrono24.com/images/uhren/x97ms3b7unca-7jljw2d8ssl57z2ex65dx74r-Zoom.jpg', 'https://img.chrono24.com/images/uhren/zlj8jksrkso0-zfurpvo0k5h9bcgf4nxvkg1x-Zoom.jpg', 'https://img.chrono24.com/images/uhren/lzlvjxqkk47y-qc0hbaxbs74ujaj5qwgc876j-Zoom.jpg', 'https://img.chrono24.com/images/uhren/gk4ko1grqzlc-y81h3iq3kzxtxcqr9jqyitqq-Zoom.jpg', 'https://img.chrono24.com/images/uhren/orq7jtr0erq8-h7ump17m5fzufg36rqb3930d-Zoom.jpg', 'https://img.chrono24.com/images/uhren/15xndvdmd917-dfgzyximbsf262y812jep30d-Zoom.jpg', 'https://img.chrono24.com/images/uhren/ok829vn7y4z4-3c4khjpe3axmoem1x6zyn42m-Zoom.jpg', 'https://img.chrono24.com/images/uhren/f469klv9jxyr-vkgwjrbglww2gsqgj9pr4wra-Zoom.jpg']"
IWC,Gents INTERNATIONAL WATCH CO. Silver 800 o/oo Lepine / open face Pocketwatch,IWC,Sin documentos originales,Sin estuche original,1050 €,,"Usado (Bueno) El artículo presenta señales visibles y perceptibles de uso, como arañazos, rozaduras o pequeñas abolladuras.",1912,"['https://img.chrono24.com/images/uhren/32735795-420va39z6w2pwconz6c4hfw5-Zoom.jpg', 'https://img.chrono24.com/images/uhren/32735795-420va39z6w2pwconz6c4hfw5-Zoom.jpg', 'https://img.chrono24.com/images/uhren/32735795-2v3oxw1mo8eaddrytmabaftd-Zoom.jpg', 'https://img.chrono24.com/images/uhren/32735795-2v3oxw1mo8eaddrytmabaftd-Zoom.jpg', 'https://img.chrono24.com/images/uhren/32735795-d575tus2uwmytip0xptsj77d-Zoom.jpg', 'https://img.chrono24.com/images/uhren/32735795-benpar909he29xrgqawhdzgb-Zoom.jpg', 'https://img.chrono24.com/images/uhren/32735795-benpar909he29xrgqawhdzgb-Zoom.jpg', 'https://img.chrono24.com/images/uhren/32735795-benpar909he29xrgqawhdzgb-Zoom.jpg', 'https://img.chrono24.com/images/uhren/32735795-benpar909he29xrgqawhdzgb-Zoom.jpg', 'https://img.chrono24.com/images/uhren/32735795-benpar909he29xrgqawhdzgb-Zoom.jpg', 'https://img.chrono24.com/images/uhren/32735795-lhcpqj8kldaearvalrmji95k-Zoom.jpg', 'https://img.chrono24.com/images/uhren/32735795-t2z3aqe2h3cogj6usj1csncm-Zoom.jpg', 'https://img.chrono24.com/images/uhren/32735795-t2z3aqe2h3cogj6usj1csncm-Zoom.jpg']"
IWC Aquatimer Automatic 2000,IW356810,IWC,Sin documentos originales,Sin estuche original,2740 € [Sujeto a negociación],Aquatimer Automatic 2000,"Usado (Bueno) El artículo presenta señales visibles y perceptibles de uso, como arañazos, rozaduras o pequeñas abolladuras.",No conocido,"['https://img.chrono24.com/images/uhren/39737469-v9iya2xeyrz8upioulnduzot-Zoom.jpg', 'https://img.chrono24.com/images/uhren/39737469-9ywe8gj7ssfnjp8736u7funo-Zoom.jpg', 'https://img.chrono24.com/images/uhren/39737469-poi9s6vvp6iqj8wos97nsdng-Zoom.jpg', 'https://img.chrono24.com/images/uhren/39737469-lwfoqqjk1gdr1715pqu3s7xc-Zoom.jpg', 'https://img.chrono24.com/images/uhren/39737469-admqleevimk7fykyno2vv7c6-Zoom.jpg', 'https://img.chrono24.com/images/uhren/39737469-zu4877dtf88jtj1exglucuhl-Zoom.jpg', 'https://img.chrono24.com/images/uhren/39737469-qp4fkb5326kcs7zg5vkac48f-Zoom.jpg', 'https://img.chrono24.com/images/uhren/39737469-precigea5wrz39dzgdpn4rta-Zoom.jpg', 'https://img.chrono24.com/images/uhren/39737469-1ao8cfob7rery3kx7tqw5mre-Zoom.jpg', 'https://img.chrono24.com/images/uhren/39737469-if0ccej6eggb7xdnhwn2lnsx-Zoom.jpg', 'https://img.chrono24.com/images/uhren/39737469-dzth2xi2cxs1o1ibk92tpmmc-Zoom.jpg', 'https://img.chrono24.com/images/uhren/39737469-62lkc50fe2wa6bsm5vw58rww-Zoom.jpg', 'https://img.chrono24.com/images/uhren/39737469-fl83fm2c9tdffz2izcqsy7ly-Zoom.jpg', 'https://img.chrono24.com/images/uhren/39737469-9hts9xrd8r5s7whazz4ys523-Zoom.jpg', 'https://img.chrono24.com/images/uhren/39737469-jcby507nnsfg8uqtk2gm0gyx-Zoom.jpg', 'https://img.chrono24.com/images/uhren/39737469-he5z76v7qteasp1a145xu5m2-Zoom.jpg']"
IWC Porsche Design,de titanio. Ref. 3330.,IWC,Sin documentos originales,Sin estuche original,1099 € [Sujeto a negociación],Porsche Design,"Usado (Muy bueno) El artículo presenta ligeras señales de uso, como unos leves arañazos, pero no son perceptibles.",1980 (Año aproximado),"['https://img.chrono24.com/images/uhren/38960654-hh7pmv8mvelite6r4g0mflnj-Zoom.jpg', 'https://img.chrono24.com/images/uhren/38960654-v9ncumxnd385e8mj9aaqz8mf-Zoom.jpg', 'https://img.chrono24.com/images/uhren/38960654-fc2mjfeq2k4p2a431jnvqpo2-Zoom.jpg', 'https://img.chrono24.com/images/uhren/38960654-slsx5jb05335rqias75ei4q6-Zoom.jpg', 'https://img.chrono24.com/images/uhren/38960654-c54zrydvv9295dhi2oc7jfqj-Zoom.jpg', 'https://img.chrono24.com/images/uhren/38960654-hickqjn4xw28ya0jqhoypb5i-Zoom.jpg', 'https://img.chrono24.com/images/uhren/38960654-rhruvw3wiai8gwsc2pxg41u8-Zoom.jpg']"
IWC Aquatimer Automatic,IW354807,IWC,Sin documentos originales,Sin estuche original,2500 €,Aquatimer Automatic,"Usado (Bueno) El artículo presenta señales visibles y perceptibles de uso, como arañazos, rozaduras o pequeñas abolladuras.",No conocido,"['https://img.chrono24.com/images/uhren/35660537-js1ephcrtrbdekyrkg4vx6z2-Zoom.jpg', 'https://img.chrono24.com/images/uhren/35660537-wuwicat2wos5neqt5d9f3ya4-Zoom.jpg', 'https://img.chrono24.com/images/uhren/35660537-zxgn4bqgimhjlkul2qyq1sk5-Zoom.jpg', 'https://img.chrono24.com/images/uhren/35660537-mifqwfenkh9uv623luqbpedk-Zoom.jpg', 'https://img.chrono24.com/images/uhren/35660537-wkrp2vpjmholp8ygm19paa5g-Zoom.jpg', 'https://img.chrono24.com/images/uhren/35660537-c7nw8momtaitces0ziorlq1m-Zoom.jpg', 'https://img.chrono24.com/images/uhren/35660537-3z7refa6uu2n0kb3nnsqfvu9-Zoom.jpg']"
Hublot Classic,mdm black dial,Hublot,Sin documentos originales,Sin estuche original,995 € [Sujeto a negociación],Classic,"Usado (Muy bueno) El artículo presenta ligeras señales de uso, como unos leves arañazos, pero no son perceptibles.",2000 (Año aproximado),"['https://img.chrono24.com/images/uhren/39124404-kqos8wq48zyph6v9m4ps70sh-Zoom.jpg', 'https://img.chrono24.com/images/uhren/39124404-r15asdh4oolufzsezq4w20tn-Zoom.jpg', 'https://img.chrono24.com/images/uhren/39124404-dyrur79pddfzqdmpigdcsia4-Zoom.jpg', 'https://img.chrono24.com/images/uhren/39124404-oon6e6ga4te0tllcnkhz8w59-Zoom.jpg', 'https://img.chrono24.com/images/uhren/39124404-fg4n2oynd1rkc7xxxt2otokt-Zoom.jpg', 'https://img.chrono24.com/images/uhren/39124404-f738wkv2lv9adc7tp5xoeof2-Zoom.jpg', 'https://img.chrono24.com/images/uhren/39124404-6rxltat65gybylit90rvcusb-Zoom.jpg', 'https://img.chrono24.com/images/uhren/39124404-qxyrvhzomfwlcolmbwrsw1r5-Zoom.jpg', 'https://img.chrono24.com/images/uhren/39124404-9h17x28ilssjt4wiuscli2j6-Zoom.jpg', 'https://img.chrono24.com/images/uhren/39124404-ckofdzpad680ocyhfosmoagt-Zoom.jpg', 'https://img.chrono24.com/images/uhren/39124404-l8exmy8g5zw5b98jtyk67bx8-Zoom.jpg', 'https://img.chrono24.com/images/uhren/39124404-lvdolbhe03v6pe2wzyz4yesu-Zoom.jpg', 'https://img.chrono24.com/images/uhren/39124404-p7sxtd5g710yaz5g7esqpt77-Zoom.jpg', 'https://img.chrono24.com/images/uhren/39124404-rig4msvf6pxp3xcjynmc1cfu-Zoom.jpg', 'https://img.chrono24.com/images/uhren/39124404-90js2tnrwgub4buytyhy9g19-Zoom.jpg', 'https://img.chrono24.com/images/uhren/39124404-estegmi341nzxnma2ua92h9g-Zoom.jpg']"
Hublot Classic Fusion,511.nx.1171.lr,Hublot,Sin documentos originales,Con estuche original,4000 €,Classic Fusion,"Usado (Muy bueno) El artículo presenta ligeras señales de uso, como unos leves arañazos, pero no son perceptibles.",No conocido,"['https://img.chrono24.com/images/uhren/38646727-m5vx3n9ggglovirro1532bao-Zoom.jpg', 'https://img.chrono24.com/images/uhren/38646727-ma8exarqqvp4oxe7jaj3pwm0-Zoom.jpg', 'https://img.chrono24.com/images/uhren/38646727-tsb21eyphxogmclnaapoayuf-Zoom.jpg', 'https://img.chrono24.com/images/uhren/38646727-kljxe1j7776tbqmgnymtkcn8-Zoom.jpg', 'https://img.chrono24.com/images/uhren/38646727-n4ov84xr422b4pg8zmgdv2yy-Zoom.jpg', 'https://img.chrono24.com/images/uhren/38646727-0d1tfqd3e7zfbulchl2a2lzh-Zoom.jpg', 'https://img.chrono24.com/images/uhren/38646727-keocqlqh7cjkrkx7ovpim1st-Zoom.jpg']"
Hublot Classic Fusion,B1915.1 21 jewels 2008,Hublot,Sin documentos originales,Sin estuche original,3500 € [Sujeto a negociación],Classic Fusion,"Usado (Bueno) El artículo presenta señales visibles y perceptibles de uso, como arañazos, rozaduras o pequeñas abolladuras.",2008,"['https://img.chrono24.com/images/uhren/hioebet0fodj-6wqwvzh8zpnfmpwa69mqz9vs-Zoom.jpg', 'https://img.chrono24.com/images/uhren/mdyntzie409q-sanbziur7rir6aqgww9nqoyj-Zoom.jpg', 'https://img.chrono24.com/images/uhren/hnc1o6xgw02q-ohkenk5riqzrpmn55ucccryo-Zoom.jpg', 'https://img.chrono24.com/images/uhren/e3wp299sd13o-4j8ojdcenoijqr4n24i4t77t-Zoom.jpg', 'https://img.chrono24.com/images/uhren/1hry6kcb26f5-9wxhuxip4y8zod9gqujhslve-Zoom.jpg', 'https://img.chrono24.com/images/uhren/2niniatz7d8j-4swm9rwhp8e42d7cem9tazl8-Zoom.jpg', 'https://img.chrono24.com/images/uhren/v7nq7y6qujzt-3jq4cumx2tskhbvkd37fecxo-Zoom.jpg', 'https://img.chrono24.com/images/uhren/x64h60ru0r8o-dkhz2d8he4vmlrf5h4uem3uv-Zoom.jpg', 'https://img.chrono24.com/images/uhren/mlvlsvqksr9t-18mui69706q99a58fmvgk3o0-Zoom.jpg', 'https://img.chrono24.com/images/uhren/kgi02llpdmc1-sbe8w5p96lqdox7xbax4e6tj-Zoom.jpg', 'https://img.chrono24.com/images/uhren/fdn1hn697qc9-0cdgj4pokn7o5sbdmot4ogly-Zoom.jpg']"
Hublot Elegant,MDM Chronograph,Hublot,Sin documentos originales,Sin estuche original,2500 € [Sujeto a negociación],Elegant,"Usado (Bueno) El artículo presenta señales visibles y perceptibles de uso, como arañazos, rozaduras o pequeñas abolladuras.",No conocido,"['https://img.chrono24.com/images/uhren/39808409-uut5jwdd6v14cguilktd5982-Zoom.jpg', 'https://img.chrono24.com/images/uhren/39808409-7rxr8cddwt0wrmeg5k7luhd3-Zoom.jpg']"
Hublot Classic Fusion Blue,565.NX.7170.LR,Hublot,Sin documentos originales,Sin estuche original,29 032 HK$ (= 3475 €),Classic Fusion Blue,"Usado (Muy bueno) El artículo presenta ligeras señales de uso, como unos leves arañazos, pero no son perceptibles.",No conocido,"['https://img.chrono24.com/images/uhren/39684777-9bvgj0lkzagxd5okr1dt90n8-Zoom.jpg', 'https://img.chrono24.com/images/uhren/39684777-ppse1b9ykw6qim3cdn7r66hh-Zoom.jpg', 'https://img.chrono24.com/images/uhren/39684777-m6xp01k7m4qnfl6fs66ddv9b-Zoom.jpg', 'https://img.chrono24.com/images/uhren/39684777-votjbwwkwepajcyvn3iybtnd-Zoom.jpg', 'https://img.chrono24.com/images/uhren/39684777-moyvl0hfxs2cif8085ow2waz-Zoom.jpg', 'https://img.chrono24.com/images/uhren/39684777-1vekpqqk0yvq3uwpnc7u96vd-Zoom.jpg', 'https://img.chrono24.com/images/uhren/39684777-1vekpqqk0yvq3uwpnc7u96vd-Zoom.jpg', 'https://img.chrono24.com/images/uhren/39684777-v70wumpxo6zotl1hvj6adsdq-Zoom.jpg']"
Hublot Big Bang King,full diamond bezel SPECIAL EDITION,Hublot,Con documentos originales,Con estuche original,69 000 $ (= 64 033 €) [Sujeto a negociación],Big Bang King,"Como nuevo y sin estrenar El artículo no presenta señales de uso, como arañazos o abolladuras, y está sin estrenar. El artículo no ha sido pulido.",2015 (Año aproximado),"['https://img.chrono24.com/images/uhren/39226410-3elwxu7579z9yfrv2450852s-Zoom.jpg', 'https://img.chrono24.com/images/uhren/39226410-d1wevmpf9nhsy7yogdpaqqis-Zoom.jpg', 'https://img.chrono24.com/images/uhren/39226410-u5zi6irzo9rjuzg07qly7pio-Zoom.jpg', 'https://img.chrono24.com/images/uhren/39226410-bodqj43mn6x04mlmuaakq8xf-Zoom.jpg', 'https://img.chrono24.com/images/uhren/39226410-1zed4delg3qnk67jm6aca5b1-Zoom.jpg', 'https://img.chrono24.com/images/uhren/39226410-96wrem8jknqh8212iur2s14y-Zoom.jpg', 'https://img.chrono24.com/images/uhren/39226410-weifjggcohs3y2ucyy8al3a8-Zoom.jpg']"
Hublot Classic,Date Black Dial / 36mm Quartz / Classic,Hublot,Sin documentos originales,Sin estuche original,2440 €,Classic,"Usado (Muy bueno) El artículo presenta ligeras señales de uso, como unos leves arañazos, pero no son perceptibles.",2010 (Año aproximado),"['https://img.chrono24.com/images/uhren/39620781-4t55zgqw25t4qp4zobd9xqvx-Zoom.jpg', 'https://img.chrono24.com/images/uhren/39620781-j854tqkmtjh3yfaapz4mlxxb-Zoom.jpg', 'https://img.chrono24.com/images/uhren/39620781-egep1g6yli85zbzhefsmovdr-Zoom.jpg', 'https://img.chrono24.com/images/uhren/39620781-ej1c57go9n3ur9hx4pe2of1d-Zoom.jpg', 'https://img.chrono24.com/images/uhren/39620781-m7esl6bh2mkhkx90fu0203f4-Zoom.jpg', 'https://img.chrono24.com/images/uhren/39620781-5ii8qi0e75vlw4u4sp57mkqo-Zoom.jpg', 'https://img.chrono24.com/images/uhren/39620781-mxwx421441g80m5htauk2shf-Zoom.jpg', 'https://img.chrono24.com/images/uhren/39620781-e81tdduywaq6iwrkoerhsgzr-Zoom.jpg']"
Hublot Classic Fusion,42 Titanium,Hublot,Sin documentos originales,Sin estuche original,4795 €,Classic Fusion,"Usado (Muy bueno) El artículo presenta ligeras señales de uso, como unos leves arañazos, pero no son perceptibles.",2022 (Año aproximado),"['https://img.chrono24.com/images/uhren/38860065-oigf8qjuqa8jead1xgsao6do-Zoom.jpg', 'https://img.chrono24.com/images/uhren/38860065-wv3he8gpapmklns52c2u8cna-Zoom.jpg', 'https://img.chrono24.com/images/uhren/38860065-dnhri9qqk2bhv65h29jluo5d-Zoom.jpg', 'https://img.chrono24.com/images/uhren/38860065-7vpyh5j5dkgwgng38en4mhfp-Zoom.jpg', 'https://img.chrono24.com/images/uhren/38860065-69zefy6umimrqvrm5xe5fed7-Zoom.jpg', 'https://img.chrono24.com/images/uhren/38860065-uf5sca043rlsp8snfnz5xvxq-Zoom.jpg', 'https://img.chrono24.com/images/uhren/38860065-c110fo32xb7yw03aec2m5f6x-Zoom.jpg', 'https://img.chrono24.com/images/uhren/38860065-ko3mqe4d5j7pdubtja27df20-Zoom.jpg', 'https://img.chrono24.com/images/uhren/38860065-jmxvjbvzb03gkyv6n850h6g7-Zoom.jpg', 'https://img.chrono24.com/images/uhren/38860065-ujal0ytidu97a4f1mm2pa2bk-Zoom.jpg', 'https://img.chrono24.com/images/uhren/38860065-usx8nt8jzt1700mobr9rb2d0-Zoom.jpg', 'https://img.chrono24.com/images/uhren/38860065-gbm1zfyg3lfneddajt0h3mzt-Zoom.jpg', 'https://img.chrono24.com/images/uhren/38860065-3h25xdlyf6w5nzbk9638qfqb-Zoom.jpg', 'https://img.chrono24.com/images/uhren/38860065-sbnmxc4ojuz0j4s5lvb7mnh1-Zoom.jpg', 'https://img.chrono24.com/images/uhren/38860065-wsr70k5u683vbepd6ummmdic-Zoom.jpg', 'https://img.chrono24.com/images/uhren/38860065-7hk9962oqytt47q1aaf3ztq0-Zoom.jpg']"
Hublot Super B,1920.1,Hublot,Con documentos originales,Con estuche original,3200 €,Super B,"Usado (Muy bueno) El artículo presenta ligeras señales de uso, como unos leves arañazos, pero no son perceptibles.",2004,"['https://img.chrono24.com/images/uhren/rnh4pzvoi3qi-sly6baebhp283889ob1t7mdf-Zoom.jpg', 'https://img.chrono24.com/images/uhren/mnd8x1appsxm-2iv91itr71selg6w4eep1pma-Zoom.jpg', 'https://img.chrono24.com/images/uhren/kfn2wcwfpdd7-ghmqddporvaffdap9wkqnzp7-Zoom.jpg', 'https://img.chrono24.com/images/uhren/on4lchbansgd-85p7d29572sdjl3vovef3vy9-Zoom.jpg', 'https://img.chrono24.com/images/uhren/g0hig2a998is-mgv0h5yrbm1draxspzopo9h3-Zoom.jpg', 'https://img.chrono24.com/images/uhren/kpxg0wrzmhcb-3slp3gbv6153987iwpcfgk2f-Zoom.jpg', 'https://img.chrono24.com/images/uhren/opqad7lhuxef-8q7l70hxcgglx772x6dartue-Zoom.jpg', 'https://img.chrono24.com/images/uhren/oawlcsiw4cn1-wnroa6dfuqocozwtxpjkw305-Zoom.jpg', 'https://img.chrono24.com/images/uhren/5qng1ldxsl8g-srxvq43gh5iqfax1vmdq4cao-Zoom.jpg', 'https://img.chrono24.com/images/uhren/o74cyatigv1x-z1nvv5p4hj0ilkwsb82fj4q5-Zoom.jpg']"
Hublot Classic,B1525.1,Hublot,Sin documentos originales,Sin estuche original,2780 €,Classic,"Usado (Muy bueno) El artículo presenta ligeras señales de uso, como unos leves arañazos, pero no son perceptibles.",2010 (Año aproximado),"['https://img.chrono24.com/images/uhren/37839580-7r43ioctidchuqsx6lhfvkim-Zoom.jpg', 'https://img.chrono24.com/images/uhren/37839580-jmnip8xsoy8ak7xhrajof09h-Zoom.jpg', 'https://img.chrono24.com/images/uhren/37839580-nptvyu0cgj3esry1vxyq3908-Zoom.jpg', 'https://img.chrono24.com/images/uhren/37839580-ttmi7o29fcghvgkx4fztxomq-Zoom.jpg', 'https://img.chrono24.com/images/uhren/37839580-u2r94f0lb9wywq1gm1f953ur-Zoom.jpg', 'https://img.chrono24.com/images/uhren/37839580-thefggsx0gny729tq26dcyc4-Zoom.jpg', 'https://img.chrono24.com/images/uhren/37839580-m3lijt77rs9hc54dgpbox4l7-Zoom.jpg', 'https://img.chrono24.com/images/uhren/37839580-886dr84bwergu2bgpww9novm-Zoom.jpg', 'https://img.chrono24.com/images/uhren/37839580-kviz1lcksrqj7lz8goudj7zz-Zoom.jpg']"
Hublot Big Bang 41 mm,Steel Ceramic Chronograph Box & Papers 2007,Hublot,Con documentos originales,Con estuche original,7200 €,Big Bang 41 mm,"Usado (Muy bueno) El artículo presenta ligeras señales de uso, como unos leves arañazos, pero no son perceptibles.",2007,"['https://img.chrono24.com/images/uhren/38721195-bfqnby8nunymbt3u1jwbunwn-Zoom.jpg', 'https://img.chrono24.com/images/uhren/38721195-tdrh8mp2vw6l04ter3zlxc56-Zoom.jpg', 'https://img.chrono24.com/images/uhren/38721195-ihpww6mujaih6h74m0m13nw1-Zoom.jpg', 'https://img.chrono24.com/images/uhren/38721195-x3deklnor7wdc1oop133ec6g-Zoom.jpg', 'https://img.chrono24.com/images/uhren/38721195-8aw90saxo7glmi8acuippwzh-Zoom.jpg', 'https://img.chrono24.com/images/uhren/38721195-ocljk31l0d3m75lawe683q6w-Zoom.jpg']"
Hublot Classic Fusion Ultra-Thin,515.NX.0170.LR,Hublot,Con documentos originales,Con estuche original,6950 € [Sujeto a negociación],Classic Fusion Ultra-Thin,"Usado (Muy bueno) El artículo presenta ligeras señales de uso, como unos leves arañazos, pero no son perceptibles.",2010,"['https://img.chrono24.com/images/uhren/35357083-i80f7208stxsmhsdar2h2omg-Zoom.jpg', 'https://img.chrono24.com/images/uhren/35357083-aihz3455z17qzk7l7u446kvp-Zoom.jpg', 'https://img.chrono24.com/images/uhren/35357083-k86zsndoc2eqiubu5lsdwb9z-Zoom.jpg', 'https://img.chrono24.com/images/uhren/35357083-jv7it3aaod9pu92wrqxxfvid-Zoom.jpg', 'https://img.chrono24.com/images/uhren/35357083-sofhp1w1fmw8vuaq2vzteyk4-Zoom.jpg', 'https://img.chrono24.com/images/uhren/35357083-30vp1kr11dd8wttlzohzfesd-Zoom.jpg', 'https://img.chrono24.com/images/uhren/35357083-qufzwij8rftbu0d779z7i15k-Zoom.jpg', 'https://img.chrono24.com/images/uhren/35357083-h6o5zi1i2bn7hwv4b2cgcmh1-Zoom.jpg', 'https://img.chrono24.com/images/uhren/35357083-vr15z0k85wzp5fquadrhns3i-Zoom.jpg', 'https://img.chrono24.com/images/uhren/35357083-x4razsvn2xyombodl4xxiue6-Zoom.jpg']"
Hublot Classic Fusion,B1915.1,Hublot,Sin documentos originales,Sin estuche original,3900 €,Classic Fusion,"Usado (Bueno) El artículo presenta señales visibles y perceptibles de uso, como arañazos, rozaduras o pequeñas abolladuras.",No conocido,"['https://img.chrono24.com/images/uhren/34344561-ujkxzlvdetknbgrg9vsn5mr6-Zoom.jpg', 'https://img.chrono24.com/images/uhren/34344561-0eo7mz6nvxd53y62i3lrc467-Zoom.jpg', 'https://img.chrono24.com/images/uhren/34344561-bs2djpthvrzqtixw338ermap-Zoom.jpg', 'https://img.chrono24.com/images/uhren/34344561-e3y4jccxs7t2za06afuqnf46-Zoom.jpg', 'https://img.chrono24.com/images/uhren/34344561-t0ng93l6kzjyiupue0380wzs-Zoom.jpg', 'https://img.chrono24.com/images/uhren/34344561-xrx26dox4w96rk3siv2f3jj6-Zoom.jpg', 'https://img.chrono24.com/images/uhren/34344561-l8mcqetx45p6bawc1dyf1gdj-Zoom.jpg', 'https://img.chrono24.com/images/uhren/34344561-iirzqh2h69j0zwskv59p837n-Zoom.jpg', 'https://img.chrono24.com/images/uhren/34344561-epmug7sgy48mpziggsv9zliv-Zoom.jpg', 'https://img.chrono24.com/images/uhren/34344561-i6ni5uglgnt7s1cb2ppcuhqw-Zoom.jpg', 'https://img.chrono24.com/images/uhren/34344561-45ss3g85g5cni4tie9a6qaep-Zoom.jpg', 'https://img.chrono24.com/images/uhren/34344561-303z7x9loql5p9zbc13iar9f-Zoom.jpg', 'https://img.chrono24.com/images/uhren/34344561-o7t4ak2gk1jmkq7kuendt12n-Zoom.jpg', 'https://img.chrono24.com/images/uhren/34344561-zkwg0lno7ixywrg7t9ugcc6u-Zoom.jpg']"
Hublot Classic,1521.2,Hublot,Sin documentos originales,Sin estuche original,2200 €,Classic,"Usado (Muy bueno) El artículo presenta ligeras señales de uso, como unos leves arañazos, pero no son perceptibles.",2000 (Año aproximado),"['https://img.chrono24.com/images/uhren/39767931-8fcep0nllpqva1c3cqetd1dn-Zoom.jpg', 'https://img.chrono24.com/images/uhren/39767931-6loim20flwljlhbmymqwqsvf-Zoom.jpg', 'https://img.chrono24.com/images/uhren/39767931-a1wnpva04qgd0yxrl74fbn82-Zoom.jpg', 'https://img.chrono24.com/images/uhren/39767931-31i3vh1q2ba4f9e28exz9bpu-Zoom.jpg', 'https://img.chrono24.com/images/uhren/39767931-k1ixa0gmg9be6pqwslz1rplz-Zoom.jpg', 'https://img.chrono24.com/images/uhren/39767931-veizjgq5otca1d0htaqbxkab-Zoom.jpg', 'https://img.chrono24.com/images/uhren/39767931-0iutw1b9r2vcm9euerfwgbj4-Zoom.jpg', 'https://img.chrono24.com/images/uhren/39767931-3tz663jauut8hj76hpmg7jvu-Zoom.jpg', 'https://img.chrono24.com/images/uhren/39767931-i19taqeuvq4vhhutcd2cxjmw-Zoom.jpg', 'https://img.chrono24.com/images/uhren/39767931-p8ojbbwt8t2sapw426lhnn15-Zoom.jpg', 'https://img.chrono24.com/images/uhren/39767931-5bkm0hkqk1fjlpz6y0mf1u5x-Zoom.jpg']"
Hublot Classic,New Service 2025 Excellent Condition Classic,Hublot,Sin documentos originales,Con estuche original,2500 €,Classic,"Usado (Muy bueno) El artículo presenta ligeras señales de uso, como unos leves arañazos, pero no son perceptibles.",2010,"['https://img.chrono24.com/images/uhren/39768253-5rffh7b9qx3pye5doafbesmf-Zoom.jpg', 'https://img.chrono24.com/images/uhren/39768253-v8yh5rvj8ky4q88exawxueld-Zoom.jpg', 'https://img.chrono24.com/images/uhren/39768253-uoovcwsm8x9b0huo9oi5osvv-Zoom.jpg', 'https://img.chrono24.com/images/uhren/39768253-gu1rs9cmbbq3tbwnc97fhr0h-Zoom.jpg', 'https://img.chrono24.com/images/uhren/39768253-h4prhuhsytllj7fgs1nhgmoe-Zoom.jpg', 'https://img.chrono24.com/images/uhren/39768253-qw9sxv9ih44n7jbvl6dwd9cr-Zoom.jpg', 'https://img.chrono24.com/images/uhren/39768253-lloaqcxq5nr38a7jgbkfnriw-Zoom.jpg', 'https://img.chrono24.com/images/uhren/39768253-ykc5crsp0dh60n69lm823acg-Zoom.jpg', 'https://img.chrono24.com/images/uhren/39768253-6dzq9j4qld64et7aawnslfg2-Zoom.jpg', 'https://img.chrono24.com/images/uhren/39768253-q3cpdcq1f2lxjtc89yluehmz-Zoom.jpg', 'https://img.chrono24.com/images/uhren/39768253-vd7p5r8cjk40isdlo0v5xiu7-Zoom.jpg', 'https://img.chrono24.com/images/uhren/39768253-fy3y0fkwfbsiy5rjm9q0pzv1-Zoom.jpg', 'https://img.chrono24.com/images/uhren/39768253-ynf83yljm1kkww30cgutsbtx-Zoom.jpg', 'https://img.chrono24.com/images/uhren/39768253-wt3bwih0oe7bveuu0ncbjkf8-Zoom.jpg']"
Hublot Classic Fusion Aerofusion,525.cm.0170.rx,Hublot,Con documentos originales,Sin estuche original,9300 € [Sujeto a negociación],Classic Fusion Aerofusion,"Usado (Muy bueno) El artículo presenta ligeras señales de uso, como unos leves arañazos, pero no son perceptibles.",2020,"['https://img.chrono24.com/images/uhren/37472501-fix1sv6ph5sma8fguzbq77jp-Zoom.jpg', 'https://img.chrono24.com/images/uhren/37472501-4gm0lr2gg0c541l7tw94xo7w-Zoom.jpg', 'https://img.chrono24.com/images/uhren/37472501-ak8gtcl9b27cs3klj61aei5j-Zoom.jpg', 'https://img.chrono24.com/images/uhren/37472501-4uvwqsxc38ppdimrt8p071hb-Zoom.jpg', 'https://img.chrono24.com/images/uhren/37472501-s6qkpsb2v5dsy5to84bgv48x-Zoom.jpg', 'https://img.chrono24.com/images/uhren/37472501-z3sqqx48ytu89zauif9dz11q-Zoom.jpg', 'https://img.chrono24.com/images/uhren/37472501-ghh70zwkdeoqtea97d5903cq-Zoom.jpg', 'https://img.chrono24.com/images/uhren/37472501-eulhw5c02gug6h9rb7l2lpqt-Zoom.jpg', 'https://img.chrono24.com/images/uhren/37472501-1uwr3awh1kern0pldjvawl6g-Zoom.jpg', 'https://img.chrono24.com/images/uhren/37472501-om10r5rf3wy8rrfvaz67nrpy-Zoom.jpg', 'https://img.chrono24.com/images/uhren/37472501-4ak4wxb4rv1ls5s7yancbe53-Zoom.jpg', 'https://img.chrono24.com/images/uhren/37472501-13rp2ba23p9e2ydfcrf1goky-Zoom.jpg']"
Hublot,Rare GMT / Blue Bezel / Quartz / Greenwich Mean Time MdM,Hublot,Sin documentos originales,Sin estuche original,2240 €,,"Usado (Muy bueno) El artículo presenta ligeras señales de uso, como unos leves arañazos, pero no son perceptibles.",No conocido,"['https://img.chrono24.com/images/uhren/38978803-yrwkpychy7tuy4fnwzxx8knx-Zoom.jpg', 'https://img.chrono24.com/images/uhren/38978803-o631n3rnrguzgrn9yza93p40-Zoom.jpg', 'https://img.chrono24.com/images/uhren/38978803-x7u979i2gtk365krdx8razjk-Zoom.jpg', 'https://img.chrono24.com/images/uhren/38978803-8tetrmpa59wj1ak322a6w3jo-Zoom.jpg', 'https://img.chrono24.com/images/uhren/38978803-r1y87iljwpjotfbcu2mqe7yw-Zoom.jpg', 'https://img.chrono24.com/images/uhren/38978803-tn0lqaitbrtstkppcv52e1au-Zoom.jpg', 'https://img.chrono24.com/images/uhren/38978803-zouxrae4u0tczkjdvdm4pwns-Zoom.jpg', 'https://img.chrono24.com/images/uhren/38978803-4songfw7uwb3m89fpho2l7qx-Zoom.jpg', 'https://img.chrono24.com/images/uhren/38978803-nbr6dklol9iwqtu86ckryb44-Zoom.jpg', 'https://img.chrono24.com/images/uhren/38978803-x5zrxw0obstp4d3023qnts8i-Zoom.jpg', 'https://img.chrono24.com/images/uhren/38978803-woypbym1ztma4byu06z5axi6-Zoom.jpg']"
Hublot Classic Fusion,in Stock | NEW | Classic Fusion Tourbillon Orlinski | Yellow Magic 45mm | Personal delivery,Hublot,Con documentos originales,Con estuche original,76 000 €,Classic Fusion,Nuevo El artículo es nuevo y no presenta señales de uso. El periodo de garantía comienza a partir de la compra del reloj.,2025,"['https://img.chrono24.com/images/uhren/39179849-5l6mlv170vho6zmviu43vu54-Zoom.jpg', 'https://img.chrono24.com/images/uhren/39179849-8n6ye4zx30y4700xclnwjeev-Zoom.jpg', 'https://img.chrono24.com/images/uhren/39179849-j0ilemnweny1fx80gjubwp2o-Zoom.jpg', 'https://img.chrono24.com/images/uhren/39179849-ufd7mk4dy4xvc29earfvya9b-Zoom.jpg', 'https://img.chrono24.com/images/uhren/39179849-g1ochelunnlkmbmn1zqhtiyk-Zoom.jpg']"
Hublot Elegant,Automatic Steel & 18K Gold Ref.1810.2,Hublot,Sin documentos originales,Sin estuche original,4000 €,Elegant,"Usado (Muy bueno) El artículo presenta ligeras señales de uso, como unos leves arañazos, pero no son perceptibles.",No conocido,"['https://img.chrono24.com/images/uhren/22792518-nhiig6trhk8wp49kf6yatzrz-Zoom.jpg', 'https://img.chrono24.com/images/uhren/22792518-kiverj9qdjbfv6p30005p9ha-Zoom.jpg', 'https://img.chrono24.com/images/uhren/22792518-wgvngik7hw928uf2i0iy8y3g-Zoom.jpg', 'https://img.chrono24.com/images/uhren/22792518-uuza7sl6v4l8u9do0p2an56l-Zoom.jpg', 'https://img.chrono24.com/images/uhren/22792518-4masya1q0458e9xynuyt5m99-Zoom.jpg', 'https://img.chrono24.com/images/uhren/22792518-omsxpil5oad9y222a2c4rzdk-Zoom.jpg', 'https://img.chrono24.com/images/uhren/22792518-bift1wwzu028e7xm8b2knj45-Zoom.jpg', 'https://img.chrono24.com/images/uhren/22792518-tohypkv6s4zpbod9v11of049-Zoom.jpg', 'https://img.chrono24.com/images/uhren/22792518-74km6l4egw8tveot97lzulo8-Zoom.jpg', 'https://img.chrono24.com/images/uhren/22792518-mwpoaj6nqggkpbdc7fcdqsco-Zoom.jpg']"
Hublot Big Bang 44 mm,Steel Diamonds 301.SX.1170.RX.1104,Hublot,Con documentos originales,Con estuche original,828 000 ¥ (= 5317 €),Big Bang 44 mm,"Usado (Bueno) El artículo presenta señales visibles y perceptibles de uso, como arañazos, rozaduras o pequeñas abolladuras.",2015 (Año aproximado),"['https://img.chrono24.com/images/uhren/39262547-fsxsmopj9ufhxz45v4ev3wme-Zoom.jpg', 'https://img.chrono24.com/images/uhren/39262547-olpmpvu3law3ptyunqjqe2cz-Zoom.jpg', 'https://img.chrono24.com/images/uhren/39262547-zlow3ifka1wkjojin1rhs529-Zoom.jpg', 'https://img.chrono24.com/images/uhren/39262547-kiiguih145ip486epbki1msv-Zoom.jpg', 'https://img.chrono24.com/images/uhren/39262547-ouoh0bbx26e99vb5kb2gjyrg-Zoom.jpg', 'https://img.chrono24.com/images/uhren/39262547-xy54ny2sp9eccmpus506jsi4-Zoom.jpg', 'https://img.chrono24.com/images/uhren/39262547-3ouo997f1u81qemn8rim33f0-Zoom.jpg', 'https://img.chrono24.com/images/uhren/39262547-oqtxzz3k4vx29cx44soucnjo-Zoom.jpg', 'https://img.chrono24.com/images/uhren/39262547-tpls8l5t1cmrtj7fghkr0j76-Zoom.jpg', 'https://img.chrono24.com/images/uhren/39262547-ka4s5yjgl6ajdemm4wk3g54e-Zoom.jpg', 'https://img.chrono24.com/images/uhren/39262547-4dt7i1azhwxdfozaiahey47m-Zoom.jpg', 'https://img.chrono24.com/images/uhren/39262547-ygyb28ebyab6ih3jhdrogfx8-Zoom.jpg', 'https://img.chrono24.com/images/uhren/39262547-p33oft2ipkxwovcrht1rzebs-Zoom.jpg', 'https://img.chrono24.com/images/uhren/39262547-3fjhrpf12e1nca9otr0kuujm-Zoom.jpg']"
TAG Heuer Formula 1 Quartz,WAZ1110,TAG Heuer,Con documentos originales,Con estuche original,600 € [Sujeto a negociación],Formula 1 Quartz,"Usado (Bueno) El artículo presenta señales visibles y perceptibles de uso, como arañazos, rozaduras o pequeñas abolladuras.",No conocido,"['https://img.chrono24.com/images/uhren/39124037-g4hw12ctmugxus0w0ejthw53-Zoom.jpg', 'https://img.chrono24.com/images/uhren/39124037-82w9nmc7mdxc7w0d0x9tsod0-Zoom.jpg', 'https://img.chrono24.com/images/uhren/39124037-w9ikwt1es4osgpi0pl0ip4y9-Zoom.jpg', 'https://img.chrono24.com/images/uhren/39124037-ctslz5i683okevera1vpzfq5-Zoom.jpg', 'https://img.chrono24.com/images/uhren/39124037-3zvoi41poo0g7njso4p59ioo-Zoom.jpg', 'https://img.chrono24.com/images/uhren/39124037-e2q08tywb8kpojc2lohn0sw4-Zoom.jpg', 'https://img.chrono24.com/images/uhren/39124037-lfc6o2tb90ms5d3d1s88sdp1-Zoom.jpg', 'https://img.chrono24.com/images/uhren/39124037-4npsa091jjmd7gv0clpbtd3g-Zoom.jpg']"
TAG Heuer Aquaracer 300M,Professional 300 Date,TAG Heuer,Con documentos originales,Con estuche original,2800 €,Aquaracer 300M,Nuevo El artículo es nuevo y no presenta señales de uso. El periodo de garantía comienza a partir de la compra del reloj.,2025,"['https://img.chrono24.com/images/uhren/35024615-e6txbyvv6880rllxheemak8u-Zoom.jpg', 'https://img.chrono24.com/images/uhren/35024615-5i5j27dctvhftlba11zda85a-Zoom.jpg', 'https://img.chrono24.com/images/uhren/35024615-xftdw993y824rlvevvy8dznx-Zoom.jpg', 'https://img.chrono24.com/images/uhren/35024615-9jd7i8e74jv0t6k58negvctz-Zoom.jpg', 'https://img.chrono24.com/images/uhren/35024615-g6nfx2c1rna6aq5s3sfg42cz-Zoom.jpg', 'https://img.chrono24.com/images/uhren/35024615-722x1y4ovqh6f16fk97qov5n-Zoom.jpg', 'https://img.chrono24.com/images/uhren/35024615-588ue2f9hk3ag4vwcibx3csy-Zoom.jpg', 'https://img.chrono24.com/images/uhren/35024615-l1c5e8ad17mqi9dlxc9ounzl-Zoom.jpg', 'https://img.chrono24.com/images/uhren/35024615-m165riyijy4haedv2mb48aee-Zoom.jpg', 'https://img.chrono24.com/images/uhren/35024615-qmepekqavm3340z2bv5hhx2v-Zoom.jpg', 'https://img.chrono24.com/images/uhren/35024615-12bckv63w2qsapkw3evujm2d-Zoom.jpg', 'https://img.chrono24.com/images/uhren/35024615-7ox1gh5guxj3d9sz5vx946aa-Zoom.jpg', 'https://img.chrono24.com/images/uhren/35024615-d0sbgkodiowp6gjk7u56t0aw-Zoom.jpg', 'https://img.chrono24.com/images/uhren/35024615-96itjo7lylpf8epm4q20dxeb-Zoom.jpg', 'https://img.chrono24.com/images/uhren/35024615-33fgakr553i3jpsqq3qgkehh-Zoom.jpg', 'https://img.chrono24.com/images/uhren/35024615-r5lq9d6xox5yfdtv5l2txyfu-Zoom.jpg']"
TAG Heuer Aquaracer,WAY101A,TAG Heuer,Sin documentos originales,Sin estuche original,950 € [Sujeto a negociación],Aquaracer,"Usado (Bueno) El artículo presenta señales visibles y perceptibles de uso, como arañazos, rozaduras o pequeñas abolladuras.",2020 (Año aproximado),"['https://img.chrono24.com/images/uhren/g85cn75js8s0-xerak9xca4oa59uwqnussja1-Zoom.jpg', 'https://img.chrono24.com/images/uhren/caxd854vpxap-vkwwmau47gexgmj0fbq2a2nh-Zoom.jpg', 'https://img.chrono24.com/images/uhren/jl8nkz0uoe5i-vo0i1vatzqht7a8arcz5f15f-Zoom.jpg', 'https://img.chrono24.com/images/uhren/9ywyh4v3gmry-xm094x4n68a6m6ynlw3c7urj-Zoom.jpg', 'https://img.chrono24.com/images/uhren/kuzza7ac78pi-w100bwzq8wb91ig23y9l5i1q-Zoom.jpg', 'https://img.chrono24.com/images/uhren/38632960-4rll7ep27edrrin8jr9ytmr2-Zoom.jpg', 'https://img.chrono24.com/images/uhren/38632960-b8omtjninn1qey8dysuy5hle-Zoom.jpg']"
TAG Heuer Formula 1 Quartz,WAZ1010.BA0842,TAG Heuer,Sin documentos originales,Sin estuche original,750 € [Sujeto a negociación],Formula 1 Quartz,"Usado (Muy bueno) El artículo presenta ligeras señales de uso, como unos leves arañazos, pero no son perceptibles.",2022,"['https://img.chrono24.com/images/uhren/fyp43izk9f7i-2h14okwi8rd270f18yq1d69b-Zoom.jpg', 'https://img.chrono24.com/images/uhren/ve2zkczojylm-1wffd82yupyiqh7a4vtbiyvp-Zoom.jpg', 'https://img.chrono24.com/images/uhren/aj3z6czk8l5x-4jqgquz89lnxcayac4pfbh9h-Zoom.jpg', 'https://img.chrono24.com/images/uhren/aae3sh2ge1tx-9bf8v2rcizxco1h5934g5bz6-Zoom.jpg', 'https://img.chrono24.com/images/uhren/p1z365u5ntuq-ck2q22xggxanh5kiqakipzsx-Zoom.jpg', 'https://img.chrono24.com/images/uhren/4b354vjwefxb-xwn1a2sr9pinvu3h1j57hp66-Zoom.jpg', 'https://img.chrono24.com/images/uhren/n5l8uv6bxz7t-hjf40441mwnf8scqpn23lac8-Zoom.jpg', 'https://img.chrono24.com/images/uhren/bnbbwzqi6e6q-mcm5ef3p2b0yn5sif6xo80sf-Zoom.jpg']"
TAG Heuer 2000,Professional 200 Meters 2000 Tag heuer professional 2000 2000 meters,TAG Heuer,Sin documentos originales,Sin estuche original,384 € [Sujeto a negociación],2000,"Usado (Bueno) El artículo presenta señales visibles y perceptibles de uso, como arañazos, rozaduras o pequeñas abolladuras.",No conocido,"['https://img.chrono24.com/images/uhren/7mprhup2gebu-gfvb7tny8qqx6mede0njp2ne-Zoom.jpg', 'https://img.chrono24.com/images/uhren/grcbq9inyh6c-53cgbwh77g8kse51kayzncug-Zoom.jpg', 'https://img.chrono24.com/images/uhren/yz0jxwvmvv9d-thapn6ojqcrtmsk3jhf4yqyw-Zoom.jpg', 'https://img.chrono24.com/images/uhren/zmqpwej3aete-6faigxg6hivdarob01l0ixwd-Zoom.jpg', 'https://img.chrono24.com/images/uhren/6i28nyubbe79-a2medgqbvu92jceuetsh4cc2-Zoom.jpg', 'https://img.chrono24.com/images/uhren/xh0k2nsxl5lc-2eomyt7xcm1p2zoeiodkkdhf-Zoom.jpg', 'https://img.chrono24.com/images/uhren/rb9y32lkmy2p-vz06acl49e5dgnum71sd8g7h-Zoom.jpg', 'https://img.chrono24.com/images/uhren/44ykv374n0lw-xkjjpfegb5kpznduacoh7z10-Zoom.jpg', 'https://img.chrono24.com/images/uhren/9iuzsfwxotl2-437o86wrflxl9winkzn5rzno-Zoom.jpg', 'https://img.chrono24.com/images/uhren/lcmswcaz4fu4-8q2gwjkq97d1abwnd30r8esw-Zoom.jpg']"
TAG Heuer Carrera Calibre 5,Juego completo a estrenar,TAG Heuer,Con documentos originales,Con estuche original,2100 € [Sujeto a negociación],Carrera Calibre 5,"Como nuevo y sin estrenar El artículo no presenta señales de uso, como arañazos o abolladuras, y está sin estrenar. El artículo no ha sido pulido.",2021,"['https://img.chrono24.com/images/uhren/36241327-r7dprbju9hiau9oi4vg9vg0y-Zoom.jpg', 'https://img.chrono24.com/images/uhren/36241327-spc21v1916km9hti3rohlso5-Zoom.jpg', 'https://img.chrono24.com/images/uhren/36241327-4dr3bxpfi1o1lglrsq5h0zhz-Zoom.jpg', 'https://img.chrono24.com/images/uhren/36241327-vm2q3ptzd4sg7hkluwrni5no-Zoom.jpg', 'https://img.chrono24.com/images/uhren/36241327-lgq77kosmrzpvj2pmehxzaak-Zoom.jpg', 'https://img.chrono24.com/images/uhren/36241327-cbo9g5gkck1ed307j5lxwrhh-Zoom.jpg', 'https://img.chrono24.com/images/uhren/36241327-ilbcn5xp5zge80ozt0e62rxn-Zoom.jpg', 'https://img.chrono24.com/images/uhren/36241327-v3hoyguw1ufk7zhh3l7dxah4-Zoom.jpg', 'https://img.chrono24.com/images/uhren/36241327-wvxh9a3ict0cg6fcnail6y5f-Zoom.jpg', 'https://img.chrono24.com/images/uhren/36241327-xvu4alrzza520a2oohlkv1km-Zoom.jpg', 'https://img.chrono24.com/images/uhren/36241327-y6xzuz79n0tjbsmdb0fyanrq-Zoom.jpg', 'https://img.chrono24.com/images/uhren/36241327-kgpppx32qowep65pbmes3pnp-Zoom.jpg', 'https://img.chrono24.com/images/uhren/36241327-42hquwtmla18cooeg0763rt0-Zoom.jpg']"
TAG Heuer Carrera,Chronograph TagHeuer Carrera GlassBox Full Set really good condition,TAG Heuer,Con documentos originales,Con estuche original,3950 € [Sujeto a negociación],Carrera,"Usado (Muy bueno) El artículo presenta ligeras señales de uso, como unos leves arañazos, pero no son perceptibles.",2023 (Año aproximado),"['https://img.chrono24.com/images/uhren/w7934qpe5oqm-ylqc26ookh0xzf3uwxuy19c1-Zoom.jpg', 'https://img.chrono24.com/images/uhren/1o6zdq1lbjox-idrfx9iior1exj0v2vnkkb18-Zoom.jpg', 'https://img.chrono24.com/images/uhren/j0y4szililno-prosfe4nuicrykqf6jdxbic2-Zoom.jpg', 'https://img.chrono24.com/images/uhren/te46980qi15r-owokip26bxpnewe3vehpi3lp-Zoom.jpg', 'https://img.chrono24.com/images/uhren/09t41kdpov44-2jt8ejzfbnixy5lyydvdml8c-Zoom.jpg', 'https://img.chrono24.com/images/uhren/nge0xy39scek-1yay24cjewql3n22i27hgugh-Zoom.jpg', 'https://img.chrono24.com/images/uhren/ewh08ay3uf9b-odssheox1bd9ej1lt0i81fex-Zoom.jpg', 'https://img.chrono24.com/images/uhren/l18qixox24d9-ni022jdo2mg1uon09qmbwhi3-Zoom.jpg', 'https://img.chrono24.com/images/uhren/gjumiofm7g4q-qtl8rkhadjumxi1kzi1gre1h-Zoom.jpg', 'https://img.chrono24.com/images/uhren/2yh5sbdu4d9d-nwj6mfobvnevulnfcl9zhagt-Zoom.jpg', 'https://img.chrono24.com/images/uhren/yii0s371gyst-wtdamqzs8u6jg2dznox1dck2-Zoom.jpg']"
TAG Heuer Aquaracer Lady,WBD1411.BA0741,TAG Heuer,Con documentos originales,Con estuche original,700 € [Sujeto a negociación],Aquaracer Lady,"Usado (Bueno) El artículo presenta señales visibles y perceptibles de uso, como arañazos, rozaduras o pequeñas abolladuras.",2019,"['https://img.chrono24.com/images/uhren/34884910-8uaqvmcp4400qjuphjl537bk-Zoom.jpg', 'https://img.chrono24.com/images/uhren/34884910-gb6qp4m6baad1hjkbx3umg2x-Zoom.jpg', 'https://img.chrono24.com/images/uhren/34884910-6egi630993kaj7k4hvpeqrp5-Zoom.jpg', 'https://img.chrono24.com/images/uhren/34884910-j7epgvywy1qtu88mzytanyk0-Zoom.jpg', 'https://img.chrono24.com/images/uhren/34884910-51a92ovaybkkt5cpgj6bh7az-Zoom.jpg', 'https://img.chrono24.com/images/uhren/34884910-cmvqs87z3gzrltptk0j6x2z7-Zoom.jpg', 'https://img.chrono24.com/images/uhren/34884910-hgcxo85ajh6tjshhw6u0e0tl-Zoom.jpg', 'https://img.chrono24.com/images/uhren/34884910-ueipnax3z4stqf6zx03snqf8-Zoom.jpg', 'https://img.chrono24.com/images/uhren/34884910-c4etyc3h7p0ln2rd6vwhplna-Zoom.jpg', 'https://img.chrono24.com/images/uhren/34884910-g77trymkwrollal4r6c8mawo-Zoom.jpg', 'https://img.chrono24.com/images/uhren/34884910-eolrpt9ypdolh9zouddufwww-Zoom.jpg', 'https://img.chrono24.com/images/uhren/34884910-54djw8x5ssvo6jtk8t4go3nv-Zoom.jpg', 'https://img.chrono24.com/images/uhren/34884910-0a06z1t326htsakwcw86lleb-Zoom.jpg', 'https://img.chrono24.com/images/uhren/34884910-erl1pw114izpfu89c2qlxrs0-Zoom.jpg', 'https://img.chrono24.com/images/uhren/34884910-xp1n8a7syyfhwo4gh359esez-Zoom.jpg', 'https://img.chrono24.com/images/uhren/34884910-gij8fsraswk6jgv45ku6o2m3-Zoom.jpg', 'https://img.chrono24.com/images/uhren/34884910-0xf1pws2kb3a0wb03rovodfu-Zoom.jpg', 'https://img.chrono24.com/images/uhren/34884910-dhkv5lmvna93segoczohqnlc-Zoom.jpg']"
TAG Heuer Carrera Calibre 5,WV211A,TAG Heuer,Sin documentos originales,Sin estuche original,700 € [Sujeto a negociación],Carrera Calibre 5,Usado (Incompleto) Faltan partes del artículo y no funciona.,No conocido,"['https://img.chrono24.com/images/uhren/38765808-lu1lr4tuaf6lsg3qzgpyc00p-Zoom.jpg', 'https://img.chrono24.com/images/uhren/38765808-rd9w0ok04ww02ve9jfu7d5w3-Zoom.jpg']"
TAG Heuer Formula 1 Quartz,Senna,TAG Heuer,Con documentos originales,Con estuche original,1325 € [Sujeto a negociación],Formula 1 Quartz,"Como nuevo y sin estrenar El artículo no presenta señales de uso, como arañazos o abolladuras, y está sin estrenar. El artículo no ha sido pulido.",2017,"['https://img.chrono24.com/images/uhren/2nzglpwo4opv-7hxj3anvgl0zuxr8idp0ugpp-Zoom.jpg', 'https://img.chrono24.com/images/uhren/bxhk06w8u6uc-60p4w45ki3067a4pinlh3nn3-Zoom.jpg', 'https://img.chrono24.com/images/uhren/jksx3ydmyi2b-ag3hcbdmiy2y5pbpf0q7i2j3-Zoom.jpg', 'https://img.chrono24.com/images/uhren/f0oo4run077e-reouabxu4rt8r6ueybjckw4z-Zoom.jpg', 'https://img.chrono24.com/images/uhren/a4zhqcnwbrz9-gx441dkjesg6bbwtkfnq5di1-Zoom.jpg', 'https://img.chrono24.com/images/uhren/xm8p0n8yygzc-jww000m94wtqs9bar5n5aa0x-Zoom.jpg', 'https://img.chrono24.com/images/uhren/dligjwxjy8le-7801q74h65wkfz0kx88e7men-Zoom.jpg', 'https://img.chrono24.com/images/uhren/vcsh9db6gc5k-nmgqwp1jzw55hndj6qd3krbc-Zoom.jpg', 'https://img.chrono24.com/images/uhren/em28hjm7wqgt-n686io9hej8qn6tp2mw9t3ht-Zoom.jpg']"
TAG Heuer Monaco,(Steve McQueen) New Service Excellent Condition 2 Years Warranty,TAG Heuer,Con documentos originales,Con estuche original,4200 €,Monaco,"Usado (Muy bueno) El artículo presenta ligeras señales de uso, como unos leves arañazos, pero no son perceptibles.",2009,"['https://img.chrono24.com/images/uhren/39787114-s97umy072i6qbejun0ggrimp-Zoom.jpg', 'https://img.chrono24.com/images/uhren/39787114-3l4xpil9tdw9ygrudmim53a8-Zoom.jpg', 'https://img.chrono24.com/images/uhren/39787114-2ssnovzwzjj4ikmevafeqt6i-Zoom.jpg', 'https://img.chrono24.com/images/uhren/39787114-sqs5dzxsuhaow4b7u3a4cbdv-Zoom.jpg', 'https://img.chrono24.com/images/uhren/39787114-4sjsmmj4g3qz7d8garqadxbh-Zoom.jpg', 'https://img.chrono24.com/images/uhren/39787114-p4p6xnft4yaxbupwnmbqamrb-Zoom.jpg', 'https://img.chrono24.com/images/uhren/39787114-3tq1n4fczridezsaud266zk7-Zoom.jpg', 'https://img.chrono24.com/images/uhren/39787114-g0ovzycws6i8scbuy9cshmht-Zoom.jpg', 'https://img.chrono24.com/images/uhren/39787114-ft43gyp7s55oxhz8sd2bhgw7-Zoom.jpg', 'https://img.chrono24.com/images/uhren/39787114-oz6jmbcgi7i4p86ones6fc4w-Zoom.jpg', 'https://img.chrono24.com/images/uhren/39787114-x5mmg55pz15xybgjsstsby3c-Zoom.jpg', 'https://img.chrono24.com/images/uhren/39787114-8t7pdl134i6ntvd5h3wmgv01-Zoom.jpg', 'https://img.chrono24.com/images/uhren/39787114-fj9ul424iml7qy3sjow6k0qk-Zoom.jpg', 'https://img.chrono24.com/images/uhren/39787114-f1fjb9c4bt7etgrrlr3cgadp-Zoom.jpg']"
TAG Heuer Carrera,Calibre Heuer 02 Chronograph Documentación completa nuevo y en perfecto estado,TAG Heuer,Con documentos originales,Con estuche original,4950 € [Sujeto a negociación],Carrera,"Como nuevo y sin estrenar El artículo no presenta señales de uso, como arañazos o abolladuras, y está sin estrenar. El artículo no ha sido pulido.",2023 (Año aproximado),"['https://img.chrono24.com/images/uhren/37804677-oa65u6oyamit4y8hiao5kull-Zoom.jpg', 'https://img.chrono24.com/images/uhren/37804677-m0e6cdfoq5buhg2fjl2as3ng-Zoom.jpg', 'https://img.chrono24.com/images/uhren/37804677-yih7p5fw43tyknlu1rvlrebm-Zoom.jpg', 'https://img.chrono24.com/images/uhren/37804677-t5klqqe8orzyzdmre0ec1sps-Zoom.jpg', 'https://img.chrono24.com/images/uhren/37804677-mxuh4h9n0uzmx30wcd2j4crn-Zoom.jpg', 'https://img.chrono24.com/images/uhren/37804677-r8jva00ho81wvbk1k6i9t3wu-Zoom.jpg', 'https://img.chrono24.com/images/uhren/37804677-1tfh5o24ooi7vd037q4qpv8g-Zoom.jpg', 'https://img.chrono24.com/images/uhren/37804677-68l914gjd15oe4mjrnmofmre-Zoom.jpg', 'https://img.chrono24.com/images/uhren/37804677-ldq9xbds9p4p0bzry69c4b24-Zoom.jpg', 'https://img.chrono24.com/images/uhren/37804677-3vl523d5cgmkz6f6sab7sik8-Zoom.jpg', 'https://img.chrono24.com/images/uhren/37804677-fn2u1nkb7nxtb4ubzz425dqg-Zoom.jpg']"
TAG Heuer Aquaracer 300M,Pepsi Full Set / Diver Automatic / Full Set / Aquaracer 300M,TAG Heuer,Con documentos originales,Con estuche original,2040 €,Aquaracer 300M,"Usado (Muy bueno) El artículo presenta ligeras señales de uso, como unos leves arañazos, pero no son perceptibles.",2021,"['https://img.chrono24.com/images/uhren/39579121-bszb2fjrxsm9rsjofovztyja-Zoom.jpg', 'https://img.chrono24.com/images/uhren/39579121-a6l14x45vsjm3p2bowh4dxu8-Zoom.jpg', 'https://img.chrono24.com/images/uhren/39579121-g6yl04kb37880v2kybt5kcx8-Zoom.jpg', 'https://img.chrono24.com/images/uhren/39579121-poco3cixi9o6dtrulspiijl6-Zoom.jpg', 'https://img.chrono24.com/images/uhren/39579121-tuv2lowc4lymvcybztbrf374-Zoom.jpg', 'https://img.chrono24.com/images/uhren/39579121-eb2iwkmwek8t16xi8bnmwu7r-Zoom.jpg', 'https://img.chrono24.com/images/uhren/39579121-stljcvau34km1m1ral21dtq4-Zoom.jpg', 'https://img.chrono24.com/images/uhren/39579121-xvffprhkq6ygntefghyepf65-Zoom.jpg', 'https://img.chrono24.com/images/uhren/39579121-7pzmjtdq0o916xa2wpoutkt9-Zoom.jpg', 'https://img.chrono24.com/images/uhren/39579121-vyaelanrjhlljlyd12e76qov-Zoom.jpg']"
TAG Heuer Formula 1 Solargraph,WBY1113.BA0042,TAG Heuer,Con documentos originales,Con estuche original,2250 €,Formula 1 Solargraph,Nuevo El artículo es nuevo y no presenta señales de uso. El periodo de garantía comienza a partir de la compra del reloj.,2025,"['https://img.chrono24.com/images/uhren/39805456-j8lupzjusoh36v9yuxuwj0ga-Zoom.jpg', 'https://img.chrono24.com/images/uhren/39805456-46mqfci70tmcjfsjdb8o4nkv-Zoom.jpg']"
TAG Heuer Monaco,CW2111,TAG Heuer,Con documentos originales,Con estuche original,2850 €,Monaco,"Usado (Bueno) El artículo presenta señales visibles y perceptibles de uso, como arañazos, rozaduras o pequeñas abolladuras.",2011,"['https://img.chrono24.com/images/uhren/fgxtipl98m9x-a7a3hm5mneue8yyflskq27z1-Zoom.jpg', 'https://img.chrono24.com/images/uhren/e47gg97hf026-5hnjli7v1r29ue7ty6mlxh43-Zoom.jpg', 'https://img.chrono24.com/images/uhren/mz0kt1o1paif-e2o582o28v97djwhjd8jb9lc-Zoom.jpg', 'https://img.chrono24.com/images/uhren/klte4s2vllur-ejzx9pk9wn838cyc7ckkk1ad-Zoom.jpg', 'https://img.chrono24.com/images/uhren/mlt1u3a46di5-1xsj0g4chx1nhlidy4v1e8ww-Zoom.jpg', 'https://img.chrono24.com/images/uhren/zca1bspiyt7m-24fljqd3ove5j42hou9c5ndc-Zoom.jpg', 'https://img.chrono24.com/images/uhren/ktzf7cws2khs-7hl7h8pw8kwb98n6kq4vmty2-Zoom.jpg', 'https://img.chrono24.com/images/uhren/fday66zhldjs-2dkb4sjzggkl5sb3pfll6mhe-Zoom.jpg', 'https://img.chrono24.com/images/uhren/s9xnkednrdyy-zjfmaw52sjes9ga3mx9c2f9n-Zoom.jpg', 'https://img.chrono24.com/images/uhren/ufg3i4uvrgyc-vqhd0twrsyi8bbud3n87s7rz-Zoom.jpg', 'https://img.chrono24.com/images/uhren/c1jri4zw206d-1w3ngpq0zuymbmemfzwqqy6u-Zoom.jpg', 'https://img.chrono24.com/images/uhren/ristaamlg2re-g81bsfdxlt1hmx7gqxhgwd1s-Zoom.jpg', 'https://img.chrono24.com/images/uhren/kghap3677i7n-ok11yxjhtobg2yf7eu71s1wn-Zoom.jpg', 'https://img.chrono24.com/images/uhren/q3h4gwuzbn56-jete8avx0lafjf7326xwlzew-Zoom.jpg', 'https://img.chrono24.com/images/uhren/yyrxy3oa5j83-844zje8d9018l67d05ittkwn-Zoom.jpg']"
TAG Heuer Monza,CR2110,TAG Heuer,Sin documentos originales,Con estuche original,2500 €,Monza,"Usado (Muy bueno) El artículo presenta ligeras señales de uso, como unos leves arañazos, pero no son perceptibles.",2002 (Año aproximado),"['https://img.chrono24.com/images/uhren/fd8qzhadxkzd-w83kot9zqawy3v4lhpg2jkjq-Zoom.jpg', 'https://img.chrono24.com/images/uhren/01bof9xwxf7z-q7cdp0mp3hugieosk07361q9-Zoom.jpg', 'https://img.chrono24.com/images/uhren/kilpro647s5m-8aayarjy7iun3sbxfwl7qk1g-Zoom.jpg', 'https://img.chrono24.com/images/uhren/8mckzd409t6t-8jw9noxwz6fjt3k5s4w17578-Zoom.jpg', 'https://img.chrono24.com/images/uhren/oh1akjhqt4ch-os6mcwzd6csduueld31rmvn8-Zoom.jpg', 'https://img.chrono24.com/images/uhren/2vw6snad7guj-l0pjhb39fthle7f91ulrn8sy-Zoom.jpg', 'https://img.chrono24.com/images/uhren/u2xr2vfn8rqs-fqdttnn9d1e576ew4bbj9cko-Zoom.jpg', 'https://img.chrono24.com/images/uhren/cs2rbje8qpcz-pkp9l9l6i1u8p3nn4h1uv3hz-Zoom.jpg']"
TAG Heuer,500 'nuevo de hace 15 días,TAG Heuer,Con documentos originales,Con estuche original,800 € [Sujeto a negociación],,"Como nuevo y sin estrenar El artículo no presenta señales de uso, como arañazos o abolladuras, y está sin estrenar. El artículo no ha sido pulido.",2024 (Año aproximado),"['https://img.chrono24.com/images/uhren/38291397-nh8wslu1nbvgrx6m5xs7rchw-Zoom.jpg', 'https://img.chrono24.com/images/uhren/7ke3ye8iek5x-xvu1r8ppzmuv2k4r9r89ydts-Zoom.jpg', 'https://img.chrono24.com/images/uhren/fxngcgeiydbp-uxw5ukek4ventil59f1wblmt-Zoom.jpg', 'https://img.chrono24.com/images/uhren/7qkk0tc2zams-rergbaa0b4jv9qb91qs4daa3-Zoom.jpg', 'https://img.chrono24.com/images/uhren/r1oxqp1x9bzm-le8x6ymqey0kppslj4jtz2di-Zoom.jpg', 'https://img.chrono24.com/images/uhren/qulaadrvv5kv-ympjxs8poyie4gxs6crvn06k-Zoom.jpg', 'https://img.chrono24.com/images/uhren/9rf3z2lvo26z-j2hachfy6qfzn0ninkb4bctj-Zoom.jpg', 'https://img.chrono24.com/images/uhren/fpppi5chl31o-xy1imdfbwo5sefba9252vblb-Zoom.jpg', 'https://img.chrono24.com/images/uhren/o1vmss86m8f7-ztahxqbsqyp1qolv09id5ali-Zoom.jpg', 'https://img.chrono24.com/images/uhren/6bptup6duspp-k4b93sl3nx2hubnomr2mbd1f-Zoom.jpg']"
TAG Heuer Monaco Calibre 12,CAW2111,TAG Heuer,Con documentos originales,Con estuche original,4800 € [Sujeto a negociación],Monaco Calibre 12,"Usado (Muy bueno) El artículo presenta ligeras señales de uso, como unos leves arañazos, pero no son perceptibles.",2015 (Año aproximado),"['https://img.chrono24.com/images/uhren/35241536-tz0zzu2hd9u1xbg6qe89ls57-Zoom.jpg', 'https://img.chrono24.com/images/uhren/35241536-car91q9h177cxlto64b0w4hq-Zoom.jpg', 'https://img.chrono24.com/images/uhren/35241536-jeiikw40o5rk0ps1karh67wr-Zoom.jpg', 'https://img.chrono24.com/images/uhren/35241536-4xq6aqaedanqq5y6lc0p3o7u-Zoom.jpg', 'https://img.chrono24.com/images/uhren/35241536-6dng49w4g6i7yfq5ya20n0s3-Zoom.jpg', 'https://img.chrono24.com/images/uhren/35241536-0y83goo1z6jtdjphchoieild-Zoom.jpg', 'https://img.chrono24.com/images/uhren/35241536-t6kgc3opzzpgcck2x4ppwreh-Zoom.jpg']"
TAG Heuer Aquaracer,Automatic 41mm / Diver Blue Bezel Dial / Aquaracer,TAG Heuer,Sin documentos originales,Sin estuche original,1040 €,Aquaracer,"Usado (Bueno) El artículo presenta señales visibles y perceptibles de uso, como arañazos, rozaduras o pequeñas abolladuras.",No conocido,"['https://img.chrono24.com/images/uhren/38979377-jshnuss96zxunsl878f2dsq8-Zoom.jpg', 'https://img.chrono24.com/images/uhren/38979377-1p6x466jeopij5td1szq7x15-Zoom.jpg', 'https://img.chrono24.com/images/uhren/38979377-ska5d8dfbzxjtd6xk3bv3u4x-Zoom.jpg', 'https://img.chrono24.com/images/uhren/38979377-usm2805zj93fcfnzzjvazefb-Zoom.jpg', 'https://img.chrono24.com/images/uhren/38979377-oxds36y529q03firvbfs83sa-Zoom.jpg', 'https://img.chrono24.com/images/uhren/38979377-iqyygcvojbtkhb3i8pggn5as-Zoom.jpg', 'https://img.chrono24.com/images/uhren/38979377-nzhm9bodjzi8jajq45aua2o3-Zoom.jpg', 'https://img.chrono24.com/images/uhren/38979377-q5o4idz2oscevv660h78vrca-Zoom.jpg']"
TAG Heuer Carrera Calibre 5,Automatic 41mm WAR201C-1,TAG Heuer,Sin documentos originales,Sin estuche original,1490 €,Carrera Calibre 5,"Usado (Bueno) El artículo presenta señales visibles y perceptibles de uso, como arañazos, rozaduras o pequeñas abolladuras.",No conocido,"['https://img.chrono24.com/images/uhren/39442371-0lmn7wucxmcsxl8t896ypo0h-Zoom.jpg', 'https://img.chrono24.com/images/uhren/39442371-cxx4bjvq0vwwgo256mgsmwis-Zoom.jpg', 'https://img.chrono24.com/images/uhren/39442371-h5q1dl5fb1kfc1ud18zu7alh-Zoom.jpg', 'https://img.chrono24.com/images/uhren/39442371-mjmdiupx91kvl87tbtt9r1k8-Zoom.jpg', 'https://img.chrono24.com/images/uhren/39442371-c4ab4hug7q4ldjn3slwqwx55-Zoom.jpg', 'https://img.chrono24.com/images/uhren/39442371-bkj6s4xxclqc7pi2k8ojoocj-Zoom.jpg', 'https://img.chrono24.com/images/uhren/39442371-5mvg4q5xrrp4mwny3v1l8v92-Zoom.jpg', 'https://img.chrono24.com/images/uhren/39442371-nux3dcg9aaawvidbdgx44ja3-Zoom.jpg', 'https://img.chrono24.com/images/uhren/39442371-te561unf17blk9xr3oh7p3i9-Zoom.jpg', 'https://img.chrono24.com/images/uhren/39442371-wjrp2o33t70ge2kajz7u7eeq-Zoom.jpg', 'https://img.chrono24.com/images/uhren/39442371-t4ggu2gbru7c0c7yasof05ti-Zoom.jpg', 'https://img.chrono24.com/images/uhren/39442371-kwb4nnt30g6fmrltqaehtbu0-Zoom.jpg', 'https://img.chrono24.com/images/uhren/39442371-pqq5cm9k9akzgviqb1st65go-Zoom.jpg']"
Zenith Port Royal,V Elite,Zenith,Con documentos originales,Con estuche original,1900 € [Sujeto a negociación],Port Royal,"Usado (Muy bueno) El artículo presenta ligeras señales de uso, como unos leves arañazos, pero no son perceptibles.",2010 (Año aproximado),"['https://img.chrono24.com/images/uhren/y8ci4lgn70w2-9j9aphvvcj8wog7nhrhzs0c6-Zoom.jpg', 'https://img.chrono24.com/images/uhren/1ehr606merdr-2xdzt5bh92vbx3jehvxqfjqq-Zoom.jpg', 'https://img.chrono24.com/images/uhren/3xvnw8cc8g5v-lcbvv3773yu3y65pt99q4mod-Zoom.jpg', 'https://img.chrono24.com/images/uhren/4algettr1vmu-f32srykhfzsyuzalyqbv9nem-Zoom.jpg', 'https://img.chrono24.com/images/uhren/wyqljti4ehnp-xnc6iegpmbfy6sk3j02uvli5-Zoom.jpg', 'https://img.chrono24.com/images/uhren/yrpjet67d5vc-ce52a5fwj1awai079ly40h6c-Zoom.jpg', 'https://img.chrono24.com/images/uhren/p2vluytp9ce6-swt4m4rhq4lv39wtl7byq9kt-Zoom.jpg', 'https://img.chrono24.com/images/uhren/mc3m7nq1ouzr-wq69i8ydqzkffscanpl7dnrj-Zoom.jpg', 'https://img.chrono24.com/images/uhren/y7p5jpkz7938-3ssbu13fldtrzsnalb2weq54-Zoom.jpg', 'https://img.chrono24.com/images/uhren/xj9m9ii8vnbw-72wggiyh9xh9gfk7cbv2p622-Zoom.jpg', 'https://img.chrono24.com/images/uhren/3ketxv3fbwxm-c74jpnxfnw594ro8z6n9n6zd-Zoom.jpg', 'https://img.chrono24.com/images/uhren/f47kwx5sseg1-rkq6tg1budm49uus383c0esf-Zoom.jpg', 'https://img.chrono24.com/images/uhren/xfq6nbm3klts-xxbt7v59oafugzl5pcb9rw3t-Zoom.jpg']"
Zenith Defy El Primero,21,Zenith,Sin documentos originales,Sin estuche original,6600 €,Defy El Primero,"Usado (Muy bueno) El artículo presenta ligeras señales de uso, como unos leves arañazos, pero no son perceptibles.",2022 (Año aproximado),"['https://img.chrono24.com/images/uhren/36785773-u8oe2hjs19ti28qb5pvir7mb-Zoom.jpg', 'https://img.chrono24.com/images/uhren/36785773-od8brdn4l5h1wrrorux91d4m-Zoom.jpg', 'https://img.chrono24.com/images/uhren/36785773-qrpefhbq8s2wqst8eyv6u1jw-Zoom.jpg', 'https://img.chrono24.com/images/uhren/36785773-z53t0eo8q14swumdks29v3j2-Zoom.jpg', 'https://img.chrono24.com/images/uhren/36785773-297gkg5rutbf63aa41ohdqat-Zoom.jpg', 'https://img.chrono24.com/images/uhren/36785773-v92hbnoo63r84p23fdvgrnfd-Zoom.jpg', 'https://img.chrono24.com/images/uhren/36785773-s5x48kzjj1fwcnt731sdfy26-Zoom.jpg', 'https://img.chrono24.com/images/uhren/36785773-hjc3xhjd6p92svcpkqk23xgg-Zoom.jpg', 'https://img.chrono24.com/images/uhren/36785773-wml835td1zku1esfhahe6zfp-Zoom.jpg']"
Zenith El Primero Chronograph,Ref. A386 MK3 - 1973 Chronograph vintage,Zenith,Sin documentos originales,Sin estuche original,11 900 €,El Primero Chronograph,"Usado (Bueno) El artículo presenta señales visibles y perceptibles de uso, como arañazos, rozaduras o pequeñas abolladuras.",1973 (Año aproximado),"['https://img.chrono24.com/images/uhren/39818968-64pta1cchv17qjnn6l12h1cv-Zoom.jpg', 'https://img.chrono24.com/images/uhren/39818968-fdetvmg37pouu0z8avqfbk8f-Zoom.jpg', 'https://img.chrono24.com/images/uhren/39818968-loyknjz77df9tpafmv49qmu9-Zoom.jpg', 'https://img.chrono24.com/images/uhren/39818968-h3gl6v5aeedgeq6o1ack49s3-Zoom.jpg', 'https://img.chrono24.com/images/uhren/39818968-jw7o2zbg6ozb0haro4ki60ub-Zoom.jpg', 'https://img.chrono24.com/images/uhren/39818968-9vngn9ovy46pt1fodizeivix-Zoom.jpg', 'https://img.chrono24.com/images/uhren/39818968-tawl6gq21q5a1zjkmewgmey6-Zoom.jpg', 'https://img.chrono24.com/images/uhren/39818968-qq2qhr6zwrjo6a809f3u9sca-Zoom.jpg', 'https://img.chrono24.com/images/uhren/39818968-uvvg6e41c89p8xzw6f9c3otw-Zoom.jpg', 'https://img.chrono24.com/images/uhren/39818968-wpszamqw52dxwbl0fhu42c6e-Zoom.jpg', 'https://img.chrono24.com/images/uhren/39818968-xtt88p0i3wyw8fez8ojh7czu-Zoom.jpg', 'https://img.chrono24.com/images/uhren/39818968-d91dqyuat2c9hkwie0dcdmm3-Zoom.jpg', 'https://img.chrono24.com/images/uhren/39818968-zy8lpv2mfqp1k5v12wyta298-Zoom.jpg', 'https://img.chrono24.com/images/uhren/39818968-sq4om1c1bg7n41f6dsy3hpuf-Zoom.jpg', 'https://img.chrono24.com/images/uhren/39818968-x6qr2lbbiy2q0uxsw1wrhnp2-Zoom.jpg', 'https://img.chrono24.com/images/uhren/39818968-x6qr2lbbiy2q0uxsw1wrhnp2-Zoom.jpg']"
Zenith,automatic Dial y caja en muy buen estado. Corona no original.,Zenith,Sin documentos originales,Sin estuche original,735 € [Sujeto a negociación],,"Usado (Bueno) El artículo presenta señales visibles y perceptibles de uso, como arañazos, rozaduras o pequeñas abolladuras.",1970 (Año aproximado),"['https://img.chrono24.com/images/uhren/36869465-plfpqnk8pi6w0sfpzu4ri0at-Zoom.jpg', 'https://img.chrono24.com/images/uhren/36869465-qgk9fap7d9satwf1v7wg2d1s-Zoom.jpg', 'https://img.chrono24.com/images/uhren/36869465-rza4de3gchwjz1opsk0yq9bg-Zoom.jpg', 'https://img.chrono24.com/images/uhren/36869465-49wuxpu504yraifaw75v7jt6-Zoom.jpg', 'https://img.chrono24.com/images/uhren/36869465-0p983kk7b1sz6zlva327zdow-Zoom.jpg', 'https://img.chrono24.com/images/uhren/36869465-wzt56qb3xt4cun0qy0kchqlv-Zoom.jpg', 'https://img.chrono24.com/images/uhren/36869465-3z7fzshd070k6l6pi737dih1-Zoom.jpg', 'https://img.chrono24.com/images/uhren/36869465-ie61tru2hmomnf39knd6rlz5-Zoom.jpg', 'https://img.chrono24.com/images/uhren/36869465-wjjfaoubnztwinmoulfuqjo0-Zoom.jpg', 'https://img.chrono24.com/images/uhren/36869465-suyjt92ar976yubpdb78xelq-Zoom.jpg', 'https://img.chrono24.com/images/uhren/36869465-4w5zn0eeez4ndk1ocu39dfkz-Zoom.jpg', 'https://img.chrono24.com/images/uhren/36869465-bsrq8aa6efqntpg0pncbvbx6-Zoom.jpg']"
Zenith,Grand Prix 1865,Zenith,Sin documentos originales,Sin estuche original,400 € [Sujeto a negociación],,"Usado (Bueno) El artículo presenta señales visibles y perceptibles de uso, como arañazos, rozaduras o pequeñas abolladuras.",No conocido,"['https://img.chrono24.com/images/uhren/34455180-ds0f0nkt9jhtgy00fstiea8h-Zoom.jpg', 'https://img.chrono24.com/images/uhren/34455180-2002njbrcfym9jkz2e2tl2sg-Zoom.jpg', 'https://img.chrono24.com/images/uhren/34455180-ia9ax1rc9en3h7kjv3n89nms-Zoom.jpg', 'https://img.chrono24.com/images/uhren/34455180-pm7x9jj5u7tq30iwnnub3998-Zoom.jpg', 'https://img.chrono24.com/images/uhren/34455180-nlpkes6ub2ize7vhjocgthly-Zoom.jpg', 'https://img.chrono24.com/images/uhren/34455180-b34b0n4xsduhnqyik1xgpbzn-Zoom.jpg', 'https://img.chrono24.com/images/uhren/34455180-htf246kqikrvkdc1v4qf39a6-Zoom.jpg', 'https://img.chrono24.com/images/uhren/34455180-6zp9qm5kca9xj7ykp2f3hcbp-Zoom.jpg', 'https://img.chrono24.com/images/uhren/34455180-sa5wkgan2132shx2q1v42vsi-Zoom.jpg', 'https://img.chrono24.com/images/uhren/34455180-bbsqr7qo6vi9qn2cv88tcmke-Zoom.jpg', 'https://img.chrono24.com/images/uhren/34455180-qeoiqwzxv7js9vh36ohnu4c2-Zoom.jpg', 'https://img.chrono24.com/images/uhren/34455180-28xydn5e4gzq3vwwmj3fkx4p-Zoom.jpg', 'https://img.chrono24.com/images/uhren/34455180-fyfjkzn3a1xutow9ay8g77of-Zoom.jpg']"
Zenith Pilot,Type 20 Cairelli Crono Bicompax Zenith Cairelli Militare,Zenith,Sin documentos originales,Sin estuche original,9000 € [Sujeto a negociación],Pilot,"Usado (Satisfactorio) El artículo presenta notables señales de uso, como arañazos y abolladuras.",1960 (Año aproximado),"['https://img.chrono24.com/images/uhren/30746537-z08g5h3g3m3uy3f5z8yvmkkn-Zoom.jpg', 'https://img.chrono24.com/images/uhren/30746537-a5b9rm1qjxx4bgfbp56dm10u-Zoom.jpg', 'https://img.chrono24.com/images/uhren/30746537-lgjeqkkx7acr4flkl6dd01rg-Zoom.jpg', 'https://img.chrono24.com/images/uhren/30746537-3hj57sfrovy9s29u6rnjsmtg-Zoom.jpg', 'https://img.chrono24.com/images/uhren/30746537-q81kpa3b3t41dqzpifdnfwnm-Zoom.jpg', 'https://img.chrono24.com/images/uhren/30746537-nf6lla8xujgqkdkzn4ell8n0-Zoom.jpg', 'https://img.chrono24.com/images/uhren/30746537-3vy6nwwbcyfxt6m1yzlv9pf7-Zoom.jpg', 'https://img.chrono24.com/images/uhren/30746537-ffamdt6bsdtfmcdq6oyrl55z-Zoom.jpg', 'https://img.chrono24.com/images/uhren/30746537-1kaajtt2rgprdhe3aq0ae70u-Zoom.jpg', 'https://img.chrono24.com/images/uhren/30746537-wm1gv0ztighodp66oofn8l56-Zoom.jpg', 'https://img.chrono24.com/images/uhren/30746537-69vh6g97uzsuoh0k946705ck-Zoom.jpg', 'https://img.chrono24.com/images/uhren/30746537-v6lrm6938xmjv2stldbwao6s-Zoom.jpg']"
Zenith Stellina,Vintage Manual Gold 18k Steelback,Zenith,Sin documentos originales,Sin estuche original,1049 €,Stellina,"Usado (Muy bueno) El artículo presenta ligeras señales de uso, como unos leves arañazos, pero no son perceptibles.",1975 (Año aproximado),"['https://img.chrono24.com/images/uhren/36291581-rgb0ddozgc8wmcdwi3qopq4c-Zoom.jpg', 'https://img.chrono24.com/images/uhren/36291581-1n5frtevudy66x38o807ehir-Zoom.jpg', 'https://img.chrono24.com/images/uhren/36291581-j8otdzfbp0udfprufpvw6f9d-Zoom.jpg', 'https://img.chrono24.com/images/uhren/36291581-ngzf6reo8mxya484rcymehbd-Zoom.jpg', 'https://img.chrono24.com/images/uhren/36291581-fwouy2luhuuxk86io5zndb63-Zoom.jpg', 'https://img.chrono24.com/images/uhren/36291581-b8f7vx4hed6ozuj8kj8qqvgk-Zoom.jpg', 'https://img.chrono24.com/images/uhren/36291581-wjl1nqjcy2nmm16fzr9qsb8v-Zoom.jpg', 'https://img.chrono24.com/images/uhren/36291581-sw2qtsxuos6z09pqk69f1jcv-Zoom.jpg', 'https://img.chrono24.com/images/uhren/36291581-7xtisbp7er91l5n0otm0l7bj-Zoom.jpg', 'https://img.chrono24.com/images/uhren/36291581-rcloqixhnuan6oc442cqk9z7-Zoom.jpg', 'https://img.chrono24.com/images/uhren/36291581-ac7qd7jkcrd1r54kc0etc9yc-Zoom.jpg', 'https://img.chrono24.com/images/uhren/36291581-f688hbwux7dfsvn24pre6e02-Zoom.jpg', 'https://img.chrono24.com/images/uhren/36291581-oykptm4xrowtoqu76nlln1hu-Zoom.jpg', 'https://img.chrono24.com/images/uhren/36291581-m10gyjmk7ca4i153yroiga5p-Zoom.jpg', 'https://img.chrono24.com/images/uhren/36291581-9vxenei9v9mviu93ti5o6cjp-Zoom.jpg']"
Zenith Elite,90/01.0040.680 Glass Botton 2000,Zenith,Sin documentos originales,Sin estuche original,2090 €,Elite,"Usado (Muy bueno) El artículo presenta ligeras señales de uso, como unos leves arañazos, pero no son perceptibles.",2000,"['https://img.chrono24.com/images/uhren/36105511-7yoqhdvire2mmpb31uotgam4-Zoom.jpg', 'https://img.chrono24.com/images/uhren/36105511-75imtheo2ffa5qb2kyin5lz6-Zoom.jpg', 'https://img.chrono24.com/images/uhren/36105511-utbd205xte6ilum2lzxat0tb-Zoom.jpg', 'https://img.chrono24.com/images/uhren/36105511-mcv6h4njek4hxvg3qn80rf9n-Zoom.jpg', 'https://img.chrono24.com/images/uhren/36105511-xrhxwzo8ll13np0ieudzh04y-Zoom.jpg', 'https://img.chrono24.com/images/uhren/36105511-pszxr3ydwv4zhkuyb04eqz8x-Zoom.jpg', 'https://img.chrono24.com/images/uhren/36105511-x64b6pglsh331l18wqekrm52-Zoom.jpg', 'https://img.chrono24.com/images/uhren/36105511-g6c74mz60elfreqjmg3rz9qe-Zoom.jpg', 'https://img.chrono24.com/images/uhren/36105511-bs72h3me5jm4xklolitsfods-Zoom.jpg', 'https://img.chrono24.com/images/uhren/36105511-lnpiarmol7gk6zybx1j6wype-Zoom.jpg', 'https://img.chrono24.com/images/uhren/36105511-soq6gmtkf7kq82r74g41ls0j-Zoom.jpg', 'https://img.chrono24.com/images/uhren/36105511-0qdsd6jcs7mx7y3wwbsr6uol-Zoom.jpg', 'https://img.chrono24.com/images/uhren/36105511-qam5ay41no7xaawf9bd67nin-Zoom.jpg']"
Zenith El Primero Chronomaster,Open (Warranty dated in FEB 2021),Zenith,Con documentos originales,Con estuche original,660 000 ¥ (= 4238 €),El Primero Chronomaster,"Usado (Muy bueno) El artículo presenta ligeras señales de uso, como unos leves arañazos, pero no son perceptibles.",No conocido,"['https://img.chrono24.com/images/uhren/38552889-i4ta2dkggup20dodxol4xpt7-Zoom.jpg', 'https://img.chrono24.com/images/uhren/38552889-eac43rezci8va9b5xov3x5qr-Zoom.jpg', 'https://img.chrono24.com/images/uhren/38552889-y7goz0kjhy6fouwtktvuieje-Zoom.jpg', 'https://img.chrono24.com/images/uhren/38552889-xcxnipwgfhr52f8ilb33wktt-Zoom.jpg', 'https://img.chrono24.com/images/uhren/38552889-u25zb4560obmcv5o9m3bstnx-Zoom.jpg', 'https://img.chrono24.com/images/uhren/38552889-z70ldtdis6mp1x5asj3h2ut5-Zoom.jpg', 'https://img.chrono24.com/images/uhren/38552889-1gmiaaai4ub4vvzt1inlfhw8-Zoom.jpg', 'https://img.chrono24.com/images/uhren/38552889-llgyaa4i3dx912ry81srdmg9-Zoom.jpg', 'https://img.chrono24.com/images/uhren/38552889-oqd9doj56w914s7jx5u0tct1-Zoom.jpg', 'https://img.chrono24.com/images/uhren/38552889-5ueah19h3k8kk802v8ckfh11-Zoom.jpg', 'https://img.chrono24.com/images/uhren/38552889-8jant644rz703tpquvtidarp-Zoom.jpg', 'https://img.chrono24.com/images/uhren/38552889-ch8mrfxz2ie6l2q8gwqvvex4-Zoom.jpg', 'https://img.chrono24.com/images/uhren/38552889-yd436l2gimpj8wlk1a3v2mag-Zoom.jpg']"
Zenith Defy,Revival A3691 1970 Defy with Gay Freres type bracelet,Zenith,Sin documentos originales,Sin estuche original,1500 € [Sujeto a negociación],Defy,"Usado (Bueno) El artículo presenta señales visibles y perceptibles de uso, como arañazos, rozaduras o pequeñas abolladuras.",1970 (Año aproximado),"['https://img.chrono24.com/images/uhren/37557766-9xbcighh10860s9p9y416w0o-Zoom.jpg', 'https://img.chrono24.com/images/uhren/37557766-hiip5l6e81x6ckcwj87t23m2-Zoom.jpg', 'https://img.chrono24.com/images/uhren/37557766-kiv0653ff5k2hgfkby7exnc7-Zoom.jpg', 'https://img.chrono24.com/images/uhren/37557766-88txr1hhlm4tjxi480ygjyx0-Zoom.jpg', 'https://img.chrono24.com/images/uhren/37557766-1excaujgmdy3hb77a8on5y9p-Zoom.jpg', 'https://img.chrono24.com/images/uhren/37557766-0y1acvddks7krhw45qjjf5yr-Zoom.jpg', 'https://img.chrono24.com/images/uhren/37557766-ggepgtgazsbt43mvaucdfftx-Zoom.jpg', 'https://img.chrono24.com/images/uhren/37557766-aqjw881yl8pa587lbb32hfl6-Zoom.jpg', 'https://img.chrono24.com/images/uhren/37557766-249j1esupq443tpjybklgixl-Zoom.jpg']"
Zenith Chronomaster Sport,41mm White Dial Stainless Steel Bracelet 03.3100.3600,Zenith,Sin documentos originales,Sin estuche original,6700 $ (= 6218 €) [Sujeto a negociación],Chronomaster Sport,"Usado (Muy bueno) El artículo presenta ligeras señales de uso, como unos leves arañazos, pero no son perceptibles.",No conocido,"['https://img.chrono24.com/images/uhren/39052138-l4cjo31mw4mi3o3qt9vo8z99-Zoom.jpg', 'https://img.chrono24.com/images/uhren/39052138-8n7ri4pcbovj4nuiwyjfsy5d-Zoom.jpg', 'https://img.chrono24.com/images/uhren/39052138-5idstyw86xtyzebqpm4a7q72-Zoom.jpg', 'https://img.chrono24.com/images/uhren/39052138-p9stby35a5qv3cy1cwm2su70-Zoom.jpg', 'https://img.chrono24.com/images/uhren/39052138-mb46rip5dfgdzwsya0zpfvt5-Zoom.jpg', 'https://img.chrono24.com/images/uhren/39052138-7ul37u1xjodg0am5ytoisii5-Zoom.jpg', 'https://img.chrono24.com/images/uhren/39052138-bv03ijtmyn2znk8isq1v4a9x-Zoom.jpg', 'https://img.chrono24.com/images/uhren/39052138-0spjprh2yolkyv2coxu31tq8-Zoom.jpg', 'https://img.chrono24.com/images/uhren/39052138-6psogll20d9c6zf3fe7c462j-Zoom.jpg', 'https://img.chrono24.com/images/uhren/39052138-2n9vtaggykocz3lrmeg876l2-Zoom.jpg', 'https://img.chrono24.com/images/uhren/39052138-1p13lt9kew1v7i7vkdtlfkj4-Zoom.jpg']"
Zenith Elite,Automatico oro,Zenith,Con documentos originales,Con estuche original,5150 € [Sujeto a negociación],Elite,"Usado (Muy bueno) El artículo presenta ligeras señales de uso, como unos leves arañazos, pero no son perceptibles.",No conocido,"['https://img.chrono24.com/images/uhren/39168897-ry9g010br3rrk96yzniop7v1-Zoom.jpg', 'https://img.chrono24.com/images/uhren/39168897-im2fodqb3lcz60845r222drt-Zoom.jpg', 'https://img.chrono24.com/images/uhren/39168897-o2gssrzulgh95jwpyd6p9lk2-Zoom.jpg', 'https://img.chrono24.com/images/uhren/39168897-9qw9mo5boen3xhbwgyirlidh-Zoom.jpg', 'https://img.chrono24.com/images/uhren/39168897-qq6z76lm7hts5pggtw1trzoo-Zoom.jpg', 'https://img.chrono24.com/images/uhren/39168897-eb6thzvpzdyo5c3a7igy8fxl-Zoom.jpg', 'https://img.chrono24.com/images/uhren/39168897-e0kdxhf7o53lf4eypi0uti08-Zoom.jpg', 'https://img.chrono24.com/images/uhren/39168897-dhsvf0waezsmaq16y05cygod-Zoom.jpg', 'https://img.chrono24.com/images/uhren/39168897-ien6jjzdzhxha7ytlnjr7acu-Zoom.jpg', 'https://img.chrono24.com/images/uhren/39168897-6ypb1y1cgmpe70rzh7ehxkcx-Zoom.jpg', 'https://img.chrono24.com/images/uhren/39168897-cwc6ppdyt127rdxcaj0y4nyy-Zoom.jpg', 'https://img.chrono24.com/images/uhren/39168897-bj13p0n32nglryxu4xff6dx1-Zoom.jpg', 'https://img.chrono24.com/images/uhren/39168897-qppom2dtbk6ppccser5sllgi-Zoom.jpg']"
Zenith,SURF Vintage Swiss automatic watch Cal. 2572 PC Ref. 02-0690-380,Zenith,Sin documentos originales,Sin estuche original,1015 €,,"Usado (Bueno) El artículo presenta señales visibles y perceptibles de uso, como arañazos, rozaduras o pequeñas abolladuras.",No conocido,"['https://img.chrono24.com/images/uhren/38134364-qfr04ko997nknhab7di4nqm7-Zoom.jpg', 'https://img.chrono24.com/images/uhren/38134364-luhq5p74kxpsoayli81oq9an-Zoom.jpg', 'https://img.chrono24.com/images/uhren/38134364-dkirgt8210xgammi1ekshnn3-Zoom.jpg', 'https://img.chrono24.com/images/uhren/38134364-zerbdipwueen3nu2ap1mpnpj-Zoom.jpg', 'https://img.chrono24.com/images/uhren/38134364-k39ndqx5dl6dkixdvwxxt3p5-Zoom.jpg', 'https://img.chrono24.com/images/uhren/38134364-buq90eyajjqwehoajz76ejid-Zoom.jpg', 'https://img.chrono24.com/images/uhren/38134364-q5q5f1g0c70plleq6svclpf3-Zoom.jpg', 'https://img.chrono24.com/images/uhren/38134364-x3k4qgwfnmd4vmv6fayzql6o-Zoom.jpg', 'https://img.chrono24.com/images/uhren/38134364-grx52fpjnzy551h9s9pm0sqr-Zoom.jpg', 'https://img.chrono24.com/images/uhren/38134364-j7ks5juurrzcmekz6oemj8he-Zoom.jpg', 'https://img.chrono24.com/images/uhren/38134364-dyj4tp345ncepoxwsm8ar1i9-Zoom.jpg', 'https://img.chrono24.com/images/uhren/38134364-f0wfzkbwsi4068kqwij5eb6l-Zoom.jpg', 'https://img.chrono24.com/images/uhren/38134364-8jm9bv8lmt2pfc2ij9akif7z-Zoom.jpg', 'https://img.chrono24.com/images/uhren/38134364-gz4gdiszkej5cr4rw4gjp9op-Zoom.jpg', 'https://img.chrono24.com/images/uhren/38134364-zdcoa8x5q12j5jc83l0nyp1f-Zoom.jpg', 'https://img.chrono24.com/images/uhren/38134364-d0m21s95wl096nm3yfxa2l2y-Zoom.jpg']"
Zenith Defy Skyline,CHRONOGRAPH SKELETON,Zenith,Con documentos originales,Con estuche original,11 900 €,Defy Skyline,Nuevo El artículo es nuevo y no presenta señales de uso. El periodo de garantía comienza a partir de la compra del reloj.,2025,"['https://img.chrono24.com/images/uhren/39805967-7qat8bjhbhvrkao2z58bf5i8-Zoom.jpg', 'https://img.chrono24.com/images/uhren/39805967-b0sfw81ei5ajktpi3xtr6k9q-Zoom.jpg']"
Zenith,Mans Wristwatch,Zenith,Sin documentos originales,Sin estuche original,890 €,,"Usado (Bueno) El artículo presenta señales visibles y perceptibles de uso, como arañazos, rozaduras o pequeñas abolladuras.",No conocido,"['', '', 'https://img.chrono24.com/images/uhren/33097343-433g3dqj5lumrsmh2u83ot4k-Zoom.jpg', 'https://img.chrono24.com/images/uhren/33097343-433g3dqj5lumrsmh2u83ot4k-Zoom.jpg', 'https://img.chrono24.com/images/uhren/33097343-433g3dqj5lumrsmh2u83ot4k-Zoom.jpg', 'https://img.chrono24.com/images/uhren/33097343-433g3dqj5lumrsmh2u83ot4k-Zoom.jpg', 'https://img.chrono24.com/images/uhren/33097343-433g3dqj5lumrsmh2u83ot4k-Zoom.jpg', 'https://img.chrono24.com/images/uhren/33097343-433g3dqj5lumrsmh2u83ot4k-Zoom.jpg', 'https://img.chrono24.com/images/uhren/33097343-433g3dqj5lumrsmh2u83ot4k-Zoom.jpg', 'https://img.chrono24.com/images/uhren/33097343-433g3dqj5lumrsmh2u83ot4k-Zoom.jpg', 'https://img.chrono24.com/images/uhren/33097343-433g3dqj5lumrsmh2u83ot4k-Zoom.jpg', 'https://img.chrono24.com/images/uhren/33097343-433g3dqj5lumrsmh2u83ot4k-Zoom.jpg', 'https://img.chrono24.com/images/uhren/33097343-433g3dqj5lumrsmh2u83ot4k-Zoom.jpg']"
Zenith El Primero Chronomaster,revival,Zenith,Con documentos originales,Con estuche original,6200 €,El Primero Chronomaster,"Como nuevo y sin estrenar El artículo no presenta señales de uso, como arañazos o abolladuras, y está sin estrenar. El artículo no ha sido pulido.",2023,"['', '', '']"
Zenith Defy Skyline,03.9300.3620/01.I001 Automático 2023 Acero Muy bueno,Zenith,Con documentos originales,Con estuche original,720 800 ¥ (= 4629 €),Defy Skyline,"Usado (Muy bueno) El artículo presenta ligeras señales de uso, como unos leves arañazos, pero no son perceptibles.",2023,"['', '', '', '', '', '']"
Zenith Defy Skyline,Full Set unworn ((GARANTIE: bis 04.10.2027)),Zenith,Con documentos originales,Con estuche original,6999 € [Sujeto a negociación],Defy Skyline,"Como nuevo y sin estrenar El artículo no presenta señales de uso, como arañazos o abolladuras, y está sin estrenar. El artículo no ha sido pulido.",2022,"['https://img.chrono24.com/images/uhren/38493321-wbjaqmui72nh2i368fdzmx49-Zoom.jpg', 'https://img.chrono24.com/images/uhren/38493321-l4txp1bhiybr3t35jxz9pz7t-Zoom.jpg', 'https://img.chrono24.com/images/uhren/38493321-e89g2e4lmzgi4wfv7ifd14g3-Zoom.jpg', 'https://img.chrono24.com/images/uhren/38493321-hq0y9euppu6xeymbqfis98im-Zoom.jpg', 'https://img.chrono24.com/images/uhren/38493321-gl97z3oiijy0zpwhkc9owapk-Zoom.jpg', 'https://img.chrono24.com/images/uhren/38493321-up909eq36gvpzmodylsq9pbx-Zoom.jpg', 'https://img.chrono24.com/images/uhren/38493321-ep24g39a6rtrh8gswc6r3ojt-Zoom.jpg']"
Zenith Pilot Type 20 Extra Special,Con caja y papeles incluida la certificación de Chrono24.,Zenith,Con documentos originales,Con estuche original,3490 € [Sujeto a negociación],Pilot Type 20 Extra Special,"Usado (Muy bueno) El artículo presenta ligeras señales de uso, como unos leves arañazos, pero no son perceptibles.",2014 (Año aproximado),"['https://img.chrono24.com/images/uhren/35701559-exx4gutlntsnwrlnq30f1pfj-Zoom.jpg', 'https://img.chrono24.com/images/uhren/35701559-ecto1q90kz1n2btj7orzrww9-Zoom.jpg', 'https://img.chrono24.com/images/uhren/35701559-ty5wymfm54jet4a3vturvezn-Zoom.jpg', 'https://img.chrono24.com/images/uhren/35701559-ab8777lluczriyaykbfrwtkq-Zoom.jpg', 'https://img.chrono24.com/images/uhren/35701559-j624r2c3bg9scwd8axy36g33-Zoom.jpg', 'https://img.chrono24.com/images/uhren/35701559-3zjuy3mwt8nui004gd6frdvo-Zoom.jpg', 'https://img.chrono24.com/images/uhren/35701559-nxjfmjwre3bkasu31xu5rvup-Zoom.jpg', 'https://img.chrono24.com/images/uhren/35701559-wd2qvqa5fy2ph3ru7uovir9j-Zoom.jpg', 'https://img.chrono24.com/images/uhren/35701559-onpshffsx6p2wygwe2drj2zf-Zoom.jpg', 'https://img.chrono24.com/images/uhren/35701559-rgb1flwdhfhl4v0zuzhlkwcr-Zoom.jpg', 'https://img.chrono24.com/images/uhren/35701559-kp18r9dj6nhx6c4x58chnnis-Zoom.jpg', 'https://img.chrono24.com/images/uhren/35701559-c2wgtlmr45mo8zea8let9jzy-Zoom.jpg', 'https://img.chrono24.com/images/uhren/35701559-kk5374t6cdlrq2zxue5tof32-Zoom.jpg', 'https://img.chrono24.com/images/uhren/35701559-qqbvrb4pomptz5izg38xonmq-Zoom.jpg', 'https://img.chrono24.com/images/uhren/35701559-ik05zwnzgcii9l82u1pqdra4-Zoom.jpg', 'https://img.chrono24.com/images/uhren/35701559-q6d7rkg6ctvmvi5tv6d0aklh-Zoom.jpg', 'https://img.chrono24.com/images/uhren/35701559-pdvhzahtjdk81bn0ofwibnwl-Zoom.jpg', 'https://img.chrono24.com/images/uhren/35701559-vgfc4cdi9dl8kpg25nmfk0uu-Zoom.jpg']"
Zenith El Primero 36'000 VpH,03.2040.400,Zenith,Sin documentos originales,Sin estuche original,3900 € [Sujeto a negociación],El Primero 36'000 VpH,"Usado (Muy bueno) El artículo presenta ligeras señales de uso, como unos leves arañazos, pero no son perceptibles.",No conocido,"['https://img.chrono24.com/images/uhren/36157545-al4ylzostxmmx9f1zf1jgdcc-Zoom.jpg', 'https://img.chrono24.com/images/uhren/36157545-q36yzhr7fbvi0dt4zuz010ys-Zoom.jpg', 'https://img.chrono24.com/images/uhren/36157545-4xoe237hzz0hesb2ej9fgkye-Zoom.jpg', 'https://img.chrono24.com/images/uhren/36157545-ox67rlgn23p1dnxgz4pfsqbc-Zoom.jpg', 'https://img.chrono24.com/images/uhren/36157545-cl74otktbma2h3ihew7t1lov-Zoom.jpg', 'https://img.chrono24.com/images/uhren/36157545-hqx1aout2lpy1s62o92w7ic0-Zoom.jpg', 'https://img.chrono24.com/images/uhren/36157545-tcf4h88n9afucv80j2x1cto8-Zoom.jpg', 'https://img.chrono24.com/images/uhren/36157545-4lvly3nis169t8sjhjh35orq-Zoom.jpg', 'https://img.chrono24.com/images/uhren/36157545-wkbe5m05vh3qnfew71583xrv-Zoom.jpg', 'https://img.chrono24.com/images/uhren/36157545-4mf87spdhp61q07r90379btm-Zoom.jpg', 'https://img.chrono24.com/images/uhren/36157545-619gkh6apk6lhz32mb01of3h-Zoom.jpg', 'https://img.chrono24.com/images/uhren/36157545-xb3d9v5vymtj4zej8dvkuemk-Zoom.jpg', 'https://img.chrono24.com/images/uhren/36157545-e1oqtwjyjrc7jz830y10xhvw-Zoom.jpg', 'https://img.chrono24.com/images/uhren/36157545-nfppcv8s5u5q7p8lmmk3mdox-Zoom.jpg', 'https://img.chrono24.com/images/uhren/36157545-gih3ldras2jmuxgd3y0caxzb-Zoom.jpg', 'https://img.chrono24.com/images/uhren/36157545-irwn8uyb5upp7wu57kvw50sx-Zoom.jpg']"
Audemars Piguet Royal Oak Lady,stunning condition-never polish-26mm,Audemars Piguet,Sin documentos originales,Sin estuche original,10 000 €,Royal Oak Lady,"Usado (Muy bueno) El artículo presenta ligeras señales de uso, como unos leves arañazos, pero no son perceptibles.",No conocido,"['https://img.chrono24.com/images/uhren/25635353-ixtbloksl3zm01xqpoki1vhv-Zoom.jpg', 'https://img.chrono24.com/images/uhren/25635353-v5gl0l70z8bfxe44n07nb9ni-Zoom.jpg', 'https://img.chrono24.com/images/uhren/25635353-fro0fwjw5twqm0rdvzrfni3i-Zoom.jpg']"
Audemars Piguet Royal Oak Selfwinding,15450ST.OO.1256ST.03,Audemars Piguet,Con documentos originales,Con estuche original,34 500 €,Royal Oak Selfwinding,"Usado (Muy bueno) El artículo presenta ligeras señales de uso, como unos leves arañazos, pero no son perceptibles.",2020 (Año aproximado),"['https://img.chrono24.com/images/uhren/39499561-x2pjsjig0uhytmfj3r7tbah7-Zoom.jpg', 'https://img.chrono24.com/images/uhren/39499561-0zlpjjyhtaq8ruegp2dqyaru-Zoom.jpg', 'https://img.chrono24.com/images/uhren/39499561-41ya86atiup6sdr8jcwxrlpt-Zoom.jpg', 'https://img.chrono24.com/images/uhren/39499561-p9gec4agp6rwmo0irouzabel-Zoom.jpg', 'https://img.chrono24.com/images/uhren/39499561-qt6o41mtjopkf707comhq0v5-Zoom.jpg', 'https://img.chrono24.com/images/uhren/39499561-q0mfjiu0lay1ws66dn6ck6o0-Zoom.jpg', 'https://img.chrono24.com/images/uhren/39499561-70yqmkuxfgpru6xockyt4i3w-Zoom.jpg', 'https://img.chrono24.com/images/uhren/39499561-0fwg19fyzkfjhfqznltwxquu-Zoom.jpg', 'https://img.chrono24.com/images/uhren/39499561-sbrriikpi76bnna89m1l11br-Zoom.jpg', 'https://img.chrono24.com/images/uhren/39499561-tjcer3jic7i8aj3w2sq70nwj-Zoom.jpg', 'https://img.chrono24.com/images/uhren/39499561-1fxnmj8m7w2zv4bf0qez7vm2-Zoom.jpg', 'https://img.chrono24.com/images/uhren/39499561-gaf8h149rlbnz0g9aj99mwsp-Zoom.jpg', 'https://img.chrono24.com/images/uhren/39499561-3r2r7fju18q6xfam25865xpk-Zoom.jpg', 'https://img.chrono24.com/images/uhren/39499561-8zpxegbfb2p55yeg3eq9x9o0-Zoom.jpg', 'https://img.chrono24.com/images/uhren/39499561-o7jxaxd0schu354bd2ucqkfn-Zoom.jpg']"
Audemars Piguet Royal Oak Selfwinding,15300ST.OO.1220ST.01,Audemars Piguet,Sin documentos originales,Con estuche original,29 900 €,Royal Oak Selfwinding,"Usado (Muy bueno) El artículo presenta ligeras señales de uso, como unos leves arañazos, pero no son perceptibles.",2010 (Año aproximado),"['https://img.chrono24.com/images/uhren/j28os9oy8pip-gkt2fj266pbvpu0s6x2e9pk9-Zoom.jpg', 'https://img.chrono24.com/images/uhren/fa01yv7mj8oo-84n8drh0eantki9opmir2lhb-Zoom.jpg', 'https://img.chrono24.com/images/uhren/du2xsi62qrbr-y6ajoj70mdqf9o1880sna4ro-Zoom.jpg', 'https://img.chrono24.com/images/uhren/c8yp0iduo7zg-xaiw8e5g0krxmfvsixbju5q4-Zoom.jpg', 'https://img.chrono24.com/images/uhren/w788brfjhhxs-nd5ens32iq3693m0x62aqpal-Zoom.jpg', 'https://img.chrono24.com/images/uhren/w82iiruyp75c-zhuf15sijpyjktxn9dbzzf6p-Zoom.jpg', 'https://img.chrono24.com/images/uhren/in38ccla5xal-l7m8co9j2mfpp52ib7ca6u3y-Zoom.jpg', 'https://img.chrono24.com/images/uhren/siplmzhtuqll-if6845zxnl8iw00x0lqlwv6w-Zoom.jpg']"
Audemars Piguet Royal Oak Perpetual Calendar,Skeleton Platino,Audemars Piguet,Sin documentos originales,Con estuche original,290 000 €,Royal Oak Perpetual Calendar,"Usado (Muy bueno) El artículo presenta ligeras señales de uso, como unos leves arañazos, pero no son perceptibles.",2015,"['https://img.chrono24.com/images/uhren/37069905-zflkrt29oiemqq1c7d3r1ag7-Zoom.jpg', 'https://img.chrono24.com/images/uhren/37069905-bxdahdjm1kxj8930big0mvzb-Zoom.jpg', 'https://img.chrono24.com/images/uhren/37069905-xmhemnng100vh9peuotxsuv5-Zoom.jpg', 'https://img.chrono24.com/images/uhren/37069905-udq3p2fc8pif7hbanrxwbs8s-Zoom.jpg', 'https://img.chrono24.com/images/uhren/37069905-ggre9s3ukytcc52bqhaysreo-Zoom.jpg', 'https://img.chrono24.com/images/uhren/37069905-1sh1n53kwbxzahuzrrj6cagd-Zoom.jpg']"
Audemars Piguet Royal Oak Lady,26 Quartz,Audemars Piguet,Sin documentos originales,Sin estuche original,7995 €,Royal Oak Lady,"Usado (Muy bueno) El artículo presenta ligeras señales de uso, como unos leves arañazos, pero no son perceptibles.",1995 (Año aproximado),"['https://img.chrono24.com/images/uhren/38653237-5ey5tlsijiu5m0gfpj08fr6y-Zoom.jpg', 'https://img.chrono24.com/images/uhren/38653237-tg129qdrnh719j1gscp8zx7a-Zoom.jpg', 'https://img.chrono24.com/images/uhren/38653237-nk8kzjit8rmomgrp1nhva1wf-Zoom.jpg', 'https://img.chrono24.com/images/uhren/38653237-r06l6xdma6qweuumu37qusfb-Zoom.jpg', 'https://img.chrono24.com/images/uhren/38653237-c43e6hykup003adgmh3kf59v-Zoom.jpg', 'https://img.chrono24.com/images/uhren/38653237-yxr15o7rnhj18ekz3exhp68m-Zoom.jpg', 'https://img.chrono24.com/images/uhren/38653237-xsf90mhkkkliez1jfbb4gt1q-Zoom.jpg', 'https://img.chrono24.com/images/uhren/38653237-a8z7wrdxlmmv0hwayqb7jthv-Zoom.jpg', 'https://img.chrono24.com/images/uhren/38653237-6ep2ol80klwdve5e9e59z41g-Zoom.jpg', 'https://img.chrono24.com/images/uhren/38653237-x6m3jwp1c8t9uqdaeupx1zc4-Zoom.jpg', 'https://img.chrono24.com/images/uhren/38653237-fqkufbb1xcnwul9hro7vlrs8-Zoom.jpg', 'https://img.chrono24.com/images/uhren/38653237-zo5tki2bd6sth7hlcdks8tn4-Zoom.jpg', 'https://img.chrono24.com/images/uhren/38653237-6lbd2vrtrr4jl4dcp7k1ho30-Zoom.jpg', 'https://img.chrono24.com/images/uhren/38653237-rnc3qs4q9amnp3fh5c55d9ep-Zoom.jpg', 'https://img.chrono24.com/images/uhren/38653237-xdww7i27xja52r67lje6antk-Zoom.jpg', 'https://img.chrono24.com/images/uhren/38653237-vh07o30qjdog0rd9o06vs7z4-Zoom.jpg']"
Audemars Piguet Quantieme Perpetual Calendar,Chronograph full set,Audemars Piguet,Con documentos originales,Con estuche original,36 500 € [Sujeto a negociación],Quantieme Perpetual Calendar,"Usado (Muy bueno) El artículo presenta ligeras señales de uso, como unos leves arañazos, pero no son perceptibles.",1992,"['https://img.chrono24.com/images/uhren/36133989-c9eipkd07u2trdow7ahj2bi2-Zoom.jpg', 'https://img.chrono24.com/images/uhren/36133989-bacwx31nqldo21r8t7bqefte-Zoom.jpg', 'https://img.chrono24.com/images/uhren/36133989-oygsu5c6c1e9y39gw1op0g48-Zoom.jpg', 'https://img.chrono24.com/images/uhren/36133989-bk96p8q5ulzxtlh28h6blqoc-Zoom.jpg', 'https://img.chrono24.com/images/uhren/36133989-38pd2lywm9o644sn89233st9-Zoom.jpg', 'https://img.chrono24.com/images/uhren/36133989-c3p0q0s90kmo5127jt0yrknv-Zoom.jpg', 'https://img.chrono24.com/images/uhren/36133989-zhv7kjw2kwtgc1oholple1n4-Zoom.jpg', 'https://img.chrono24.com/images/uhren/36133989-ib5b93eam05ix0s95f7i6hpd-Zoom.jpg', 'https://img.chrono24.com/images/uhren/36133989-aokp3xiq1l81b0s670vvda4z-Zoom.jpg', 'https://img.chrono24.com/images/uhren/36133989-y0k4syapishfvue7gn6oer5f-Zoom.jpg', 'https://img.chrono24.com/images/uhren/36133989-jnu0xb64dw0aabwmrsnt66qn-Zoom.jpg', 'https://img.chrono24.com/images/uhren/36133989-wmg62je51gg63e9wnibcw5ph-Zoom.jpg', 'https://img.chrono24.com/images/uhren/36133989-80z8nbtsqdfef50tdtafty8c-Zoom.jpg', 'https://img.chrono24.com/images/uhren/36133989-jt2e7vjntgf2bp1rij3chqsq-Zoom.jpg', 'https://img.chrono24.com/images/uhren/36133989-sa7szjg58a933v5rdl6noiej-Zoom.jpg', 'https://img.chrono24.com/images/uhren/36133989-n9ykoewjtvty6iey70ezkryv-Zoom.jpg', 'https://img.chrono24.com/images/uhren/36133989-3rifa51k9gp0rbrtsgdqngus-Zoom.jpg']"
Audemars Piguet Royal Oak,ultra thin 56175ST watch only,Audemars Piguet,Sin documentos originales,Sin estuche original,20 288 S$ (= 13 972 €),Royal Oak,"Usado (Bueno) El artículo presenta señales visibles y perceptibles de uso, como arañazos, rozaduras o pequeñas abolladuras.",1980 (Año aproximado),"['https://img.chrono24.com/images/uhren/38650156-677d318o51xz9io6i04ge9ti-Zoom.jpg', 'https://img.chrono24.com/images/uhren/38650156-4x0c6h3v3irol46dmb1xypve-Zoom.jpg', 'https://img.chrono24.com/images/uhren/38650156-xdf3d3rjq87suo9n1zqnue5n-Zoom.jpg', 'https://img.chrono24.com/images/uhren/38650156-caul5dta4p0ld7xg9hjmvmgc-Zoom.jpg', 'https://img.chrono24.com/images/uhren/38650156-3d0t0pkz92adfoq5l1qve2km-Zoom.jpg', 'https://img.chrono24.com/images/uhren/38650156-5ylo1825xqgl89w3e6kyng7x-Zoom.jpg', 'https://img.chrono24.com/images/uhren/38650156-3420ntz5chx61nuf3kl68o57-Zoom.jpg', 'https://img.chrono24.com/images/uhren/38650156-mls9atb3l14ay7v5ldgdjyg8-Zoom.jpg', 'https://img.chrono24.com/images/uhren/38650156-kj2lp6xh1gs7zskfpxgni39l-Zoom.jpg']"
Audemars Piguet Royal Oak,Championship édition numérotée réalisée dans un matériau rare: tantale,Audemars Piguet,Sin documentos originales,Sin estuche original,15 726 € [Sujeto a negociación],Royal Oak,"Usado (Bueno) El artículo presenta señales visibles y perceptibles de uso, como arañazos, rozaduras o pequeñas abolladuras.",1990 (Año aproximado),"['https://img.chrono24.com/images/uhren/38700726-4p4znihex3egi3ckekgvrtat-Zoom.jpg', 'https://img.chrono24.com/images/uhren/38700726-vcaar756jwhe5gdsmjxyp3ga-Zoom.jpg', 'https://img.chrono24.com/images/uhren/38700726-zce41zigk6dcfl7ssav5ot48-Zoom.jpg', 'https://img.chrono24.com/images/uhren/38700726-yfbsoai1vx7tynnicpxqdsex-Zoom.jpg', 'https://img.chrono24.com/images/uhren/38700726-ndm2dnxup8c0ghgdh4vc3efw-Zoom.jpg', 'https://img.chrono24.com/images/uhren/38700726-0bqybsxp3fpaz7fzoe75d8g4-Zoom.jpg', 'https://img.chrono24.com/images/uhren/38700726-75kmgx5v2es4fxv1f8a9ocl2-Zoom.jpg']"
Audemars Piguet Royal Oak Selfwinding,FULL SET | Black Dial | AP Service/2022 | Top Condition,Audemars Piguet,Con documentos originales,Con estuche original,34 200 € [Sujeto a negociación],Royal Oak Selfwinding,"Usado (Muy bueno) El artículo presenta ligeras señales de uso, como unos leves arañazos, pero no son perceptibles.",2015,"['https://img.chrono24.com/images/uhren/9ue5s9w7wfvg-axcshnvxqxmls1lcnlgr7jkg-Zoom.jpg', 'https://img.chrono24.com/images/uhren/zgs75akyksbm-c11kjt6k6m0ep8tez9v4sahc-Zoom.jpg', 'https://img.chrono24.com/images/uhren/38e1qb9o8rub-bl1h90ffx9c84o6lmn07ft2c-Zoom.jpg', 'https://img.chrono24.com/images/uhren/sfqkd80ggpb2-bh59juv5tufob5yd1rz3fubc-Zoom.jpg', 'https://img.chrono24.com/images/uhren/688vkk2v4rdv-9uk26hgd1p34j4d5omlkzi5u-Zoom.jpg', 'https://img.chrono24.com/images/uhren/tka6sarlfqmb-oqbxqh6wvfbdrvrxllgx424q-Zoom.jpg', 'https://img.chrono24.com/images/uhren/rf4gw3jmwopg-smbwepic41bpnlth8yhf52jx-Zoom.jpg', 'https://img.chrono24.com/images/uhren/88bdrltl04dl-l2nok2pyaym8bak7elpcq1b6-Zoom.jpg', 'https://img.chrono24.com/images/uhren/azxuqeuhlpun-n7p3e65m828yp3azdtf0a9hq-Zoom.jpg']"
Audemars Piguet Royal Oak Jumbo,15202BA.OO.1240BA.02.A,Audemars Piguet,Sin documentos originales,Con estuche original,78 000 €,Royal Oak Jumbo,"Usado (Muy bueno) El artículo presenta ligeras señales de uso, como unos leves arañazos, pero no son perceptibles.",2017,"['https://img.chrono24.com/images/uhren/38897055-hp4muk1r33uv5j8e496xu4mg-Zoom.jpg', 'https://img.chrono24.com/images/uhren/38897055-kktouweikawawd4anhhhlxub-Zoom.jpg', 'https://img.chrono24.com/images/uhren/38897055-dz1i1nhn6di3ws02wcdiv37l-Zoom.jpg', 'https://img.chrono24.com/images/uhren/38897055-3rpwnivtwgww1rw4zamfip0g-Zoom.jpg', 'https://img.chrono24.com/images/uhren/38897055-b201evbcno9xqf1kpjkhpmjq-Zoom.jpg']"
Audemars Piguet Royal Oak Selfwinding,JUMBO-39mm-BLUE DIAL-EXTRACT AP.,Audemars Piguet,Sin documentos originales,Sin estuche original,40 000 €,Royal Oak Selfwinding,"Usado (Muy bueno) El artículo presenta ligeras señales de uso, como unos leves arañazos, pero no son perceptibles.",No conocido,"['https://img.chrono24.com/images/uhren/qt31uqzvq7ub-eqa2mxwzhnr4ywkx47npal6b-Zoom.jpg', 'https://img.chrono24.com/images/uhren/35189377-iqp2bp96lhqv2e9s0nhbra74-Zoom.jpg', 'https://img.chrono24.com/images/uhren/35189377-g5b4ejtc78qyqrja820qmxzs-Zoom.jpg', 'https://img.chrono24.com/images/uhren/35189377-qdms68zb2nmruc4dx4yc82oc-Zoom.jpg', 'https://img.chrono24.com/images/uhren/qu9py2nscruh-n22n6f8f1hmh9khg1t16e89b-Zoom.jpg', 'https://img.chrono24.com/images/uhren/fk7fsbv0rgt9-ff2u10of53up58qiu7dss0jb-Zoom.jpg']"
Audemars Piguet Royal Oak,Automatic Ref.14470ST,Audemars Piguet,Con documentos originales,Sin estuche original,15 890 € [Sujeto a negociación],Royal Oak,"Usado (Muy bueno) El artículo presenta ligeras señales de uso, como unos leves arañazos, pero no son perceptibles.",1996,"['https://img.chrono24.com/images/uhren/33129837-lco1gsi6pj37tz8n3tepk5p7-Zoom.jpg', 'https://img.chrono24.com/images/uhren/33129837-po9pryjc9o41h1wwfrf3umse-Zoom.jpg', 'https://img.chrono24.com/images/uhren/33129837-hjvhsfsmtpx9w8drmp4y7o90-Zoom.jpg', 'https://img.chrono24.com/images/uhren/33129837-3onssm8qs09ggwos6c6yj159-Zoom.jpg', 'https://img.chrono24.com/images/uhren/33129837-kzj637pt4zeq84oafmjqu33z-Zoom.jpg', 'https://img.chrono24.com/images/uhren/33129837-ds55zl68rkvqk4w1qbhb2akk-Zoom.jpg', 'https://img.chrono24.com/images/uhren/33129837-s327oh6hcpmnt55jjac8ck98-Zoom.jpg', 'https://img.chrono24.com/images/uhren/33129837-su1sca5m2kdderxis4teigse-Zoom.jpg', 'https://img.chrono24.com/images/uhren/33129837-y5nid41cczas9dow8hvzi286-Zoom.jpg', 'https://img.chrono24.com/images/uhren/33129837-bbzgow9iw8290hag2lyzlzmg-Zoom.jpg', 'https://img.chrono24.com/images/uhren/33129837-54s4udsx0ja6yoqh6nfitggv-Zoom.jpg', 'https://img.chrono24.com/images/uhren/33129837-rid321kzo91ortx1fyc426bq-Zoom.jpg', 'https://img.chrono24.com/images/uhren/33129837-s6ksloqf0iiba2w0j4hn112g-Zoom.jpg']"
Audemars Piguet Royal Oak Chronograph,25860ST.OO.1110ST.03,Audemars Piguet,Sin documentos originales,Sin estuche original,26 500 €,Royal Oak Chronograph,"Usado (Muy bueno) El artículo presenta ligeras señales de uso, como unos leves arañazos, pero no son perceptibles.",1998,"['https://img.chrono24.com/images/uhren/39786386-lz33xsd3ysp60j2k30oiuc2v-Zoom.jpg', 'https://img.chrono24.com/images/uhren/39786386-0ujqimsve3r0s7bxvjg62n3g-Zoom.jpg', 'https://img.chrono24.com/images/uhren/39786386-8qrv6yyfezq7rl313x0w0w31-Zoom.jpg', 'https://img.chrono24.com/images/uhren/39786386-tllanmk3gfxxjwhxxcnjrfg8-Zoom.jpg', 'https://img.chrono24.com/images/uhren/39786386-3i0ha7top10igs92an101y84-Zoom.jpg', 'https://img.chrono24.com/images/uhren/39786386-8ila1mos74kmeh9hot4twbyd-Zoom.jpg', 'https://img.chrono24.com/images/uhren/39786386-uhcodl3klshbr4i0zn3674wd-Zoom.jpg', 'https://img.chrono24.com/images/uhren/39786386-j3lkavdlquxujx19k8asis46-Zoom.jpg', 'https://img.chrono24.com/images/uhren/39786386-tavfm15fiwpwsty70sjrjtvm-Zoom.jpg', 'https://img.chrono24.com/images/uhren/39786386-vzn6icdbvy4qt04bfgvc07hp-Zoom.jpg', 'https://img.chrono24.com/images/uhren/39786386-x4niudamq0sdblyyzdx3pv8j-Zoom.jpg', 'https://img.chrono24.com/images/uhren/39786386-q55txulca5m43s6kx2bny63v-Zoom.jpg', 'https://img.chrono24.com/images/uhren/39786386-txutdld6j194aofzcpwjw4rp-Zoom.jpg', 'https://img.chrono24.com/images/uhren/39786386-xzv1fv682d8aw4y34weov5v0-Zoom.jpg', 'https://img.chrono24.com/images/uhren/39786386-65wkq01t2104s3m6f157ydgj-Zoom.jpg']"
Audemars Piguet Royal Oak Offshore Diver,42 Diver Black 15703ST like NEW 2010 Full Set Service 2025,Audemars Piguet,Con documentos originales,Con estuche original,16 999 €,Royal Oak Offshore Diver,"Usado (Muy bueno) El artículo presenta ligeras señales de uso, como unos leves arañazos, pero no son perceptibles.",2010,"['https://img.chrono24.com/images/uhren/39549816-b7ssbejwtunoc70g0z7x4q4i-Zoom.jpg', 'https://img.chrono24.com/images/uhren/39549816-cg5flzoompfnousbhbys22mm-Zoom.jpg', 'https://img.chrono24.com/images/uhren/39549816-sc72xmx3zm4yhv3l3yz9l3gs-Zoom.jpg', 'https://img.chrono24.com/images/uhren/39549816-2fn2276s158b3qz3jllndfh4-Zoom.jpg', 'https://img.chrono24.com/images/uhren/39549816-rbl1n6hr1a3kr1jfkji4n0gv-Zoom.jpg', 'https://img.chrono24.com/images/uhren/39549816-m6r49n2tr5ikjh4i4eu94fe9-Zoom.jpg', 'https://img.chrono24.com/images/uhren/39549816-7fgow9cnet81kvh58zkwgmxh-Zoom.jpg', 'https://img.chrono24.com/images/uhren/39549816-8y5iachz98w0jt1azm806nb2-Zoom.jpg', 'https://img.chrono24.com/images/uhren/39549816-jy2bju9f15i16tq20uq5h0c3-Zoom.jpg', 'https://img.chrono24.com/images/uhren/39549816-sv2aaz8c7idpc1pp2ij9iduq-Zoom.jpg']"
Audemars Piguet,Ultra Thin,Audemars Piguet,Sin documentos originales,Sin estuche original,2200 € [Sujeto a negociación],,"Usado (Bueno) El artículo presenta señales visibles y perceptibles de uso, como arañazos, rozaduras o pequeñas abolladuras.",1990 (Año aproximado),"['https://img.chrono24.com/images/uhren/cljwbcs4dla4-i04u2tk73q2fkpn3tu1w1ctg-Zoom.jpg', 'https://img.chrono24.com/images/uhren/38422259-nw3i1h3r5wrtgk0enayikgj6-Zoom.jpg', 'https://img.chrono24.com/images/uhren/38422259-cro3vuky1j55g03w6alwjf88-Zoom.jpg', 'https://img.chrono24.com/images/uhren/zff3gf8fpt4y-l24krsgj4j6sz0b3j8g6cubc-Zoom.jpg', 'https://img.chrono24.com/images/uhren/1kxvx3a8bhaa-8j6tx1579epmq3qxy6s5mxz8-Zoom.jpg', 'https://img.chrono24.com/images/uhren/3575g8sh6vow-db07mpftwr7r9z5rc73prqdl-Zoom.jpg', 'https://img.chrono24.com/images/uhren/bimtedpmp8hw-1bzmt0zhj1bvm7xgm9dm1cdz-Zoom.jpg', 'https://img.chrono24.com/images/uhren/6llrizjpxnkk-phgu6e9kv4axrehwn102ddtr-Zoom.jpg', 'https://img.chrono24.com/images/uhren/gvbph1ckaqb6-8rf4optondemyy7c1afm2x4x-Zoom.jpg', 'https://img.chrono24.com/images/uhren/4hv46fdv2bia-rxzl7rylp3oizttdq7ft0mm3-Zoom.jpg', 'https://img.chrono24.com/images/uhren/5j9thrzdlzn9-8bs23bnrqekzbsv8wiopr0ww-Zoom.jpg', 'https://img.chrono24.com/images/uhren/mp2ulhv67naq-twbrrmz3qfgroayx7v7iay8g-Zoom.jpg', 'https://img.chrono24.com/images/uhren/60goz1i1idgn-p5po3w3q1k9idfjrevs5nwkn-Zoom.jpg']"
Audemars Piguet Royal Oak,6008BA,Audemars Piguet,Sin documentos originales,Con estuche original,16 900 €,Royal Oak,"Usado (Bueno) El artículo presenta señales visibles y perceptibles de uso, como arañazos, rozaduras o pequeñas abolladuras.",No conocido,"['https://img.chrono24.com/images/uhren/33697935-xqfjsjlyrm04yg5duci5ygq4-Zoom.jpg', 'https://img.chrono24.com/images/uhren/33697935-4qd4skipnfq59yn0owtete2k-Zoom.jpg', 'https://img.chrono24.com/images/uhren/33697935-mmcqgk0pptpx3drrxi7pczmo-Zoom.jpg', 'https://img.chrono24.com/images/uhren/33697935-xpm4u293ldxbrhv8erjqt68p-Zoom.jpg', 'https://img.chrono24.com/images/uhren/33697935-4p5vrcpd5pbihz81c8igebhy-Zoom.jpg', 'https://img.chrono24.com/images/uhren/33697935-4ohfiunbva2h531czdzunbe4-Zoom.jpg', 'https://img.chrono24.com/images/uhren/33697935-qiaeff3dps3x2ixy2cnn95k0-Zoom.jpg', 'https://img.chrono24.com/images/uhren/33697935-3asms4n4vo18nyi0wvlknl21-Zoom.jpg']"
Audemars Piguet Royal Oak Double Balance Wheel Openworked,Unworn 2023 Double Balance Wheel Open Worked Rose Gold,Audemars Piguet,Con documentos originales,Con estuche original,199 000 $ (= 184 676 €),Royal Oak Double Balance Wheel Openworked,"Como nuevo y sin estrenar El artículo no presenta señales de uso, como arañazos o abolladuras, y está sin estrenar. El artículo no ha sido pulido.",2023,"['https://img.chrono24.com/images/uhren/37832848-mla6s32g9u6vhtjqsm5y3ekp-Zoom.jpg', 'https://img.chrono24.com/images/uhren/37832848-9pblo03db7cs7aexm34olpe2-Zoom.jpg', 'https://img.chrono24.com/images/uhren/37832848-mcv63zg0jne28f6deyub0l8u-Zoom.jpg', 'https://img.chrono24.com/images/uhren/37832848-e8i1vwem4dk20wdni2mq05bt-Zoom.jpg']"
Audemars Piguet Royal Oak Selfwinding,"Full set , box , tag , authentification card",Audemars Piguet,Con documentos originales,Con estuche original,208 500 lei (= 42 934 €) [Sujeto a negociación],Royal Oak Selfwinding,"Como nuevo y sin estrenar El artículo no presenta señales de uso, como arañazos o abolladuras, y está sin estrenar. El artículo no ha sido pulido.",2021 (Año aproximado),"['https://img.chrono24.com/images/uhren/bkwb6g416rvh-3i2gon8wrcj5w1g1rokki4nb-Zoom.jpg', 'https://img.chrono24.com/images/uhren/n76kanlstbe8-7z770nnrpbim0l87h1u7gj4b-Zoom.jpg', 'https://img.chrono24.com/images/uhren/qfsnbzys6nro-xpa31hyjl1t14mdh1jffhlrt-Zoom.jpg', 'https://img.chrono24.com/images/uhren/q3d9nonr4xnq-7gro3m0kqxbk146v364c4tyz-Zoom.jpg', 'https://img.chrono24.com/images/uhren/sjk92jdnnj6x-qak87800gicvv38p1lqsypjo-Zoom.jpg', 'https://img.chrono24.com/images/uhren/6mypdok1rlb7-qiamdgiyrsk33rysmossitw8-Zoom.jpg', 'https://img.chrono24.com/images/uhren/ga3owrt0a20p-3zefezum5yal5qp9oo6sk05q-Zoom.jpg', 'https://img.chrono24.com/images/uhren/38413353-vmnao54pu6bkanebdgsa4b2y-Zoom.jpg', 'https://img.chrono24.com/images/uhren/38413353-uuwetakmex7xa8zyahnyg2if-Zoom.jpg']"
Audemars Piguet Code 11.59,White Gold Full Set 2021 and AP service 2025 - 2 years warranty,Audemars Piguet,Con documentos originales,Con estuche original,19 900 €,Code 11.59,"Usado (Muy bueno) El artículo presenta ligeras señales de uso, como unos leves arañazos, pero no son perceptibles.",2021,"['https://img.chrono24.com/images/uhren/39502082-fuisex5i1109st9rkjk12oo6-Zoom.jpg', 'https://img.chrono24.com/images/uhren/39502082-htwoo047pc3r8uhktuxanv2u-Zoom.jpg', 'https://img.chrono24.com/images/uhren/39502082-bmto6ce0b7khmhw6i65dgfy6-Zoom.jpg', 'https://img.chrono24.com/images/uhren/39502082-j1vgk8h4d7hyxltfp8zdcevr-Zoom.jpg', 'https://img.chrono24.com/images/uhren/39502082-iyw5thc1gcefvh7fhhqdxca8-Zoom.jpg', 'https://img.chrono24.com/images/uhren/39502082-8xg4prokmmr32fnmgji4ew65-Zoom.jpg', 'https://img.chrono24.com/images/uhren/39502082-pg01n4d3df2ml0lf7rkcchch-Zoom.jpg', 'https://img.chrono24.com/images/uhren/39502082-ag0c7cbaiv36fp676oxyejbn-Zoom.jpg', 'https://img.chrono24.com/images/uhren/39502082-c4wrv2jkzvww0r6dnq35eb7n-Zoom.jpg', 'https://img.chrono24.com/images/uhren/39502082-1ny6pna40pjalo99j26bdw4t-Zoom.jpg', 'https://img.chrono24.com/images/uhren/39502082-cl85sgju1rmvoqf1tow1ecw2-Zoom.jpg', 'https://img.chrono24.com/images/uhren/39502082-nw2x3xjplv5nhxhqegv6tqta-Zoom.jpg', 'https://img.chrono24.com/images/uhren/39502082-z35gys7jxkuocvtct5thx3ma-Zoom.jpg', 'https://img.chrono24.com/images/uhren/39502082-t79m8qtbn53ymt7q3n1p39yk-Zoom.jpg', 'https://img.chrono24.com/images/uhren/39502082-wxg3ahvoapjridkfzwyd9i6l-Zoom.jpg', 'https://img.chrono24.com/images/uhren/39502082-yo2og7kdckr5g5a4ryf6g04s-Zoom.jpg']"
Audemars Piguet Royal Oak Chronograph,Kasparov | Blue Tropical/Dial | Unpolished | 39 mm,Audemars Piguet,Sin documentos originales,Sin estuche original,26 800 € [Sujeto a negociación],Royal Oak Chronograph,"Usado (Muy bueno) El artículo presenta ligeras señales de uso, como unos leves arañazos, pero no son perceptibles.",2000,"['https://img.chrono24.com/images/uhren/4ta9ipu9cbnq-36f19foe0o2s8t2woyclwqcf-Zoom.jpg', 'https://img.chrono24.com/images/uhren/sr8d565urwp3-dq0iytjj0v10bfhm67pckhr0-Zoom.jpg', 'https://img.chrono24.com/images/uhren/vm5xahacow18-jua2nro1fxucaj258gv4optb-Zoom.jpg', 'https://img.chrono24.com/images/uhren/cx223mhlq961-2cwp5u7n5o0j4jota4awa83e-Zoom.jpg', 'https://img.chrono24.com/images/uhren/tz7yt8fc6gl2-af77dhyq12flllfwzx54l85e-Zoom.jpg', 'https://img.chrono24.com/images/uhren/kn2i9mguiab6-s0tegeb9jf7a42x0h0u755b2-Zoom.jpg', 'https://img.chrono24.com/images/uhren/jxbw4kkn25ih-36wji5evy1qrnozpe3yyxeux-Zoom.jpg', 'https://img.chrono24.com/images/uhren/uqj4au47gs05-je350hzmmt0giuejw8alip7s-Zoom.jpg', 'https://img.chrono24.com/images/uhren/6w0518hnajqv-1fua67xajv4s9xxgbtunsdax-Zoom.jpg']"
A. Lange & Söhne,606.079F,A. Lange & Söhne,Con documentos originales,Con estuche original,4 667 742 HK$ (= 558 636 €),,"Como nuevo y sin estrenar El artículo no presenta señales de uso, como arañazos o abolladuras, y está sin estrenar. El artículo no ha sido pulido.",2024,"['https://img.chrono24.com/images/uhren/39434057-p7g4ioos6j4j85k2gente76z-Zoom.jpg', 'https://img.chrono24.com/images/uhren/39434057-dqqm41pskjei7tpyoo695ngu-Zoom.jpg', 'https://img.chrono24.com/images/uhren/39434057-ks84r90k9nudncs2v2mlmq1a-Zoom.jpg']"
A. Lange & Söhne Lange 1,109.032,A. Lange & Söhne,Sin documentos originales,Sin estuche original,24 538 $ (= 22 772 €),Lange 1,"Usado (Muy bueno) El artículo presenta ligeras señales de uso, como unos leves arañazos, pero no son perceptibles.",No conocido,"['https://img.chrono24.com/images/uhren/sn20rti9u4lc-jecd36mo4j1h1whc6det6svh-Zoom.jpg', 'https://img.chrono24.com/images/uhren/djp5yiwmxzoh-ig8zwy74t5wnubqvs4sxtnhg-Zoom.jpg', 'https://img.chrono24.com/images/uhren/abpgnur6vhew-xursc5l3p0lkt96o45cojzqu-Zoom.jpg', 'https://img.chrono24.com/images/uhren/5wtf9oerhzxe-e6bf54ub1gjfmltd8vs3bfb9-Zoom.jpg', 'https://img.chrono24.com/images/uhren/0oful1ayhe4g-a7vzvybjwd7wlb45rsubail0-Zoom.jpg', 'https://img.chrono24.com/images/uhren/gj35md0aezja-6vef2hvk5n2sgw5hz977aure-Zoom.jpg', 'https://img.chrono24.com/images/uhren/o1593it9d4eb-vkfgm1go09aaj7p4s3c9vl3h-Zoom.jpg', 'https://img.chrono24.com/images/uhren/8xi2pnpucge1-crax2roslj6nray5ozjjx8t1-Zoom.jpg']"
A. Lange & Söhne Lange 1,Time Zone,A. Lange & Söhne,Sin documentos originales,Sin estuche original,190 000 ¥ (= 23 990 €) [Sujeto a negociación],Lange 1,"Usado (Muy bueno) El artículo presenta ligeras señales de uso, como unos leves arañazos, pero no son perceptibles.",No conocido,"['https://img.chrono24.com/images/uhren/37196108-2hs1k4litwtksgvk3u9ez5r0-Zoom.jpg', 'https://img.chrono24.com/images/uhren/37196108-ynxj4cghj99hktx7uo55lxyi-Zoom.jpg', 'https://img.chrono24.com/images/uhren/37196108-gb2pbq8fy5468ujri379e10k-Zoom.jpg', 'https://img.chrono24.com/images/uhren/37196108-06a8uppbajtubcyulajx1qmq-Zoom.jpg', 'https://img.chrono24.com/images/uhren/37196108-4ygfddid98ht5psq60ut1x71-Zoom.jpg', 'https://img.chrono24.com/images/uhren/37196108-w6x7w4b5cwvo7ozvks07p139-Zoom.jpg', 'https://img.chrono24.com/images/uhren/37196108-qa01b1e3gs6tw0fi7i7lwuxb-Zoom.jpg']"
A. Lange & Söhne Lange 1,101.035,A. Lange & Söhne,Sin documentos originales,Con estuche original,42 200 €,Lange 1,"Usado (Muy bueno) El artículo presenta ligeras señales de uso, como unos leves arañazos, pero no son perceptibles.",No conocido,"['https://img.chrono24.com/images/uhren/39786131-f8satuoytechfeh7qbbvfrrh-Zoom.jpg', 'https://img.chrono24.com/images/uhren/39786131-hkbe52vwonexe8ute3yl2w4t-Zoom.jpg', 'https://img.chrono24.com/images/uhren/39786131-oiect8uluoay63ntgswxoi9u-Zoom.jpg', 'https://img.chrono24.com/images/uhren/39786131-82vrdacuxqagft4t0njcnbyq-Zoom.jpg', 'https://img.chrono24.com/images/uhren/39786131-jlkr2f6vb5namkei6un24iat-Zoom.jpg', 'https://img.chrono24.com/images/uhren/39786131-rca6sn4pql1s0g5zzfkjy75l-Zoom.jpg', 'https://img.chrono24.com/images/uhren/39786131-s3hjdjd63orbdblgf1eqe0nb-Zoom.jpg', 'https://img.chrono24.com/images/uhren/39786131-c99utnbly9rougot9an7j0m5-Zoom.jpg', 'https://img.chrono24.com/images/uhren/39786131-pmdbf6btk9owlibaw3zgeei9-Zoom.jpg', 'https://img.chrono24.com/images/uhren/39786131-s83ktlinmnxcezlthz05t2v9-Zoom.jpg', 'https://img.chrono24.com/images/uhren/39786131-j3i95ofmxwh4aeecgb3yu0e9-Zoom.jpg', 'https://img.chrono24.com/images/uhren/39786131-jmtp5u7hndtch82ge2vyccc1-Zoom.jpg', 'https://img.chrono24.com/images/uhren/39786131-ymmr5mipb59uswa16laqui71-Zoom.jpg', 'https://img.chrono24.com/images/uhren/39786131-41ij20ltku8inp17kqac5sr9-Zoom.jpg', 'https://img.chrono24.com/images/uhren/39786131-3vydsn17pl5mjbz83euc09dn-Zoom.jpg', 'https://img.chrono24.com/images/uhren/39786131-9o6529nqlyf5yzuuacn7i610-Zoom.jpg']"
A. Lange & Söhne,"Arkade 18K (0,750) Gold Handaufzug Damenuhr Ref. 103.021",A. Lange & Söhne,Sin documentos originales,Sin estuche original,8350 €,,"Usado (Muy bueno) El artículo presenta ligeras señales de uso, como unos leves arañazos, pero no son perceptibles.",2002,"['https://img.chrono24.com/images/uhren/38857525-ywi89mue8jpnwft7nlai9m4g-Zoom.jpg', 'https://img.chrono24.com/images/uhren/38857525-o6zpxwcqeovn9q7ltwvm0ipz-Zoom.jpg', 'https://img.chrono24.com/images/uhren/38857525-je39vuau3yp4znr2ixx983xv-Zoom.jpg', 'https://img.chrono24.com/images/uhren/38857525-rxs8583zjzzumob62hu3ssam-Zoom.jpg', 'https://img.chrono24.com/images/uhren/38857525-oaigekb1adhk24d35th2yp2e-Zoom.jpg', 'https://img.chrono24.com/images/uhren/38857525-z2seuxte8qovoam9pb0bvm0l-Zoom.jpg', 'https://img.chrono24.com/images/uhren/38857525-cpxjb31tnz0ivdvl9f5pgzw3-Zoom.jpg', 'https://img.chrono24.com/images/uhren/38857525-nslrqk68ogbpgph3nfzqvrn5-Zoom.jpg', 'https://img.chrono24.com/images/uhren/38857525-cko8kdk7t0n6kpahd7qtyp62-Zoom.jpg', 'https://img.chrono24.com/images/uhren/38857525-nml7aeqt2d2bgi24s3iqgw81-Zoom.jpg']"
A. Lange & Söhne 1815,Annual Calendar,A. Lange & Söhne,Con documentos originales,Con estuche original,33 000 € [Sujeto a negociación],1815,"Usado (Muy bueno) El artículo presenta ligeras señales de uso, como unos leves arañazos, pero no son perceptibles.",2018,"['https://img.chrono24.com/images/uhren/38138614-nrda06rz68oqhyw8fkkdmfuk-Zoom.jpg', 'https://img.chrono24.com/images/uhren/38138614-d4a6p64ji1jte2o4yvzhi7z0-Zoom.jpg', 'https://img.chrono24.com/images/uhren/38138614-lnbplwsid80lw1iytng2gk8a-Zoom.jpg', 'https://img.chrono24.com/images/uhren/38138614-blukvqfmgqsnjipwipdlcsm3-Zoom.jpg', 'https://img.chrono24.com/images/uhren/38138614-mxmg6hy8wis2357a2j4sk99e-Zoom.jpg', 'https://img.chrono24.com/images/uhren/38138614-swipp51hyrhbgb2227u7patt-Zoom.jpg', 'https://img.chrono24.com/images/uhren/38138614-shbxwi361ablx1ve35q0247l-Zoom.jpg', 'https://img.chrono24.com/images/uhren/38138614-74b6uhf2fhsl1v169x25k3fx-Zoom.jpg', 'https://img.chrono24.com/images/uhren/38138614-93gth0w8cxgh9mje1p1ixf06-Zoom.jpg', 'https://img.chrono24.com/images/uhren/38138614-d30dxr6l8s2kxwuov5nytzlk-Zoom.jpg', 'https://img.chrono24.com/images/uhren/38138614-zmm1m9vlafyy8siei9c2r3dp-Zoom.jpg', 'https://img.chrono24.com/images/uhren/38138614-8oownbrppjhkaxgl52ff8cz7-Zoom.jpg']"
A. Lange & Söhne Little Lange 1,Moon Phase Gold Flux,A. Lange & Söhne,Sin documentos originales,Sin estuche original,390 000 HK$ (= 46 675 €) [Sujeto a negociación],Little Lange 1,Nuevo El artículo es nuevo y no presenta señales de uso. El periodo de garantía comienza a partir de la compra del reloj.,2024,['https://img.chrono24.com/images/uhren/37269906-rz5a1i7l0hud1orbmx98pypm-Zoom.jpg']
A. Lange & Söhne Lange 1,Time Zone,A. Lange & Söhne,Sin documentos originales,Con estuche original,29 300 € [Sujeto a negociación],Lange 1,"Usado (Muy bueno) El artículo presenta ligeras señales de uso, como unos leves arañazos, pero no son perceptibles.",No conocido,['https://img.chrono24.com/images/uhren/36100511-lnw8sf3pz1a0m1ive70dd0ck-Zoom.jpg']
A. Lange & Söhne Lange 1,109.032,A. Lange & Söhne,Con documentos originales,Sin estuche original,196 000 HK$ (= 23 457 €),Lange 1,"Usado (Muy bueno) El artículo presenta ligeras señales de uso, como unos leves arañazos, pero no son perceptibles.",No conocido,"['https://img.chrono24.com/images/uhren/37452961-bnr48rdssundaveu87yzx9kz-Zoom.jpg', 'https://img.chrono24.com/images/uhren/37452961-r854qadlp4be59b8m7l4ay93-Zoom.jpg', 'https://img.chrono24.com/images/uhren/37452961-09ilkyu1r0qef0qqng3wxk5l-Zoom.jpg', 'https://img.chrono24.com/images/uhren/37452961-meylirihocxdjt6zamvzv57s-Zoom.jpg', 'https://img.chrono24.com/images/uhren/37452961-try68orvn9qm4dtf6d53rt3m-Zoom.jpg', 'https://img.chrono24.com/images/uhren/37452961-ykrvvoma8wp9zb9xcszqplq6-Zoom.jpg', 'https://img.chrono24.com/images/uhren/37452961-gdf1d5bejcy20f2dzyto6di7-Zoom.jpg', 'https://img.chrono24.com/images/uhren/37452961-e0trno7rk80igtg2c1ryibj7-Zoom.jpg']"
A. Lange & Söhne 1815,Ref 1815 950 Handaufzug - 36mm - Platinum - Official Extract,A. Lange & Söhne,Sin documentos originales,Con estuche original,22 000 €,1815,"Usado (Muy bueno) El artículo presenta ligeras señales de uso, como unos leves arañazos, pero no son perceptibles.",No conocido,"['https://img.chrono24.com/images/uhren/39798726-s618nizm9ujn92j8z1tf093b-Zoom.jpg', 'https://img.chrono24.com/images/uhren/39798726-wck1sh4whhas6d6lwg4t09ba-Zoom.jpg', 'https://img.chrono24.com/images/uhren/39798726-saaiy4g7evrybwduxon0bfpr-Zoom.jpg', 'https://img.chrono24.com/images/uhren/39798726-x51afr10134fbu61yg99fead-Zoom.jpg', 'https://img.chrono24.com/images/uhren/39798726-tzz24jlq6e5bou3jzoh755af-Zoom.jpg', 'https://img.chrono24.com/images/uhren/39798726-8itrai7rsoq93shihi84kjcq-Zoom.jpg', 'https://img.chrono24.com/images/uhren/39798726-d9d0dx37ibew0oaxomsycim2-Zoom.jpg']"
A. Lange & Söhne Datograph,PERPETUAL TOURBILLON platinum 740.036FE 100 Limited Rare,A. Lange & Söhne,Con documentos originales,Con estuche original,299 000 $ (= 277 478 €) [Sujeto a negociación],Datograph,Nuevo El artículo es nuevo y no presenta señales de uso. El periodo de garantía comienza a partir de la compra del reloj.,2025,"['https://img.chrono24.com/images/uhren/35272733-bfau8h5lc65wt4w6mu6sus10-Zoom.jpg', 'https://img.chrono24.com/images/uhren/35272733-463mh80uwspsn04d3ws9r7oc-Zoom.jpg', 'https://img.chrono24.com/images/uhren/35272733-5ulx14gs33p6j5bi7op2jk3u-Zoom.jpg', 'https://img.chrono24.com/images/uhren/35272733-bxt5wazpivfccu4h12monbye-Zoom.jpg', 'https://img.chrono24.com/images/uhren/35272733-k19r6rxt2kvg2hbf2247sq16-Zoom.jpg', 'https://img.chrono24.com/images/uhren/35272733-dkofmknkrlwm7akrmk4qrt3g-Zoom.jpg', 'https://img.chrono24.com/images/uhren/35272733-57eieprmdm26shtr0cxf5zp0-Zoom.jpg', 'https://img.chrono24.com/images/uhren/35272733-qrfvlh00ivg5yoio8c6y0vnw-Zoom.jpg', 'https://img.chrono24.com/images/uhren/35272733-uai750vs0fegg1qhe9loiynz-Zoom.jpg', 'https://img.chrono24.com/images/uhren/35272733-1s5fj2r5um45j1vp77lerl1y-Zoom.jpg', 'https://img.chrono24.com/images/uhren/35272733-7pgxycb6waq38zmhy315pzd5-Zoom.jpg', 'https://img.chrono24.com/images/uhren/35272733-m0fszc65h8g1ivaek584kdio-Zoom.jpg', 'https://img.chrono24.com/images/uhren/35272733-ulbwmpq3jdf45i034l2pks42-Zoom.jpg', 'https://img.chrono24.com/images/uhren/35272733-13sg2sjd2sf9vh2fg1rbsdcx-Zoom.jpg', 'https://img.chrono24.com/images/uhren/35272733-dowqs3h5blp2zbb6ie6jdz3i-Zoom.jpg', 'https://img.chrono24.com/images/uhren/35272733-3imqp5klm0zwkq9fg3zr9la6-Zoom.jpg']"
A. Lange & Söhne Langematik,301.021,A. Lange & Söhne,Con documentos originales,Con estuche original,21 000 € [Sujeto a negociación],Langematik,"Usado (Muy bueno) El artículo presenta ligeras señales de uso, como unos leves arañazos, pero no son perceptibles.",2000 (Año aproximado),"['https://img.chrono24.com/images/uhren/33321621-bkut4haroctg4z5arihzi1r3-Zoom.jpg', 'https://img.chrono24.com/images/uhren/33321621-2mhc03bd6wecnki06ggqhi8d-Zoom.jpg', 'https://img.chrono24.com/images/uhren/33321621-lvwewpsowg8bx3ki2xthgy4f-Zoom.jpg', 'https://img.chrono24.com/images/uhren/33321621-0isxf1o3bg9zh5x9rw2kew7d-Zoom.jpg', 'https://img.chrono24.com/images/uhren/33321621-x5tcruaju9zq41amko15d23q-Zoom.jpg', 'https://img.chrono24.com/images/uhren/33321621-8mgcbnpkoqsk17qxp5wqj86b-Zoom.jpg']"
A. Lange & Söhne Saxonia,Thin,A. Lange & Söhne,Sin documentos originales,Sin estuche original,20 403 $ (= 18 934 €),Saxonia,"Usado (Muy bueno) El artículo presenta ligeras señales de uso, como unos leves arañazos, pero no son perceptibles.",No conocido,"['https://img.chrono24.com/images/uhren/tqwekqqbpyz3-0o3q9h72a8sal4n426tv2mw2-Zoom.jpg', 'https://img.chrono24.com/images/uhren/ozgq8m034q8r-kxbnn6sm9il58s3jjw39xhb0-Zoom.jpg', 'https://img.chrono24.com/images/uhren/f0esh33agi4v-e30qgghu3aqohvi5le3ixtkq-Zoom.jpg', 'https://img.chrono24.com/images/uhren/vkuw6u777epb-rocsrp1l21m5kvho2jkk19qh-Zoom.jpg', 'https://img.chrono24.com/images/uhren/lp5kupr08j1q-snpk9mfoc7d5qx5rziavk6r8-Zoom.jpg', 'https://img.chrono24.com/images/uhren/w4rs5149o76t-waxb44myix8o1ef52n9m495k-Zoom.jpg', 'https://img.chrono24.com/images/uhren/fluyx7mtjy5x-7tm3cevfem9nhex5e6mhw9cj-Zoom.jpg']"
A. Lange & Söhne 1815,206.032 Cuerda manual Oro rosa Bueno,A. Lange & Söhne,Sin documentos originales,Sin estuche original,1 807 432 ¥ (= 11 607 €),1815,"Usado (Bueno) El artículo presenta señales visibles y perceptibles de uso, como arañazos, rozaduras o pequeñas abolladuras.",No conocido,"['https://img.chrono24.com/images/uhren/38103313-yczt35kwn2a6wq2yveli814e-Zoom.jpg', 'https://img.chrono24.com/images/uhren/38103313-e6qlbc5hqh1egjupgp6feygw-Zoom.jpg', 'https://img.chrono24.com/images/uhren/38103313-dyue53q31bmmo0unsgwwqngo-Zoom.jpg', 'https://img.chrono24.com/images/uhren/38103313-22jqpr62ff0l68vbid82n9aa-Zoom.jpg', 'https://img.chrono24.com/images/uhren/38103313-eb5wpk3uum9gdocebhnbjf50-Zoom.jpg', 'https://img.chrono24.com/images/uhren/38103313-2cu43j569d5hdocgur80k0ey-Zoom.jpg', 'https://img.chrono24.com/images/uhren/38103313-gh3sdh0c4a16hrutezadxz7e-Zoom.jpg', 'https://img.chrono24.com/images/uhren/38103313-b6xt1eww369qe8xkg6c87ikn-Zoom.jpg']"
A. Lange & Söhne 1815,Platin 1. Generation Ref. 206.025,A. Lange & Söhne,Sin documentos originales,Sin estuche original,17 980 € [Sujeto a negociación],1815,"Usado (Muy bueno) El artículo presenta ligeras señales de uso, como unos leves arañazos, pero no son perceptibles.",No conocido,"['https://img.chrono24.com/images/uhren/38775372-ua5pryu9cjkh7ucqb6ysjnv0-Zoom.jpg', 'https://img.chrono24.com/images/uhren/38775372-jdk7fokcmq04mx8c00qieo92-Zoom.jpg', 'https://img.chrono24.com/images/uhren/38775372-eksietr2yhysqge83059nyhi-Zoom.jpg', 'https://img.chrono24.com/images/uhren/38775372-mkn0bkny52v1mp9xvglfvk35-Zoom.jpg', 'https://img.chrono24.com/images/uhren/38775372-m1caqs71t2f5gyssy6n12pt1-Zoom.jpg', 'https://img.chrono24.com/images/uhren/38775372-5l7bn5ncuz7nosajpd31qb88-Zoom.jpg', 'https://img.chrono24.com/images/uhren/38775372-uw5qinl203z8aqlsn505snsp-Zoom.jpg', 'https://img.chrono24.com/images/uhren/38775372-tjeyn9y3p19qup5u61kz87sh-Zoom.jpg', 'https://img.chrono24.com/images/uhren/38775372-i9olk8jm7288so8c1prk5550-Zoom.jpg', 'https://img.chrono24.com/images/uhren/38775372-jdqqjnz7y3s95sxyo3diawal-Zoom.jpg', 'https://img.chrono24.com/images/uhren/38775372-e1ylnjwounpei3bq6frndonb-Zoom.jpg', 'https://img.chrono24.com/images/uhren/38775372-ipyfhhnbkd4469rg5h5z6dnx-Zoom.jpg']"
A. Lange & Söhne Lange 1,101.021,A. Lange & Söhne,Sin documentos originales,Sin estuche original,152 000 ¥ (= 19 192 €) [Sujeto a negociación],Lange 1,"Usado (Muy bueno) El artículo presenta ligeras señales de uso, como unos leves arañazos, pero no son perceptibles.",No conocido,"['https://img.chrono24.com/images/uhren/38298150-swdb6b8um9a6jxgzzi0vwp83-Zoom.jpg', 'https://img.chrono24.com/images/uhren/38298150-yp8qn90tqo4pmai9hehhsrce-Zoom.jpg', 'https://img.chrono24.com/images/uhren/38298150-rlhr44ciiyysk07b4560lh2u-Zoom.jpg', 'https://img.chrono24.com/images/uhren/38298150-av8qgxxldzrrk70u7ek5xd7u-Zoom.jpg', 'https://img.chrono24.com/images/uhren/38298150-hadw1ud13hn701h7gjtlps3t-Zoom.jpg', 'https://img.chrono24.com/images/uhren/38298150-vgmf433jj4o4u8eco415sdg2-Zoom.jpg', 'https://img.chrono24.com/images/uhren/38298150-qy1urh7k4r1ndclqlqta2dhh-Zoom.jpg', 'https://img.chrono24.com/images/uhren/38298150-hxo2lnavgj0079u2pxf8un88-Zoom.jpg', 'https://img.chrono24.com/images/uhren/38298150-a5xj0irrmi6a3wkk383q7d9p-Zoom.jpg']"
A. Lange & Söhne 1815,Chronograph 39.5mm 401.026,A. Lange & Söhne,Sin documentos originales,Sin estuche original,315 275 HK$ (= 37 732 €),1815,"Usado (Bueno) El artículo presenta señales visibles y perceptibles de uso, como arañazos, rozaduras o pequeñas abolladuras.",No conocido,"['https://img.chrono24.com/images/uhren/36217919-hfy6c03loy3ja1y4fa97gplc-Zoom.jpg', 'https://img.chrono24.com/images/uhren/36217919-bjw5pni5q3ihpnpcayiekra1-Zoom.jpg', 'https://img.chrono24.com/images/uhren/36217919-qcseoyzov219camq3f68ury9-Zoom.jpg', 'https://img.chrono24.com/images/uhren/36217919-ckfdnfme5f5r5blv271zbuoz-Zoom.jpg', 'https://img.chrono24.com/images/uhren/36217919-vnnbkbtpc5kf111nkpubbjsa-Zoom.jpg', 'https://img.chrono24.com/images/uhren/36217919-qadkhizvstiytsoq3tcmgqij-Zoom.jpg', 'https://img.chrono24.com/images/uhren/36217919-n14py9884ze5gigw8vo2o4du-Zoom.jpg']"
A. Lange & Söhne 1815,235.026,A. Lange & Söhne,Con documentos originales,Sin estuche original,18 500 € [Sujeto a negociación],1815,"Como nuevo y sin estrenar El artículo no presenta señales de uso, como arañazos o abolladuras, y está sin estrenar. El artículo no ha sido pulido.",2020,"['https://img.chrono24.com/images/uhren/38608797-kypmecs2w1bvkkr72hjb1dt6-Zoom.jpg', 'https://img.chrono24.com/images/uhren/38608797-bc24sw1jxdrib3x334yq9u3p-Zoom.jpg', 'https://img.chrono24.com/images/uhren/38608797-1jwg0vgmdq04dyj5u0nuslx0-Zoom.jpg', 'https://img.chrono24.com/images/uhren/38608797-beq3pkub4n5l7xoxnr8y67mt-Zoom.jpg', 'https://img.chrono24.com/images/uhren/38608797-yxgvke7tt8egogwjbgzs090p-Zoom.jpg', 'https://img.chrono24.com/images/uhren/38608797-x1vri4dferpdfxykv6mycpie-Zoom.jpg', 'https://img.chrono24.com/images/uhren/38608797-n7zw6f1r3w56osreav50ekpb-Zoom.jpg', 'https://img.chrono24.com/images/uhren/38608797-qq1m9wtdojk4pk74ykcse5sm-Zoom.jpg']"
A. Lange & Söhne Lange 1,"Ref. 101.021 - ""Very good"" condition - Original papers",A. Lange & Söhne,Con documentos originales,Sin estuche original,21 450 €,Lange 1,"Usado (Muy bueno) El artículo presenta ligeras señales de uso, como unos leves arañazos, pero no son perceptibles.",2000,"['https://img.chrono24.com/images/uhren/39529018-bca7p1we6h3m5hkwct9eb14q-Zoom.jpg', 'https://img.chrono24.com/images/uhren/39529018-9ibc22coj3a4guigvsd1dv53-Zoom.jpg', 'https://img.chrono24.com/images/uhren/39529018-bb43ewc2o99lf2dka7qchqmk-Zoom.jpg', 'https://img.chrono24.com/images/uhren/39529018-b3lobsghgobyxgeiwrr2al8d-Zoom.jpg', 'https://img.chrono24.com/images/uhren/39529018-sehdypfzyhqw7sb0fvgyw43k-Zoom.jpg', 'https://img.chrono24.com/images/uhren/zg1mje55iwpq-tt592yutp76pw04oh4cccski-Zoom.jpg', 'https://img.chrono24.com/images/uhren/x0hh8yjebv2z-esf374olbkin1xm8sr1r5elr-Zoom.jpg']"
A. Lange & Söhne Saxonia,216.026,A. Lange & Söhne,Sin documentos originales,Sin estuche original,106 000 HK$ (= 12 686 €),Saxonia,"Usado (Muy bueno) El artículo presenta ligeras señales de uso, como unos leves arañazos, pero no son perceptibles.",No conocido,"['https://img.chrono24.com/images/uhren/37321200-g30gfaabitudukktwoyufi2c-Zoom.jpg', 'https://img.chrono24.com/images/uhren/37321200-4cbekis5pdtgdit35ns8dgp5-Zoom.jpg', 'https://img.chrono24.com/images/uhren/37321200-iggjxx8e5g5apiavfs4gn6zw-Zoom.jpg', 'https://img.chrono24.com/images/uhren/37321200-zz3tzmsjnva8c8lmkfrf4qkx-Zoom.jpg', 'https://img.chrono24.com/images/uhren/37321200-in0v4ykuwjms3hrnk1upiso5-Zoom.jpg', 'https://img.chrono24.com/images/uhren/37321200-p8ihv75f7yvwoeev4d2st2yy-Zoom.jpg', 'https://img.chrono24.com/images/uhren/37321200-nhrokl1qf00tavdkpmng8j13-Zoom.jpg']"
Longines HydroConquest,L3.642.4.56.6,Longines,Sin documentos originales,Con estuche original,650 € [Sujeto a negociación],HydroConquest,"Usado (Bueno) El artículo presenta señales visibles y perceptibles de uso, como arañazos, rozaduras o pequeñas abolladuras.",No conocido,"['https://img.chrono24.com/images/uhren/sjwim9shpc1x-w8jzweqpgffmzntamxaaif63-Zoom.jpg', 'https://img.chrono24.com/images/uhren/xaxdoa3fyaxw-agad0hwi2ttn900quyfrjq0x-Zoom.jpg', 'https://img.chrono24.com/images/uhren/77fjipnsw2vo-k720i8aw42kz4jcpm3w2cpbt-Zoom.jpg', 'https://img.chrono24.com/images/uhren/8f0vatws573f-dyynpnljg5k954z1halhpzf4-Zoom.jpg', 'https://img.chrono24.com/images/uhren/ewpm89go3474-l2aosl5dqne8qgao4nue8oi6-Zoom.jpg', 'https://img.chrono24.com/images/uhren/irngao9rempg-wf0uhfrjlbbmkxcq2xl8nux6-Zoom.jpg', 'https://img.chrono24.com/images/uhren/51dsnfavxq80-nja0dq06k5910juauo8xr7xn-Zoom.jpg', 'https://img.chrono24.com/images/uhren/l2y2dwo2ta17-egefnnoe77r3bb2lmvmpkn08-Zoom.jpg']"
Longines Conquest,L3.720.4.02.6,Longines,Con documentos originales,Con estuche original,1700 €,Conquest,Nuevo El artículo es nuevo y no presenta señales de uso. El periodo de garantía comienza a partir de la compra del reloj.,2025,"['https://img.chrono24.com/images/uhren/35199062-9thdn50y7im8dcawcfrw0ba6-Zoom.jpg', 'https://img.chrono24.com/images/uhren/35199062-ncflnv5ac8zeb4yvfpijfz9u-Zoom.jpg', 'https://img.chrono24.com/images/uhren/35199062-70ukblp0bqktw2jn1ldzb8g0-Zoom.jpg', 'https://img.chrono24.com/images/uhren/35199062-t7x0k4au5cpflv7hwfyy8k4n-Zoom.jpg', 'https://img.chrono24.com/images/uhren/35199062-q9jgzrf3syh9fttzx0becija-Zoom.jpg', 'https://img.chrono24.com/images/uhren/35199062-ruyh71uqw90pqwhzw288b1qb-Zoom.jpg', 'https://img.chrono24.com/images/uhren/35199062-ks3xxmqt6bthp3odt5xecel3-Zoom.jpg', 'https://img.chrono24.com/images/uhren/35199062-oht73q0isby16l3utjq4vsc2-Zoom.jpg', 'https://img.chrono24.com/images/uhren/35199062-zgoalh4873eaw5ghzz7axq10-Zoom.jpg', 'https://img.chrono24.com/images/uhren/35199062-8nwitsi3habmyuzgiyyaavwj-Zoom.jpg', 'https://img.chrono24.com/images/uhren/35199062-g8nru5xnqtqnxoiscix033rd-Zoom.jpg', 'https://img.chrono24.com/images/uhren/35199062-p2nbou80i09tlj4ruh9ge6fn-Zoom.jpg', 'https://img.chrono24.com/images/uhren/35199062-rhjcdyy68xr1d9gk8d9l8wpr-Zoom.jpg']"
Longines HydroConquest,Automatic HYDROCONQUEST L3.782.4.56.9 reloj Automático,Longines,Sin documentos originales,Con estuche original,1200 € [Sujeto a negociación],HydroConquest,"Usado (Muy bueno) El artículo presenta ligeras señales de uso, como unos leves arañazos, pero no son perceptibles.",2022,"['https://img.chrono24.com/images/uhren/u8898topvx2w-aeer3uib987q3c0hk5fn88r2-Zoom.jpg', 'https://img.chrono24.com/images/uhren/mnsesplzwv47-rg319c3f2knigqezshx93nn6-Zoom.jpg', 'https://img.chrono24.com/images/uhren/jk11iu7d5a18-ivengxg6a78nqxw4f397qd7p-Zoom.jpg', 'https://img.chrono24.com/images/uhren/ss2t8q6jjtmo-z3hc2u0of4f3vv5nrl71opm3-Zoom.jpg', 'https://img.chrono24.com/images/uhren/8jjmfpmykkox-62ukm5828rws0ec01tdvvxow-Zoom.jpg', 'https://img.chrono24.com/images/uhren/l4z2paki3o35-tm98bg5s1sk74m33yxon465l-Zoom.jpg', 'https://img.chrono24.com/images/uhren/snzc04yv8304-ac8nwnps5mhaaaf80084ime5-Zoom.jpg', 'https://img.chrono24.com/images/uhren/39656989-wa3jpsvlzmguml8ip8sflry2-Zoom.jpg', 'https://img.chrono24.com/images/uhren/n0fb9q6g667i-w68872kriuqbbg4m1iciyz1n-Zoom.jpg', 'https://img.chrono24.com/images/uhren/n32rucz2ifdu-cjwp08y7i4uluvaz11fekbqs-Zoom.jpg', 'https://img.chrono24.com/images/uhren/shzxgcs3vqya-4w6abjrzasdh843wy8vpll5z-Zoom.jpg', 'https://img.chrono24.com/images/uhren/pp9gv7ph94uo-fzduxyq55stfgqg5xmfpk4q9-Zoom.jpg', 'https://img.chrono24.com/images/uhren/t0orhgbotxu1-jj7c8v5b5ucnt4hgbxqzn6gl-Zoom.jpg', 'https://img.chrono24.com/images/uhren/e98sxv5v0vd0-ppri5c01e07o1ghaa474ixdj-Zoom.jpg', 'https://img.chrono24.com/images/uhren/9xji6xervewr-9m820dcjotk1vagoeiv6w3q1-Zoom.jpg', 'https://img.chrono24.com/images/uhren/pdzz01pwsm4g-vpuqoeusy9w9n64629e2bzqh-Zoom.jpg', 'https://img.chrono24.com/images/uhren/r4bie62fgf2m-d4oofsi3ul9hyo9wnqdha53y-Zoom.jpg', 'https://img.chrono24.com/images/uhren/1ch8u0gq43db-hqm075l1f6wkhcqediknipz2-Zoom.jpg', 'https://img.chrono24.com/images/uhren/1ch8u0gq43db-hqm075l1f6wkhcqediknipz2-Zoom.jpg', 'https://img.chrono24.com/images/uhren/drfnv1j04v97-5ybatlo3apriw0sfrfflmaph-Zoom.jpg', 'https://img.chrono24.com/images/uhren/eb015ekdhyv8-si575oqr438fqcekzi7vii6y-Zoom.jpg', 'https://img.chrono24.com/images/uhren/2xbwulv2as3y-zatuwb6bn6oa4sxfe0bzbjf3-Zoom.jpg']"
Longines Conquest Heritage,Chronograph,Longines,Con documentos originales,Con estuche original,1395 €,Conquest Heritage,"Usado (Muy bueno) El artículo presenta ligeras señales de uso, como unos leves arañazos, pero no son perceptibles.",2010,"['https://img.chrono24.com/images/uhren/39230886-to7txzu0m8kvi2fxoekqe5z1-Zoom.jpg', 'https://img.chrono24.com/images/uhren/39230886-gsqb8ysmcrp3nbsj8g294xxg-Zoom.jpg', 'https://img.chrono24.com/images/uhren/39230886-7lglcp15xnih3e96gwfpyfxw-Zoom.jpg', 'https://img.chrono24.com/images/uhren/39230886-5dr6b13kihe0x1kv4b5p37uy-Zoom.jpg', 'https://img.chrono24.com/images/uhren/39230886-6yn4zz5cyyhell9s836gollu-Zoom.jpg', 'https://img.chrono24.com/images/uhren/39230886-ujtlbm7euz9eas9vxty4dseh-Zoom.jpg', 'https://img.chrono24.com/images/uhren/39230886-0y05x948a8nvtt1mas2zelsm-Zoom.jpg', 'https://img.chrono24.com/images/uhren/39230886-qxpl42sqbs5seu6gguzf7if3-Zoom.jpg', 'https://img.chrono24.com/images/uhren/39230886-qxpl42sqbs5seu6gguzf7if3-Zoom.jpg', 'https://img.chrono24.com/images/uhren/39230886-qxpl42sqbs5seu6gguzf7if3-Zoom.jpg', 'https://img.chrono24.com/images/uhren/39230886-df1lkwxgxspefc12h4dnqtco-Zoom.jpg']"
Longines HydroConquest,Hydro Conquest,Longines,Sin documentos originales,Sin estuche original,595 € [Sujeto a negociación],HydroConquest,"Usado (Bueno) El artículo presenta señales visibles y perceptibles de uso, como arañazos, rozaduras o pequeñas abolladuras.",No conocido,"['https://img.chrono24.com/images/uhren/38651909-i9g7wcsuroohfdy00xsq6raw-Zoom.jpg', 'https://img.chrono24.com/images/uhren/38651909-7nmqydge0e1bi6vdewy5vkd4-Zoom.jpg', 'https://img.chrono24.com/images/uhren/38651909-v81ptik1sbaoepmyxc72qukl-Zoom.jpg', 'https://img.chrono24.com/images/uhren/38651909-s3ek2il702v1u36areq16ny7-Zoom.jpg', 'https://img.chrono24.com/images/uhren/38651909-dpl6d02ex4xh8siu2492aplt-Zoom.jpg', 'https://img.chrono24.com/images/uhren/38651909-tq7fhbcta2a01b4ighu19obu-Zoom.jpg', 'https://img.chrono24.com/images/uhren/38651909-tozl9pu5ce9mpej7f0q6wr6v-Zoom.jpg', 'https://img.chrono24.com/images/uhren/38651909-a77a3qs2mexklk9ksfferc3g-Zoom.jpg', 'https://img.chrono24.com/images/uhren/38651909-kysjho95y82zjp63bqrt521x-Zoom.jpg', 'https://img.chrono24.com/images/uhren/38651909-ejklm2hibnask8r0vscalr9b-Zoom.jpg', 'https://img.chrono24.com/images/uhren/38651909-t08ncsfz2516rb7b6mdmryo1-Zoom.jpg']"
Longines Conquest,Umgetragene Conquest 2024,Longines,Con documentos originales,Con estuche original,2944 €,Conquest,Nuevo El artículo es nuevo y no presenta señales de uso. El periodo de garantía comienza a partir de la compra del reloj.,2024 (Año aproximado),"['https://img.chrono24.com/images/uhren/38257220-sdac0w577odwskwcgrtwjioi-Zoom.jpg', 'https://img.chrono24.com/images/uhren/38257220-6n5obbq0vueyym28fyut4scd-Zoom.jpg', 'https://img.chrono24.com/images/uhren/38257220-b3uj4vifglsicoh0uvyttrco-Zoom.jpg', 'https://img.chrono24.com/images/uhren/38257220-f0y6gg8hdf8rrvtq02abixjl-Zoom.jpg', 'https://img.chrono24.com/images/uhren/38257220-hqdbsjmagxxwik6egln8aq4c-Zoom.jpg', 'https://img.chrono24.com/images/uhren/38257220-a7a5l3pjmbdxhuv2c5fdh3bi-Zoom.jpg', 'https://img.chrono24.com/images/uhren/38257220-wp2310ht12mv183ucyh09ck7-Zoom.jpg', 'https://img.chrono24.com/images/uhren/38257220-6dqqzm7p97mm2a5sut6osaj0-Zoom.jpg']"
Longines HydroConquest,Automatic Blue,Longines,Sin documentos originales,Con estuche original,999 € [Sujeto a negociación],HydroConquest,"Usado (Bueno) El artículo presenta señales visibles y perceptibles de uso, como arañazos, rozaduras o pequeñas abolladuras.",2019 (Año aproximado),"['', '', '', '', '', '', '', '', '', '', '', 'https://img.chrono24.com/images/uhren/fdx7ed6ai5o4-cvgbanepctve9kjb9bx4pgy7-Zoom.jpg', 'https://img.chrono24.com/images/uhren/24n4nszfwqj4-16i6h99yxl98a9vrstrbpes0-Zoom.jpg']"
Longines Flagship Heritage,Automatic | March 2025,Longines,Con documentos originales,Con estuche original,1400 € [Sujeto a negociación],Flagship Heritage,"Como nuevo y sin estrenar El artículo no presenta señales de uso, como arañazos o abolladuras, y está sin estrenar. El artículo no ha sido pulido.",2025,"['https://img.chrono24.com/images/uhren/39582845-ansp9s3j7pm7f8zg7yxaaz5u-Zoom.jpg', 'https://img.chrono24.com/images/uhren/39582845-g49jhn21u0wzjtoetkrrk7gp-Zoom.jpg', 'https://img.chrono24.com/images/uhren/39582845-t22yarukotsxnnl1v40cjv9f-Zoom.jpg', 'https://img.chrono24.com/images/uhren/39582845-l5yhv85sjmnjrlb5rgtf9lmb-Zoom.jpg', 'https://img.chrono24.com/images/uhren/39582845-u726jhv6mke09rr8rep94hh2-Zoom.jpg', 'https://img.chrono24.com/images/uhren/39582845-mlunlsbskd7q4c6mxqi0uxqq-Zoom.jpg', 'https://img.chrono24.com/images/uhren/39582845-9gtvs6pjisx9extxeg86tj4d-Zoom.jpg', 'https://img.chrono24.com/images/uhren/39582845-0ifo3ttdhvs6lo5muk8vfiex-Zoom.jpg', 'https://img.chrono24.com/images/uhren/39582845-6skjasc9jy2sual82iz58t5b-Zoom.jpg', 'https://img.chrono24.com/images/uhren/39582845-9cwlvc7g2z3r1esxce6yk4pm-Zoom.jpg', 'https://img.chrono24.com/images/uhren/39582845-13x38qd51kef3vxgbw4ctrf5-Zoom.jpg', 'https://img.chrono24.com/images/uhren/39582845-x8wwbyppu23h0l7lvbeyncd7-Zoom.jpg']"
Longines Présence,La Grande,Longines,Sin documentos originales,Sin estuche original,250 € [Sujeto a negociación],Présence,"Usado (Bueno) El artículo presenta señales visibles y perceptibles de uso, como arañazos, rozaduras o pequeñas abolladuras.",No conocido,"['https://img.chrono24.com/images/uhren/7wsshxjeeufd-zaelacexs8sf6n1kyqtc2xc0-Zoom.jpg', 'https://img.chrono24.com/images/uhren/wllh8apbk5n1-j07kkuo91h9cxge7h54d3ftr-Zoom.jpg', 'https://img.chrono24.com/images/uhren/one5z0v4ieps-1eu3bg0n4xvisjd0iwegh9ek-Zoom.jpg', 'https://img.chrono24.com/images/uhren/6ak0nvhs8bmi-to9vrzj44gew4835ma31b0pz-Zoom.jpg', 'https://img.chrono24.com/images/uhren/u0aphnltb9wt-hz826el4p3432iaqj1drqk1r-Zoom.jpg', 'https://img.chrono24.com/images/uhren/kro6rgwh73kh-zi4gu3vsderipchghji84fjd-Zoom.jpg', 'https://img.chrono24.com/images/uhren/gx4p1tadkocl-2byec0jhljotvgt6no7z9zjt-Zoom.jpg']"
Longines,Jumbo Oversized,Longines,Sin documentos originales,Sin estuche original,4900 €,,"Usado (Muy bueno) El artículo presenta ligeras señales de uso, como unos leves arañazos, pero no son perceptibles.",No conocido,"['https://img.chrono24.com/images/uhren/39786201-5hrwzms1mdano7j1sej0rek7-Zoom.jpg', 'https://img.chrono24.com/images/uhren/39786201-v1cif85vrz50e9hp0nzmp1kl-Zoom.jpg', 'https://img.chrono24.com/images/uhren/39786201-5y1hi0dbfzlladugs4l39ank-Zoom.jpg', 'https://img.chrono24.com/images/uhren/39786201-5blm26i3zphe2ge3ulsa202e-Zoom.jpg', 'https://img.chrono24.com/images/uhren/39786201-ezpvvwnlf3j2970fh3ucucic-Zoom.jpg', 'https://img.chrono24.com/images/uhren/39786201-qmnwlps5lrok6t2j0vnrmfxw-Zoom.jpg', 'https://img.chrono24.com/images/uhren/39786201-o2g2n6q4kspyq194z0edd4ir-Zoom.jpg', 'https://img.chrono24.com/images/uhren/39786201-4tuxj7df6d45k7wfhua1necq-Zoom.jpg', 'https://img.chrono24.com/images/uhren/39786201-38tnn9zady67kdmy55as9idy-Zoom.jpg', 'https://img.chrono24.com/images/uhren/39786201-fxiflwdx0fthwghwos0sg764-Zoom.jpg', 'https://img.chrono24.com/images/uhren/39786201-cer01dm2uhoi8mx05lvffo5w-Zoom.jpg', 'https://img.chrono24.com/images/uhren/39786201-eqrsifaxsia1b9l6uyhta6mc-Zoom.jpg', 'https://img.chrono24.com/images/uhren/39786201-dvo53tfq0rqzvw5ns49e19gh-Zoom.jpg', 'https://img.chrono24.com/images/uhren/39786201-p0qnd3e5mb28qficw17ob5t4-Zoom.jpg', 'https://img.chrono24.com/images/uhren/39786201-lmt1ky6wirddnshg2mgkaoe5-Zoom.jpg', 'https://img.chrono24.com/images/uhren/39786201-9v7bs527y0nn8yh9gpr9v0lu-Zoom.jpg']"
Longines,30l Longines años 70,Longines,Sin documentos originales,Sin estuche original,879 € [Sujeto a negociación],,"Usado (Muy bueno) El artículo presenta ligeras señales de uso, como unos leves arañazos, pero no son perceptibles.",No conocido,"['https://img.chrono24.com/images/uhren/mqnzstajto1a-nmbslcv1uuo8wczx2m18oc4a-Zoom.jpg', 'https://img.chrono24.com/images/uhren/sbnwz499ry0b-w8c1wp4czn9w1i10wnfq6wlh-Zoom.jpg', 'https://img.chrono24.com/images/uhren/rmw74ubciita-d631v0l3du62psj72jflvpzv-Zoom.jpg', 'https://img.chrono24.com/images/uhren/hvn0a9ovu9sn-fgsjmmibbktc6jt0wac7fk5t-Zoom.jpg', 'https://img.chrono24.com/images/uhren/5isatnmmzgg0-edn8981kej5zz8aukk7bqlau-Zoom.jpg', 'https://img.chrono24.com/images/uhren/023d6vg15j8u-mhkz2cqtmhsczlrtfadavtsc-Zoom.jpg', 'https://img.chrono24.com/images/uhren/hrqqb50v2618-rgndy9drtxrzee5rjejch9lz-Zoom.jpg']"
Longines Evidenza,Chronograph - L2.643.4.73.4,Longines,Con documentos originales,Con estuche original,1650 € [Sujeto a negociación],Evidenza,"Usado (Muy bueno) El artículo presenta ligeras señales de uso, como unos leves arañazos, pero no son perceptibles.",No conocido,"['https://img.chrono24.com/images/uhren/djafo3i0hj5k-ywig9427isdn1xjcje7cnp74-Zoom.jpg', 'https://img.chrono24.com/images/uhren/rwqqx3acjfin-38xqry5t6qqa6y3k5vo1d9z8-Zoom.jpg', 'https://img.chrono24.com/images/uhren/b5iuyhx8xcha-p9mz9b7ezuz577rpq4fsiilr-Zoom.jpg', 'https://img.chrono24.com/images/uhren/f9iqoclyzsnw-lgwys8q6mwg7dye1jd1da4ay-Zoom.jpg', 'https://img.chrono24.com/images/uhren/rh1tbjbpz0mt-fgm1sbkp5w9t78p44amovynh-Zoom.jpg', 'https://img.chrono24.com/images/uhren/9po80gm7pz9t-xynl9q5rw9868qkxrv4eqahm-Zoom.jpg', 'https://img.chrono24.com/images/uhren/its72srgoxg6-0gmnrpi9ir2vyxbrtgasg0le-Zoom.jpg', 'https://img.chrono24.com/images/uhren/nnac12mzozs4-a9sdjrinsxh6am1yunwx5gsc-Zoom.jpg', 'https://img.chrono24.com/images/uhren/abmbxj2rlqcs-t0llxrodbavrhla48jt5y7dv-Zoom.jpg', 'https://img.chrono24.com/images/uhren/bvuc2epvzaz5-ludmz9o5znq3ks4uobrgji1f-Zoom.jpg']"
Longines Flagship,Longines Flagship,Longines,Sin documentos originales,Sin estuche original,600 €,Flagship,"Usado (Bueno) El artículo presenta señales visibles y perceptibles de uso, como arañazos, rozaduras o pequeñas abolladuras.",1966 (Año aproximado),"['https://img.chrono24.com/images/uhren/38020022-muf2vtzy662nbt2c3ryji007-Zoom.jpg', 'https://img.chrono24.com/images/uhren/38020022-bl5q8vau4fa73one57jdgb3l-Zoom.jpg', 'https://img.chrono24.com/images/uhren/38020022-tbxgooibpixn5rg5fdxyn6ey-Zoom.jpg', 'https://img.chrono24.com/images/uhren/38020022-ihml8n498f6ty4076u89pdvt-Zoom.jpg', 'https://img.chrono24.com/images/uhren/38020022-09jpwpcx4ks38vz8mtj1wl8z-Zoom.jpg', 'https://img.chrono24.com/images/uhren/38020022-3a3y824e92dgozbsd4pi56xs-Zoom.jpg', 'https://img.chrono24.com/images/uhren/38020022-njn1xzw1qb9jl84sbojivits-Zoom.jpg', 'https://img.chrono24.com/images/uhren/38020022-zkhv2f6cnwfa8ivbh50mpf8f-Zoom.jpg', 'https://img.chrono24.com/images/uhren/38020022-q8qa5i27o1qahwxs51fszv2i-Zoom.jpg']"
Longines,Circa vintage Longines vintage,Longines,Sin documentos originales,Sin estuche original,490 € [Sujeto a negociación],,"Usado (Muy bueno) El artículo presenta ligeras señales de uso, como unos leves arañazos, pero no son perceptibles.",1960,"['https://img.chrono24.com/images/uhren/tpyp9eodvtj8-oiwf7qs2thw3bvg95xh6molz-Zoom.jpg', 'https://img.chrono24.com/images/uhren/xjv8xmmkg001-lxa3jgxnibbi2s06q28v7n6b-Zoom.jpg', 'https://img.chrono24.com/images/uhren/jf05tulm3z3y-sdmus7v4tmjo0oa8yqwalvti-Zoom.jpg', 'https://img.chrono24.com/images/uhren/l4aduwqlbety-j9fj8l05mc95cd8van9uo78m-Zoom.jpg', 'https://img.chrono24.com/images/uhren/ru91jhbimw8p-p06hxkge8cs0txi22n93id6j-Zoom.jpg', 'https://img.chrono24.com/images/uhren/c588hm9bahba-wlxqr59fpftp6qfgq61rrz1y-Zoom.jpg', 'https://img.chrono24.com/images/uhren/2ajb6fj6s2t5-lopkbyvmsiwlrbiq1qf06mi6-Zoom.jpg']"
Longines Conquest,Chronograph 42 mm,Longines,Con documentos originales,Con estuche original,3200 € [Sujeto a negociación],Conquest,Nuevo El artículo es nuevo y no presenta señales de uso. El periodo de garantía comienza a partir de la compra del reloj.,2024 (Año aproximado),"['https://img.chrono24.com/images/uhren/37562199-4d8cwktmft5u0hej1pdejaue-Zoom.jpg', 'https://img.chrono24.com/images/uhren/37562199-s6bmnpxoztzbwtpon7bzb2r8-Zoom.jpg', 'https://img.chrono24.com/images/uhren/37562199-2c04v6kzv9s9cq94ctktm7p3-Zoom.jpg', 'https://img.chrono24.com/images/uhren/37562199-vfm4j0ipnn62lxpik2dq81eo-Zoom.jpg', 'https://img.chrono24.com/images/uhren/37562199-f6z8mhfi0n0ok8wu0jeostip-Zoom.jpg', 'https://img.chrono24.com/images/uhren/37562199-21rpw3sdw36li79g0yv7yl50-Zoom.jpg', 'https://img.chrono24.com/images/uhren/37562199-jaq7z60n0l7t73c11w5uljtg-Zoom.jpg', 'https://img.chrono24.com/images/uhren/37562199-05rk5qpmdjv7ur3v31cjdv9k-Zoom.jpg', 'https://img.chrono24.com/images/uhren/37562199-023vknwi2u07a520tg2lmho2-Zoom.jpg', 'https://img.chrono24.com/images/uhren/37562199-w11trv8vzidhtxujhm1nkjw1-Zoom.jpg']"
Longines,antiguo reloj longines antiguo cuerda manual con correa de oro,Longines,Con documentos originales,Con estuche original,6500 € [Sujeto a negociación],,"Usado (Bueno) El artículo presenta señales visibles y perceptibles de uso, como arañazos, rozaduras o pequeñas abolladuras.",No conocido,"['https://img.chrono24.com/images/uhren/0o0mxctfei7l-rbvkn0md6xwapj20okqt3wt9-Zoom.jpg', 'https://img.chrono24.com/images/uhren/lx26zy4pj0iv-o3ed1n1f62ciepg2a7qxi27p-Zoom.jpg', 'https://img.chrono24.com/images/uhren/g4xn1swe5k5q-hlx5hjtjvgbl4yxqchjv5yzl-Zoom.jpg', 'https://img.chrono24.com/images/uhren/nznzclrgzkrq-lazf40tn1ynfzz18o0x8acan-Zoom.jpg', 'https://img.chrono24.com/images/uhren/jy2fmkauhojs-wv05zd8s1tmohoag61sz9shi-Zoom.jpg', 'https://img.chrono24.com/images/uhren/d823jqwq16my-hq3goorkzfakozf05id14n9h-Zoom.jpg', 'https://img.chrono24.com/images/uhren/ujngdgsbc6no-m66omxss96c6b5p4kb1onmz2-Zoom.jpg', 'https://img.chrono24.com/images/uhren/dy14t8xy6tx2-zlpntkd9vjvsq0t4idtsond9-Zoom.jpg', 'https://img.chrono24.com/images/uhren/vjozcxwmlgs9-zduf05ffamgcyc0qr5dn0386-Zoom.jpg', 'https://img.chrono24.com/images/uhren/s0jczpykkaft-3xish6b9ua8bx89wvfj1u0f0-Zoom.jpg', 'https://img.chrono24.com/images/uhren/iqzoqvfkgazj-z1jhptj2ontj8hrsmmyqlq76-Zoom.jpg']"
Longines,Reloj de bolsillo 18K oro rosa,Longines,Sin documentos originales,Sin estuche original,2600 € [Sujeto a negociación],,"Usado (Bueno) El artículo presenta señales visibles y perceptibles de uso, como arañazos, rozaduras o pequeñas abolladuras.",1906 (Año aproximado),"['https://img.chrono24.com/images/uhren/34829971-4pwlcfi0zlem9fvd6k38x115-Zoom.jpg', 'https://img.chrono24.com/images/uhren/34829971-iv4zgbc4bis3435q83wflqj5-Zoom.jpg', 'https://img.chrono24.com/images/uhren/34829971-k07l6dao7f1cqolwbw0zclna-Zoom.jpg', 'https://img.chrono24.com/images/uhren/34829971-7xlk288yodkstnhzewgd9g0o-Zoom.jpg', 'https://img.chrono24.com/images/uhren/34829971-r6fch63d85ukgeoqbq5kb0bn-Zoom.jpg', 'https://img.chrono24.com/images/uhren/34829971-o3ude0djnz1nt23y1e0n0w2q-Zoom.jpg', 'https://img.chrono24.com/images/uhren/34829971-o3ude0djnz1nt23y1e0n0w2q-Zoom.jpg', 'https://img.chrono24.com/images/uhren/34829971-1o10gzwjpfj5j4jlf2ppu9cq-Zoom.jpg', 'https://img.chrono24.com/images/uhren/34829971-13ds8ffd90sjl9djn4yk2a5h-Zoom.jpg', 'https://img.chrono24.com/images/uhren/34829971-jecg2u0xq8mvdl6gpzlnfaqb-Zoom.jpg', 'https://img.chrono24.com/images/uhren/34829971-j0x6pk2elm70ohjcix5rxr68-Zoom.jpg', 'https://img.chrono24.com/images/uhren/34829971-ckr20opzcjglihrt1nphsrqy-Zoom.jpg']"
Longines Legend Diver,L3.674.4.50.0 Automático Bueno,Longines,Con documentos originales,Sin estuche original,168 000 ¥ (= 1079 €),Legend Diver,"Usado (Bueno) El artículo presenta señales visibles y perceptibles de uso, como arañazos, rozaduras o pequeñas abolladuras.",No conocido,"['https://img.chrono24.com/images/uhren/39012480-f692q9u6spmkc4i4f5v46t4q-Zoom.jpg', 'https://img.chrono24.com/images/uhren/39012480-afyko2t0sanvlumd9snftca3-Zoom.jpg', 'https://img.chrono24.com/images/uhren/39012480-ywpnvfwex5edmpy7d40w137c-Zoom.jpg', 'https://img.chrono24.com/images/uhren/39012480-3pd399ab08npfmzygjyvkopw-Zoom.jpg', 'https://img.chrono24.com/images/uhren/39012480-azgj1stlabem168cj1eazyie-Zoom.jpg', 'https://img.chrono24.com/images/uhren/39012480-kr2ipt1gs2dms7h0go9bnr4r-Zoom.jpg']"
Longines Conquest Heritage,Automatic,Longines,Sin documentos originales,Sin estuche original,800 € [Sujeto a negociación],Conquest Heritage,"Usado (Muy bueno) El artículo presenta ligeras señales de uso, como unos leves arañazos, pero no son perceptibles.",2011,"['https://img.chrono24.com/images/uhren/o6u9n7dgysn9-mtazvw9ineo5iyyqh9e4u0zz-Zoom.jpg', 'https://img.chrono24.com/images/uhren/c419itf0nf3a-scc8g5oqevyyr9wuqeqbe92q-Zoom.jpg', 'https://img.chrono24.com/images/uhren/mgdb49oly2m5-wjnpqbkdd7sf7qxi8zn24w8a-Zoom.jpg', 'https://img.chrono24.com/images/uhren/qv5j3iti1vyv-lk6jpkp8nsxzupzkepjv00ef-Zoom.jpg', 'https://img.chrono24.com/images/uhren/tdkd87ytl6lk-55lh4s5vw45jet757zedru3v-Zoom.jpg', 'https://img.chrono24.com/images/uhren/l40qpfkduczs-zuuzhlq18ij881jonbe0sg94-Zoom.jpg', 'https://img.chrono24.com/images/uhren/otcstvxzfkgx-3vjh2t2wxl0yi9wtzbh4qjt1-Zoom.jpg', 'https://img.chrono24.com/images/uhren/tmp5im8qyryr-onmwvjlli5u07itrakyn82z9-Zoom.jpg', 'https://img.chrono24.com/images/uhren/smxktmopvlxv-51r22dv459uq95bvcnjn8hq0-Zoom.jpg', 'https://img.chrono24.com/images/uhren/b7m3l2rkvv45-6ilxtw8ue4x4q6yt6hb8c5xd-Zoom.jpg', 'https://img.chrono24.com/images/uhren/go26vzdsw3an-vdyp1n3sn5saih32ksun5mgo-Zoom.jpg', 'https://img.chrono24.com/images/uhren/d9gqw4x8drte-2xviw06nh869cs5aks4pi9wy-Zoom.jpg']"
Longines HydroConquest,Conquest Edition,Longines,Con documentos originales,Con estuche original,1000 € [Sujeto a negociación],HydroConquest,"Usado (Muy bueno) El artículo presenta ligeras señales de uso, como unos leves arañazos, pero no son perceptibles.",2022,"['https://img.chrono24.com/images/uhren/v1bll535hc57-mrhf7ik6r3xm8vowteiswa76-Zoom.jpg', 'https://img.chrono24.com/images/uhren/gci74bo00krj-rrqjqj7u8vqdgpz7y8wlu37x-Zoom.jpg', 'https://img.chrono24.com/images/uhren/yp7nxd2mhk0p-42fv7oj2rspl4cmjdkkthrbg-Zoom.jpg', 'https://img.chrono24.com/images/uhren/yh05bjiyo68p-uo1vqqpkjaa5i5mx96vkzks6-Zoom.jpg', 'https://img.chrono24.com/images/uhren/y55czgvpg1w9-h1z1tjpxppfy4n269tup45bs-Zoom.jpg', 'https://img.chrono24.com/images/uhren/c3nkm9f2gily-e62lbgir8ygsqich2wh98z1y-Zoom.jpg', 'https://img.chrono24.com/images/uhren/p3a2wvhut5rt-tyrs57410rjrbfftcm5y1aud-Zoom.jpg']"
Chopard Mille Miglia,Gmt,Chopard,Sin documentos originales,Sin estuche original,3000 €,Mille Miglia,"Usado (Muy bueno) El artículo presenta ligeras señales de uso, como unos leves arañazos, pero no son perceptibles.",No conocido,"['https://img.chrono24.com/images/uhren/34114750-t0cnv6mz8drzs199qekh5lx9-Zoom.jpg', 'https://img.chrono24.com/images/uhren/34114750-pnp9x0lx694ytb216xgcd608-Zoom.jpg', 'https://img.chrono24.com/images/uhren/34114750-ci5nf0e7yr03pkundv88egb2-Zoom.jpg', 'https://img.chrono24.com/images/uhren/34114750-o9uadliqgjpbdfhx4112k49d-Zoom.jpg']"
Chopard L.U.C,Xps 1860,Chopard,Con documentos originales,Con estuche original,5340 €,L.U.C,"Usado (Muy bueno) El artículo presenta ligeras señales de uso, como unos leves arañazos, pero no son perceptibles.",2016,"['https://img.chrono24.com/images/uhren/39808422-tf9y4x2zq78z4dv6kblufdar-Zoom.jpg', 'https://img.chrono24.com/images/uhren/39808422-s6nfmqc0trfcmktjqggacbb1-Zoom.jpg', 'https://img.chrono24.com/images/uhren/39808422-o1f1r2z34xmi7rj3fkmwzabh-Zoom.jpg', 'https://img.chrono24.com/images/uhren/39808422-qsqwylwc758aung1x4p42for-Zoom.jpg', 'https://img.chrono24.com/images/uhren/39808422-tg5ghyg0ldwolkq5ujuoegoh-Zoom.jpg', 'https://img.chrono24.com/images/uhren/39808422-9ymz218miwq2x7yg7esxwqp0-Zoom.jpg']"
Chopard L.U.C,Xps Ultra thin automatic watch 40MM,Chopard,Sin documentos originales,Con estuche original,29 699 HK$ (= 3554 €),L.U.C,"Usado (Muy bueno) El artículo presenta ligeras señales de uso, como unos leves arañazos, pero no son perceptibles.",No conocido,"['https://img.chrono24.com/images/uhren/38049192-qgtag2k4oomgiu4dvkwo74ik-Zoom.jpg', 'https://img.chrono24.com/images/uhren/38049192-it0wb2tgq8cd1tsu1bdatf99-Zoom.jpg', 'https://img.chrono24.com/images/uhren/38049192-sydo5hqtvf2gmtpzoy2zg50v-Zoom.jpg', 'https://img.chrono24.com/images/uhren/38049192-sydo5hqtvf2gmtpzoy2zg50v-Zoom.jpg', 'https://img.chrono24.com/images/uhren/38049192-sydo5hqtvf2gmtpzoy2zg50v-Zoom.jpg', 'https://img.chrono24.com/images/uhren/38049192-ghar36eltujj8ftujfgyczxy-Zoom.jpg', 'https://img.chrono24.com/images/uhren/38049192-6l4wj07zj19plcmcxd2q2sst-Zoom.jpg', 'https://img.chrono24.com/images/uhren/38049192-nm5g30ft4l9zit2zerc7p0k2-Zoom.jpg', 'https://img.chrono24.com/images/uhren/38049192-vqsux7tkmp1mjc0v2wcwbrs0-Zoom.jpg', 'https://img.chrono24.com/images/uhren/38049192-wl5j5c7wyyzpyfuozeeikhup-Zoom.jpg']"
Chopard Mille Miglia,titanium chronograph crono carbon dial automatic,Chopard,Sin documentos originales,Sin estuche original,2240 €,Mille Miglia,"Usado (Bueno) El artículo presenta señales visibles y perceptibles de uso, como arañazos, rozaduras o pequeñas abolladuras.",No conocido,"['https://img.chrono24.com/images/uhren/37530829-upf16iqwj3k8cd0dd3fnj1sr-Zoom.jpg', 'https://img.chrono24.com/images/uhren/37530829-il71gekx142gtsr96371mvqi-Zoom.jpg', 'https://img.chrono24.com/images/uhren/37530829-ofm9a68v0tb3u7l4ezji0e6n-Zoom.jpg', 'https://img.chrono24.com/images/uhren/37530829-nucyapino19xvu6ig5d0xq2o-Zoom.jpg', 'https://img.chrono24.com/images/uhren/37530829-cjfotsk82cmqso5ocfpvbot7-Zoom.jpg', 'https://img.chrono24.com/images/uhren/37530829-btyunn420ucxii793fgpwtpp-Zoom.jpg', 'https://img.chrono24.com/images/uhren/37530829-g4ipis0dfu8cypyc8wtyd72t-Zoom.jpg', 'https://img.chrono24.com/images/uhren/37530829-aen5wiw1vq8k5s7oq85hbbdk-Zoom.jpg', 'https://img.chrono24.com/images/uhren/37530829-s6pkdifeq567iobqw6kjf8vq-Zoom.jpg']"
Chopard Mille Miglia,8331 Automático Acero Satisfactorio,Chopard,Sin documentos originales,Sin estuche original,308 960 ¥ (= 1984 €),Mille Miglia,"Usado (Satisfactorio) El artículo presenta notables señales de uso, como arañazos y abolladuras.",No conocido,"['https://img.chrono24.com/images/uhren/38701802-dm74vqfe51zg6syb3qje7vro-Zoom.jpg', 'https://img.chrono24.com/images/uhren/38701802-ltrt2vkb0o7u5hxahovp74cj-Zoom.jpg', 'https://img.chrono24.com/images/uhren/38701802-blrglrh6vs8qoa90bbzrtuna-Zoom.jpg', 'https://img.chrono24.com/images/uhren/38701802-pgo7w5f0xv6uw1u5ed4kxyh8-Zoom.jpg', 'https://img.chrono24.com/images/uhren/38701802-i6v6dbfygvkyttqu2f4jml8d-Zoom.jpg']"
Chopard L.U.C,1963 chronograph,Chopard,Con documentos originales,Con estuche original,25 000 € [Sujeto a negociación],L.U.C,"Como nuevo y sin estrenar El artículo no presenta señales de uso, como arañazos o abolladuras, y está sin estrenar. El artículo no ha sido pulido.",No conocido,"['https://img.chrono24.com/images/uhren/33473350-ckin8cdvwnsaig7q8o9e8tz9-Zoom.jpg', 'https://img.chrono24.com/images/uhren/33473350-z2bzz30s1ocb4n9ua77r4sl5-Zoom.jpg', 'https://img.chrono24.com/images/uhren/33473350-qwwtpqogdbbj51sqhs0mjzzq-Zoom.jpg', 'https://img.chrono24.com/images/uhren/33473350-7kiurb4rsq09bqri2kopqygm-Zoom.jpg', 'https://img.chrono24.com/images/uhren/33473350-y3mz5w7nyzebu4brmdufry76-Zoom.jpg', 'https://img.chrono24.com/images/uhren/33473350-q13bhlizu8m0s4i3idozapyh-Zoom.jpg', 'https://img.chrono24.com/images/uhren/33473350-xwburkz371z17oh3lovdiljb-Zoom.jpg', 'https://img.chrono24.com/images/uhren/33473350-5846hgj8ryosmqotc95j172q-Zoom.jpg', 'https://img.chrono24.com/images/uhren/33473350-v4bjg1bcwyslmmdvlhbxu1ln-Zoom.jpg', 'https://img.chrono24.com/images/uhren/33473350-ydqkb4lbt5qxy99fb9vckas8-Zoom.jpg', 'https://img.chrono24.com/images/uhren/33473350-je8lhvu4d42xea9kcxpea925-Zoom.jpg', 'https://img.chrono24.com/images/uhren/33473350-a55repfgex8ov5rut9ajvxhw-Zoom.jpg', 'https://img.chrono24.com/images/uhren/33473350-0vxa1cb3c9ulkaeqv3o6d06c-Zoom.jpg', 'https://img.chrono24.com/images/uhren/33473350-8o36zo68axsdqfv5z8qw8dce-Zoom.jpg', 'https://img.chrono24.com/images/uhren/33473350-kxnne426ag9pyj9ouszvndyc-Zoom.jpg', 'https://img.chrono24.com/images/uhren/33473350-g5w4pcbmlz2pw0q55dvthuzh-Zoom.jpg', 'https://img.chrono24.com/images/uhren/33473350-00em2rifvfovkkn8lga001ul-Zoom.jpg', 'https://img.chrono24.com/images/uhren/33473350-4wwkfox88e41ps5pjvrnvcnd-Zoom.jpg', 'https://img.chrono24.com/images/uhren/33473350-6ypus7w8bfgytpbluqkq9ej5-Zoom.jpg', 'https://img.chrono24.com/images/uhren/33473350-5f5fd4bbkmgdktiicl8ba90b-Zoom.jpg', 'https://img.chrono24.com/images/uhren/33473350-ghc7fq4cizlb7aaeedd7kxod-Zoom.jpg', 'https://img.chrono24.com/images/uhren/33473350-g03wrrc0gmewltwssio6azn6-Zoom.jpg']"
Chopard Happy Sport,27/8294-23,Chopard,Con documentos originales,Con estuche original,3495 € [Sujeto a negociación],Happy Sport,"Usado (Bueno) El artículo presenta señales visibles y perceptibles de uso, como arañazos, rozaduras o pequeñas abolladuras.",2001,"['', 'https://img.chrono24.com/images/uhren/35025335-8p288id8uzv0phynllrljevo-Zoom.jpg', 'https://img.chrono24.com/images/uhren/35025335-65itpjvwf4i85bka75r6caq6-Zoom.jpg', 'https://img.chrono24.com/images/uhren/35025335-1h8fdqktnef0a8zjas9ts8ln-Zoom.jpg', 'https://img.chrono24.com/images/uhren/35025335-kighrkid8v2lw5drpwvlonsb-Zoom.jpg', 'https://img.chrono24.com/images/uhren/35025335-kighrkid8v2lw5drpwvlonsb-Zoom.jpg', 'https://img.chrono24.com/images/uhren/35025335-kighrkid8v2lw5drpwvlonsb-Zoom.jpg', 'https://img.chrono24.com/images/uhren/35025335-kighrkid8v2lw5drpwvlonsb-Zoom.jpg', 'https://img.chrono24.com/images/uhren/35025335-edymekxp10f701inbt965hzp-Zoom.jpg', 'https://img.chrono24.com/images/uhren/35025335-agofqgleyaeztsswt7ndquss-Zoom.jpg', 'https://img.chrono24.com/images/uhren/35025335-agofqgleyaeztsswt7ndquss-Zoom.jpg', 'https://img.chrono24.com/images/uhren/35025335-s7cfl20fzm20mmbi172bjpaa-Zoom.jpg', 'https://img.chrono24.com/images/uhren/35025335-8pvvqnw8d099beif2l5ulwyu-Zoom.jpg']"
Chopard Alpine Eagle,Green Dial Large 2022,Chopard,Con documentos originales,Con estuche original,14 750 €,Alpine Eagle,Nuevo El artículo es nuevo y no presenta señales de uso. El periodo de garantía comienza a partir de la compra del reloj.,2025,"['https://img.chrono24.com/images/uhren/39817495-cx3rd5bi2zetns93qt9igeew-Zoom.jpg', 'https://img.chrono24.com/images/uhren/39817495-bu222wojk2lx8yr6djd3u9s7-Zoom.jpg', 'https://img.chrono24.com/images/uhren/39817495-l92ertxanfw0l09e2my11dwl-Zoom.jpg']"
Chopard Mille Miglia,Gt Xl,Chopard,Sin documentos originales,Sin estuche original,2800 €,Mille Miglia,"Usado (Muy bueno) El artículo presenta ligeras señales de uso, como unos leves arañazos, pero no son perceptibles.",No conocido,"['https://img.chrono24.com/images/uhren/39325277-vgy6s803ltyqgj3jwduk0xxn-Zoom.jpg', 'https://img.chrono24.com/images/uhren/39325277-rjhin8fuz6s5nk9df70zjoej-Zoom.jpg', 'https://img.chrono24.com/images/uhren/39325277-mtim7y975ikgddp1fu4srkjx-Zoom.jpg', 'https://img.chrono24.com/images/uhren/39325277-yxt8w2hfm6herujb3y4lwoay-Zoom.jpg', 'https://img.chrono24.com/images/uhren/39325277-lwdaqlvk0kiw8tydwtbnb6uy-Zoom.jpg', 'https://img.chrono24.com/images/uhren/39325277-h0edwp209dv14foop28pj56e-Zoom.jpg', 'https://img.chrono24.com/images/uhren/39325277-h0edwp209dv14foop28pj56e-Zoom.jpg', 'https://img.chrono24.com/images/uhren/39325277-ty0v2rwm19d0af5w2ylyjllf-Zoom.jpg']"
Chopard Mille Miglia,8331,Chopard,Sin documentos originales,Sin estuche original,2218 € [Sujeto a negociación],Mille Miglia,"Como nuevo y sin estrenar El artículo no presenta señales de uso, como arañazos o abolladuras, y está sin estrenar. El artículo no ha sido pulido.",2003,"['https://img.chrono24.com/images/uhren/um8vl8w0txwo-3swcxnrale5p83tbu0vrueds-Zoom.jpg', 'https://img.chrono24.com/images/uhren/ikrkly4dp4fx-76yay8st1w975nimk588ibsj-Zoom.jpg', 'https://img.chrono24.com/images/uhren/67nlnf3m1civ-xksc5yvbbw4oanv1f9mhumv3-Zoom.jpg', 'https://img.chrono24.com/images/uhren/4mfmd7m7tasp-zz9bdjw8yjbmb1as84b9avdb-Zoom.jpg', 'https://img.chrono24.com/images/uhren/fzo25rnnt6h1-9hpte19zrhp6xuzgf86i81w5-Zoom.jpg', 'https://img.chrono24.com/images/uhren/sczfx4eblmau-204ok62c73v34lwdw30fmud6-Zoom.jpg', 'https://img.chrono24.com/images/uhren/xqjqobchaydr-bnbewoloxwum7nunyjsrpguc-Zoom.jpg']"
Chopard,"13"" 2892 DD AUT. JACKY ICKX 6/24 TERCERA EDICION 49 RUBIES CONTADOR DE 60 SEGUNDOS 60 MINUTOS I 24 HORAS GRANDE FECHA 12' FONDO GRABADO TAQUIMETRO GRABADO EN EL BISEL En perfecto estado certificado caja original y 2a correa",Chopard,Con documentos originales,Con estuche original,6800 € [Sujeto a negociación],,"Como nuevo y sin estrenar El artículo no presenta señales de uso, como arañazos o abolladuras, y está sin estrenar. El artículo no ha sido pulido.",1999 (Año aproximado),"['https://img.chrono24.com/images/uhren/39212205-9wtlqx1yihas6mxkp1y1rc80-Zoom.jpg', 'https://img.chrono24.com/images/uhren/39212205-0wekapvuyyvd4phncrdtyij3-Zoom.jpg', 'https://img.chrono24.com/images/uhren/39212205-svabycmvj8ab0lbll51w4u0r-Zoom.jpg', 'https://img.chrono24.com/images/uhren/39212205-9l03isd12lp7ro1plnonizso-Zoom.jpg', 'https://img.chrono24.com/images/uhren/39212205-129xw8my8veh0acfgzf6ci23-Zoom.jpg', 'https://img.chrono24.com/images/uhren/39212205-tbffojoq10ug7whmyg4fu33x-Zoom.jpg', 'https://img.chrono24.com/images/uhren/39212205-1scyqa1tzp27e4kt9feji26x-Zoom.jpg', 'https://img.chrono24.com/images/uhren/39212205-bql1cwqnxl0uakd0plvnw4ee-Zoom.jpg']"
Chopard L.U.C,LUC XPS 40mm Forest Green Dial NEW UNWORN WITH MANUFACTURER PLASTICS 168629-3001,Chopard,Con documentos originales,Con estuche original,9799 $ (= 9094 €),L.U.C,Nuevo El artículo es nuevo y no presenta señales de uso. El periodo de garantía comienza a partir de la compra del reloj.,2024,"['https://img.chrono24.com/images/uhren/35584431-9ww9035uds4tcuvfsvn698zv-Zoom.jpg', 'https://img.chrono24.com/images/uhren/35584431-9ww9035uds4tcuvfsvn698zv-Zoom.jpg', 'https://img.chrono24.com/images/uhren/35584431-qda6hn3enexw6zevvn7c59mi-Zoom.jpg', 'https://img.chrono24.com/images/uhren/35584431-vj9gc70klloh0nyhmseg77sz-Zoom.jpg', 'https://img.chrono24.com/images/uhren/35584431-tz17hzneixxwf1hxa3f99vw9-Zoom.jpg', 'https://img.chrono24.com/images/uhren/35584431-gx93socga4sdsbftzus8nxbx-Zoom.jpg', 'https://img.chrono24.com/images/uhren/35584431-kh5i600g98o847tl8tvjcu2k-Zoom.jpg', 'https://img.chrono24.com/images/uhren/35584431-nujzffufp4jm4zhcijvt06vz-Zoom.jpg']"
Chopard Mille Miglia,Chronograph,Chopard,Sin documentos originales,Sin estuche original,3299 € [Sujeto a negociación],Mille Miglia,"Usado (Muy bueno) El artículo presenta ligeras señales de uso, como unos leves arañazos, pero no son perceptibles.",No conocido,"['https://img.chrono24.com/images/uhren/37456913-eg337lod2xhnvbffue4deiut-Zoom.jpg', 'https://img.chrono24.com/images/uhren/37456913-vnrij221qejrqdgm8vxapgpq-Zoom.jpg', 'https://img.chrono24.com/images/uhren/37456913-qsgp77yxblex4f7xozuuozof-Zoom.jpg', 'https://img.chrono24.com/images/uhren/37456913-vrtluqx18gcqp7xidv1znowg-Zoom.jpg', 'https://img.chrono24.com/images/uhren/37456913-fsyaz0w3d7x2iyt3qw7b87gv-Zoom.jpg', 'https://img.chrono24.com/images/uhren/37456913-phalsxwyg4ayajt4esrtlm9t-Zoom.jpg', 'https://img.chrono24.com/images/uhren/37456913-heh0vojhgj6l2tr9g0gvv2w4-Zoom.jpg', 'https://img.chrono24.com/images/uhren/37456913-4h1ar0yi98b368389l7uk4cb-Zoom.jpg', 'https://img.chrono24.com/images/uhren/37456913-buzqdttzmth3x7tstd49e3i7-Zoom.jpg', 'https://img.chrono24.com/images/uhren/37456913-akltuidxkvcfxn3sd5wi0onh-Zoom.jpg', 'https://img.chrono24.com/images/uhren/37456913-mkcsvbm57g1cb5zmuh57rcn9-Zoom.jpg']"
Chopard Mille Miglia,Chronograph Reloj chopard de mujer,Chopard,Sin documentos originales,Sin estuche original,1400 € [Sujeto a negociación],Mille Miglia,"Usado (Bueno) El artículo presenta señales visibles y perceptibles de uso, como arañazos, rozaduras o pequeñas abolladuras.",2000 (Año aproximado),"['https://img.chrono24.com/images/uhren/m1movb1pdrs9-0teg9w1c02wfj3e4tud6bddb-Zoom.jpg', 'https://img.chrono24.com/images/uhren/2ee1bfn1vqup-esbgi0vxqcnlwdaiqj2kpsrt-Zoom.jpg', 'https://img.chrono24.com/images/uhren/qv56isw3g37j-ejhuyzepfxv9goxzkrwso83c-Zoom.jpg', 'https://img.chrono24.com/images/uhren/048ahl49kyel-r9qoq5c20jteuvspund4jhyc-Zoom.jpg', 'https://img.chrono24.com/images/uhren/96sioxbkns05-xf65vhlge4gig6l1b6cwtirl-Zoom.jpg', 'https://img.chrono24.com/images/uhren/pykxvn308oxj-zn70j5b1pqf05e325d9h5bua-Zoom.jpg', 'https://img.chrono24.com/images/uhren/ax9qxdrhwoa7-dfyxfzbllpkite5vpwvp11cd-Zoom.jpg']"
Chopard Mille Miglia,chrono titanio,Chopard,Sin documentos originales,Con estuche original,2790 € [Sujeto a negociación],Mille Miglia,"Usado (Muy bueno) El artículo presenta ligeras señales de uso, como unos leves arañazos, pero no son perceptibles.",2004,"['https://img.chrono24.com/images/uhren/35053294-hmmtysnrwht66zyqupzi582b-Zoom.jpg', 'https://img.chrono24.com/images/uhren/35053294-bcktmdyz9v94rmn3l3ulut2t-Zoom.jpg', 'https://img.chrono24.com/images/uhren/35053294-80vcxt8e1996u2rukdsex8lp-Zoom.jpg', 'https://img.chrono24.com/images/uhren/35053294-oo71hea6mfy8opson9xr0cfd-Zoom.jpg', 'https://img.chrono24.com/images/uhren/35053294-hcv0e1wi0p1fv13itxda0nl4-Zoom.jpg']"
Chopard Mille Miglia,168920-3001,Chopard,Sin documentos originales,Con estuche original,3600 €,Mille Miglia,"Usado (Bueno) El artículo presenta señales visibles y perceptibles de uso, como arañazos, rozaduras o pequeñas abolladuras.",2009,"['https://img.chrono24.com/images/uhren/33895773-24ecz5hb57zvromh7nh1arcn-Zoom.jpg', 'https://img.chrono24.com/images/uhren/33895773-3lzwikrntlardkc71r3955qt-Zoom.jpg', 'https://img.chrono24.com/images/uhren/33895773-wqxjicmsda5nlx73f9ywt2f2-Zoom.jpg', 'https://img.chrono24.com/images/uhren/33895773-0zemtaiiljuxsrdrvg9dx55y-Zoom.jpg', 'https://img.chrono24.com/images/uhren/33895773-ra66fx9js8w9bvqulnpocx0y-Zoom.jpg', 'https://img.chrono24.com/images/uhren/33895773-9owho6zsfnc3nz9kw5kecwd0-Zoom.jpg', 'https://img.chrono24.com/images/uhren/33895773-fjpcc35bb07ri8zhqmjntk1h-Zoom.jpg', 'https://img.chrono24.com/images/uhren/33895773-k8arfpcfnzlyum11n0bs8rfp-Zoom.jpg']"
Chopard Imperiale,388563-6006,Chopard,Con documentos originales,Con estuche original,7850 € [Sujeto a negociación],Imperiale,Nuevo El artículo es nuevo y no presenta señales de uso. El periodo de garantía comienza a partir de la compra del reloj.,2025,['https://img.chrono24.com/images/uhren/38169587-5oc1261gcmfjg3uk8e8a8f2a-Zoom.jpg']
Chopard Classic,36 Mm,Chopard,Sin documentos originales,Sin estuche original,23 656 HK$ (= 2831 €),Classic,"Usado (Muy bueno) El artículo presenta ligeras señales de uso, como unos leves arañazos, pero no son perceptibles.",No conocido,"['https://img.chrono24.com/images/uhren/39816941-ny11xtot1464d6rvbfdpqke2-Zoom.jpg', 'https://img.chrono24.com/images/uhren/39816941-ko0mr1oddhbcspj1ouyw8joz-Zoom.jpg', 'https://img.chrono24.com/images/uhren/39816941-1xnys50vaf4capougbxnp2zm-Zoom.jpg', 'https://img.chrono24.com/images/uhren/39816941-xr4zx877t2ymof9ldo99z78f-Zoom.jpg', 'https://img.chrono24.com/images/uhren/39816941-wcn7ft9fbxg9wwpo1va0i19s-Zoom.jpg', 'https://img.chrono24.com/images/uhren/39816941-juvwazzkz73agb4f1lbot9pm-Zoom.jpg', 'https://img.chrono24.com/images/uhren/39816941-fef8unkdbfrl3x6thuciyy0j-Zoom.jpg']"
Chopard Mille Miglia,Automatik Herrenuhr 16/8331 Papers,Chopard,Con documentos originales,Sin estuche original,3109 €,Mille Miglia,"Usado (Muy bueno) El artículo presenta ligeras señales de uso, como unos leves arañazos, pero no son perceptibles.",2004,"['https://img.chrono24.com/images/uhren/39030156-1dzw4vt4xaqxru2ouiu3coqk-Zoom.jpg', 'https://img.chrono24.com/images/uhren/39030156-4x3h9xqjz8m07ysihomd95pf-Zoom.jpg', 'https://img.chrono24.com/images/uhren/39030156-ooqp500mifap4zsonb2pntbb-Zoom.jpg', 'https://img.chrono24.com/images/uhren/39030156-sxzvrpz7nbf453q3vku5xizg-Zoom.jpg', 'https://img.chrono24.com/images/uhren/39030156-7s10h2tsnar1sfgaqyqr60qd-Zoom.jpg', 'https://img.chrono24.com/images/uhren/39030156-snreijpa3m7v251g2xmpxnyc-Zoom.jpg', 'https://img.chrono24.com/images/uhren/39030156-ibkjen592huxbmj3xydf0hsc-Zoom.jpg', 'https://img.chrono24.com/images/uhren/39030156-db38iykil2suzximj3q5x07m-Zoom.jpg', 'https://img.chrono24.com/images/uhren/39030156-y0la327r2z2dshljecc279i3-Zoom.jpg']"
Chopard L.U.C,Automatic watch 39.5MM.Mark Iii L.u.c Classic 168500,Chopard,Con documentos originales,Con estuche original,37 000 HK$ (= 4428 €),L.U.C,"Usado (Muy bueno) El artículo presenta ligeras señales de uso, como unos leves arañazos, pero no son perceptibles.",2013,"['https://img.chrono24.com/images/uhren/38906794-xpo1g4yb43mbcqgrjqedvg7g-Zoom.jpg', 'https://img.chrono24.com/images/uhren/38906794-9g3tp95logn4sftialejroyi-Zoom.jpg', 'https://img.chrono24.com/images/uhren/38906794-sn61rb2rfydon5xmkc36er7j-Zoom.jpg', 'https://img.chrono24.com/images/uhren/38906794-xbc19tsxsfas0h78o8lgyvyr-Zoom.jpg', 'https://img.chrono24.com/images/uhren/38906794-zol79p6dyzc1dnvpf3j4bpew-Zoom.jpg', 'https://img.chrono24.com/images/uhren/38906794-5gz3cd22bk82qzfnv76fb0x6-Zoom.jpg', 'https://img.chrono24.com/images/uhren/38906794-qlihhfssoiwn9dz137czxun4-Zoom.jpg', 'https://img.chrono24.com/images/uhren/38906794-h4cg9pcz65l6t5xxmefbm5l5-Zoom.jpg']"
Franck Muller,Tourbillon Imperial Minute Repeater 950 Platinum Limited Curvex Collection Blue Dial B&P,Franck Muller,Con documentos originales,Con estuche original,84 500 €,,"Usado (Muy bueno) El artículo presenta ligeras señales de uso, como unos leves arañazos, pero no son perceptibles.",No conocido,"['https://img.chrono24.com/images/uhren/38368078-5gl88dl45li7b4el8qkecxdq-Zoom.jpg', 'https://img.chrono24.com/images/uhren/38368078-d4cvxws7yusibmvbq3a4hkmn-Zoom.jpg', 'https://img.chrono24.com/images/uhren/38368078-6cnxl6f3buodw358sopr3oay-Zoom.jpg', 'https://img.chrono24.com/images/uhren/38368078-eg7gcbmnxgeskzg58msxlpad-Zoom.jpg', 'https://img.chrono24.com/images/uhren/38368078-s9fh6lcmwoh7m16ljdw7kmi8-Zoom.jpg', 'https://img.chrono24.com/images/uhren/38368078-fq6ypvjmypud8zifo1lmnq59-Zoom.jpg']"
Franck Muller Vanguard,V 45 SC DT (AC.NR),Franck Muller,Con documentos originales,Con estuche original,5686 $ (= 5277 €),Vanguard,"Usado (Muy bueno) El artículo presenta ligeras señales de uso, como unos leves arañazos, pero no son perceptibles.",No conocido,"['https://img.chrono24.com/images/uhren/v3l1mbrse9t2-n1ef1f8e9tfca9q1t1fxh5q4-Zoom.jpg', 'https://img.chrono24.com/images/uhren/rkjo6k1n53ur-swuo07ro5qak2as1h0tpqf4n-Zoom.jpg', 'https://img.chrono24.com/images/uhren/hlg578rqxmwq-07fmeheevvlt047k560fpns7-Zoom.jpg', 'https://img.chrono24.com/images/uhren/169qky7hj1n4-l3icw11oeozme4w564nh44uj-Zoom.jpg', 'https://img.chrono24.com/images/uhren/627orvu6zc8s-qmy5s52oixv7ojumewjm1jpz-Zoom.jpg']"
Franck Muller,7885 rmt,Franck Muller,Sin documentos originales,Sin estuche original,2 505 376 HK$ (= 299 844 €),,"Usado (Muy bueno) El artículo presenta ligeras señales de uso, como unos leves arañazos, pero no son perceptibles.",No conocido,"['https://img.chrono24.com/images/uhren/39621936-ww6ulezdm8n0mxcn2on3omv6-Zoom.jpg', 'https://img.chrono24.com/images/uhren/39621936-qatk2c6624m81lhc7srkkgwp-Zoom.jpg', 'https://img.chrono24.com/images/uhren/39621936-0caunl35m0gusapd1mobkcf2-Zoom.jpg', 'https://img.chrono24.com/images/uhren/39621936-soxdz8fg1txpjtdioibk5e1d-Zoom.jpg', 'https://img.chrono24.com/images/uhren/39621936-emfsq6gsx7cn8dalwyn4uw6r-Zoom.jpg', 'https://img.chrono24.com/images/uhren/39621936-umt6g1d6f9yfpjau4srv6hpv-Zoom.jpg', 'https://img.chrono24.com/images/uhren/39621936-nfr0pewfajy4hy01kybte21o-Zoom.jpg', 'https://img.chrono24.com/images/uhren/39621936-8rkg6udy0bddebzvmh6pcyq1-Zoom.jpg']"
Franck Muller Vanguard,V45 Sc Dt Ve Krypton,Franck Muller,Con documentos originales,Con estuche original,15 000 €,Vanguard,Nuevo El artículo es nuevo y no presenta señales de uso. El periodo de garantía comienza a partir de la compra del reloj.,2025,"['https://img.chrono24.com/images/uhren/38330247-djfap3mqpn20ryj5po7yuhgl-Zoom.jpg', 'https://img.chrono24.com/images/uhren/38330247-fw7elsrbup9kwzgw6a40ps2v-Zoom.jpg', 'https://img.chrono24.com/images/uhren/38330247-vcbjfq4endcffdim216u6rdb-Zoom.jpg', 'https://img.chrono24.com/images/uhren/38330247-08zexhmq3x2ob9lbjv4y0yld-Zoom.jpg', 'https://img.chrono24.com/images/uhren/38330247-rmqi7e5fn7127zvy3yvb6hym-Zoom.jpg', 'https://img.chrono24.com/images/uhren/38330247-lji9fv7tcz1qnmndls6z1u27-Zoom.jpg', 'https://img.chrono24.com/images/uhren/38330247-0tqlr416yppql59uylsjsomu-Zoom.jpg']"
Franck Muller Cintrée Curvex,Black Dial,Franck Muller,Con documentos originales,Sin estuche original,1750 €,Cintrée Curvex,"Usado (Muy bueno) El artículo presenta ligeras señales de uso, como unos leves arañazos, pero no son perceptibles.",2006,"['https://img.chrono24.com/images/uhren/o6q7aszilpjw-it58lmpmgxzio2e1hkrwf7t1-Zoom.jpg', 'https://img.chrono24.com/images/uhren/ff3y2asv8so3-1fdimyde8lk1ah12rom6e5yn-Zoom.jpg', 'https://img.chrono24.com/images/uhren/de7qvsfcun4k-ztxa97q7eoc5za1sk8dnide8-Zoom.jpg', 'https://img.chrono24.com/images/uhren/thxy73eoy2fl-o61yyl7t71t54yieptfu67ag-Zoom.jpg', 'https://img.chrono24.com/images/uhren/x6y85u89ia44-sunlhf0mdkos0v3omvhrxx4t-Zoom.jpg', 'https://img.chrono24.com/images/uhren/pd45lzd8oxo6-45e4kesxojc6m8rzc65oop21-Zoom.jpg', 'https://img.chrono24.com/images/uhren/dlcdjkujxwyq-jlgcagbb1xzbd8e2uetktcf4-Zoom.jpg', 'https://img.chrono24.com/images/uhren/fwzuzem5bmzi-y7wo95ywr4pavepyl0is7gjx-Zoom.jpg', 'https://img.chrono24.com/images/uhren/lseqb4nv7n8m-5wip0o0kjgqmc9t7emlht3gf-Zoom.jpg', 'https://img.chrono24.com/images/uhren/m492x5grp7wb-y1w4wt1h4eo3qj8i9x007bz2-Zoom.jpg', 'https://img.chrono24.com/images/uhren/9hfiyzajhcoi-8umeaugc95fwapu2qha0s58c-Zoom.jpg', 'https://img.chrono24.com/images/uhren/oqniby7uiw2u-8kdnfjozp52251yt0dbiblo1-Zoom.jpg']"
Franck Muller,Casablanca Crazy Hours - Colour Dreams - Oro Rosa - Full Set,Franck Muller,Con documentos originales,Con estuche original,18 000 € [Sujeto a negociación],,"Usado (Muy bueno) El artículo presenta ligeras señales de uso, como unos leves arañazos, pero no son perceptibles.",2022,"['https://img.chrono24.com/images/uhren/7h27hj1q3n9q-hnahy5301zroejelb2symicg-Zoom.jpg', 'https://img.chrono24.com/images/uhren/aplqafie44gi-1ax5c5r9iwfllowl4719et3a-Zoom.jpg', 'https://img.chrono24.com/images/uhren/xv2woclywr1y-xo5aw4dkvq34r7yxyxbjlc4v-Zoom.jpg', 'https://img.chrono24.com/images/uhren/mcy66qa0a314-7xim2nd8fm1z7hth3soclqh4-Zoom.jpg', 'https://img.chrono24.com/images/uhren/ixevvranc8vb-yg42c1ftd54fy5qpejnk0kqd-Zoom.jpg', 'https://img.chrono24.com/images/uhren/1ncx2lfbbdn2-a6h1onp7ihjx0ucsw62l631h-Zoom.jpg', 'https://img.chrono24.com/images/uhren/a6kaizctd9as-p4oovdoltgqbjq4e1jja0inr-Zoom.jpg', 'https://img.chrono24.com/images/uhren/k3ybdc6b21xg-z5652gjseosgqwpvkyj06seg-Zoom.jpg', 'https://img.chrono24.com/images/uhren/qar2zjkkzlg7-gwbd8b5lue7nr53vx8jlhm6k-Zoom.jpg', 'https://img.chrono24.com/images/uhren/39188708-yyr96v1iq7wmxy0xftc0dc7u-Zoom.jpg', 'https://img.chrono24.com/images/uhren/39188708-wvy3uzhsbetxxdvrhdktdngi-Zoom.jpg', 'https://img.chrono24.com/images/uhren/39188708-j2jq3uhtek3ey5n65txopxcq-Zoom.jpg']"
Franck Muller Vanguard,Skeleton Seven Days Vanguard,Franck Muller,Sin documentos originales,Sin estuche original,32 999 $ (= 30 624 €),Vanguard,"Usado (Muy bueno) El artículo presenta ligeras señales de uso, como unos leves arañazos, pero no son perceptibles.",No conocido,"['https://img.chrono24.com/images/uhren/37025521-tbuf2xt93ukd9pba5dc1o2xc-Zoom.jpg', 'https://img.chrono24.com/images/uhren/37025521-kc2xz3cd0ewv1i84za38xo4r-Zoom.jpg', 'https://img.chrono24.com/images/uhren/37025521-kfpmbe8xkmhxzq80se88t5in-Zoom.jpg', 'https://img.chrono24.com/images/uhren/37025521-fxxp7ywgoh5pxx0zqpsdmbeu-Zoom.jpg', 'https://img.chrono24.com/images/uhren/37025521-t6hb9a9abw9m8c8x2q7nar8i-Zoom.jpg', 'https://img.chrono24.com/images/uhren/37025521-fmhyhxpr4kgzi7yii5aqoijs-Zoom.jpg', 'https://img.chrono24.com/images/uhren/37025521-khibmjyfgw43z1t7dy4xl1j2-Zoom.jpg', 'https://img.chrono24.com/images/uhren/37025521-a9lvpzktxad7ni2g4tom3m28-Zoom.jpg']"
Franck Muller Vanguard,V45SCDT Automático Bueno,Franck Muller,Con documentos originales,Con estuche original,488 250 ¥ (= 3135 €),Vanguard,"Usado (Bueno) El artículo presenta señales visibles y perceptibles de uso, como arañazos, rozaduras o pequeñas abolladuras.",No conocido,"['https://img.chrono24.com/images/uhren/39444812-22d41fyk6pm69sxyn6hedf54-Zoom.jpg', 'https://img.chrono24.com/images/uhren/39444812-s5prw7uurtztkkqc5nxguwsu-Zoom.jpg', 'https://img.chrono24.com/images/uhren/39444812-k0jukgf94uccrmqge7secghj-Zoom.jpg', 'https://img.chrono24.com/images/uhren/39444812-0sr0l78w4e9nnhrqkefj3ls0-Zoom.jpg', 'https://img.chrono24.com/images/uhren/39444812-adsiyr0lcidwkqzjnz68v6nz-Zoom.jpg', 'https://img.chrono24.com/images/uhren/39444812-ae0czxq9gda0koxtkmefm49k-Zoom.jpg']"
Franck Muller Conquistador,8001cc,Franck Muller,Sin documentos originales,Con estuche original,4500 €,Conquistador,"Usado (Muy bueno) El artículo presenta ligeras señales de uso, como unos leves arañazos, pero no son perceptibles.",2002,"['https://img.chrono24.com/images/uhren/z4ft9oe0fyta-zl5a3hd8faqc8pvnhsoved0w-Zoom.jpg', 'https://img.chrono24.com/images/uhren/l82umcr5jxwv-gs5cvl1u66lpr6dio8dcwjlc-Zoom.jpg', 'https://img.chrono24.com/images/uhren/2tabhau95nsc-ppux4s1own6gr20b66wjp8v2-Zoom.jpg', 'https://img.chrono24.com/images/uhren/bltxf3bu6hkf-czeoof6lhf8vjz4416m2qwk3-Zoom.jpg', 'https://img.chrono24.com/images/uhren/q5n0hjinj4fr-ymde7zosb3phteqxtcb3awrs-Zoom.jpg', 'https://img.chrono24.com/images/uhren/d625jq1jpqan-8v2l3m4nr9026m6drd39rz4g-Zoom.jpg', 'https://img.chrono24.com/images/uhren/gue0zppy6s62-jzct6bihs5k6wjoneixlmhif-Zoom.jpg', 'https://img.chrono24.com/images/uhren/u0vju7ex6s2f-8o05uf8yw3zya0dp5spvpb4w-Zoom.jpg', 'https://img.chrono24.com/images/uhren/dc8d2jshcb6m-0i33nzk3l2uny36611tn3z8a-Zoom.jpg', 'https://img.chrono24.com/images/uhren/olaqh7hzqjzz-r5evmx6eruyht4xiwuxddezm-Zoom.jpg']"
Franck Muller Long Island,full gold.,Franck Muller,Sin documentos originales,Sin estuche original,9000 €,Long Island,"Usado (Muy bueno) El artículo presenta ligeras señales de uso, como unos leves arañazos, pero no son perceptibles.",No conocido,"['https://img.chrono24.com/images/uhren/32698253-zr7bw4356tpf6cy0wten73ey-Zoom.jpg', 'https://img.chrono24.com/images/uhren/32698253-huqhmce34xcwrl0mg0hjjxbn-Zoom.jpg', 'https://img.chrono24.com/images/uhren/32698253-wzoul39rzqyffcr0icreqgh9-Zoom.jpg']"
Franck Muller Color Dreams,Curvex Color Dreams,Franck Muller,Sin documentos originales,Sin estuche original,2995 $ (= 2779 €),Color Dreams,"Usado (Muy bueno) El artículo presenta ligeras señales de uso, como unos leves arañazos, pero no son perceptibles.",No conocido,"['https://img.chrono24.com/images/uhren/35211710-s9w2oorick6ilt97l2293ixq-Zoom.jpg', 'https://img.chrono24.com/images/uhren/35211710-q6e6ji5g7q8sedwjjroau3jp-Zoom.jpg', 'https://img.chrono24.com/images/uhren/35211710-fksb3nif352tg9hlq0f9ukw0-Zoom.jpg', 'https://img.chrono24.com/images/uhren/35211710-rywev13vge0fzu9oi4dhwojp-Zoom.jpg']"
Franck Muller,Curvex,Franck Muller,Sin documentos originales,Sin estuche original,3000 € [Sujeto a negociación],,"Como nuevo y sin estrenar El artículo no presenta señales de uso, como arañazos o abolladuras, y está sin estrenar. El artículo no ha sido pulido.",2001 (Año aproximado),"['https://img.chrono24.com/images/uhren/scn9gd5k26c0-ke2njetq2m3hj0u6dea6yfi4-Zoom.jpg', 'https://img.chrono24.com/images/uhren/nxuo2p499h9z-y5eavjr3hfnwlp8v169z1hu2-Zoom.jpg', 'https://img.chrono24.com/images/uhren/bzbv3l0ou2oc-es4k7sz21swb3edq6m48frrs-Zoom.jpg', 'https://img.chrono24.com/images/uhren/t10n536qctv4-9qmzhn6ltiplmcxx1dllo56q-Zoom.jpg', 'https://img.chrono24.com/images/uhren/ar1wo0gq96a1-9qguriqmlwjpisvq56qkvw0a-Zoom.jpg', 'https://img.chrono24.com/images/uhren/wpw821o8965v-4n6mfe55g591ffrmx9djb3p7-Zoom.jpg', 'https://img.chrono24.com/images/uhren/kvq9r8u4ale8-x9qfwqqerdmga90az9vv01ex-Zoom.jpg', 'https://img.chrono24.com/images/uhren/963s48n4ahnv-wk0y9zu267o02uyqsn05pz21-Zoom.jpg', 'https://img.chrono24.com/images/uhren/zrk2yl8stl0f-p8x3vt7evlkfeiovtp33kley-Zoom.jpg', 'https://img.chrono24.com/images/uhren/nuf8lq983jit-si9lvm36wg9d8yuowe1v661j-Zoom.jpg', 'https://img.chrono24.com/images/uhren/y7t5xme0lty6-sn8t68ei0sofqfem3ane8aah-Zoom.jpg', 'https://img.chrono24.com/images/uhren/m2vvudtabwz2-rm2o56keh8hsi6syuc0wd3ne-Zoom.jpg']"
Franck Muller Casablanca,New Franck Muller Casablanca 5850 CAC,Franck Muller,Con documentos originales,Con estuche original,4500 € [Sujeto a negociación],Casablanca,"Como nuevo y sin estrenar El artículo no presenta señales de uso, como arañazos o abolladuras, y está sin estrenar. El artículo no ha sido pulido.",2021,"['https://img.chrono24.com/images/uhren/7virejh22wbb-rotnmmiqdd6ugos7wad0g1yd-Zoom.jpg', 'https://img.chrono24.com/images/uhren/7d3a75kn6hya-t0hr0mxyu7bswcr055utp67j-Zoom.jpg', 'https://img.chrono24.com/images/uhren/7pv3rrfq25a7-hnjqk1zu0r7t2axhn3m7d0ya-Zoom.jpg', 'https://img.chrono24.com/images/uhren/8ncud3v5sfcq-sj2gu6lyofm4cjamzyf4sosk-Zoom.jpg', 'https://img.chrono24.com/images/uhren/bw07aavthjez-kede70yu8ojfo6ml6fr6d49d-Zoom.jpg', 'https://img.chrono24.com/images/uhren/jdhxugunjgc1-kd7356zwkzqrxlruh3sw9ydy-Zoom.jpg', 'https://img.chrono24.com/images/uhren/jk2fmfqox8gj-7z6j4lle4xn1i9bc6a24ifjw-Zoom.jpg', 'https://img.chrono24.com/images/uhren/7dfc05eu14mf-0lil6fy2rrs6om68p1v2gl89-Zoom.jpg']"
Franck Muller Crazy Hours,18K ROSE GOLD Box & Paper,Franck Muller,Con documentos originales,Sin estuche original,51 000 HK$ (= 6104 €),Crazy Hours,"Usado (Satisfactorio) El artículo presenta notables señales de uso, como arañazos y abolladuras.",No conocido,"['', '', '', 'https://img.chrono24.com/images/uhren/38104132-90ek6ydzinuusevb01689lg3-Zoom.jpg', 'https://img.chrono24.com/images/uhren/38104132-flhjw2nrx1wtrnysfwop55ri-Zoom.jpg', 'https://img.chrono24.com/images/uhren/38104132-f226et5vh4jp7l9sqxlkgrms-Zoom.jpg', 'https://img.chrono24.com/images/uhren/38104132-g0ekeextu3cdadtuzxdmuo9b-Zoom.jpg', 'https://img.chrono24.com/images/uhren/38104132-b36s41nssuigbadvsnlk39ab-Zoom.jpg', 'https://img.chrono24.com/images/uhren/38104132-uptjxzsfia9ikaz7sai025s8-Zoom.jpg', 'https://img.chrono24.com/images/uhren/38104132-g88zpkagj0cixgc5kj53eeeq-Zoom.jpg', 'https://img.chrono24.com/images/uhren/38104132-uwwwswu7sgcalm1iv0y45bby-Zoom.jpg']"
Franck Muller Conquistador,lady,Franck Muller,Sin documentos originales,Sin estuche original,1600 €,Conquistador,"Usado (Bueno) El artículo presenta señales visibles y perceptibles de uso, como arañazos, rozaduras o pequeñas abolladuras.",2013 (Año aproximado),"['https://img.chrono24.com/images/uhren/34025954-ixgs7v53kfynyvi6osc264ll-Zoom.jpg', 'https://img.chrono24.com/images/uhren/34025954-bdwowmxy9ksypv4y3rklibvf-Zoom.jpg', 'https://img.chrono24.com/images/uhren/34025954-vkf3ct1lq2u1amdvoo8qe42h-Zoom.jpg', 'https://img.chrono24.com/images/uhren/34025954-8x61sec1ls4xah7oexqxe4j0-Zoom.jpg', 'https://img.chrono24.com/images/uhren/34025954-hopc2jxzyh08fr7swer97rdw-Zoom.jpg', 'https://img.chrono24.com/images/uhren/34025954-gskrt6p9hkmizptcu3tlo196-Zoom.jpg', 'https://img.chrono24.com/images/uhren/34025954-h602driet8qu0nftpqpxqdbd-Zoom.jpg', 'https://img.chrono24.com/images/uhren/34025954-28xos9dpydmnexk5fz94e64b-Zoom.jpg', 'https://img.chrono24.com/images/uhren/34025954-jgs8l7vjlietyoag5dnzc6m9-Zoom.jpg', 'https://img.chrono24.com/images/uhren/34025954-qpb2spxu3ajy0j7708k484mh-Zoom.jpg', 'https://img.chrono24.com/images/uhren/34025954-tzyq10blocgkrnys4s9siqny-Zoom.jpg', 'https://img.chrono24.com/images/uhren/34025954-bubio2nci0cjuj7cvv26y5p1-Zoom.jpg', 'https://img.chrono24.com/images/uhren/34025954-3j1cvcdpix9i5lrn5sslc69b-Zoom.jpg', 'https://img.chrono24.com/images/uhren/34025954-nxo9dcxgx5ezsygdtsj8kesw-Zoom.jpg', 'https://img.chrono24.com/images/uhren/34025954-s6a1mhk2mehn0ctscofzpopq-Zoom.jpg']"
Franck Muller Conquistador Cortez,Chronograph Conquistador Black Franck Muller Conquistador Cortez,Franck Muller,Con documentos originales,Con estuche original,4750 € [Sujeto a negociación],Conquistador Cortez,"Usado (Muy bueno) El artículo presenta ligeras señales de uso, como unos leves arañazos, pero no son perceptibles.",2016,"['https://img.chrono24.com/images/uhren/5y2fey1nxe6q-ntoyjvvz64pcb447ji1jipuf-Zoom.jpg', 'https://img.chrono24.com/images/uhren/rdowkj4grf69-ci816kcfiqvc7nj8zhz2xle5-Zoom.jpg', 'https://img.chrono24.com/images/uhren/j9gncprnd5zu-c0ai4soztukzdfs6b7e9zgrm-Zoom.jpg', 'https://img.chrono24.com/images/uhren/cmoej23szv6v-fobd7hjddjh1ykpqczrat0aa-Zoom.jpg', 'https://img.chrono24.com/images/uhren/kpq34ua1pc0w-h1a4y6bc0ozbfsr7kirtdyyp-Zoom.jpg', 'https://img.chrono24.com/images/uhren/kdh7i4y68h2z-idktqovyqhqbdjza4dejnfrk-Zoom.jpg', 'https://img.chrono24.com/images/uhren/o7jxccej6vf0-ee8dllazcv93deqwb2b83e1j-Zoom.jpg', 'https://img.chrono24.com/images/uhren/yqdflqzx6v43-q60zsahyz1y90zdvsc9qpcbw-Zoom.jpg']"
Franck Muller Cintrée Curvex,Silver Dial,Franck Muller,Sin documentos originales,Sin estuche original,1750 €,Cintrée Curvex,"Usado (Muy bueno) El artículo presenta ligeras señales de uso, como unos leves arañazos, pero no son perceptibles.",No conocido,"['https://img.chrono24.com/images/uhren/39652210-l4u032rinfwm4ec4vrskcire-Zoom.jpg', 'https://img.chrono24.com/images/uhren/39652210-kssl0zemv94h15zwaskg623c-Zoom.jpg', 'https://img.chrono24.com/images/uhren/39652210-1qsjfu1hu7ikm9d38jdusayt-Zoom.jpg', 'https://img.chrono24.com/images/uhren/39652210-b087oysm6ilyvx5w8wpgunlp-Zoom.jpg', 'https://img.chrono24.com/images/uhren/39652210-j4xg1xrrjp9ab4jw8hy1xqxt-Zoom.jpg', 'https://img.chrono24.com/images/uhren/39652210-8nkb7899xt3nkg9koj9pwghg-Zoom.jpg', 'https://img.chrono24.com/images/uhren/39652210-bji3eyzad2awgdduf764x4r3-Zoom.jpg', 'https://img.chrono24.com/images/uhren/39652210-kgd6ld5yq5mcly50zvgfcg50-Zoom.jpg', 'https://img.chrono24.com/images/uhren/39652210-6zjhybhm2r00x1yjzrl39tyf-Zoom.jpg', 'https://img.chrono24.com/images/uhren/39652210-xoi1a44vsk5qypuakfd3jdd2-Zoom.jpg', 'https://img.chrono24.com/images/uhren/39652210-4ztenpqu258pd2vi1sfzms0i-Zoom.jpg', 'https://img.chrono24.com/images/uhren/39652210-6au4pv96e278vjj2keoyp1va-Zoom.jpg', 'https://img.chrono24.com/images/uhren/39652210-y65zel9bujy2ufneq0odsv7q-Zoom.jpg']"
Franck Muller Vanguard,Black titanium,Franck Muller,Sin documentos originales,Con estuche original,6200 € [Sujeto a negociación],Vanguard,"Como nuevo y sin estrenar El artículo no presenta señales de uso, como arañazos o abolladuras, y está sin estrenar. El artículo no ha sido pulido.",2018 (Año aproximado),"['https://img.chrono24.com/images/uhren/39121828-18rr11dikkbm2cdfxz4gmlh9-Zoom.jpg', 'https://img.chrono24.com/images/uhren/39121828-qst82gd8nph5xgxq8eqesg0q-Zoom.jpg', 'https://img.chrono24.com/images/uhren/39121828-fcygtmswyab5fhotjor0lzus-Zoom.jpg', 'https://img.chrono24.com/images/uhren/39121828-n3jye9kqans1mgxlheoatt5q-Zoom.jpg', 'https://img.chrono24.com/images/uhren/39121828-jcvp13j49cg25hhho45mwaeg-Zoom.jpg', 'https://img.chrono24.com/images/uhren/39121828-20gob0acpnttvmsugm9pfnh0-Zoom.jpg', 'https://img.chrono24.com/images/uhren/39121828-20gob0acpnttvmsugm9pfnh0-Zoom.jpg', 'https://img.chrono24.com/images/uhren/39121828-2jst08foutfah6qcs36ld120-Zoom.jpg', 'https://img.chrono24.com/images/uhren/39121828-22zuudxi7gsq4xbf57qugde0-Zoom.jpg', 'https://img.chrono24.com/images/uhren/39121828-nrg0arnl4ild1c607b55seln-Zoom.jpg', 'https://img.chrono24.com/images/uhren/39121828-j6iohey98zz3eox8g13h4qeq-Zoom.jpg', 'https://img.chrono24.com/images/uhren/39121828-mwjo2g6zgv61a6htpnt2j4ab-Zoom.jpg']"
Franck Muller Vanguard,Loes Van Delft limited edition,Franck Muller,Con documentos originales,Con estuche original,14 750 €,Vanguard,"Como nuevo y sin estrenar El artículo no presenta señales de uso, como arañazos o abolladuras, y está sin estrenar. El artículo no ha sido pulido.",2024,"['https://img.chrono24.com/images/uhren/36445990-zpr7i92tsa4gt9mky2tp59vf-Zoom.jpg', 'https://img.chrono24.com/images/uhren/36445990-4fl5l4fwq6bp5k41s97v74xd-Zoom.jpg', 'https://img.chrono24.com/images/uhren/36445990-e67tq7wgevfrz05d3x4ik52l-Zoom.jpg', 'https://img.chrono24.com/images/uhren/36445990-ucscqajntrslh2a81zj09uen-Zoom.jpg', 'https://img.chrono24.com/images/uhren/36445990-fefhylvu2mdllrnj19rgtzxv-Zoom.jpg']"
Franck Muller Mariner,Reloj Edición Limitada desafion Español 2007 unidad n*135,Franck Muller,Sin documentos originales,Con estuche original,10 999 € [Sujeto a negociación],Mariner,"Usado (Bueno) El artículo presenta señales visibles y perceptibles de uso, como arañazos, rozaduras o pequeñas abolladuras.",2007,"['https://img.chrono24.com/images/uhren/d1rvppe0ku9p-apnmr3u0kf1go43b8pxfnzsg-Zoom.jpg', 'https://img.chrono24.com/images/uhren/yh1x7hh9zwmx-9b0ejfkzstltd89lz0jcgtd9-Zoom.jpg', 'https://img.chrono24.com/images/uhren/0vf9ryh0v7uu-dd2t54qpyci65le78aek5bca-Zoom.jpg', 'https://img.chrono24.com/images/uhren/x4ic2n80p65w-r14l4kxkdh5x364iye1meeef-Zoom.jpg', 'https://img.chrono24.com/images/uhren/e05fs0o0ap1m-z65p9w17gui28a7qxybw6jav-Zoom.jpg', 'https://img.chrono24.com/images/uhren/7scwowfrrwyz-n5wntb0jbdwr750aeq1fiiv7-Zoom.jpg', 'https://img.chrono24.com/images/uhren/j2as2rd1pi23-ldq8v9u279lov3mtgpweypvp-Zoom.jpg', 'https://img.chrono24.com/images/uhren/n5ejgzbuhxl8-29vim9co54hn5vxr0tix577h-Zoom.jpg', 'https://img.chrono24.com/images/uhren/f8tazamiityz-3ivnidr96vrwraeg8acj1z94-Zoom.jpg', 'https://img.chrono24.com/images/uhren/i04f15yrmnxv-wwj8pgu4zk37xdm8v7pmuaea-Zoom.jpg', 'https://img.chrono24.com/images/uhren/18b33f9gi9lf-pgdg956uce1aks4hozjkpyq9-Zoom.jpg', 'https://img.chrono24.com/images/uhren/221ntc1s3hs8-b0onk9vm1l13qkmi7j4xpbd5-Zoom.jpg', 'https://img.chrono24.com/images/uhren/trcudvsthgj6-kq02gjvvtpmzuey8yldx9nnq-Zoom.jpg']"
Bell & Ross BR V2,V2-92 Black Correa de caucho con hebilla extra sin caja ni documentos,Bell & Ross,Sin documentos originales,Sin estuche original,1550 € [Sujeto a negociación],BR V2,"Usado (Bueno) El artículo presenta señales visibles y perceptibles de uso, como arañazos, rozaduras o pequeñas abolladuras.",No conocido,"['https://img.chrono24.com/images/uhren/umll5xl907yo-o1et4w7zo1va6nrnlrxje1ip-Zoom.jpg', 'https://img.chrono24.com/images/uhren/h3m1kr6xx8sx-7kznb1aco1akhoeyzqo28sec-Zoom.jpg', 'https://img.chrono24.com/images/uhren/davn0lanplv9-0kcsds2eeaslsxal7skbw6au-Zoom.jpg', 'https://img.chrono24.com/images/uhren/yfdwbjoqgphw-u967gtplb5hvxs93yev18rg0-Zoom.jpg', 'https://img.chrono24.com/images/uhren/rtop6wjgp01i-q4mqxf5dju0dd1o0iegko2e1-Zoom.jpg', 'https://img.chrono24.com/images/uhren/akxqwnoveyoh-egehorq5war5ap28daldsm0b-Zoom.jpg', 'https://img.chrono24.com/images/uhren/4mxh0va4f1o5-veyhb80jtb2fa9ryyg2xjpw4-Zoom.jpg', 'https://img.chrono24.com/images/uhren/calmb58vaaev-byvrx6qq1ooblfs5t5sw01g6-Zoom.jpg', 'https://img.chrono24.com/images/uhren/46s45x95pj5o-bzn34odh1un90o06c3lpzmlc-Zoom.jpg']"
Bell & Ross BR 02,caja original perfecto estado de uso revisaso,Bell & Ross,Con documentos originales,Con estuche original,2400 € [Sujeto a negociación],BR 02,"Usado (Muy bueno) El artículo presenta ligeras señales de uso, como unos leves arañazos, pero no son perceptibles.",No conocido,"['https://img.chrono24.com/images/uhren/4xe5bf3zhqyi-0w5h50nvehu9wvkrxkxf2yau-Zoom.jpg', 'https://img.chrono24.com/images/uhren/j9jbk0n7mi79-m6h977wnukd43es0o85n42nk-Zoom.jpg', 'https://img.chrono24.com/images/uhren/ee3ph9kkwv7t-1t1l6jh51eekbygpzqzs5jhu-Zoom.jpg', 'https://img.chrono24.com/images/uhren/lyx8f5076j9k-wsrkyvtmz3czcs9kqjvk6bbl-Zoom.jpg', 'https://img.chrono24.com/images/uhren/yh0iz4zokdm2-tbogib77ha7jed7dxb2jpibn-Zoom.jpg', 'https://img.chrono24.com/images/uhren/2zhmsocyyhag-inkio9vx61tk8qkw6gd4kt4h-Zoom.jpg', 'https://img.chrono24.com/images/uhren/a9sqt0oo0vfe-iv8l6u4ih3vw01cvqji9yp7d-Zoom.jpg', 'https://img.chrono24.com/images/uhren/cj0udkuqhz14-egaz66kk5ejzoqzui5s26mo7-Zoom.jpg']"
Bell & Ross BR 03,Bell＆Ross BR03-92 Phantom BR03-92PHANTOM,Bell & Ross,Con documentos originales,Con estuche original,310 436 ¥ (= 1994 €),BR 03,"Usado (Muy bueno) El artículo presenta ligeras señales de uso, como unos leves arañazos, pero no son perceptibles.",2009 (Año aproximado),"['', '', '', '', '', '', '']"
Bell & Ross BR 01-92,Orange Limited edition 250uds. Set complete,Bell & Ross,Con documentos originales,Con estuche original,3450 € [Sujeto a negociación],BR 01-92,"Como nuevo y sin estrenar El artículo no presenta señales de uso, como arañazos o abolladuras, y está sin estrenar. El artículo no ha sido pulido.",2007 (Año aproximado),"['https://img.chrono24.com/images/uhren/i8tdq4nolbkd-62puf28e01ys9ixtpqel497m-Zoom.jpg', 'https://img.chrono24.com/images/uhren/5s5qt3gkda5q-zjo59ve55vhyi72e0t4kwlw3-Zoom.jpg', 'https://img.chrono24.com/images/uhren/4m89fmcshgyd-bugljr2jnf9bwarvgwa0wvlv-Zoom.jpg', 'https://img.chrono24.com/images/uhren/2o32zf8qasjv-5e5tl7tj5z2u9ef7cpdwh2e3-Zoom.jpg', 'https://img.chrono24.com/images/uhren/sicbo0zgge4h-zdzonu7f8vrw56k8dsmqegp2-Zoom.jpg', 'https://img.chrono24.com/images/uhren/31cnpyzjob0d-svdv6z47ryzenrxow69v9x6p-Zoom.jpg', 'https://img.chrono24.com/images/uhren/eagarv2wwdix-qogvhpjk3fzw804niaqf6ja5-Zoom.jpg', 'https://img.chrono24.com/images/uhren/frie94chbltp-olloy7j1iy2txnh3bwmvjxps-Zoom.jpg', 'https://img.chrono24.com/images/uhren/25drp2tby6am-a3ueul6fq6zgjnbn9x5gm930-Zoom.jpg']"
Bell & Ross Vintage,110S,Bell & Ross,Sin documentos originales,Sin estuche original,1600 €,Vintage,"Usado (Muy bueno) El artículo presenta ligeras señales de uso, como unos leves arañazos, pero no son perceptibles.",No conocido,"['https://img.chrono24.com/images/uhren/39761550-9jx1vdr7yhqxot3ddjzgjmxc-Zoom.jpg', 'https://img.chrono24.com/images/uhren/39761550-910avb1lql30ld3su3703b2v-Zoom.jpg', 'https://img.chrono24.com/images/uhren/39761550-sephyzq8a4g5yf4brf3o6oo6-Zoom.jpg', 'https://img.chrono24.com/images/uhren/39761550-x7895a83dz27n0n02w115ehr-Zoom.jpg', 'https://img.chrono24.com/images/uhren/39761550-kznemlfnvah0of3gbmdzjvwb-Zoom.jpg', 'https://img.chrono24.com/images/uhren/39761550-04vpbhdwo9eerjfv6pt3f59p-Zoom.jpg', 'https://img.chrono24.com/images/uhren/39761550-f8timf0fghbetyzevnl4wlwq-Zoom.jpg']"
Bell & Ross BR 03-94 Chronographe,x ALAIN SILBERSTEIN BR 03-94 KRONO 22 limited edition Edizione limitata 100 esemplari nuovo,Bell & Ross,Con documentos originales,Con estuche original,5700 € [Sujeto a negociación],BR 03-94 Chronographe,"Como nuevo y sin estrenar El artículo no presenta señales de uso, como arañazos o abolladuras, y está sin estrenar. El artículo no ha sido pulido.",2023,"['https://img.chrono24.com/images/uhren/36292464-hzgu0bk74b4wom1uag5wnat5-Zoom.jpg', 'https://img.chrono24.com/images/uhren/740yisd2yx9n-cskdngnzcg2d3v86qi180jx9-Zoom.jpg', 'https://img.chrono24.com/images/uhren/36292464-waj34ld96wxbyecghhlc6ekv-Zoom.jpg', 'https://img.chrono24.com/images/uhren/36292464-qmox8ibe48398eskhqelfxa1-Zoom.jpg', 'https://img.chrono24.com/images/uhren/36292464-pcdcoit7nvt1uxz7eel340kf-Zoom.jpg', 'https://img.chrono24.com/images/uhren/enpldzj9lhg5-x920hceocjn5ihz5gg2rwa5e-Zoom.jpg', 'https://img.chrono24.com/images/uhren/t4rey2uu7hh8-u35h1i7h91du4sekwrkqrzxs-Zoom.jpg']"
Bell & Ross BR 01-94 Chronographe,Pro Bell&Ross BR-01-94 Chrono Titanio,Bell & Ross,Con documentos originales,Con estuche original,3900 € [Sujeto a negociación],BR 01-94 Chronographe,"Usado (Muy bueno) El artículo presenta ligeras señales de uso, como unos leves arañazos, pero no son perceptibles.",2012 (Año aproximado),"['https://img.chrono24.com/images/uhren/a3glmosugsmv-dtwddomkvd09cgv5peo521cy-Zoom.jpg', 'https://img.chrono24.com/images/uhren/tqbhvrjy1se2-vlhl6u35r5dlxlglst53lpgf-Zoom.jpg', 'https://img.chrono24.com/images/uhren/pempt82hd5ep-ew4dzhimt4jwywu0lso3eihr-Zoom.jpg', 'https://img.chrono24.com/images/uhren/rk9m13hepu56-g8jc1llxewmzt6ekndm9dzl4-Zoom.jpg', 'https://img.chrono24.com/images/uhren/33tny0y4r3qn-l0xfoaneydvunwk231cykpuh-Zoom.jpg', 'https://img.chrono24.com/images/uhren/s40h9bf0wqgn-t481jj5pgyyca3zzy5s3a52y-Zoom.jpg', 'https://img.chrono24.com/images/uhren/lje3nl0sgu9t-f529km2sbcnox1zh8p1iuc8v-Zoom.jpg', 'https://img.chrono24.com/images/uhren/vsltd1ijvqiq-5w0tal1h030d0j80yng65rmu-Zoom.jpg', 'https://img.chrono24.com/images/uhren/9071bckfjugi-dz4a2lgjm77xhqmmmwoj1rd7-Zoom.jpg', 'https://img.chrono24.com/images/uhren/74a6z9u7tmg2-5s22e10q1h75pxfooqr5qd7v-Zoom.jpg', 'https://img.chrono24.com/images/uhren/o4omwv6lov1r-r8p6apk581krubnsmnwqcu4d-Zoom.jpg', 'https://img.chrono24.com/images/uhren/znubnfcjklh8-byvsmviu61rd0kp00igl3nf1-Zoom.jpg']"
Bell & Ross BR 03-94 Chronographe,R.S.18 Limited Edition BR0394RS18,Bell & Ross,Con documentos originales,Con estuche original,4200 € [Sujeto a negociación],BR 03-94 Chronographe,"Usado (Muy bueno) El artículo presenta ligeras señales de uso, como unos leves arañazos, pero no son perceptibles.",2018,"['https://img.chrono24.com/images/uhren/35199372-wbhmchloav3jz7ef7nxncsl9-Zoom.jpg', 'https://img.chrono24.com/images/uhren/35199372-uuyj98s9ks2e1ak9ebc3otrg-Zoom.jpg', 'https://img.chrono24.com/images/uhren/35199372-gegcw0ovnd1p39j50q6s90z6-Zoom.jpg', 'https://img.chrono24.com/images/uhren/35199372-76e8tgl9u7hr0r8swlubq0wz-Zoom.jpg', 'https://img.chrono24.com/images/uhren/35199372-wsew5ahx69t5mlrg35i4xp36-Zoom.jpg', 'https://img.chrono24.com/images/uhren/35199372-eg0cmdcdzwmoy8cyfusakf0y-Zoom.jpg', 'https://img.chrono24.com/images/uhren/35199372-eas3uahn430rt6clqammgr44-Zoom.jpg', 'https://img.chrono24.com/images/uhren/35199372-hxmtsppehd7nz1m6co4c6038-Zoom.jpg']"
Bell & Ross,300s space 3,Bell & Ross,Sin documentos originales,Sin estuche original,1950 € [Sujeto a negociación],,"Usado (Bueno) El artículo presenta señales visibles y perceptibles de uso, como arañazos, rozaduras o pequeñas abolladuras.",2000 (Año aproximado),"['https://img.chrono24.com/images/uhren/38215279-ewa4nqxzf02linjz8649jmmu-Zoom.jpg', 'https://img.chrono24.com/images/uhren/38215279-u395i13utf7p78ooaewsghxv-Zoom.jpg', 'https://img.chrono24.com/images/uhren/38215279-cqt3by76s3yrq2xyp4chis3g-Zoom.jpg', 'https://img.chrono24.com/images/uhren/38215279-qtoaairog7zh6zn0qlqqhwxl-Zoom.jpg', 'https://img.chrono24.com/images/uhren/38215279-6lb57f8ss988xwoc3cl1dar4-Zoom.jpg', 'https://img.chrono24.com/images/uhren/38215279-d4g8wmydbkxwomgklg0nv16x-Zoom.jpg', 'https://img.chrono24.com/images/uhren/38215279-5ke593ju3ele4913aqjr5752-Zoom.jpg', 'https://img.chrono24.com/images/uhren/38215279-vssvfxzxz8nl0fx9nsb2dszb-Zoom.jpg']"
Bell & Ross BR 03-92 Steel,Golden Heritage,Bell & Ross,Con documentos originales,Con estuche original,2500 € [Sujeto a negociación],BR 03-92 Steel,"Usado (Muy bueno) El artículo presenta ligeras señales de uso, como unos leves arañazos, pero no son perceptibles.",2014,"['https://img.chrono24.com/images/uhren/8vwu06ywnerf-9l80ra2oplzzagiy3acq7i26-Zoom.jpg', 'https://img.chrono24.com/images/uhren/h8134r0m2mpd-uyemb49v9t17puisc5lb3stw-Zoom.jpg', 'https://img.chrono24.com/images/uhren/l7cx4twe5sgx-qpx1309b9m8su1dw04kvvrc9-Zoom.jpg', 'https://img.chrono24.com/images/uhren/p3itsdo2clau-mbt2n9wbspx50d5fl96wys5x-Zoom.jpg', 'https://img.chrono24.com/images/uhren/ss4q9ymgv4ny-5unorxif85z9b99jr5uf9j0s-Zoom.jpg', 'https://img.chrono24.com/images/uhren/zktqkd0pyxic-zd18gcj97mwi4k72gat89h9v-Zoom.jpg', 'https://img.chrono24.com/images/uhren/d3s2fdylzm7k-lrrd42tv2kzodd5c9ir322m5-Zoom.jpg', 'https://img.chrono24.com/images/uhren/fycrsudshw8l-qb35jtqzxfzg873t5hyepvb0-Zoom.jpg', 'https://img.chrono24.com/images/uhren/uihg9nwwi9d9-7v7pjk11wuedm28w1zolqxe9-Zoom.jpg', 'https://img.chrono24.com/images/uhren/8pw6kxoez5ie-uuowkh7t709fzathh41mpfb0-Zoom.jpg', 'https://img.chrono24.com/images/uhren/u247qi56a6yp-9nnaeim483jb9mavobrqkx6i-Zoom.jpg']"
Bell & Ross BR 01-97 Réserve de Marche,Aviation Power Reserve,Bell & Ross,Con documentos originales,Sin estuche original,9800 €,BR 01-97 Réserve de Marche,"Usado (Muy bueno) El artículo presenta ligeras señales de uso, como unos leves arañazos, pero no son perceptibles.",2007,"['https://img.chrono24.com/images/uhren/35929614-r66zwrgtz9usaax88ad3bvrx-Zoom.jpg', 'https://img.chrono24.com/images/uhren/35929614-9rk824w0yxwj86rent2h5y9e-Zoom.jpg', 'https://img.chrono24.com/images/uhren/35929614-8fid8pro8164prfg5cmscdoq-Zoom.jpg', 'https://img.chrono24.com/images/uhren/35929614-5j3cdtw2xw8ubcjt5157fkax-Zoom.jpg', 'https://img.chrono24.com/images/uhren/35929614-wj71iv6cq070s1yw7gxixnxy-Zoom.jpg', 'https://img.chrono24.com/images/uhren/35929614-kfu5hdr3jv4qol8dtcrhaup1-Zoom.jpg']"
Bell & Ross BR 03,BR03-92-S Dubai limited edition,Bell & Ross,Con documentos originales,Con estuche original,6200 € [Sujeto a negociación],BR 03,"Como nuevo y sin estrenar El artículo no presenta señales de uso, como arañazos o abolladuras, y está sin estrenar. El artículo no ha sido pulido.",2019 (Año aproximado),"['https://img.chrono24.com/images/uhren/33492925-u780dkwrb493mtqe7y1ox9rc-Zoom.jpg', 'https://img.chrono24.com/images/uhren/33492925-gqby25f45arpws2ooiggcdjy-Zoom.jpg', 'https://img.chrono24.com/images/uhren/33492925-3zlddy8zicqr4awo87xlj2cm-Zoom.jpg', 'https://img.chrono24.com/images/uhren/33492925-bli2uth6bv0yrqci6yjcd35k-Zoom.jpg', 'https://img.chrono24.com/images/uhren/33492925-ybe1kcm0nq6dmacxu8ibbt7u-Zoom.jpg', 'https://img.chrono24.com/images/uhren/33492925-4rr3newikcc53kg2u3zzt0kc-Zoom.jpg', 'https://img.chrono24.com/images/uhren/33492925-nfqbjk5ych7kgj6mwe1z0jki-Zoom.jpg', 'https://img.chrono24.com/images/uhren/33492925-g8ofom9p4gwi040ij7g64pjb-Zoom.jpg', 'https://img.chrono24.com/images/uhren/33492925-uce0cfcnuvegb7hcgdtbsfzy-Zoom.jpg']"
Bell & Ross BR 03,93 Gmt 42mm Ref.BR0393-BL-ST/SCA Warranty dated April 2021,Bell & Ross,Con documentos originales,Con estuche original,388 000 ¥ (= 2492 €) [Sujeto a negociación],BR 03,"Usado (Bueno) El artículo presenta señales visibles y perceptibles de uso, como arañazos, rozaduras o pequeñas abolladuras.",2021,"['https://img.chrono24.com/images/uhren/39815519-2lsbln4p649msojzd38xy2mn-Zoom.jpg', 'https://img.chrono24.com/images/uhren/39815519-ote8umnvf0y3a5zrsxqhc34d-Zoom.jpg', 'https://img.chrono24.com/images/uhren/39815519-v7vd39rcszf23uocbsjerh0b-Zoom.jpg', 'https://img.chrono24.com/images/uhren/39815519-53rnkqkv1vouey833fljskvn-Zoom.jpg', 'https://img.chrono24.com/images/uhren/39815519-ewjgs00dc3dasqibsgky2w3j-Zoom.jpg', 'https://img.chrono24.com/images/uhren/39815519-ebmgmnx2q2y8vp9zqfx04bnn-Zoom.jpg', 'https://img.chrono24.com/images/uhren/39815519-7ywmu6d61p3m3x90rzen0eb3-Zoom.jpg', 'https://img.chrono24.com/images/uhren/39815519-pmg0gj510dffyo3ell9swn7c-Zoom.jpg', 'https://img.chrono24.com/images/uhren/39815519-kuu6wzdqxzh53a9ii9v2z3vg-Zoom.jpg', 'https://img.chrono24.com/images/uhren/39815519-32i1dlolu2ctt86hqs7o1wbk-Zoom.jpg', 'https://img.chrono24.com/images/uhren/39815519-x4dz9vp7508zdk46arx4wggy-Zoom.jpg']"
Bell & Ross,BR-X5 Black Titanium,Bell & Ross,Con documentos originales,Con estuche original,7326 €,,Nuevo El artículo es nuevo y no presenta señales de uso. El periodo de garantía comienza a partir de la compra del reloj.,2025,['']
Bell & Ross BR 03,03-92 Diver Red Limited,Bell & Ross,Con documentos originales,Con estuche original,3300 $ (= 3062 €),BR 03,"Usado (Muy bueno) El artículo presenta ligeras señales de uso, como unos leves arañazos, pero no son perceptibles.",2021,"['https://img.chrono24.com/images/uhren/39797994-2fun58w20hyzjnlnkxk8hm83-Zoom.jpg', 'https://img.chrono24.com/images/uhren/39797994-qs5zyvwms9tfyb3zw4d6sp2x-Zoom.jpg', 'https://img.chrono24.com/images/uhren/39797994-fk7pobsfvaqbde0olq3gb8p0-Zoom.jpg', 'https://img.chrono24.com/images/uhren/39797994-ft7wcs79yosormt80ls86e1i-Zoom.jpg', 'https://img.chrono24.com/images/uhren/39797994-75lr3b0byj1a7hkta00qqlmv-Zoom.jpg', 'https://img.chrono24.com/images/uhren/39797994-jmb0vw6e2y4123hzoozui9aq-Zoom.jpg', 'https://img.chrono24.com/images/uhren/39797994-md2lipxtpdz0jypftspmvxd8-Zoom.jpg', 'https://img.chrono24.com/images/uhren/39797994-7s8zzset0b9q5ytv9j4oiay5-Zoom.jpg', 'https://img.chrono24.com/images/uhren/39797994-pqcu74db6syqj9r89qe3432n-Zoom.jpg', 'https://img.chrono24.com/images/uhren/39797994-p9q3hv3spatrmirc5jfdphjw-Zoom.jpg']"
Bell & Ross BR 05,Black,Bell & Ross,Con documentos originales,Sin estuche original,2850 €,BR 05,"Usado (Muy bueno) El artículo presenta ligeras señales de uso, como unos leves arañazos, pero no son perceptibles.",2018,"['https://img.chrono24.com/images/uhren/36530312-1fat65th8nj6w01aojcp0hn4-Zoom.jpg', 'https://img.chrono24.com/images/uhren/36530312-0gkgxhnhiztzvcyqsr3h7vy3-Zoom.jpg', 'https://img.chrono24.com/images/uhren/36530312-5n3t7snybsu9jdohhgqsa85o-Zoom.jpg', 'https://img.chrono24.com/images/uhren/36530312-y0rmqfr8mh9h7nuspwgfd5ah-Zoom.jpg', 'https://img.chrono24.com/images/uhren/36530312-x1l9q52ab89244w7hp4s2qtj-Zoom.jpg', 'https://img.chrono24.com/images/uhren/36530312-382gayr0fc0edob50qoo2ir9-Zoom.jpg', 'https://img.chrono24.com/images/uhren/36530312-1ogngwolod0a6tp5b7um4omn-Zoom.jpg', 'https://img.chrono24.com/images/uhren/36530312-ix2aq6xkcjrtptvbgyaox0cm-Zoom.jpg', 'https://img.chrono24.com/images/uhren/36530312-e1uce1kxp9m6gpzta8pzarzy-Zoom.jpg', 'https://img.chrono24.com/images/uhren/36530312-5lgp11mdkf5twirohavbzmxf-Zoom.jpg', 'https://img.chrono24.com/images/uhren/36530312-81ez647oi6dru082kvlxnf5c-Zoom.jpg', 'https://img.chrono24.com/images/uhren/36530312-ssg7wzeh0okkehp4latxf6zf-Zoom.jpg', 'https://img.chrono24.com/images/uhren/36530312-zx2ml0jxd9i1gek446tanatn-Zoom.jpg', 'https://img.chrono24.com/images/uhren/36530312-myu1x5vfqig8fny7poox9j17-Zoom.jpg', 'https://img.chrono24.com/images/uhren/36530312-dogvu9lnndmk7z6jqroekgyz-Zoom.jpg', 'https://img.chrono24.com/images/uhren/36530312-7vq8legnm92irtvxb2v3727w-Zoom.jpg']"
Bell & Ross BR 03-92 Ceramic,Blue Ceramic Dos correas caucho(Azul) y Tela (Negra).,Bell & Ross,Con documentos originales,Con estuche original,1700 € [Sujeto a negociación],BR 03-92 Ceramic,"Usado (Muy bueno) El artículo presenta ligeras señales de uso, como unos leves arañazos, pero no son perceptibles.",2013,"['https://img.chrono24.com/images/uhren/39678941-n8vy4qpx1s0zycp8vqfcwvv1-Zoom.jpg', 'https://img.chrono24.com/images/uhren/39678941-mfewl27v6i7gtulu0l6rcitb-Zoom.jpg', 'https://img.chrono24.com/images/uhren/39678941-i1bgwpwkff9s7wtfr5ckh36g-Zoom.jpg', 'https://img.chrono24.com/images/uhren/39678941-gz4oyybva9xc4qo7nh05hzwt-Zoom.jpg', 'https://img.chrono24.com/images/uhren/39678941-sruklf8p3uprmx1ol9r73cqd-Zoom.jpg', 'https://img.chrono24.com/images/uhren/39678941-a76vd9ejirxtpcxv1p6bxupy-Zoom.jpg', 'https://img.chrono24.com/images/uhren/39678941-sf3bertozzxn1kcun4caxeaj-Zoom.jpg', 'https://img.chrono24.com/images/uhren/39678941-fku0kia9iw89ae7w8qbe5xsw-Zoom.jpg', 'https://img.chrono24.com/images/uhren/39678941-uibbnfo7vlbrl76iy0n3uivt-Zoom.jpg']"
Bell & Ross BR 03-94 Chronographe,05C Chronographe edicion limitada,Bell & Ross,Con documentos originales,Con estuche original,4500 € [Sujeto a negociación],BR 03-94 Chronographe,"Usado (Muy bueno) El artículo presenta ligeras señales de uso, como unos leves arañazos, pero no son perceptibles.",2023,"['https://img.chrono24.com/images/uhren/33658747-ef924km6x60iauokhltu1lis-Zoom.jpg', 'https://img.chrono24.com/images/uhren/33658747-s245n09nyynms7wx0vn8tgmd-Zoom.jpg', 'https://img.chrono24.com/images/uhren/33658747-7jfsy8n26krwlk0mdn83fpad-Zoom.jpg', 'https://img.chrono24.com/images/uhren/33658747-gnx411zhmesoeauehyagy64g-Zoom.jpg', 'https://img.chrono24.com/images/uhren/33658747-m2vw8j70a7dcd8144q8e2au4-Zoom.jpg', 'https://img.chrono24.com/images/uhren/33658747-61h24i7u392v0ft5dkzyhq79-Zoom.jpg', 'https://img.chrono24.com/images/uhren/33658747-6zkyq59zwjaq4g0zjkza59g9-Zoom.jpg', 'https://img.chrono24.com/images/uhren/33658747-0uy2hs8rhr8lt40azrwtps9q-Zoom.jpg', 'https://img.chrono24.com/images/uhren/33658747-pmh2x9llk3ku1i8a2w4vtqfy-Zoom.jpg', 'https://img.chrono24.com/images/uhren/33658747-vnj8t0etjqxm3v86xqul08sz-Zoom.jpg', 'https://img.chrono24.com/images/uhren/33658747-06rkitqpdz81t57lxlgrwaov-Zoom.jpg', 'https://img.chrono24.com/images/uhren/33658747-7i8k7liznctxut5fmhpuasi2-Zoom.jpg', 'https://img.chrono24.com/images/uhren/33658747-6rx3b440befeueqhzo767uol-Zoom.jpg', 'https://img.chrono24.com/images/uhren/33658747-jsym200dtcaiqfx6dcjhw9nk-Zoom.jpg']"
Bell & Ross BR 03,Automatic Black Dial,Bell & Ross,Con documentos originales,Con estuche original,2500 € [Sujeto a negociación],BR 03,"Usado (Muy bueno) El artículo presenta ligeras señales de uso, como unos leves arañazos, pero no son perceptibles.",No conocido,"['https://img.chrono24.com/images/uhren/39627399-z2fi2p0mkhddfjyi9ilefj6j-Zoom.jpg', 'https://img.chrono24.com/images/uhren/39627399-jkd8yehztzuqgmrk397mzfnf-Zoom.jpg', 'https://img.chrono24.com/images/uhren/39627399-eoa2z1a9p85g2cn18o4ud4tg-Zoom.jpg', 'https://img.chrono24.com/images/uhren/39627399-rmmgqflm55ypiis1yg9jf1e1-Zoom.jpg', 'https://img.chrono24.com/images/uhren/39627399-0nqv87b841rtw0wqoy2dos9k-Zoom.jpg', 'https://img.chrono24.com/images/uhren/39627399-tc4t62jhuvo4fftkqjw5g75e-Zoom.jpg', 'https://img.chrono24.com/images/uhren/39627399-yvkwdjvqa0ukf54zvf1cl1lq-Zoom.jpg', 'https://img.chrono24.com/images/uhren/39627399-ejk3wiibld37rwxygklaox66-Zoom.jpg', 'https://img.chrono24.com/images/uhren/39627399-kizeytxo91xvlgs1awm5gpin-Zoom.jpg', 'https://img.chrono24.com/images/uhren/39627399-kd063few49znkw4mzmorc1sz-Zoom.jpg', 'https://img.chrono24.com/images/uhren/39627399-7thx6e1oo85c8doz8m6lnevj-Zoom.jpg', 'https://img.chrono24.com/images/uhren/39627399-fm8rh8u1ikzszy4946eo5yxp-Zoom.jpg', 'https://img.chrono24.com/images/uhren/39627399-lfjbyi3u0x7rcx5ryhmltbxj-Zoom.jpg', 'https://img.chrono24.com/images/uhren/39627399-7lsa0drkw1f5rnv61g8fnwwh-Zoom.jpg', 'https://img.chrono24.com/images/uhren/39627399-mdve4yh4otc4cx0232chord5-Zoom.jpg']"
Bell & Ross BR 03,03-92 Diver Red Limited,Bell & Ross,Con documentos originales,Con estuche original,4200 €,BR 03,"Como nuevo y sin estrenar El artículo no presenta señales de uso, como arañazos o abolladuras, y está sin estrenar. El artículo no ha sido pulido.",2025,"['', '']"
Maurice Lacroix AIKON,Tide Black,Maurice Lacroix,Con documentos originales,Con estuche original,375 € [Sujeto a negociación],AIKON,"Como nuevo y sin estrenar El artículo no presenta señales de uso, como arañazos o abolladuras, y está sin estrenar. El artículo no ha sido pulido.",2024 (Año aproximado),"['https://img.chrono24.com/images/uhren/37814124-nwjgqq7o0ikqtqa1gy4414dk-Zoom.jpg', 'https://img.chrono24.com/images/uhren/37814124-s3yz36gha9bkuwzfttrvtzwm-Zoom.jpg', 'https://img.chrono24.com/images/uhren/37814124-jw9ui0sipbvdl9y3713ecfdp-Zoom.jpg', 'https://img.chrono24.com/images/uhren/37814124-szgphqaini5yzkjy0l1i97cy-Zoom.jpg', 'https://img.chrono24.com/images/uhren/37814124-axg1o5gwgtssv5bwv6e10xap-Zoom.jpg', 'https://img.chrono24.com/images/uhren/37814124-cgi8glm4o0rnni02c7z87pe8-Zoom.jpg', 'https://img.chrono24.com/images/uhren/37814124-qw229j67v17v3dkeln7lh8yz-Zoom.jpg', 'https://img.chrono24.com/images/uhren/37814124-arvwbiwxax0bn2f0r5xxzqb1-Zoom.jpg']"
Maurice Lacroix AIKON,42mm Ref.ai6008 Box&pap. Full Set Aikon Maurice Lacroix 42 mm Aikon With Box and Extra Links,Maurice Lacroix,Con documentos originales,Con estuche original,75 000 Rs. (= 803 €) [Sujeto a negociación],AIKON,"Usado (Bueno) El artículo presenta señales visibles y perceptibles de uso, como arañazos, rozaduras o pequeñas abolladuras.",2021,"['https://img.chrono24.com/images/uhren/38852547-e8viwvq2hi0ltpcgui3huotc-Zoom.jpg', 'https://img.chrono24.com/images/uhren/38852547-se0n6ca7miit17s0dg2oxf2f-Zoom.jpg', 'https://img.chrono24.com/images/uhren/38852547-qpf9tvirq3kn41t2bhzd8sk1-Zoom.jpg', 'https://img.chrono24.com/images/uhren/38852547-g5lncn9auiwyb27g2ruquapj-Zoom.jpg', 'https://img.chrono24.com/images/uhren/38852547-zsgy0fe82m8kfcvia9cdm5pj-Zoom.jpg', 'https://img.chrono24.com/images/uhren/38852547-1eitnsu63fcsk5yfgq7q6wls-Zoom.jpg', 'https://img.chrono24.com/images/uhren/38852547-2wteujxuv70kg1yfos2s4fpx-Zoom.jpg', 'https://img.chrono24.com/images/uhren/38852547-9viigdg99t798nejskvgyq0h-Zoom.jpg', 'https://img.chrono24.com/images/uhren/38852547-aa8c2iq93pdkk4jijit6a9u1-Zoom.jpg', 'https://img.chrono24.com/images/uhren/38852547-q9thk9mimwr61g2k9v9418wa-Zoom.jpg', 'https://img.chrono24.com/images/uhren/38852547-qo8mffo5qvai9ciiceg6i04z-Zoom.jpg', 'https://img.chrono24.com/images/uhren/38852547-u9jmg98t8o2e9ni1vnoc9tgc-Zoom.jpg', 'https://img.chrono24.com/images/uhren/38852547-3k36tx20ie10bnx353w4npu0-Zoom.jpg', 'https://img.chrono24.com/images/uhren/38852547-0m9tdliqcochaaw613v2lxsu-Zoom.jpg', 'https://img.chrono24.com/images/uhren/38852547-uhk4a3prwa7hpf8iz6v3rpra-Zoom.jpg', 'https://img.chrono24.com/images/uhren/38852547-exu062bd1mdl4oz70gvlqo78-Zoom.jpg']"
Maurice Lacroix AIKON,Venturer,Maurice Lacroix,Sin documentos originales,Sin estuche original,1368 € [Sujeto a negociación],AIKON,"Usado (Bueno) El artículo presenta señales visibles y perceptibles de uso, como arañazos, rozaduras o pequeñas abolladuras.",2021 (Año aproximado),"['https://img.chrono24.com/images/uhren/aofdjg8a8edw-lrgg3jkcxjhxvc57yy7d8i2r-Zoom.jpg', 'https://img.chrono24.com/images/uhren/8ka128ykapi9-x2c7ohympt3m36x53gsaqviz-Zoom.jpg', 'https://img.chrono24.com/images/uhren/8lgmmzeicffn-3svbs5pk5m2wx2e6x03fb47g-Zoom.jpg', 'https://img.chrono24.com/images/uhren/2e1yfyai95o1-d1q5lbeest6njhi7d2huhr7v-Zoom.jpg', 'https://img.chrono24.com/images/uhren/zojpyl4gdq9t-xvg3paqgzm3dsz320riwydqo-Zoom.jpg', 'https://img.chrono24.com/images/uhren/546nd4328ikt-73oj5k7fgsl145htvaxsrutu-Zoom.jpg', 'https://img.chrono24.com/images/uhren/9pwqpmnv9in2-awop9nru420f4x6tfccsn5cd-Zoom.jpg']"
Maurice Lacroix,Les Mécaniques - Damenuhr „DayDate“,Maurice Lacroix,Sin documentos originales,Con estuche original,690 € [Sujeto a negociación],,"Usado (Muy bueno) El artículo presenta ligeras señales de uso, como unos leves arañazos, pero no son perceptibles.",1995 (Año aproximado),"['https://img.chrono24.com/images/uhren/39384761-tvd352pwtfgqkrj3jcgoy6h5-Zoom.jpg', 'https://img.chrono24.com/images/uhren/39384761-hw113i3ozfnm2yahlym27zga-Zoom.jpg', 'https://img.chrono24.com/images/uhren/39384761-mc2q5pjwd263g7h411fu6dow-Zoom.jpg', 'https://img.chrono24.com/images/uhren/39384761-9vrlbutep7q3gf5plkk910qo-Zoom.jpg', 'https://img.chrono24.com/images/uhren/39384761-szi77ito14ssm4oi3ec68sx3-Zoom.jpg', 'https://img.chrono24.com/images/uhren/39384761-l08xabtardv53gkk84fxf97x-Zoom.jpg', 'https://img.chrono24.com/images/uhren/39384761-p9i0wt0pe64otevs9zvpn930-Zoom.jpg', 'https://img.chrono24.com/images/uhren/39384761-g7xdgoja0d5d7u2hdlrk749p-Zoom.jpg', 'https://img.chrono24.com/images/uhren/39384761-gmdt38jhhaz7dune9tifdrwx-Zoom.jpg', 'https://img.chrono24.com/images/uhren/39384761-oluf6la7hr22j3zi7gumkyec-Zoom.jpg', 'https://img.chrono24.com/images/uhren/39384761-5fcpee30rwrm94091d9n6yca-Zoom.jpg', 'https://img.chrono24.com/images/uhren/39384761-ie32obwr7g9fk42nhr7oa4mb-Zoom.jpg']"
Maurice Lacroix AIKON,Venturer Maurice Lacroix Aikon azul nuevo con correa extra,Maurice Lacroix,Con documentos originales,Con estuche original,1750 € [Sujeto a negociación],AIKON,"Como nuevo y sin estrenar El artículo no presenta señales de uso, como arañazos o abolladuras, y está sin estrenar. El artículo no ha sido pulido.",2023,"['', 'https://img.chrono24.com/images/uhren/36512030-i6mhnggetydc31udybodsrm7-Zoom.jpg', 'https://img.chrono24.com/images/uhren/36512030-7vowf1ld44ztojbsmrexvjyw-Zoom.jpg', 'https://img.chrono24.com/images/uhren/36512030-7vowf1ld44ztojbsmrexvjyw-Zoom.jpg', 'https://img.chrono24.com/images/uhren/36512030-q5iwep2vqs7ttahdswcfic6q-Zoom.jpg', 'https://img.chrono24.com/images/uhren/36512030-64nelgq0xastkbq4139jtsh0-Zoom.jpg', 'https://img.chrono24.com/images/uhren/36512030-fnwpzmrmfiz572tmkngzivaj-Zoom.jpg', 'https://img.chrono24.com/images/uhren/36512030-jhxcrxd3wkj5ybasm9r5bks6-Zoom.jpg', 'https://img.chrono24.com/images/uhren/36512030-nb6auc7zahaaf37oxxf5qwvk-Zoom.jpg', 'https://img.chrono24.com/images/uhren/36512030-uiequ8q8n9uu7eu85i8qhzej-Zoom.jpg', 'https://img.chrono24.com/images/uhren/36512030-eo6a2o59xhooztqd2pswx1bu-Zoom.jpg', 'https://img.chrono24.com/images/uhren/36512030-nuiek28yltiwzopmi8r8a0hb-Zoom.jpg', 'https://img.chrono24.com/images/uhren/36512030-nuiek28yltiwzopmi8r8a0hb-Zoom.jpg', 'https://img.chrono24.com/images/uhren/36512030-nuiek28yltiwzopmi8r8a0hb-Zoom.jpg', 'https://img.chrono24.com/images/uhren/36512030-lfima3qvkbws2n6cvoyf24n6-Zoom.jpg', 'https://img.chrono24.com/images/uhren/36512030-lp0x5ymdxoq9w9y3cni8rjc2-Zoom.jpg']"
Maurice Lacroix Masterpiece,Diamonds. Gorgeous. Elegant. Classy,Maurice Lacroix,Sin documentos originales,Sin estuche original,1150 € [Sujeto a negociación],Masterpiece,"Usado (Muy bueno) El artículo presenta ligeras señales de uso, como unos leves arañazos, pero no son perceptibles.",No conocido,"['https://img.chrono24.com/images/uhren/34198322-f47losrnfa2pu30anbs5xk1w-Zoom.jpg', 'https://img.chrono24.com/images/uhren/34198322-3t4h0db0l1y1mjjhxj6hk3ix-Zoom.jpg', 'https://img.chrono24.com/images/uhren/34198322-ihlqk55egppj6bu5qdzesp5n-Zoom.jpg', 'https://img.chrono24.com/images/uhren/34198322-8rppvqhiy1c3sx79wbuzglfu-Zoom.jpg', 'https://img.chrono24.com/images/uhren/34198322-dgchgfj6jwz4s0lr97684tlj-Zoom.jpg', 'https://img.chrono24.com/images/uhren/34198322-sl876qnq5vnfi57lsianpki5-Zoom.jpg', 'https://img.chrono24.com/images/uhren/34198322-rlkxgdyneqm8oa03k0xzmqn0-Zoom.jpg', 'https://img.chrono24.com/images/uhren/34198322-1nefufrwb9pbrzs7fzgiy5kx-Zoom.jpg', 'https://img.chrono24.com/images/uhren/34198322-9piejqiqt1urhwvavhpqvw5i-Zoom.jpg', 'https://img.chrono24.com/images/uhren/34198322-2r8e4oqoimsygn1hdy329ed2-Zoom.jpg']"
Maurice Lacroix Divina,DV5012 AN92356,Maurice Lacroix,Sin documentos originales,Sin estuche original,388 € [Sujeto a negociación],Divina,"Usado (Bueno) El artículo presenta señales visibles y perceptibles de uso, como arañazos, rozaduras o pequeñas abolladuras.",2000 (Año aproximado),"['https://img.chrono24.com/images/uhren/yn70mkmxixmv-4wdhnt41l8f6f252mwlfronx-Zoom.jpg', 'https://img.chrono24.com/images/uhren/jqhfl00aozli-eltpwk1yk5hunn7a13bbkf5h-Zoom.jpg', 'https://img.chrono24.com/images/uhren/f883nmquakiu-49nrt4ir42fy50q3s62bmbdo-Zoom.jpg', 'https://img.chrono24.com/images/uhren/3pnze1yrp57p-b4f1deuzlg0uiloz39xkqhz6-Zoom.jpg', 'https://img.chrono24.com/images/uhren/asuf0hf61bj8-o42e9lp2n3xvw2yufyn6mdnm-Zoom.jpg', 'https://img.chrono24.com/images/uhren/rhrdzsmpl937-jjsd4u4d97v9926zt9qllvnv-Zoom.jpg', 'https://img.chrono24.com/images/uhren/3i9m44wmbbxo-osfsod5v1c6nj267npnr99tg-Zoom.jpg']"
Maurice Lacroix AIKON,Automatic 42mm Maurice Lacroix Aikon 42mm green dial,Maurice Lacroix,Con documentos originales,Con estuche original,1400 € [Sujeto a negociación],AIKON,"Usado (Muy bueno) El artículo presenta ligeras señales de uso, como unos leves arañazos, pero no son perceptibles.",2021,"['https://img.chrono24.com/images/uhren/ji6m09tz63as-7c5mjbutx8nr3meq2vwwuajw-Zoom.jpg', 'https://img.chrono24.com/images/uhren/owl3rxc0ofii-xmfobxklx8r29s6puv4c1re5-Zoom.jpg', 'https://img.chrono24.com/images/uhren/owogljog3jzt-31n7bhtjwy7bl33q3gte2js8-Zoom.jpg', 'https://img.chrono24.com/images/uhren/8a04ua3lqj3p-u7fdcl9gk2lq4nm550tai43g-Zoom.jpg', 'https://img.chrono24.com/images/uhren/imdle0yh7lth-shpf0zewnupj5y112s6wbbu2-Zoom.jpg', 'https://img.chrono24.com/images/uhren/3s5s6b8terwr-06qmnocdl5j565h72tuq97si-Zoom.jpg', 'https://img.chrono24.com/images/uhren/68mwcbtjvph1-ipkffdflxq0pts5y1skixexs-Zoom.jpg', 'https://img.chrono24.com/images/uhren/zdtn03qddlrl-1wynqmik4d9bcjknos8cag07-Zoom.jpg', 'https://img.chrono24.com/images/uhren/6o2oyz1py9bf-y7jr8u091016pv213qvwx0i6-Zoom.jpg', 'https://img.chrono24.com/images/uhren/ec6nweo9u770-hr2ipaj4f7ogxo59onadnwiz-Zoom.jpg']"
Maurice Lacroix AIKON,Automatic Wotto Limited Edition | Full-Set 2025 | NEU | Limited 1000 pcs | 42mm | VIP,Maurice Lacroix,Con documentos originales,Con estuche original,3406 €,AIKON,Nuevo El artículo es nuevo y no presenta señales de uso. El periodo de garantía comienza a partir de la compra del reloj.,2025,"['https://img.chrono24.com/images/uhren/3a99f3vzudpn-xg37y46v7nlcgyfkniiedt4q-Zoom.jpg', 'https://img.chrono24.com/images/uhren/sb9jtgpfs8ex-c48ysutknwbo8uvltxzvp1at-Zoom.jpg', 'https://img.chrono24.com/images/uhren/3cj6gm4x7rgn-o3zkeftj7g1iw0qc0a2944t2-Zoom.jpg', 'https://img.chrono24.com/images/uhren/ok4ma7gd3dz8-lyd7xf8rexewwmaclpuyjtob-Zoom.jpg', 'https://img.chrono24.com/images/uhren/1f4bo2jy5ki0-53t4hbw4gqz16mbrclbky5x4-Zoom.jpg', 'https://img.chrono24.com/images/uhren/n1x4w8xva2fw-wmfqxhn5zfxqqgzdugegyjue-Zoom.jpg', 'https://img.chrono24.com/images/uhren/7sp7bn8oa4bs-f58r7ho7sqew9b9h9idkqftf-Zoom.jpg', 'https://img.chrono24.com/images/uhren/ha6vbkt72lng-2qfmaxog100i025q6sw231k5-Zoom.jpg', 'https://img.chrono24.com/images/uhren/jxnrsvg3q5nh-h0blbhistkv4dhjxw8inudth-Zoom.jpg', 'https://img.chrono24.com/images/uhren/rqzije2760cb-mfqh5lj3nus40xqx0x1bhhhd-Zoom.jpg', 'https://img.chrono24.com/images/uhren/5myq6kde6yym-ou2eouwp9pr5upkr2ydcdhtl-Zoom.jpg', 'https://img.chrono24.com/images/uhren/4hw9preuaapw-5ulcbws80bjbf6qjedciegn7-Zoom.jpg']"
Maurice Lacroix,señora,Maurice Lacroix,Sin documentos originales,Sin estuche original,275 € [Sujeto a negociación],,"Usado (Muy bueno) El artículo presenta ligeras señales de uso, como unos leves arañazos, pero no son perceptibles.",No conocido,"['https://img.chrono24.com/images/uhren/d3bohwtwaiv6-cwwx818r4g4jy04rs7covsjf-Zoom.jpg', 'https://img.chrono24.com/images/uhren/r0yjrnvroxfu-97iologbnu7n0ch2rtdp1pdc-Zoom.jpg', 'https://img.chrono24.com/images/uhren/j3ca40tlg3yq-arz83g12sade9rfmm8bw66un-Zoom.jpg', 'https://img.chrono24.com/images/uhren/wgd6ciatr7co-s5pxd5j9qzkubl2welpzoha6-Zoom.jpg', 'https://img.chrono24.com/images/uhren/cma1esib6u01-ivmjrscbj63oodjr2s7idxfa-Zoom.jpg', 'https://img.chrono24.com/images/uhren/qotecv0cuvz2-xn9xi40w9ibosrfxwpjhewgk-Zoom.jpg', 'https://img.chrono24.com/images/uhren/jcwwnv1f9ml9-7oynnu3wopf54soe5o0f0bwj-Zoom.jpg', 'https://img.chrono24.com/images/uhren/soby53tjwsaj-by4niazogq2lbxntx8oxkgfx-Zoom.jpg']"
Maurice Lacroix AIKON,Chronograph Juego completo con documentos originales,Maurice Lacroix,Con documentos originales,Con estuche original,900 € [Sujeto a negociación],AIKON,"Usado (Muy bueno) El artículo presenta ligeras señales de uso, como unos leves arañazos, pero no son perceptibles.",2018 (Año aproximado),"['https://img.chrono24.com/images/uhren/r0rmq0n8ktzh-jh71718fk9nta4qe86md7kvn-Zoom.jpg', 'https://img.chrono24.com/images/uhren/qlzgls6cdzoh-qwq5hbbf3dkx8idh3zyklbjh-Zoom.jpg', 'https://img.chrono24.com/images/uhren/zvsf1r3xjsf5-xjvs3vlmlv6gnslhhcgthnnf-Zoom.jpg', 'https://img.chrono24.com/images/uhren/o8jaqd28qpcq-xf3sa1abna5bo6oc9hs9gm3h-Zoom.jpg', 'https://img.chrono24.com/images/uhren/bh4jsaee2hwi-oscmeiuy087gjs0rmsq5ic61-Zoom.jpg', 'https://img.chrono24.com/images/uhren/9s159c1hyj72-uri6z329pnf8qgl9qx9dgms0-Zoom.jpg', 'https://img.chrono24.com/images/uhren/41kkwttvujob-u6rkmzp54ks1d6wobfcswo5v-Zoom.jpg', 'https://img.chrono24.com/images/uhren/3j9jblrtt0ti-5tvnx3aw5b9urkrbtncsgin0-Zoom.jpg']"
Maurice Lacroix Eliros,Date EL1118-SS001-110-2,Maurice Lacroix,Con documentos originales,Con estuche original,700 €,Eliros,Nuevo El artículo es nuevo y no presenta señales de uso. El periodo de garantía comienza a partir de la compra del reloj.,2024,"['https://img.chrono24.com/images/uhren/34605277-lw0v0ykn2y5ymp12u38ijq2z-Zoom.jpg', 'https://img.chrono24.com/images/uhren/34605277-vllqcd0ed7p7xxaze7uaaz2b-Zoom.jpg', 'https://img.chrono24.com/images/uhren/34605277-a3yg3vlzdek6gd7096eq1oyt-Zoom.jpg', 'https://img.chrono24.com/images/uhren/34605277-u2rwk8cdrdixiqwmuubavcp7-Zoom.jpg', 'https://img.chrono24.com/images/uhren/34605277-dgrun8zv5aj5ojjdle6a3q5b-Zoom.jpg', 'https://img.chrono24.com/images/uhren/34605277-zr8h68un9t1jfwdhi2rt8q14-Zoom.jpg', 'https://img.chrono24.com/images/uhren/34605277-zr8h68un9t1jfwdhi2rt8q14-Zoom.jpg']"
Maurice Lacroix AIKON,Venturer Limited Edition Edicion especial limitada a 500 unidades. Juego completo,Maurice Lacroix,Con documentos originales,Con estuche original,2000 € [Sujeto a negociación],AIKON,"Usado (Muy bueno) El artículo presenta ligeras señales de uso, como unos leves arañazos, pero no son perceptibles.",2022,"['https://img.chrono24.com/images/uhren/70u1tutpfz8y-9z2j2ahvvrtxytmo3w9dnaqn-Zoom.jpg', 'https://img.chrono24.com/images/uhren/so3l9ws4b04a-fqd00oogf1m6176r3k4stf2y-Zoom.jpg', 'https://img.chrono24.com/images/uhren/mvvyx8i49dcb-4elek4i5m3iwnlwqge2r9ye5-Zoom.jpg', 'https://img.chrono24.com/images/uhren/wk7rnsfolpvd-lij730b7xcqar6inqdmr42by-Zoom.jpg', 'https://img.chrono24.com/images/uhren/wi3sp1pyx1n2-8q8eval71wymn6vxgbfngudh-Zoom.jpg', 'https://img.chrono24.com/images/uhren/jae8x8esp93a-23m98jvc2izoyx3jyf6di8l3-Zoom.jpg', 'https://img.chrono24.com/images/uhren/jpus9n4ckvjd-isd6ke6wiz4hcyiqiw5rmpsk-Zoom.jpg']"
Maurice Lacroix,95327,Maurice Lacroix,Sin documentos originales,Sin estuche original,400 €,,"Usado (Bueno) El artículo presenta señales visibles y perceptibles de uso, como arañazos, rozaduras o pequeñas abolladuras.",2009 (Año aproximado),"['https://img.chrono24.com/images/uhren/34046202-1m4lygevvf151zgxpwdr61e9-Zoom.jpg', 'https://img.chrono24.com/images/uhren/34046202-zhmvzzrkb75of1rfdx89lku6-Zoom.jpg', 'https://img.chrono24.com/images/uhren/34046202-7bes635wavcikt4ovyx3qkhu-Zoom.jpg', 'https://img.chrono24.com/images/uhren/34046202-2om19cdo9nkqyus6llkwvcej-Zoom.jpg', 'https://img.chrono24.com/images/uhren/34046202-4lme3glfcglfw01gfqj3r4e5-Zoom.jpg']"
Maurice Lacroix AIKON,AI6008-SS002-430-1,Maurice Lacroix,Sin documentos originales,Con estuche original,128 942 ¥ (= 828 €),AIKON,"Usado (Muy bueno) El artículo presenta ligeras señales de uso, como unos leves arañazos, pero no son perceptibles.",No conocido,"['https://img.chrono24.com/images/uhren/39743480-qmucl08zwecper5cl27zxash-Zoom.jpg', 'https://img.chrono24.com/images/uhren/39743480-e8x07dzf9ezfvfnhvt7807in-Zoom.jpg', 'https://img.chrono24.com/images/uhren/39743480-ebtkugdndtxr28mgp34lvao7-Zoom.jpg', 'https://img.chrono24.com/images/uhren/39743480-9oezjh2jjq8rn4utkqzpchfq-Zoom.jpg', 'https://img.chrono24.com/images/uhren/39743480-gmnc9ztbtjz3jak1zuqvb4x5-Zoom.jpg', 'https://img.chrono24.com/images/uhren/39743480-jzrsktcq11qz8vn10yzsg54u-Zoom.jpg', 'https://img.chrono24.com/images/uhren/39743480-saf7ohg021wo9oylcrds5uw5-Zoom.jpg', 'https://img.chrono24.com/images/uhren/39743480-5n68g3g1bfm1a3d92ymkc8ur-Zoom.jpg', 'https://img.chrono24.com/images/uhren/39743480-upqfn4r1dyouajgklalkwem0-Zoom.jpg', 'https://img.chrono24.com/images/uhren/39743480-cy18o05n2gf9x7azzt0hfumw-Zoom.jpg', 'https://img.chrono24.com/images/uhren/39743480-axps3wmwxszapa03wvhelcod-Zoom.jpg', 'https://img.chrono24.com/images/uhren/39743480-zcy223ru7qnr1a9zpy4soer5-Zoom.jpg', 'https://img.chrono24.com/images/uhren/39743480-td5as1usj1dxlld05j8ko8qm-Zoom.jpg']"
Maurice Lacroix,Milestone Swiss made stainless dteel sapphire crystal 100 m water resi,Maurice Lacroix,Con documentos originales,Con estuche original,585 € [Sujeto a negociación],,"Como nuevo y sin estrenar El artículo no presenta señales de uso, como arañazos o abolladuras, y está sin estrenar. El artículo no ha sido pulido.",1995 (Año aproximado),"['https://img.chrono24.com/images/uhren/82nr9cdwm6zm-11hqkz1r3n9tg8r5ye3totwf-Zoom.jpg', 'https://img.chrono24.com/images/uhren/l8w0xqlk48hu-am2185gm5ukfoipuv5nl4ugo-Zoom.jpg', 'https://img.chrono24.com/images/uhren/97ub5cegduii-iqto6sdktnzejdustl14rzwc-Zoom.jpg', 'https://img.chrono24.com/images/uhren/hjcrsk2jv83q-fdbye5tzhgg9uh22pke0p885-Zoom.jpg', 'https://img.chrono24.com/images/uhren/eoty82jdzb4i-v5uusuhfl9i1yes92hw1nzi4-Zoom.jpg', 'https://img.chrono24.com/images/uhren/7gl9m94w9ved-0tclq905njrbvyjfd32hnefw-Zoom.jpg', 'https://img.chrono24.com/images/uhren/ah7xhhur9lko-pu2nn78fidm7fgi7ujjcxjqg-Zoom.jpg', 'https://img.chrono24.com/images/uhren/8s964c8ais8p-ldyrj2m8c9vdythxv7mw9hot-Zoom.jpg']"
Maurice Lacroix,Selena,Maurice Lacroix,Sin documentos originales,Sin estuche original,590 €,,"Usado (Muy bueno) El artículo presenta ligeras señales de uso, como unos leves arañazos, pero no son perceptibles.",No conocido,"['https://img.chrono24.com/images/uhren/22751186-hxphkr63t7wxgfzera24sjht-Zoom.jpg', 'https://img.chrono24.com/images/uhren/22751186-8n7mm6wo7po0zb16w9r8h545-Zoom.jpg', 'https://img.chrono24.com/images/uhren/22751186-4lc1kqdajav9393ao8x8m1f6-Zoom.jpg', 'https://img.chrono24.com/images/uhren/22751186-43mguaoy6w1rn11z7g0k82vn-Zoom.jpg', 'https://img.chrono24.com/images/uhren/22751186-s9km1vn8nwepeuz6465m5szv-Zoom.jpg', 'https://img.chrono24.com/images/uhren/22751186-w47ruz15eqe2ggt1kvng2xpk-Zoom.jpg', 'https://img.chrono24.com/images/uhren/22751186-0iuoqem7j2mngs6p83lymi4i-Zoom.jpg', 'https://img.chrono24.com/images/uhren/22751186-dxxra3qfl33h9gvjukewmlpt-Zoom.jpg']"
Maurice Lacroix Pontos Day Date,Steel Gold 18K 750 Day & Date automatic men's watch 09777,Maurice Lacroix,Sin documentos originales,Con estuche original,999 € [Sujeto a negociación],Pontos Day Date,"Usado (Muy bueno) El artículo presenta ligeras señales de uso, como unos leves arañazos, pero no son perceptibles.",No conocido,"['https://img.chrono24.com/images/uhren/34921072-35k3qx390r0xsolybyfd7v8i-Zoom.jpg', 'https://img.chrono24.com/images/uhren/34921072-j4jn1dbqspsmk9c3tnfn3zbb-Zoom.jpg', 'https://img.chrono24.com/images/uhren/34921072-qrq78gozktjou27dimp0dpp2-Zoom.jpg', 'https://img.chrono24.com/images/uhren/34921072-e4k1tlpp27f5vssywpbn790b-Zoom.jpg', 'https://img.chrono24.com/images/uhren/34921072-3rqo7w3a2b5vvf59p5oygqzh-Zoom.jpg', 'https://img.chrono24.com/images/uhren/34921072-zzhc5im2o4ei9e08j7h2wcac-Zoom.jpg', 'https://img.chrono24.com/images/uhren/34921072-4yei831y7m7cnrfymhypgbpb-Zoom.jpg']"
Maurice Lacroix Calypso,BAÑADO EN ORO CON CAJA Y PAPELES ORIGINALES,Maurice Lacroix,Con documentos originales,Con estuche original,590 € [Sujeto a negociación],Calypso,"Usado (Muy bueno) El artículo presenta ligeras señales de uso, como unos leves arañazos, pero no son perceptibles.",1999 (Año aproximado),"['https://img.chrono24.com/images/uhren/38848247-if8m3jm6rhxsjw6a1v2r60mg-Zoom.jpg', 'https://img.chrono24.com/images/uhren/38848247-ba7hbmgzemul2qeiya4vuc4q-Zoom.jpg', 'https://img.chrono24.com/images/uhren/38848247-ui8wxw7haaohv82a2rnbijwe-Zoom.jpg', 'https://img.chrono24.com/images/uhren/38848247-qobwe0nv3vid6z9cpajefq6m-Zoom.jpg', 'https://img.chrono24.com/images/uhren/38848247-k6hb72keyizo9drz66agftbs-Zoom.jpg', 'https://img.chrono24.com/images/uhren/38848247-diggn4wrbanbwcmt5tebta8x-Zoom.jpg', 'https://img.chrono24.com/images/uhren/38848247-o53kmjvvwdf1l2rv1lfl3ah9-Zoom.jpg', 'https://img.chrono24.com/images/uhren/38848247-z4d01rv2cjpssdb612i9ze6g-Zoom.jpg']"
Maurice Lacroix,AI6008-SS002-430-1 Automático Acero Muy bueno,Maurice Lacroix,Con documentos originales,Con estuche original,140 000 ¥ (= 899 €),,"Usado (Muy bueno) El artículo presenta ligeras señales de uso, como unos leves arañazos, pero no son perceptibles.",No conocido,"['', '', '', '', '', '']"
