Header,Price,Artist,Dimensions,Specifications,Imgs
CAMPO CUÁNTICO 1,8000,Santiago Del Barco Martín,93 x 60 cm,"2025 • España • Acrílico en Madera , Madera","['https://www.singulart.com/images/artworks/v2/cropped/69219/main/zoom/2309100_cc445d647f6271e3579b0c2e61eaf556.jpeg', 'https://www.singulart.com/images/artworks/v2/cropped/69219/main/zoom/2309100_cc445d647f6271e3579b0c2e61eaf556.jpeg']"
Prisionera,5880,Pin Vega,37(L)x37(A)x32(P)cm,1992 • España,"['https://www.singulart.com/images/artworks/v2/cutout/12539/main/zoom/1918681_dd4b96c55e8ff6af168c7f20dccc8e5d.png', 'https://www.singulart.com/images/artworks/v2/cropped/12539/alts/zoom/alt_1918681_67bd50badfcabc14fdbc74a2fdfbbc22.jpeg', 'https://www.singulart.com/images/artworks/v2/cropped/12539/alts/zoom/alt_1918681_9c51a3e7aa33de46a51eea4bcd736ba5.jpeg', 'https://www.singulart.com/images/artworks/v2/cropped/12539/alts/zoom/alt_1918681_7c734faee59b6371ec96c848e2433eaa.jpeg', 'https://www.singulart.com/images/artworks/v2/cropped/12539/alts/zoom/alt_1918681_60d38ed9213c459c19a29503ea477734.jpeg', 'https://www.singulart.com/images/artworks/v2/cropped/12539/alts/zoom/alt_1918681_094f3e01f08f2bafcea5c997136c741b.jpeg', 'https://www.singulart.com/images/artworks/v2/cropped/12539/alts/zoom/alt_1918681_7e169836958e5b52d6cb7ddb394277d6.jpeg', 'https://www.singulart.com/images/artworks/v2/cropped/12539/alts/zoom/alt_1918681_b665e3939354ed7a43e2fc2418d8f9b7.jpeg', 'https://www.singulart.com/images/artworks/v2/cropped/12539/alts/zoom/alt_1918681_c3d4ab7c39dbec6bc4c4b9e65e5c4111.jpeg', 'https://www.singulart.com/images/artworks/v2/cropped/12539/alts/zoom/alt_1918681_ea560bd023b2189cb8d3dd4979d75eaf.jpeg', 'https://www.singulart.com/images/artworks/v2/cropped/12539/alts/zoom/alt_1918681_507d8e55a0a71c77d863c1a3c33e4117.jpeg', 'https://www.singulart.com/images/artworks/v2/cropped/12539/alts/zoom/alt_1918681_5a041846f85de776efc487c788b4cc97.jpeg', 'https://www.singulart.com/images/artworks/v2/cropped/12539/alts/zoom/alt_1918681_36dcc7dcaa4546539771e275b0f95aab.jpeg', 'https://www.singulart.com/images/artworks/v2/cutout/12539/main/zoom/1918681_dd4b96c55e8ff6af168c7f20dccc8e5d.png']"
Banksy update available (El Precio del Exito),5908,Michel Acosta Perez,92 x 83 cm,"2022 • España • Collage, Graffiti en Madera","['https://www.singulart.com/images/artworks/v2/cropped/9721/main/zoom/1751365_2eb45c56db67eec456e235ecbe035709.jpeg', 'https://www.singulart.com/images/artworks/v2/cropped/9721/alts/zoom/alt_1751365_93428bd4a2ab6cfc5352f7f20f8817d7.jpeg', 'https://www.singulart.com/images/artworks/v2/cropped/9721/alts/zoom/alt_1751365_740bf988e68e589df8d6987586ef9f9c.jpeg', 'https://www.singulart.com/images/artworks/v2/cropped/9721/alts/zoom/alt_1751365_4092134b1431247384b5b36cf532caa9.jpeg', 'https://www.singulart.com/images/artworks/v2/cropped/9721/alts/zoom/alt_1751365_c26b436a54fc88ace7525d36274991c2.jpeg', 'https://www.singulart.com/images/artworks/v2/cropped/9721/alts/zoom/alt_1751365_94b78432695cfe68d4d0d8a16df3b6f0.jpeg', 'https://www.singulart.com/images/artworks/v2/cropped/9721/alts/zoom/alt_1751365_f339d45d00b2e601bcd271a9de9e77fe.jpeg', 'https://www.singulart.com/images/artworks/v2/cropped/9721/alts/zoom/alt_1751365_ead97bdc2ff11fb749b96dd9db5e1cbd.jpeg', 'https://www.singulart.com/images/artworks/v2/cropped/9721/alts/zoom/alt_1751365_8bbd149816b1de35d974c31dcaa77f53.jpeg', 'https://www.singulart.com/images/artworks/v2/cropped/9721/alts/zoom/alt_1751365_3d5e3c505b692f22c3dc6c13aad6ae45.jpeg', 'https://www.singulart.com/images/artworks/v2/cropped/9721/main/zoom/1751365_2eb45c56db67eec456e235ecbe035709.jpeg']"
Orgasmo,5544,Juan Varela,100 x 75 cm,"1992 • España • Laca, Tierra en Lienzo","['https://www.singulart.com/images/artworks/v2/cropped/22355/main/zoom/767595_b069f10db8675736ac189d5f46c1ad8f.jpeg', 'https://www.singulart.com/images/artworks/v2/cropped/22355/main/zoom/767595_b069f10db8675736ac189d5f46c1ad8f.jpeg']"
Flor Cuántica,5698,Diego Ramos,118 x 78 cm,2022 • España • Acrílico en Lienzo,"['https://www.singulart.com/images/artworks/v2/cropped/59122/main/zoom/2036003_09b7f856412e2b5d15530fb4641231ef.jpeg', 'https://www.singulart.com/images/artworks/v2/cropped/59122/alts/zoom/alt_2036003_274c51196a4aa83f26e94ef8940dd3ad.jpeg', 'https://www.singulart.com/images/artworks/v2/cropped/59122/alts/zoom/alt_2036003_cf74c12d9d035c923499f2688d81a6d7.jpeg', 'https://www.singulart.com/images/artworks/v2/cropped/59122/alts/zoom/alt_2036003_df061056ddb7c84cf34086d50efded6f.jpeg', 'https://www.singulart.com/images/artworks/v2/cropped/59122/alts/zoom/alt_2036003_2ee46f530f9eb73fa56a01d8b5c1f6c4.jpeg', 'https://www.singulart.com/images/artworks/v2/cropped/59122/alts/zoom/alt_2036003_79a7d596b5515a9ba142af1d12bb2d49.jpeg', 'https://www.singulart.com/images/artworks/v2/cropped/59122/alts/zoom/alt_2036003_be9fb98df8b4012f2a530ac0203fcede.jpeg', 'https://www.singulart.com/images/artworks/v2/cropped/59122/alts/zoom/alt_2036003_aec268229cdce5a7e0f4b4bc408ae888.jpeg', 'https://www.singulart.com/images/artworks/v2/cropped/59122/alts/zoom/alt_2036003_349722f180997fb3a536390587ba6505.jpeg', 'https://www.singulart.com/images/artworks/v2/cropped/59122/alts/zoom/alt_2036003_661134f73fa89035d929a2bbbcc5f45c.jpeg', 'https://www.singulart.com/images/artworks/v2/cropped/59122/alts/zoom/alt_2036003_9ff76af9a7967369179f51df56411616.jpeg', 'https://www.singulart.com/images/artworks/v2/cropped/59122/alts/zoom/alt_2036003_a3444bc6b1920b7dd251c59fc4ac97a8.jpeg', 'https://www.singulart.com/images/artworks/v2/cropped/59122/alts/zoom/alt_2036003_12fe535d59b40777e604cbe7654cfc1a.jpeg', 'https://www.singulart.com/images/artworks/v2/cropped/59122/alts/zoom/alt_2036003_ff9718211106e8e81e6b7cbd7d77b65c.jpeg', 'https://www.singulart.com/images/artworks/v2/cropped/59122/alts/zoom/alt_2036003_a6b02be7479781ae6b61ba6e409c9301.jpeg', 'https://www.singulart.com/images/artworks/v2/cropped/59122/alts/zoom/alt_2036003_3d55ed045abe7b8989a8ee0b81dd1168.jpeg', 'https://www.singulart.com/images/artworks/v2/cropped/59122/alts/zoom/alt_2036003_d4d0677c36842a5880597d44d158d40c.jpeg', 'https://www.singulart.com/images/artworks/v2/cropped/59122/alts/zoom/alt_2036003_6d8acb1407041adfce86c3caf05d49a1.jpeg', 'https://www.singulart.com/images/artworks/v2/cropped/59122/alts/zoom/alt_2036003_e397cdbd96e66836ad6f5598bb4b2487.jpeg', 'https://www.singulart.com/images/artworks/v2/cropped/59122/alts/zoom/alt_2036003_4f7490848c7cf3eff16355d40a0cbc1e.jpeg', 'https://www.singulart.com/images/artworks/v2/cropped/59122/alts/zoom/alt_2036003_ec730910cc1cf6df0f1ced860e61ec0d.jpeg', 'https://www.singulart.com/images/artworks/v2/cropped/59122/alts/zoom/alt_2036003_38ced59df981e124efadb5a63bec681f.jpeg', 'https://www.singulart.com/images/artworks/v2/cropped/59122/alts/zoom/alt_2036003_04f73843a5de206f1b4a7ebadfaa8896.jpeg', 'https://www.singulart.com/images/artworks/v2/cropped/59122/alts/zoom/alt_2036003_89c6ef69c0b2a89a772872470dfbf528.jpeg', 'https://www.singulart.com/images/artworks/v2/cropped/59122/main/zoom/2036003_09b7f856412e2b5d15530fb4641231ef.jpeg']"
Diagram 9,9050,Malgorzata Krakowiak,120(L)x110(A)x3(P)cm,2009 • España,"['https://www.singulart.com/images/artworks/v2/cutout/10479/main/zoom/981489_6c3f7b3c3fcdbc297ef9fd3e5adc3055.png', 'https://www.singulart.com/images/artworks/v2/cropped/10479/alts/zoom/alt_981489_884ab05f22a22402631a1e5c6e9842cd.jpeg', 'https://www.singulart.com/images/artworks/v2/cropped/10479/alts/zoom/alt_981489_92898eae28e546829601a94917842835.jpeg', 'https://www.singulart.com/images/artworks/v2/cropped/10479/alts/zoom/alt_981489_1a96db7f181f5c098a17514b7ccedee3.jpeg', 'https://www.singulart.com/images/artworks/v2/cropped/10479/alts/zoom/alt_981489_316481b3340b9e7e7d3174697e6e532c.jpeg', 'https://www.singulart.com/images/artworks/v2/cropped/10479/alts/zoom/alt_981489_2952d320ab20fb3dd0cd82b57e002b09.jpeg', 'https://www.singulart.com/images/artworks/v2/cropped/10479/alts/zoom/alt_981489_672a0a8ec554ad77caf01063554bef73.jpeg', 'https://www.singulart.com/images/artworks/v2/cropped/10479/alts/zoom/alt_981489_f9198f5ee5911eefe7e16ed7fe3e7ba4.jpeg', 'https://www.singulart.com/images/artworks/v2/cropped/10479/alts/zoom/alt_981489_2f9954db5f8a4180e65eac78fbb33f33.jpeg', 'https://www.singulart.com/images/artworks/v2/cropped/10479/alts/zoom/alt_981489_65948964d4bf51ac73cd15fc1940a4b4.png', 'https://www.singulart.com/images/artworks/v2/cropped/10479/alts/zoom/alt_981489_133372c6705948672f1d3912104ef55d.jpeg', 'https://www.singulart.com/images/artworks/v2/cropped/10479/alts/zoom/alt_981489_96816f50ee362ed00a738ff39cfcd39c.jpeg', 'https://www.singulart.com/images/artworks/v2/cropped/10479/alts/zoom/alt_981489_9ea12799bb73782285d5a6fb8504b1ef.jpeg', 'https://www.singulart.com/images/artworks/v2/cropped/10479/alts/zoom/alt_981489_eafdf530f12568bc3d3b0b0fef827500.jpeg', 'https://www.singulart.com/images/artworks/v2/cropped/10479/alts/zoom/alt_981489_a2e1c2060ce1cc87203d1e500dd39172.jpeg', 'https://www.singulart.com/images/artworks/v2/cropped/10479/alts/zoom/alt_981489_31d152081930dcb7d4a448dad05ee5bd.jpeg', 'https://www.singulart.com/images/artworks/v2/cutout/10479/main/zoom/981489_6c3f7b3c3fcdbc297ef9fd3e5adc3055.png']"
el secreto de los amantes III,8918,Olalla Roca Castell,55(L)x68(A)x52(P)cm,2024 • España,"['https://www.singulart.com/images/artworks/v2/cutout/56906/main/zoom/2003275_8f8b0f17694305e4b0b98cc11bf2f725.png', 'https://www.singulart.com/images/artworks/v2/cropped/56906/alts/zoom/alt_2003275_936fb2b8109a5b366e165f6370b319c3.jpeg', 'https://www.singulart.com/images/artworks/v2/cropped/56906/alts/zoom/alt_2003275_d0cb2134f253e57edfa3226e7e150cb8.jpeg', 'https://www.singulart.com/images/artworks/v2/cropped/56906/alts/zoom/alt_2003275_33713297ad9d455cdb8f4741c38c3cb3.jpeg', 'https://www.singulart.com/images/artworks/v2/cropped/56906/alts/zoom/alt_2003275_e1c9a4c0b7dc3e151f3105be3b47349c.jpeg', 'https://www.singulart.com/images/artworks/v2/cropped/56906/alts/zoom/alt_2003275_de792710e82f8b29a742ce1571237198.jpeg', 'https://www.singulart.com/images/artworks/v2/cropped/56906/alts/zoom/alt_2003275_5204288ddfefa52b14b9177605b37d0a.jpeg', 'https://www.singulart.com/images/artworks/v2/cropped/56906/alts/zoom/alt_2003275_5f08cda23672319769536d9b6ff22ac0.png', 'https://www.singulart.com/images/artworks/v2/cropped/56906/alts/zoom/alt_2003275_5e1f78b5d480a74fc254d3ee99e9f7cb.png', 'https://www.singulart.com/images/artworks/v2/cropped/56906/alts/zoom/alt_2003275_00722c1d7e2f5289096311874bc8e4a9.png', 'https://www.singulart.com/images/artworks/v2/cropped/56906/alts/zoom/alt_2003275_bfee0030adb698045607ffd5ff11e6c8.png', 'https://www.singulart.com/images/artworks/v2/cropped/56906/alts/zoom/alt_2003275_a84e798cd4db121cc4ebb1e518d3cb42.jpeg', 'https://www.singulart.com/images/artworks/v2/cropped/56906/alts/zoom/alt_2003275_2764202cfd84cf5d907213606c34db55.jpeg', 'https://www.singulart.com/images/artworks/v2/cropped/56906/alts/zoom/alt_2003275_d24d51d8f53a69974ed3d1f8cceef904.jpeg', 'https://www.singulart.com/images/artworks/v2/cropped/56906/alts/zoom/alt_2003275_75f95b70d5423c8e3b457efc7685918e.jpeg', 'https://www.singulart.com/images/artworks/v2/cutout/56906/main/zoom/2003275_8f8b0f17694305e4b0b98cc11bf2f725.png']"
BETWEEN THE MOON AND SPRING,8460,Andrés Rueda,80 x 127 cm,2024 • España • Acrílico en Tela,"['https://www.singulart.com/images/artworks/v2/cropped/24539/main/zoom/1926154_18f951295164d798ffd699c0ed08bccd.jpeg', 'https://www.singulart.com/images/artworks/v2/cropped/24539/alts/zoom/alt_1926154_a9a3ede9671733a5dc8f338138a33aab.jpeg', 'https://www.singulart.com/images/artworks/v2/cropped/24539/alts/zoom/alt_1926154_565a8f4abea0abb5ef8fd0507896a2e8.jpeg', 'https://www.singulart.com/images/artworks/v2/cropped/24539/alts/zoom/alt_1926154_000a25a781c85d388283b3810f14ba5f.jpeg', 'https://www.singulart.com/images/artworks/v2/cropped/24539/alts/zoom/alt_1926154_fc37c011bf75b7f872fc91fc92d858c8.jpeg', 'https://www.singulart.com/images/artworks/v2/cropped/24539/alts/zoom/alt_1926154_9b903326701bef8cd2d376e4e39e4a7c.jpeg', 'https://www.singulart.com/images/artworks/v2/cropped/24539/alts/zoom/alt_1926154_e63c72b4a1d5f985f8f231b84bad238f.jpeg', 'https://www.singulart.com/images/artworks/v2/cropped/24539/alts/zoom/alt_1926154_afa5473f73db776333234bfde196ea04.jpeg', 'https://www.singulart.com/images/artworks/v2/cropped/24539/alts/zoom/alt_1926154_9f0c5bf6827c3cd9d391dd92fcc21a6a.jpeg', 'https://www.singulart.com/images/artworks/v2/cropped/24539/alts/zoom/alt_1926154_94577b10b00193e3c75862d23904d47b.jpeg', 'https://www.singulart.com/images/artworks/v2/cropped/24539/alts/zoom/alt_1926154_db7445e8bf48beddaefc5afb44da6f8f.jpeg', 'https://www.singulart.com/images/artworks/v2/cropped/24539/main/zoom/1926154_18f951295164d798ffd699c0ed08bccd.jpeg']"
Cabeza,40000,Santiago De la Quintana Jiménez,140(L)x250(A)x165(P)cm,2018 • España,"['https://www.singulart.com/images/artworks/v2/cutout/69054/main/zoom/2305887_f435b9321e5b89ecc6d447d478e8c594.png', 'https://www.singulart.com/images/artworks/v2/cropped/69054/alts/zoom/alt_2305887_795d3b35ef44cdc75b4e463dfc2c683c.jpeg', 'https://www.singulart.com/images/artworks/v2/cropped/69054/alts/zoom/alt_2305887_71a57414288eb47e2fb912ef8fd3c7a0.jpeg', 'https://www.singulart.com/images/artworks/v2/cropped/69054/alts/zoom/alt_2305887_ac8b3d0191295bccffe47268a5590e5f.jpeg', 'https://www.singulart.com/images/artworks/v2/cropped/69054/alts/zoom/alt_2305887_4eb3a993353fe435e49916b0a7429208.jpeg', 'https://www.singulart.com/images/artworks/v2/cutout/69054/main/zoom/2305887_f435b9321e5b89ecc6d447d478e8c594.png']"
Portal cálido,7840,Teo San Jose,20(L)x35(A)x20(P)cm,2019 • España,"['https://www.singulart.com/images/artworks/v2/cutout/12903/main/zoom/436625_ad09f5b9510edb32ebacd1ff5d9ded17.png', 'https://www.singulart.com/images/artworks/v2/cropped/12903/alts/zoom/alt_436625_8e551e3156e16bcc0e057ff0eac51a4d.jpeg', 'https://www.singulart.com/images/artworks/v2/cropped/12903/alts/zoom/alt_436625_b79f2bdb0d202409c8e95b69df8146cb.jpeg', 'https://www.singulart.com/images/artworks/v2/cropped/12903/alts/zoom/alt_436625_b26e1999cf1ad4e680e2b190fe183feb.jpeg', 'https://www.singulart.com/images/artworks/v2/cropped/12903/alts/zoom/alt_436625_e910b2c4be44db1e6968aecab1859251.jpeg', 'https://www.singulart.com/images/artworks/v2/cropped/12903/alts/zoom/alt_436625_bc69c98f3ca6b169c94f5b9b50745ec8.jpeg', 'https://www.singulart.com/images/artworks/v2/cropped/12903/alts/zoom/alt_436625_46146f1cffd16cc05ebdc29c0f585bab.jpeg', 'https://www.singulart.com/images/artworks/v2/cutout/12903/main/zoom/436625_ad09f5b9510edb32ebacd1ff5d9ded17.png']"
Play more God,7371,Arturo Prins,100 x 100 cm,2003 • España • Óleo en Lienzo,"['https://www.singulart.com/images/artworks/v2/cropped/12529/main/zoom/1302565_f3a0ffdc499588dd3ae67a20fcb24202.jpeg', 'https://www.singulart.com/images/artworks/v2/cropped/12529/alts/zoom/alt_1302565_cdfe75eaac9417339c4ed53cff86167b.jpeg', 'https://www.singulart.com/images/artworks/v2/cropped/12529/main/zoom/1302565_f3a0ffdc499588dd3ae67a20fcb24202.jpeg']"
Nueva vida 2,6650,Elena Barón,80 x 130 cm,"2024 • España • Acrílico, Dorados en Lienzo","['https://www.singulart.com/images/artworks/v2/cropped/4587/main/zoom/1919294_b78f11999ec7211753908093aef1de7b.jpeg', 'https://www.singulart.com/images/artworks/v2/cropped/4587/alts/zoom/alt_1919294_7b773e0ead2324f93f619408543bb6d9.jpeg', 'https://www.singulart.com/images/artworks/v2/cropped/4587/alts/zoom/alt_1919294_738156439103b28d6bfe873325c012ed.jpeg', 'https://www.singulart.com/images/artworks/v2/cropped/4587/alts/zoom/alt_1919294_f864d0f967cdd450d6b78b8f540191e7.jpeg', 'https://www.singulart.com/images/artworks/v2/cropped/4587/alts/zoom/alt_1919294_68c25e9366c79872df1159abc752afe5.jpeg', 'https://www.singulart.com/images/artworks/v2/cropped/4587/alts/zoom/alt_1919294_e68bd5d89cba483b0522aec346df1e23.jpeg', 'https://www.singulart.com/images/artworks/v2/cropped/4587/alts/zoom/alt_1919294_ede4e6665be20aca0f79c0d84017831a.jpeg', 'https://www.singulart.com/images/artworks/v2/cropped/4587/alts/zoom/alt_1919294_52cf5bdfbf98e4acf48e514d588b260f.jpeg', 'https://www.singulart.com/images/artworks/v2/cropped/4587/alts/zoom/alt_1919294_25cc78c20a57576f753acffc3672ad5d.jpeg', 'https://www.singulart.com/images/artworks/v2/cropped/4587/alts/zoom/alt_1919294_9e28398187bf9536af7a781178f2fda6.jpeg', 'https://www.singulart.com/images/artworks/v2/cropped/4587/alts/zoom/alt_1919294_0e4f50bbcce0413ee72b6b19dd179d0e.jpeg', 'https://www.singulart.com/images/artworks/v2/cropped/4587/alts/zoom/alt_1919294_78d25b5a75da132a6062cfa4c33f8a0a.jpeg', 'https://www.singulart.com/images/artworks/v2/cropped/4587/alts/zoom/alt_1919294_361c332ed539f03b732973fa30fe75d4.jpeg', 'https://www.singulart.com/images/artworks/v2/cropped/4587/alts/zoom/alt_1919294_c7229433ce2a89db0014ca0e9777cf6b.jpeg', 'https://www.singulart.com/images/artworks/v2/cropped/4587/alts/zoom/alt_1919294_b66f666600bc0b9e45002f6b4e5968bc.jpeg', 'https://www.singulart.com/images/artworks/v2/cropped/4587/alts/zoom/alt_1919294_0c5afe7bad122407336590293049994c.jpeg', 'https://www.singulart.com/images/artworks/v2/cropped/4587/alts/zoom/alt_1919294_91e078ed59ce8976681a2ce56788e788.jpeg', 'https://www.singulart.com/images/artworks/v2/cropped/4587/alts/zoom/alt_1919294_bbf6f3bd5629c56cf6de4ab2591742a8.jpeg', 'https://www.singulart.com/images/artworks/v2/cropped/4587/alts/zoom/alt_1919294_6a58cd32d4c38db69e2659c8a04b047b.jpeg', 'https://www.singulart.com/images/artworks/v2/cropped/4587/alts/zoom/alt_1919294_405026a7fac7e702143b0a825261a1ae.jpeg', 'https://www.singulart.com/images/artworks/v2/cropped/4587/alts/zoom/alt_1919294_9e1be9d685dcf11da2db179cc4f4a44d.jpeg', 'https://www.singulart.com/images/artworks/v2/cropped/4587/alts/zoom/alt_1919294_65d9d8ea07e58b121f007267422c129b.jpeg', 'https://www.singulart.com/images/artworks/v2/cropped/4587/alts/zoom/alt_1919294_358f874fca941417e465b8cc4b258c4d.jpeg', 'https://www.singulart.com/images/artworks/v2/cropped/4587/alts/zoom/alt_1919294_3bfca883a191f3641dfa393327b4c72c.jpeg', 'https://www.singulart.com/images/artworks/v2/cropped/4587/alts/zoom/alt_1919294_af48a63fde3bd6bf6c272eba86403f45.jpeg', 'https://www.singulart.com/images/artworks/v2/cropped/4587/alts/zoom/alt_1919294_95e1fa7af63587aadf43f3f2453bd979.jpeg', 'https://www.singulart.com/images/artworks/v2/cropped/4587/alts/zoom/alt_1919294_561ac0ebda0e01fc254a97b90acb8352.jpeg', 'https://www.singulart.com/images/artworks/v2/cropped/4587/alts/zoom/alt_1919294_fa923d345bfc71182ba3a1c85d8c7b0b.jpeg', 'https://www.singulart.com/images/artworks/v2/cropped/4587/main/zoom/1919294_b78f11999ec7211753908093aef1de7b.jpeg']"
REACCIÓN-ARTE,6293,GUIL,49(L)x110(A)x15(P)cm,"2017 • España • Aluminio en Metal , Metal Con pedestal","['https://www.singulart.com/images/artworks/v2/cutout/30593/main/zoom/1334489_54df47760379ce1deabaae167541ab23.jpeg', 'https://www.singulart.com/images/artworks/v2/cropped/30593/alts/zoom/alt_1334489_cd9300cca7a0322e4e98023e19b812d8.jpeg', 'https://www.singulart.com/images/artworks/v2/cropped/30593/alts/zoom/alt_1334489_a98cdc37a625110ce6e0008ca262c7a3.jpeg', 'https://www.singulart.com/images/artworks/v2/cropped/30593/alts/zoom/alt_1334489_09bcde61438b813ba4948e5fc92cb5a6.jpeg', 'https://www.singulart.com/images/artworks/v2/cropped/30593/alts/zoom/alt_1334489_5ce207ecdf8b145bad541f6086ff812c.jpeg', 'https://www.singulart.com/images/artworks/v2/cropped/30593/alts/zoom/alt_1334489_e3f1eaf219677e70e515d04f3a4a2844.jpeg', 'https://www.singulart.com/images/artworks/v2/cropped/30593/alts/zoom/alt_1334489_c9e16842b114753ccc3d99b3ecfc74ff.jpeg', 'https://www.singulart.com/images/artworks/v2/cropped/30593/alts/zoom/alt_1334489_2f58c6e233034cd36c65bfed2ef0ecf3.jpeg', 'https://www.singulart.com/images/artworks/v2/cropped/30593/alts/zoom/alt_1334489_80cece5b768edf4132e15463afc57a24.jpeg', 'https://www.singulart.com/images/artworks/v2/cropped/30593/alts/zoom/alt_1334489_4fa5d7e5dfe97fd8fa04342881e07e89.jpeg', 'https://www.singulart.com/images/artworks/v2/cutout/30593/main/zoom/1334489_54df47760379ce1deabaae167541ab23.jpeg']"
Oleaje del Atlántico 16:22,10000,Javier Torices,81 x 110 cm,2024 • España • Acrílico en Madera,"['https://www.singulart.com/images/artworks/v2/cropped/3197/main/zoom/2220941_17272725a18b7c1830fdcfbc99e624b9.jpeg', 'https://www.singulart.com/images/artworks/v2/cropped/3197/alts/zoom/alt_2220941_f1c56c736eb0419ecc5366c24f3dc013.jpeg', 'https://www.singulart.com/images/artworks/v2/cropped/3197/alts/zoom/alt_2220941_79025a4a26af8818a10dd6bdc56aee9a.jpeg', 'https://www.singulart.com/images/artworks/v2/cropped/3197/alts/zoom/alt_2220941_f5b1ad729a6ba58a1f4719b7f428ba93.jpeg', 'https://www.singulart.com/images/artworks/v2/cropped/3197/alts/zoom/alt_2220941_b51635fd39dbfe56cd157d0d0d93de07.jpeg', 'https://www.singulart.com/images/artworks/v2/cropped/3197/alts/zoom/alt_2220941_6a66dc5d84d3f2c7c9b3e5b3fb5c1fd9.jpeg', 'https://www.singulart.com/images/artworks/v2/cropped/3197/alts/zoom/alt_2220941_2346fe2c301edb1b77a259cf8f8cf3f3.jpeg', 'https://www.singulart.com/images/artworks/v2/cropped/3197/alts/zoom/alt_2220941_c8c429ccc1cbaba55aba868be597b2ee.jpeg', 'https://www.singulart.com/images/artworks/v2/cropped/3197/alts/zoom/alt_2220941_1006b9274618cc8d87c97b04c776ba3f.jpeg', 'https://www.singulart.com/images/artworks/v2/cropped/3197/alts/zoom/alt_2220941_f3bf4a7f64b5fc485f71f8b318240943.jpeg', 'https://www.singulart.com/images/artworks/v2/cropped/3197/alts/zoom/alt_2220941_f6b45ff20d8108281384c64ccd7fa911.jpeg', 'https://www.singulart.com/images/artworks/v2/cropped/3197/main/zoom/2220941_17272725a18b7c1830fdcfbc99e624b9.jpeg']"
LOOKING FOR THE SUMMER,7357,Valeriano CORTÁZAR,100 x 81 cm,2024 • España • Acrílico en Lienzo,"['https://www.singulart.com/images/artworks/v2/cropped/16771/main/zoom/2092094_9629f20eb48d837a1f26035bb7487fbb.jpeg', 'https://www.singulart.com/images/artworks/v2/cropped/16771/alts/zoom/alt_2092094_f5f668d7e2eb812006ac603840b194a7.jpeg', 'https://www.singulart.com/images/artworks/v2/cropped/16771/alts/zoom/alt_2092094_c9ab2fb09b304234cfb69da86447ecdf.jpeg', 'https://www.singulart.com/images/artworks/v2/cropped/16771/alts/zoom/alt_2092094_d10df7b8e548944d6453f0b31cfcbd5a.jpeg', 'https://www.singulart.com/images/artworks/v2/cropped/16771/alts/zoom/alt_2092094_e8a550a6eda5b011aa0f0ec643b12b9a.jpeg', 'https://www.singulart.com/images/artworks/v2/cropped/16771/alts/zoom/alt_2092094_fc9a5a10349bdd45face92cf1234d5d7.jpeg', 'https://www.singulart.com/images/artworks/v2/cropped/16771/alts/zoom/alt_2092094_a13042cbc3b1596d28ce7d4132e84105.jpeg', 'https://www.singulart.com/images/artworks/v2/cropped/16771/alts/zoom/alt_2092094_5a75bbe0bf4491feb44afc44b2191530.jpeg', 'https://www.singulart.com/images/artworks/v2/cropped/16771/alts/zoom/alt_2092094_5e9b3f38abba371ec06e1f20a5723f94.jpeg', 'https://www.singulart.com/images/artworks/v2/cropped/16771/alts/zoom/alt_2092094_c7660f3888060ec2e739ff8237ea8cf2.jpeg', 'https://www.singulart.com/images/artworks/v2/cropped/16771/alts/zoom/alt_2092094_5c1df0f8ca348a6f3cd2b539b5244e76.jpeg', 'https://www.singulart.com/images/artworks/v2/cropped/16771/alts/zoom/alt_2092094_72b7c50b1ff9ac3b6bda80f14e2a9c9c.jpeg', 'https://www.singulart.com/images/artworks/v2/cropped/16771/alts/zoom/alt_2092094_03580b4fae3f7608e73e00cd1b5a9c7a.jpeg', 'https://www.singulart.com/images/artworks/v2/cropped/16771/main/zoom/2092094_9629f20eb48d837a1f26035bb7487fbb.jpeg']"
Terre Promise,7860,myriam de LAFFOREST,30(L)x50(A)x15(P)cm,2022 • España,"['https://www.singulart.com/images/artworks/v2/cutout/28223/main/zoom/1654254_2174564272a7119d2c5a1a882735222c.png', 'https://www.singulart.com/images/artworks/v2/cropped/28223/alts/zoom/alt_1654254_b954980a6c859cc953a649c3642f67df.jpeg', 'https://www.singulart.com/images/artworks/v2/cropped/28223/alts/zoom/alt_1654254_2d90eb62a12be704d0038d8dd788ad31.jpeg', 'https://www.singulart.com/images/artworks/v2/cropped/28223/alts/zoom/alt_1654254_0c874c07c3f977d60d15e7d25a9dbd67.jpeg', 'https://www.singulart.com/images/artworks/v2/cropped/28223/alts/zoom/alt_1654254_702a5a091764e86618f12b1104291aeb.jpeg', 'https://www.singulart.com/images/artworks/v2/cropped/28223/alts/zoom/alt_1654254_7ca6f456bc8508d828f83a71b66ca561.jpeg', 'https://www.singulart.com/images/artworks/v2/cropped/28223/alts/zoom/alt_1654254_ceaaa0689affc5fb07b54af32b532ff7.jpeg', 'https://www.singulart.com/images/artworks/v2/cropped/28223/alts/zoom/alt_1654254_6022ead61420368a366fb14e1a8795b7.jpeg', 'https://www.singulart.com/images/artworks/v2/cropped/28223/alts/zoom/alt_1654254_adc802b26894ef83fc15dcf8c4988928.jpeg', 'https://www.singulart.com/images/artworks/v2/cropped/28223/alts/zoom/alt_1654254_c8ca18bc8455ebbc122c20fa3571603b.jpeg', 'https://www.singulart.com/images/artworks/v2/cropped/28223/alts/zoom/alt_1654254_ba8fa46cf38b4602ac6ba02f302f9066.jpeg', 'https://www.singulart.com/images/artworks/v2/cutout/28223/main/zoom/1654254_2174564272a7119d2c5a1a882735222c.png']"
Féminité blindée,9674,Isabelle Fournet,77 x 77 cm,"2023 • España • Híbrido en Plexiglás , Plexiglás under plexiglas","['https://www.singulart.com/images/artworks/v2/cropped/4705/main/zoom/1787225_8a7167de22436bf0c7efa00c5ce2871d.jpeg', 'https://www.singulart.com/images/artworks/v2/cropped/4705/alts/zoom/alt_1787225_95b2b063e0d0cb13ad26ffbb7e070ec3.jpeg', 'https://www.singulart.com/images/artworks/v2/cropped/4705/alts/zoom/alt_1787225_ef7ad91cb7cc9907a9cf8a86342b3b14.jpeg', 'https://www.singulart.com/images/artworks/v2/cropped/4705/alts/zoom/alt_1787225_f233c62dfe40f084f4a4968ec0c40ca9.jpeg', 'https://www.singulart.com/images/artworks/v2/cropped/4705/alts/zoom/alt_1787225_1ceeecd4c05a7e5fee97f4faa736fd2b.jpeg', 'https://www.singulart.com/images/artworks/v2/cropped/4705/alts/zoom/alt_1787225_6e30a86504bc7867ba83b7af21dcfc0a.jpeg', 'https://www.singulart.com/images/artworks/v2/cropped/4705/alts/zoom/alt_1787225_7cf286c7b4f9b063253850e150ab7a44.jpeg', 'https://www.singulart.com/images/artworks/v2/cropped/4705/alts/zoom/alt_1787225_8a7167de22436bf0c7efa00c5ce2871d.jpeg', 'https://www.singulart.com/images/artworks/v2/cropped/4705/alts/zoom/alt_1787225_48f21a53d645155b623480fa2423301c.jpeg', 'https://www.singulart.com/images/artworks/v2/cropped/4705/main/zoom/1787225_8a7167de22436bf0c7efa00c5ce2871d.jpeg']"
B.B.KING.,9470,Roman Nogin,77 x 102 cm,2020 • España • Óleo en Lienzo,"['https://www.singulart.com/images/artworks/v2/cropped/2125/main/zoom/626739_e7eb9562daa40451ef5aaf659cfc6057.jpeg', 'https://www.singulart.com/images/artworks/v2/cropped/2125/alts/zoom/alt_626739_38e2ee9c37c89281dcb5c4b6ea894388.jpeg', 'https://www.singulart.com/images/artworks/v2/cropped/2125/alts/zoom/alt_626739_279fb5b6ac82c972d65e94c11c5ca6bb.jpeg', 'https://www.singulart.com/images/artworks/v2/cropped/2125/alts/zoom/alt_626739_9ebb380718151d2d3353122c805252cf.jpeg', 'https://www.singulart.com/images/artworks/v2/cropped/2125/alts/zoom/alt_626739_e2835dfea56d02e77f227fba70efd398.jpeg', 'https://www.singulart.com/images/artworks/v2/cropped/2125/alts/zoom/alt_626739_c606713355aa1548e206ce1ecf7d6085.jpeg', 'https://www.singulart.com/images/artworks/v2/cropped/2125/alts/zoom/alt_626739_2e220f53b8420f3ae049f165cd0d553f.jpeg', 'https://www.singulart.com/images/artworks/v2/cropped/2125/alts/zoom/alt_626739_7f16513081b9c7027107656ab7756cb0.jpeg', 'https://www.singulart.com/images/artworks/v2/cropped/2125/alts/zoom/alt_626739_4e3d4bfee19b6819183f594020c48721.jpeg', 'https://www.singulart.com/images/artworks/v2/cropped/2125/alts/zoom/alt_626739_43846ec4e2e1ec7037ee8a875fcabc31.jpeg', 'https://www.singulart.com/images/artworks/v2/cropped/2125/main/zoom/626739_e7eb9562daa40451ef5aaf659cfc6057.jpeg']"
EQUILIBRIUM VII,8980,Tomasa Martín,180 x 60 cm,"2022 • España • Acrílico, Óleo en Lino","['https://www.singulart.com/images/artworks/v2/cropped/1200/main/zoom/1808065_c50dd198319affea5289f478c26bddbc.jpeg', 'https://www.singulart.com/images/artworks/v2/cropped/1200/alts/zoom/alt_1808065_984b790544bc7b1ccce3cdcd96ec7da5.jpeg', 'https://www.singulart.com/images/artworks/v2/cropped/1200/alts/zoom/alt_1808065_9d5286779927e108f9f37db0eb25c1d3.jpeg', 'https://www.singulart.com/images/artworks/v2/cropped/1200/alts/zoom/alt_1808065_de34df6976098f736c5bcf3f0a2328e5.jpeg', 'https://www.singulart.com/images/artworks/v2/cropped/1200/alts/zoom/alt_1808065_ee908f152cec34186ecc3bd6a98cca1c.jpeg', 'https://www.singulart.com/images/artworks/v2/cropped/1200/alts/zoom/alt_1808065_836bf90aed99e4d9fa624af86e385cff.jpeg', 'https://www.singulart.com/images/artworks/v2/cropped/1200/main/zoom/1808065_c50dd198319affea5289f478c26bddbc.jpeg']"
Pegaso,5495,Fernando Suárez Escobar,36(L)x34(A)x14(P)cm,2016 • España,"['https://www.singulart.com/images/artworks/v2/cutout/18307/main/zoom/639883_3c8999310536dee6ec1cdeb6b93de3a8.png', 'https://www.singulart.com/images/artworks/v2/cropped/18307/alts/zoom/alt_639883_9043b018ff79fac23fdab8c3b8b2a331.jpeg', 'https://www.singulart.com/images/artworks/v2/cropped/18307/alts/zoom/alt_639883_a7864b40a20641254eb09d52ec72bf75.jpeg', 'https://www.singulart.com/images/artworks/v2/cropped/18307/alts/zoom/alt_639883_a58b1cbb743f81625065605267ee5ecb.jpeg', 'https://www.singulart.com/images/artworks/v2/cropped/18307/alts/zoom/alt_639883_06eacfeaf89faf975f5ba9d81edfb939.jpeg', 'https://www.singulart.com/images/artworks/v2/cutout/18307/main/zoom/639883_3c8999310536dee6ec1cdeb6b93de3a8.png']"
Mona Lisa 2023,5915,Natalya Gripas,120 x 80 cm,2023 • España • Acrílico en Lienzo,"['https://www.singulart.com/images/artworks/v2/cropped/49820/main/zoom/2004411_9dd5f750d765c653c0b31b3fe0c4dcd1.jpeg', 'https://www.singulart.com/images/artworks/v2/cropped/49820/alts/zoom/alt_2004411_e5b8ba65ce47b49a1602260845b1a7f1.jpeg', 'https://www.singulart.com/images/artworks/v2/cropped/49820/alts/zoom/alt_2004411_b3f8e630ad941eec7ddbeed08d6d2bd5.jpeg', 'https://www.singulart.com/images/artworks/v2/cropped/49820/alts/zoom/alt_2004411_49ee66e4fa6412129b2e40b455d158c9.jpeg', 'https://www.singulart.com/images/artworks/v2/cropped/49820/alts/zoom/alt_2004411_2319073b7bc0786bb402f4e883fefe2a.jpeg', 'https://www.singulart.com/images/artworks/v2/cropped/49820/alts/zoom/alt_2004411_621abcba40bf8ce741f9287a035f8ace.jpeg', 'https://www.singulart.com/images/artworks/v2/cropped/49820/alts/zoom/alt_2004411_f031f90f73bf9e6ac7b2552d93a10a03.jpeg', 'https://www.singulart.com/images/artworks/v2/cropped/49820/alts/zoom/alt_2004411_0b17bdbdb79d5debd24e6ac133fad1d6.jpeg', 'https://www.singulart.com/images/artworks/v2/cropped/49820/main/zoom/2004411_9dd5f750d765c653c0b31b3fe0c4dcd1.jpeg']"
ARRIBA Y ABAJO,9250,Fernando Suárez Reguera,80(L)x147(A)x25(P)cm,2019 • España,"['https://www.singulart.com/images/artworks/v2/cutout/18273/main/zoom/617413_0946fb5cf71da077765874fd1c6bd39b.png', 'https://www.singulart.com/images/artworks/v2/cropped/18273/alts/zoom/alt_617413_a6cba8139de0d271eb7dc37ecce47c64.jpeg', 'https://www.singulart.com/images/artworks/v2/cropped/18273/alts/zoom/alt_617413_0cbdca4c884bed61dcba87b51b2c4709.jpeg', 'https://www.singulart.com/images/artworks/v2/cropped/18273/alts/zoom/alt_617413_4092565768382be7ad6f85496e0486fa.jpeg', 'https://www.singulart.com/images/artworks/v2/cropped/18273/alts/zoom/alt_617413_0091e5b93ffe763bdd239a5cc8a96457.jpeg', 'https://www.singulart.com/images/artworks/v2/cropped/18273/alts/zoom/alt_617413_7df41a00aa3ccfd8238768f4fdba2634.jpeg', 'https://www.singulart.com/images/artworks/v2/cropped/18273/alts/zoom/alt_617413_5ba4e18f523e53a922b73a0e6b87f938.jpeg', 'https://www.singulart.com/images/artworks/v2/cropped/18273/alts/zoom/alt_617413_fe7fa9f96ab9e965ed3b9a188ad985b3.jpeg', 'https://www.singulart.com/images/artworks/v2/cutout/18273/main/zoom/617413_0946fb5cf71da077765874fd1c6bd39b.png']"
Queer,5558,Jordi Machí,100 x 100 cm,2021 • España • Acrílico en Lienzo,"['https://www.singulart.com/images/artworks/v2/cropped/1035/main/zoom/1291947_3f54189c4048d017f0afcbc75f2e930d.jpeg', 'https://www.singulart.com/images/artworks/v2/cropped/1035/main/zoom/1291947_3f54189c4048d017f0afcbc75f2e930d.jpeg']"
Al fin te encuentro,6300,Angel Santiago Plata,140 x 320 cm,2018 • España • Acrílico en Lienzo,"['https://www.singulart.com/images/artworks/v2/cropped/69429/main/zoom/2309178_89742c9577d8cd58b47f111cc2969df1.jpeg', 'https://www.singulart.com/images/artworks/v2/cropped/69429/main/zoom/2309178_89742c9577d8cd58b47f111cc2969df1.jpeg']"
Night Shaman,9700,GAD,38(L)x168(A)x50(P)cm,2023 • Francia,"['https://www.singulart.com/images/artworks/v2/cutout/69448/main/zoom/2310765_a71b990b76259242546c9314b81589da.png', 'https://www.singulart.com/images/artworks/v2/cropped/69448/alts/zoom/alt_2310765_e6742a6fab6a726b07cb3b4d43a4ba5f.jpeg', 'https://www.singulart.com/images/artworks/v2/cropped/69448/alts/zoom/alt_2310765_da8187ed5892f6fb90dbf08b54a127c3.jpeg', 'https://www.singulart.com/images/artworks/v2/cropped/69448/alts/zoom/alt_2310765_e2a435780a5224a240405ec75a5239d2.jpeg', 'https://www.singulart.com/images/artworks/v2/cropped/69448/alts/zoom/alt_2310765_57487a672a842bc41cbc695ff09ccd3c.jpeg', 'https://www.singulart.com/images/artworks/v2/cutout/69448/main/zoom/2310765_a71b990b76259242546c9314b81589da.png']"
Organic abstraction,7623,Roberto Canduela,59(L)x158(A)x45(P)cm,2021 • España,"['https://www.singulart.com/images/artworks/v2/cutout/4525/main/zoom/1182665_29124e2cafc6c0adb60038010d9c498c.png', 'https://www.singulart.com/images/artworks/v2/cropped/4525/alts/zoom/alt_1182665_3ceb4f720e0b478722bae95f61f5702c.jpeg', 'https://www.singulart.com/images/artworks/v2/cropped/4525/alts/zoom/alt_1182665_aafd46d34bcf8504cbd255466915659b.jpeg', 'https://www.singulart.com/images/artworks/v2/cropped/4525/alts/zoom/alt_1182665_6c311c5f224b2b111ddf776f70d17404.jpeg', 'https://www.singulart.com/images/artworks/v2/cropped/4525/alts/zoom/alt_1182665_c570c7e66e50e6998213ffb919f75471.jpeg', 'https://www.singulart.com/images/artworks/v2/cropped/4525/alts/zoom/alt_1182665_1576b07c01eb1b7ce81d581d6ab5be69.jpeg', 'https://www.singulart.com/images/artworks/v2/cropped/4525/alts/zoom/alt_1182665_9c68696d104406de36a0d5a8b6631620.jpeg', 'https://www.singulart.com/images/artworks/v2/cutout/4525/main/zoom/1182665_29124e2cafc6c0adb60038010d9c498c.png']"
Street seller in Agra,15190,Alex Hook Krioutchkov,130 x 81 cm,2009 • España • Óleo en Lienzo,"['https://www.singulart.com/images/artworks/v2/cropped/20339/main/zoom/660537_fb018340c5ee658bc13db04c1734b77d.jpeg', 'https://www.singulart.com/images/artworks/v2/cropped/20339/alts/zoom/alt_660537_7a53436e8752685a8623c92805f34f38.jpeg', 'https://www.singulart.com/images/artworks/v2/cropped/20339/alts/zoom/alt_660537_60e68ac737ee329f75a5a129d295554b.jpeg', 'https://www.singulart.com/images/artworks/v2/cropped/20339/alts/zoom/alt_660537_e6100322a48c913fe610a062ec1ca60f.jpeg', 'https://www.singulart.com/images/artworks/v2/cropped/20339/alts/zoom/alt_660537_2353e47341e9a18b5ec055c5fe54ae75.jpeg', 'https://www.singulart.com/images/artworks/v2/cropped/20339/alts/zoom/alt_660537_2dfa5ebae60f55bf82b9534a13b8de7f.jpeg', 'https://www.singulart.com/images/artworks/v2/cropped/20339/alts/zoom/alt_660537_f5fde594ea696be365f9b56a8b66c056.jpeg', 'https://www.singulart.com/images/artworks/v2/cropped/20339/alts/zoom/alt_660537_333ce1fe5af5a4f9c59607b98edd7755.jpeg', 'https://www.singulart.com/images/artworks/v2/cropped/20339/alts/zoom/alt_660537_f1067e6a18257611e86875afef638603.jpeg', 'https://www.singulart.com/images/artworks/v2/cropped/20339/main/zoom/660537_fb018340c5ee658bc13db04c1734b77d.jpeg']"
Viaje Descifrado,16124,Magdalena F. Merino,80(L)x250(A)x70(P)cm,2015 • España,"['https://www.singulart.com/images/artworks/v2/cutout/13623/main/zoom/1889541_e418cbaa68a849a6d8b2e6221d815347.png', 'https://www.singulart.com/images/artworks/v2/cropped/13623/alts/zoom/alt_1889541_6ca76f3ecc2d720aabd3aa922c2cd744.jpeg', 'https://www.singulart.com/images/artworks/v2/cropped/13623/alts/zoom/alt_1889541_909bd180403f6452ee8ee09654ab3cd5.jpeg', 'https://www.singulart.com/images/artworks/v2/cropped/13623/alts/zoom/alt_1889541_8278b23f45711e85ece5d88e1ba32708.jpeg', 'https://www.singulart.com/images/artworks/v2/cropped/13623/alts/zoom/alt_1889541_ce99a50fd166f8c2c91adb6a48af21cb.jpeg', 'https://www.singulart.com/images/artworks/v2/cutout/13623/main/zoom/1889541_e418cbaa68a849a6d8b2e6221d815347.png']"
green pond,5922,José Antonio Castro-Muñiz,100 x 100 cm,2021 • España • Acrílico en Madera,"['https://www.singulart.com/images/artworks/v2/cropped/28381/main/zoom/1201121_4d6a96572df370c8408ac5b222ceb505.jpeg', 'https://www.singulart.com/images/artworks/v2/cropped/28381/main/zoom/1201121_4d6a96572df370c8408ac5b222ceb505.jpeg']"
Silbernes Licht,9510,Sergej Sologub,100 x 120 cm,2024 • Alemania • Óleo en Lienzo,"['https://www.singulart.com/images/artworks/v2/cropped/984/main/zoom/2074487_8b37d45aea8c09b536e298b277f51062.jpeg', 'https://www.singulart.com/images/artworks/v2/cropped/984/alts/zoom/alt_2074487_ae5cf9103068fb2b79638376bc900a2e.jpeg', 'https://www.singulart.com/images/artworks/v2/cropped/984/alts/zoom/alt_2074487_ae96ecdf4f598631fdfd7a8d354e64e4.jpeg', 'https://www.singulart.com/images/artworks/v2/cropped/984/alts/zoom/alt_2074487_db83f3ce8df41d5f6b7646ce3896a6c2.jpeg', 'https://www.singulart.com/images/artworks/v2/cropped/984/alts/zoom/alt_2074487_0165b1b5c4b7bfd2203391c01afb996a.jpeg', 'https://www.singulart.com/images/artworks/v2/cropped/984/alts/zoom/alt_2074487_643a82554ff61831e717057f72ea2e37.jpeg', 'https://www.singulart.com/images/artworks/v2/cropped/984/alts/zoom/alt_2074487_a117dfa04c5a1d7974774bd9fc247f9b.jpeg', 'https://www.singulart.com/images/artworks/v2/cropped/984/alts/zoom/alt_2074487_b86ef132b49b6a46cc6377cb17fbbdb0.jpeg', 'https://www.singulart.com/images/artworks/v2/cropped/984/alts/zoom/alt_2074487_31ee081f3b4b4f71d222b59073ecdc21.jpeg', 'https://www.singulart.com/images/artworks/v2/cropped/984/alts/zoom/alt_2074487_52e880c63b91c8722979b5d1ceaef274.jpeg', 'https://www.singulart.com/images/artworks/v2/cropped/984/main/zoom/2074487_8b37d45aea8c09b536e298b277f51062.jpeg']"
"Serie Mallorca, Plate V",13040,Joan Miró,70 x 86 cm,1973 • España • Litografía en Papel,"['https://www.singulart.com/images/artworks/v2/cropped/49770/main/zoom/1937235_cc923d64d662e138110d699cc7cd2119.jpeg', 'https://www.singulart.com/images/artworks/v2/cropped/49770/main/zoom/1937235_cc923d64d662e138110d699cc7cd2119.jpeg']"
"""De compras, bolsas de papel""",8750,Antonio Vázquez,85 x 120 cm,2015 • España • Óleo en Lienzo,"['https://www.singulart.com/images/artworks/v2/cropped/27335/main/zoom/1149385_174b20441a69ed41227e5d8fad3ec85a.jpeg', 'https://www.singulart.com/images/artworks/v2/cropped/27335/alts/zoom/alt_1149385_2303301c6fca47cd250c236f19bea821.jpeg', 'https://www.singulart.com/images/artworks/v2/cropped/27335/alts/zoom/alt_1149385_17a709792531ef8030089a9b60342fe3.jpeg', 'https://www.singulart.com/images/artworks/v2/cropped/27335/main/zoom/1149385_174b20441a69ed41227e5d8fad3ec85a.jpeg']"
no price too high,7294,Claudia Barbu,50 x 50 cm,"2024 • España • Acrílico, Óleo en Lienzo","['https://www.singulart.com/images/artworks/v2/cropped/9787/main/zoom/2134795_12135eaab16cb49a23daaff48460d847.jpeg', 'https://www.singulart.com/images/artworks/v2/cropped/9787/alts/zoom/alt_2134795_97d57f76d85d50a2cc016a04ee1276ab.jpeg', 'https://www.singulart.com/images/artworks/v2/cropped/9787/alts/zoom/alt_2134795_340cb58136b13b15d95c8d84812b79ac.jpeg', 'https://www.singulart.com/images/artworks/v2/cropped/9787/alts/zoom/alt_2134795_dab71d484702ae03cda294ba280b53b6.jpeg', 'https://www.singulart.com/images/artworks/v2/cropped/9787/alts/zoom/alt_2134795_11b4fc65cc485e36dbdc85079eb35670.jpeg', 'https://www.singulart.com/images/artworks/v2/cropped/9787/main/zoom/2134795_12135eaab16cb49a23daaff48460d847.jpeg']"
"""LAS GOLONDRINAS VUELAN AL SUR EN PRIMAVERA""",5327,Ana Termes Lis,100 x 82 cm,"2023 • España • Óleo, Carbón en Lienzo","['https://www.singulart.com/images/artworks/v2/cropped/17039/main/zoom/1876417_0c71ad44c60d2740b0076b5ce0fbcea4.jpeg', 'https://www.singulart.com/images/artworks/v2/cropped/17039/alts/zoom/alt_1876417_93736be94bbe83e9e8abbe41ea66410d.jpeg', 'https://www.singulart.com/images/artworks/v2/cropped/17039/alts/zoom/alt_1876417_1f1607438e54cb6f9efb88a425b56753.jpeg', 'https://www.singulart.com/images/artworks/v2/cropped/17039/alts/zoom/alt_1876417_8d5e5fd138a19e4eb3e4d61f3eb09121.jpeg', 'https://www.singulart.com/images/artworks/v2/cropped/17039/alts/zoom/alt_1876417_47807d8b6542b9235a61ff4739929c24.jpeg', 'https://www.singulart.com/images/artworks/v2/cropped/17039/alts/zoom/alt_1876417_60ff20f1194e8b48a0af8787f2425747.jpeg', 'https://www.singulart.com/images/artworks/v2/cropped/17039/alts/zoom/alt_1876417_e730ca572859bf25e03d87322f241b3d.jpeg', 'https://www.singulart.com/images/artworks/v2/cropped/17039/alts/zoom/alt_1876417_82ec24d7a3fd71373acf8e9e5b0cf02d.jpeg', 'https://www.singulart.com/images/artworks/v2/cropped/17039/alts/zoom/alt_1876417_c8dd44e449dcfc9bd449733e90c47799.jpeg', 'https://www.singulart.com/images/artworks/v2/cropped/17039/alts/zoom/alt_1876417_7f532b45a473b92e5bdb23fa651f2ac1.jpeg', 'https://www.singulart.com/images/artworks/v2/cropped/17039/alts/zoom/alt_1876417_702562506cd9df4b65888bead1bb9d67.jpeg', 'https://www.singulart.com/images/artworks/v2/cropped/17039/alts/zoom/alt_1876417_c25824912e9afd6e2f1642758d514c3c.jpeg', 'https://www.singulart.com/images/artworks/v2/cropped/17039/alts/zoom/alt_1876417_b48bf8176c5ffe5bcd3e9e47639f34ed.jpeg', 'https://www.singulart.com/images/artworks/v2/cropped/17039/alts/zoom/alt_1876417_850ec89797cd0c4822877f7e269aa996.jpeg', 'https://www.singulart.com/images/artworks/v2/cropped/17039/main/zoom/1876417_0c71ad44c60d2740b0076b5ce0fbcea4.jpeg']"
Rainbow Flow,6300,Juan José Garay,70 x 200 cm,2024 • España • Acrílico en Lienzo,"['https://www.singulart.com/images/artworks/v2/cropped/12207/main/zoom/2101847_7a7bad73ba1b5819e0e57dae2d49928f.jpeg', 'https://www.singulart.com/images/artworks/v2/cropped/12207/alts/zoom/alt_2101847_1e85cd3c580b319f7dfcbccb28b1326d.jpeg', 'https://www.singulart.com/images/artworks/v2/cropped/12207/alts/zoom/alt_2101847_47fd492cf6846429f39d329eed663875.jpeg', 'https://www.singulart.com/images/artworks/v2/cropped/12207/alts/zoom/alt_2101847_2c992e5eb8a12c11b0d479c99b66fcc8.jpeg', 'https://www.singulart.com/images/artworks/v2/cropped/12207/alts/zoom/alt_2101847_1fadb09ed98c7fa990c83f53619f88af.jpeg', 'https://www.singulart.com/images/artworks/v2/cropped/12207/alts/zoom/alt_2101847_f282674efa102c233ab91f5449d7921c.jpeg', 'https://www.singulart.com/images/artworks/v2/cropped/12207/alts/zoom/alt_2101847_927fde5e442e7bf711bf82e329fc4ace.jpeg', 'https://www.singulart.com/images/artworks/v2/cropped/12207/alts/zoom/alt_2101847_ab0219ed029b71d38a139b8bebd2866e.jpeg', 'https://www.singulart.com/images/artworks/v2/cropped/12207/alts/zoom/alt_2101847_2e36fa221fe07d0132c1e9e77c6b7d08.jpeg', 'https://www.singulart.com/images/artworks/v2/cropped/12207/alts/zoom/alt_2101847_c1e858c53d883d2fec2fc3e62cba9d3a.jpeg', 'https://www.singulart.com/images/artworks/v2/cropped/12207/alts/zoom/alt_2101847_f13eaa7595de49078f5bf4a7988fdb9f.jpeg', 'https://www.singulart.com/images/artworks/v2/cropped/12207/alts/zoom/alt_2101847_e37a69d4fab81f733e72a686ea23e062.jpeg', 'https://www.singulart.com/images/artworks/v2/cropped/12207/alts/zoom/alt_2101847_c0b5bbb4e6a8e5789f47ced28258c4a2.jpeg', 'https://www.singulart.com/images/artworks/v2/cropped/12207/alts/zoom/alt_2101847_c033e5dd33638d8de2afa3f25a299b5a.jpeg', 'https://www.singulart.com/images/artworks/v2/cropped/12207/alts/zoom/alt_2101847_c0b3fde10de5deec22413c380bce593e.jpeg', 'https://www.singulart.com/images/artworks/v2/cropped/12207/alts/zoom/alt_2101847_86b9ff3ebf468e52747934672ce5633c.jpeg', 'https://www.singulart.com/images/artworks/v2/cropped/12207/alts/zoom/alt_2101847_433abaad7907d931ff554d38501bdff6.jpeg', 'https://www.singulart.com/images/artworks/v2/cropped/12207/alts/zoom/alt_2101847_1d47bd84ea3aa7fc239571fd2e980b8f.jpeg', 'https://www.singulart.com/images/artworks/v2/cropped/12207/alts/zoom/alt_2101847_57c876990fdbde2b18e801c30e08f864.jpeg', 'https://www.singulart.com/images/artworks/v2/cropped/12207/alts/zoom/alt_2101847_2334665fec66ca920652067492734ba8.jpeg', 'https://www.singulart.com/images/artworks/v2/cropped/12207/alts/zoom/alt_2101847_7d867df02ad94ebf672efebfae4aa8c1.jpeg', 'https://www.singulart.com/images/artworks/v2/cropped/12207/alts/zoom/alt_2101847_3b716d7f07700905e84ddb46e64964a1.jpeg', 'https://www.singulart.com/images/artworks/v2/cropped/12207/alts/zoom/alt_2101847_aff86c169f23459de0bdecf7241b94a1.jpeg', 'https://www.singulart.com/images/artworks/v2/cropped/12207/alts/zoom/alt_2101847_db58e1cfadf2ea4726fb8029aa90541d.jpeg', 'https://www.singulart.com/images/artworks/v2/cropped/12207/alts/zoom/alt_2101847_287998fabb115ca4c2b5d95ca29eeab2.jpeg', 'https://www.singulart.com/images/artworks/v2/cropped/12207/alts/zoom/alt_2101847_4a06d5a7a2f47f7d12b5fe1007934878.jpeg', 'https://www.singulart.com/images/artworks/v2/cropped/12207/alts/zoom/alt_2101847_5c373b3b6236ade59c45ec535d32c4e5.jpeg', 'https://www.singulart.com/images/artworks/v2/cropped/12207/alts/zoom/alt_2101847_5a70001252cc6385401d6366b5f8a627.jpeg', 'https://www.singulart.com/images/artworks/v2/cropped/12207/alts/zoom/alt_2101847_762ce114986ae2eb57d569ca2dca18af.jpeg', 'https://www.singulart.com/images/artworks/v2/cropped/12207/alts/zoom/alt_2101847_1a19a0dba3c5ea7f437d416f86e5528d.jpeg', 'https://www.singulart.com/images/artworks/v2/cropped/12207/alts/zoom/alt_2101847_5141092e088a0b32240280d547e6ac6c.jpeg', 'https://www.singulart.com/images/artworks/v2/cropped/12207/alts/zoom/alt_2101847_3c436bea7cb86eea329777e26fe5eab3.jpeg', 'https://www.singulart.com/images/artworks/v2/cropped/12207/alts/zoom/alt_2101847_c75eb635ef8440582f4799bbfb3049af.jpeg', 'https://www.singulart.com/images/artworks/v2/cropped/12207/alts/zoom/alt_2101847_7ad7c7e6500a381b6760bad9ae3b89fc.jpeg', 'https://www.singulart.com/images/artworks/v2/cropped/12207/alts/zoom/alt_2101847_e0315e7de2f04f079f1665157cff74d3.jpeg', 'https://www.singulart.com/images/artworks/v2/cropped/12207/alts/zoom/alt_2101847_f84406208dd27286c40fb9339316e546.jpeg', 'https://www.singulart.com/images/artworks/v2/cropped/12207/alts/zoom/alt_2101847_3768567c94d085c0fece184b49227e17.jpeg', 'https://www.singulart.com/images/artworks/v2/cropped/12207/alts/zoom/alt_2101847_95086d5eddd77190f2b9b981eb8d7ec1.jpeg', 'https://www.singulart.com/images/artworks/v2/cropped/12207/main/zoom/2101847_7a7bad73ba1b5819e0e57dae2d49928f.jpeg']"
La inevitable levedad de seguir el ser,6524,Aramís Justiz,110(L)x92(A)x40(P)cm,2019 • Cuba,"['https://www.singulart.com/images/artworks/pictures/cutout/5263/27277/zoom/serie_27277_16700cd51dfe783ba75f1e654d152867.png', 'https://www.singulart.com/images/artworks/pictures/cropped/5263/alts/zoom/alt_258203_a205c1f5ae447f933c7b459718248c81.jpeg', 'https://www.singulart.com/images/artworks/pictures/cropped/5263/alts/zoom/alt_258203_86526b75ef65a17e6dd6340df9f82ee7.jpeg', 'https://www.singulart.com/images/artworks/pictures/cropped/5263/alts/zoom/alt_258203_6ed109c05bb1d7f040127e0a7a55444a.jpeg', 'https://www.singulart.com/images/artworks/pictures/cropped/5263/alts/zoom/alt_258203_536d46675a2192eae2cfac02f1f2df26.jpeg', 'https://www.singulart.com/images/artworks/pictures/cropped/5263/alts/zoom/alt_258203_5acdc3a192c74f7a6a39537f81b9af85.jpeg', 'https://www.singulart.com/images/artworks/pictures/cropped/5263/alts/zoom/alt_258203_523283b01a23d64d6cd78369b0d3ecfc.jpeg', 'https://www.singulart.com/images/artworks/pictures/cropped/5263/alts/zoom/alt_258203_120d3efbef825e5f64242b95756ac68b.jpeg', 'https://www.singulart.com/images/artworks/pictures/cropped/5263/alts/zoom/alt_258203_be0fb7674738fa7dc8db26ce951cefff.jpeg', 'https://www.singulart.com/images/artworks/pictures/cutout/5263/27277/zoom/serie_27277_16700cd51dfe783ba75f1e654d152867.png']"
NABILA,7560,Nouna,25(L)x50(A)x16(P)cm,2016 • Francia,"['https://www.singulart.com/images/artworks/v2/cutout/16857/main/zoom/934083_c7338a14a4d4fb6efb675a60c238c12f.png', 'https://www.singulart.com/images/artworks/v2/cropped/16857/alts/zoom/alt_934083_ca14771934d7e5c9a085df26eb97ed01.jpeg', 'https://www.singulart.com/images/artworks/v2/cropped/16857/alts/zoom/alt_934083_0fd8786cc05c445cd5852091a7535566.jpeg', 'https://www.singulart.com/images/artworks/v2/cropped/16857/alts/zoom/alt_934083_2473b9f4710cb3ee5c62c81c95089b3f.jpeg', 'https://www.singulart.com/images/artworks/v2/cropped/16857/alts/zoom/alt_934083_b1baac2105eab61a4dfcabb9c0ef2cee.jpeg', 'https://www.singulart.com/images/artworks/v2/cropped/16857/alts/zoom/alt_934083_f6b4020d405032b89e58bfff0c30c6e3.jpeg', 'https://www.singulart.com/images/artworks/v2/cropped/16857/alts/zoom/alt_934083_2755187d29225526831c32ac1bfbc067.jpeg', 'https://www.singulart.com/images/artworks/v2/cropped/16857/alts/zoom/alt_934083_2c11cdf062c378ac9bc734f3efbb948f.jpeg', 'https://www.singulart.com/images/artworks/v2/cropped/16857/alts/zoom/alt_934083_170ad178edbb1e555074dbd80b08554d.jpeg', 'https://www.singulart.com/images/artworks/v2/cropped/16857/alts/zoom/alt_934083_8d1d92368ecfdf5647229d5ac8a4a0a4.jpeg', 'https://www.singulart.com/images/artworks/v2/cutout/16857/main/zoom/934083_c7338a14a4d4fb6efb675a60c238c12f.png']"
Freedom,5537,Brigitte Dravet,70(L)x150(A)x75(P)cm,2023 • Francia,"['https://www.singulart.com/images/artworks/v2/cutout/35177/main/zoom/1828242_ea55144ba51de53f60d8b5dbd072b9cc.png', 'https://www.singulart.com/images/artworks/v2/cropped/35177/alts/zoom/alt_1828242_19382ecbd4c0d75c387bf3ae2eb53fc7.jpeg', 'https://www.singulart.com/images/artworks/v2/cropped/35177/alts/zoom/alt_1828242_401a6208642ba2835b18f6f664d37876.jpeg', 'https://www.singulart.com/images/artworks/v2/cropped/35177/alts/zoom/alt_1828242_2f7c520559cb34d0b7390ecff96078ea.jpeg', 'https://www.singulart.com/images/artworks/v2/cropped/35177/alts/zoom/alt_1828242_76e6aba79fc46d66fd7267afdaadcfa6.jpeg', 'https://www.singulart.com/images/artworks/v2/cropped/35177/alts/zoom/alt_1828242_b775266ae6a17ab12a03817b22453289.jpeg', 'https://www.singulart.com/images/artworks/v2/cropped/35177/alts/zoom/alt_1828242_f2c56e30ca9d6e0909428cc7969d000f.jpeg', 'https://www.singulart.com/images/artworks/v2/cropped/35177/alts/zoom/alt_1828242_e2432d056e0b36ef9ec08fcc7ecd6054.jpeg', 'https://www.singulart.com/images/artworks/v2/cropped/35177/alts/zoom/alt_1828242_01c87ee807a8d558a4d87e65c95f4526.jpeg', 'https://www.singulart.com/images/artworks/v2/cropped/35177/alts/zoom/alt_1828242_bef0f58c5056e845dab3a6745633c3be.jpeg', 'https://www.singulart.com/images/artworks/v2/cropped/35177/alts/zoom/alt_1828242_5dbe4256df9d228d2e833397cc77b894.jpeg', 'https://www.singulart.com/images/artworks/v2/cropped/35177/alts/zoom/alt_1828242_6de238476f0d533f8409df0275d620d6.jpeg', 'https://www.singulart.com/images/artworks/v2/cropped/35177/alts/zoom/alt_1828242_9ceff053251e9116706638b10f42e339.jpeg', 'https://www.singulart.com/images/artworks/v2/cropped/35177/alts/zoom/alt_1828242_6af134a99f0fb55f1b3201e9c6cfb397.jpeg', 'https://www.singulart.com/images/artworks/v2/cropped/35177/alts/zoom/alt_1828242_f930cf24c6783622cfe81377aa35c17b.jpeg', 'https://www.singulart.com/images/artworks/v2/cropped/35177/alts/zoom/alt_1828242_7eb5a366f866ccb701312cd0356a5ea5.jpeg', 'https://www.singulart.com/images/artworks/v2/cutout/35177/main/zoom/1828242_ea55144ba51de53f60d8b5dbd072b9cc.png']"
LE CIRQUE,5880,Laure Polin,30(L)x52(A)x18(P)cm,2021 • Francia,"['https://www.singulart.com/images/artworks/v2/cutout/4237/main/zoom/1181943_e747398231504f649b54e7408b2e54dc.png', 'https://www.singulart.com/images/artworks/v2/cropped/4237/alts/zoom/alt_1181943_9b730c5e328bec7d0704d9cd4fd22615.jpeg', 'https://www.singulart.com/images/artworks/v2/cropped/4237/alts/zoom/alt_1181943_211a2db35f415d6e33918c2b5c16a994.jpeg', 'https://www.singulart.com/images/artworks/v2/cropped/4237/alts/zoom/alt_1181943_5142026cd5c29b5a8ab66de150343680.jpeg', 'https://www.singulart.com/images/artworks/v2/cropped/4237/alts/zoom/alt_1181943_46fdfd7e0b788e2681a075bfd7ded7f2.jpeg', 'https://www.singulart.com/images/artworks/v2/cropped/4237/alts/zoom/alt_1181943_21633dcff4df73e8fcff7bd559ad0021.jpeg', 'https://www.singulart.com/images/artworks/v2/cropped/4237/alts/zoom/alt_1181943_3b788d91495d86dc25874728eb88fe08.jpeg', 'https://www.singulart.com/images/artworks/v2/cropped/4237/alts/zoom/alt_1181943_c6aca14427115eb559459bcb661cab24.jpeg', 'https://www.singulart.com/images/artworks/v2/cropped/4237/alts/zoom/alt_1181943_ea1933cee109987873372f659ba0df81.jpeg', 'https://www.singulart.com/images/artworks/v2/cropped/4237/alts/zoom/alt_1181943_36aedf61db992fe17ce11ec1e4afee05.jpeg', 'https://www.singulart.com/images/artworks/v2/cutout/4237/main/zoom/1181943_e747398231504f649b54e7408b2e54dc.png']"
🎻La Truite 🎻Trout Quintet 🎻Forellenquintett,8870,Isabel Mahe,73 x 92 cm,2023 • Francia • Óleo en Lino,"['https://www.singulart.com/images/artworks/v2/cropped/3207/main/zoom/1875812_26c6cbcb3519ec14250deb31bebb2273.jpeg', 'https://www.singulart.com/images/artworks/v2/cropped/3207/alts/zoom/alt_1875812_9bff8eacde8ca3c3ee5425e7eaf3c803.jpeg', 'https://www.singulart.com/images/artworks/v2/cropped/3207/alts/zoom/alt_1875812_744eeb8160972f98e0792cd2f2bbad72.jpeg', 'https://www.singulart.com/images/artworks/v2/cropped/3207/alts/zoom/alt_1875812_f5e6444cb87d4e9e5a31cfbf6443e3dc.jpeg', 'https://www.singulart.com/images/artworks/v2/cropped/3207/alts/zoom/alt_1875812_44f2d7f20e135726d7d90188a264fddd.jpeg', 'https://www.singulart.com/images/artworks/v2/cropped/3207/alts/zoom/alt_1875812_6fcf03a1ec9436081fa579e40f5be574.jpeg', 'https://www.singulart.com/images/artworks/v2/cropped/3207/alts/zoom/alt_1875812_cf1122168a766bcdf571d1118acd359d.jpeg', 'https://www.singulart.com/images/artworks/v2/cropped/3207/alts/zoom/alt_1875812_18f6bedf2def1f49cf734c75b35cb4ad.jpeg', 'https://www.singulart.com/images/artworks/v2/cropped/3207/alts/zoom/alt_1875812_2cd912b8c4003b08bd1fc15175815a0e.jpeg', 'https://www.singulart.com/images/artworks/v2/cropped/3207/alts/zoom/alt_1875812_8094c0e5540a5a5f9a94fc3e670e3d62.jpeg', 'https://www.singulart.com/images/artworks/v2/cropped/3207/alts/zoom/alt_1875812_c3c3fe8e8dde2357460482bc8ff43a75.jpeg', 'https://www.singulart.com/images/artworks/v2/cropped/3207/alts/zoom/alt_1875812_8c2ab6a72c040894c23f5ed69adcd72e.jpeg', 'https://www.singulart.com/images/artworks/v2/cropped/3207/alts/zoom/alt_1875812_b963c126bc8bd2545312c02dc178999f.jpeg', 'https://www.singulart.com/images/artworks/v2/cropped/3207/alts/zoom/alt_1875812_157e73500a676b377419f905692981d6.jpeg', 'https://www.singulart.com/images/artworks/v2/cropped/3207/alts/zoom/alt_1875812_2e712625aba747b2c61ff1a2cf66121a.jpeg', 'https://www.singulart.com/images/artworks/v2/cropped/3207/alts/zoom/alt_1875812_4f48829c41a2cde59522f49d8f127387.jpeg', 'https://www.singulart.com/images/artworks/v2/cropped/3207/alts/zoom/alt_1875812_a14779b18da30ed162651da5d1f036e3.jpeg', 'https://www.singulart.com/images/artworks/v2/cropped/3207/alts/zoom/alt_1875812_ed5630740c3c96c8815f50c1b4c5b7d1.jpeg', 'https://www.singulart.com/images/artworks/v2/cropped/3207/main/zoom/1875812_26c6cbcb3519ec14250deb31bebb2273.jpeg']"
Pompéi + Chania,5880,Jean Mirre,70 x 100 cm,2024 • Francia • Óleo en Lienzo,"['https://www.singulart.com/images/artworks/v2/cropped/2759/main/zoom/2032665_8470bccf9d912dc3726ed9e0da319611.jpeg', 'https://www.singulart.com/images/artworks/v2/cropped/2759/alts/zoom/alt_2032665_7c3b50f2d4bdb629ae56ea52c9d9d308.jpeg', 'https://www.singulart.com/images/artworks/v2/cropped/2759/alts/zoom/alt_2032665_5800d780e62a7b87d6c5c9dd5d9044f6.jpeg', 'https://www.singulart.com/images/artworks/v2/cropped/2759/alts/zoom/alt_2032665_2b52cc421477220f02df99fcbf268b3e.jpeg', 'https://www.singulart.com/images/artworks/v2/cropped/2759/alts/zoom/alt_2032665_169a0a75e6931afa6f0c632b06bb2bb5.jpeg', 'https://www.singulart.com/images/artworks/v2/cropped/2759/alts/zoom/alt_2032665_db9aab97e02746a41a9f0186a7acfec2.jpeg', 'https://www.singulart.com/images/artworks/v2/cropped/2759/alts/zoom/alt_2032665_be28c52a17c3bc78d6b360680c62ad4d.jpeg', 'https://www.singulart.com/images/artworks/v2/cropped/2759/alts/zoom/alt_2032665_a104c2c6dd156ca96842ad191991fe90.jpeg', 'https://www.singulart.com/images/artworks/v2/cropped/2759/alts/zoom/alt_2032665_19367fd0c28ae0dee2620e9d93ae4e74.jpeg', 'https://www.singulart.com/images/artworks/v2/cropped/2759/main/zoom/2032665_8470bccf9d912dc3726ed9e0da319611.jpeg']"
En pensant à mon voisin Serge Gainsbourg,7620,Jean-Pierre Borderie,81 x 100 cm,2017 • Francia • Acrílico en Lino,"['https://www.singulart.com/images/artworks/v2/cropped/18939/main/zoom/972217_ce7de4737ff55f80f918f680c9374486.jpeg', 'https://www.singulart.com/images/artworks/v2/cropped/18939/main/zoom/972217_ce7de4737ff55f80f918f680c9374486.jpeg']"
Paysage derrière un champ de nouilles.,5642,Aldehy,73 x 100 cm,1989 • Francia • Óleo en Lienzo,"['https://www.singulart.com/images/artworks/v2/cropped/13005/main/zoom/670315_af01db1f4fef12dae704ee738e4cba65.jpeg', 'https://www.singulart.com/images/artworks/v2/cropped/13005/alts/zoom/alt_670315_4d3e01f907bc8159c6b23a6014fb3786.jpeg', 'https://www.singulart.com/images/artworks/v2/cropped/13005/main/zoom/670315_af01db1f4fef12dae704ee738e4cba65.jpeg']"
"Sutak, mujer pájaro",18319,Esther Tenedor,65(L)x42(A)x57(P)cm,2023 • España,"['https://www.singulart.com/images/artworks/v2/cutout/19771/main/zoom/2082073_5cd22219c05394b95653c7b36112f9c3.png', 'https://www.singulart.com/images/artworks/v2/cropped/19771/alts/zoom/alt_2082073_480d7c654c977bbeada59f8926beaf2f.jpeg', 'https://www.singulart.com/images/artworks/v2/cropped/19771/alts/zoom/alt_2082073_0a56903d2597c33fd1a864204bdf17cb.jpeg', 'https://www.singulart.com/images/artworks/v2/cropped/19771/alts/zoom/alt_2082073_9356bab16bb3519150b7f3bc549b36e3.jpeg', 'https://www.singulart.com/images/artworks/v2/cropped/19771/alts/zoom/alt_2082073_a43afb2c71cccf1a21c4988983f6e157.jpeg', 'https://www.singulart.com/images/artworks/v2/cropped/19771/alts/zoom/alt_2082073_9f548202191369a0548ba51c0d28448a.jpeg', 'https://www.singulart.com/images/artworks/v2/cropped/19771/alts/zoom/alt_2082073_b4844f490ca65f542096086d5cc4a082.jpeg', 'https://www.singulart.com/images/artworks/v2/cutout/19771/main/zoom/2082073_5cd22219c05394b95653c7b36112f9c3.png']"
"La lumière d'automne (Bern, Switzerland).",7720,James MacKeown,50 x 150 cm,N.D • Francia • Óleo en Lino,"['https://www.singulart.com/images/artworks/v2/cropped/23097/main/zoom/1082395_03754e94f6d7d9bb45e09b7edc7f9f10.jpeg', 'https://www.singulart.com/images/artworks/v2/cropped/23097/main/zoom/1082395_03754e94f6d7d9bb45e09b7edc7f9f10.jpeg']"
Notre-D'Ame,5488,Catherine Sénéchal,73 x 100 cm,2019 • Francia • Óleo en Lienzo,"['https://www.singulart.com/images/artworks/v2/cropped/1705/main/zoom/2218431_72e2e28af23b5ec2e7affd46987ac6af.jpeg', 'https://www.singulart.com/images/artworks/v2/cropped/1705/alts/zoom/alt_2218431_d558d4dc6fcdb3204c6b7f93ceb111b3.jpeg', 'https://www.singulart.com/images/artworks/v2/cropped/1705/alts/zoom/alt_2218431_c2a120fca38b5487c1fca9041feb99a3.jpeg', 'https://www.singulart.com/images/artworks/v2/cropped/1705/alts/zoom/alt_2218431_d721e62a9b94a3b76eb9332f222e74bd.jpeg', 'https://www.singulart.com/images/artworks/v2/cropped/1705/alts/zoom/alt_2218431_b135ecf56881be9ce203b113a95c51fc.jpeg', 'https://www.singulart.com/images/artworks/v2/cropped/1705/alts/zoom/alt_2218431_e367e331278ee8d54b381c6061e0bedb.jpeg', 'https://www.singulart.com/images/artworks/v2/cropped/1705/alts/zoom/alt_2218431_81c9e195c48558ae7849478fffd8f844.jpeg', 'https://www.singulart.com/images/artworks/v2/cropped/1705/alts/zoom/alt_2218431_7a3ba2dfb553a14ea2a08f28722c66bd.jpeg', 'https://www.singulart.com/images/artworks/v2/cropped/1705/alts/zoom/alt_2218431_f03c57966758c8d287d939726a113cef.jpeg', 'https://www.singulart.com/images/artworks/v2/cropped/1705/alts/zoom/alt_2218431_020a5a03f3d109fe68ba4a4b5c472180.jpeg', 'https://www.singulart.com/images/artworks/v2/cropped/1705/alts/zoom/alt_2218431_1e46f3207fcb4c4ecc097ee130b0b2cc.jpeg', 'https://www.singulart.com/images/artworks/v2/cropped/1705/alts/zoom/alt_2218431_c7472d622e875cd86bcebaf2698fb3d9.jpeg', 'https://www.singulart.com/images/artworks/v2/cropped/1705/alts/zoom/alt_2218431_d255e73769120cf6791ca69d3209f54c.jpeg', 'https://www.singulart.com/images/artworks/v2/cropped/1705/alts/zoom/alt_2218431_65cac7a21409e0050f6725daca23d6bf.jpeg', 'https://www.singulart.com/images/artworks/v2/cropped/1705/alts/zoom/alt_2218431_cbdf51e91fd7a9531930bbe9c6581115.jpeg', 'https://www.singulart.com/images/artworks/v2/cropped/1705/alts/zoom/alt_2218431_c0e49d5cac942de8ed4e4d5a36fd5b9a.jpeg', 'https://www.singulart.com/images/artworks/v2/cropped/1705/alts/zoom/alt_2218431_d3270ef1e25604ff272b8b8697e1d2cf.jpeg', 'https://www.singulart.com/images/artworks/v2/cropped/1705/alts/zoom/alt_2218431_49b38ded1276987bb8cadf402d2c6cf2.jpeg', 'https://www.singulart.com/images/artworks/v2/cropped/1705/main/zoom/2218431_72e2e28af23b5ec2e7affd46987ac6af.jpeg']"
OUVERTURE,7590,Marc Mugnier,130(L)x129(A)x12(P)cm,2011 • Francia,"['https://www.singulart.com/images/artworks/v2/cutout/3857/main/zoom/1181599_99c116f587290a1cb28e8c7957f81b88.png', 'https://www.singulart.com/images/artworks/v2/cropped/3857/alts/zoom/alt_1181599_0783c51886c81cf6d666f29d60083074.jpeg', 'https://www.singulart.com/images/artworks/v2/cropped/3857/alts/zoom/alt_1181599_c756bf374825a3a53cda1ca1e37c5f67.jpeg', 'https://www.singulart.com/images/artworks/v2/cropped/3857/alts/zoom/alt_1181599_c57f549f804877e0164ad293bbe63fb1.jpeg', 'https://www.singulart.com/images/artworks/v2/cropped/3857/alts/zoom/alt_1181599_90f74f4e3efc58c9b15709b484629187.jpeg', 'https://www.singulart.com/images/artworks/v2/cropped/3857/alts/zoom/alt_1181599_00f26e8d8cdf0de1931a4ac02db5a40c.jpeg', 'https://www.singulart.com/images/artworks/v2/cropped/3857/alts/zoom/alt_1181599_4577a5e8969e27179e5819325375ca15.jpeg', 'https://www.singulart.com/images/artworks/v2/cropped/3857/alts/zoom/alt_1181599_1768ae5b3e7171623ad5c2c428c4109f.jpeg', 'https://www.singulart.com/images/artworks/v2/cropped/3857/alts/zoom/alt_1181599_2703030f85311732f51d2a72d7e24f67.jpeg', 'https://www.singulart.com/images/artworks/v2/cropped/3857/alts/zoom/alt_1181599_99a831933d71f3000df6093e263b2bf1.jpeg', 'https://www.singulart.com/images/artworks/v2/cropped/3857/alts/zoom/alt_1181599_8f7b014bc1873c5f7bd965ad8966f6a9.jpeg', 'https://www.singulart.com/images/artworks/v2/cutout/3857/main/zoom/1181599_99c116f587290a1cb28e8c7957f81b88.png']"
CRAC ! BOUM ! HUE !,5544,Jean-Louis Azencott,80 x 80 cm,2021 • Francia • Acrílico en Lienzo,"['https://www.singulart.com/images/artworks/v2/cropped/1437/main/zoom/1260371_9ceb88c1c4d475222b02ea8fa41b0cd6.jpeg', 'https://www.singulart.com/images/artworks/v2/cropped/1437/alts/zoom/alt_1260371_27d13a0163e6cadef7138bb2c56698d6.jpeg', 'https://www.singulart.com/images/artworks/v2/cropped/1437/alts/zoom/alt_1260371_e4456ab935929037b444c6b56682d8f7.jpeg', 'https://www.singulart.com/images/artworks/v2/cropped/1437/alts/zoom/alt_1260371_9f86a95f341d196ecca96302d84598d5.jpeg', 'https://www.singulart.com/images/artworks/v2/cropped/1437/alts/zoom/alt_1260371_8feb411b4a8376ae907dc045d27dfc22.jpeg', 'https://www.singulart.com/images/artworks/v2/cropped/1437/alts/zoom/alt_1260371_437a61e1f331cca47b6f7374cc10378d.jpeg', 'https://www.singulart.com/images/artworks/v2/cropped/1437/alts/zoom/alt_1260371_270424a3c445be8c6097f12a99ab4fbe.jpeg', 'https://www.singulart.com/images/artworks/v2/cropped/1437/alts/zoom/alt_1260371_ae654e788a4cc8f684057b0c5c200e42.jpeg', 'https://www.singulart.com/images/artworks/v2/cropped/1437/alts/zoom/alt_1260371_dacfab4fd1b4985c9356c169f72065b3.jpeg', 'https://www.singulart.com/images/artworks/v2/cropped/1437/alts/zoom/alt_1260371_6908e21e004bacd24758850c31e78d47.jpeg', 'https://www.singulart.com/images/artworks/v2/cropped/1437/alts/zoom/alt_1260371_b4553c5a9a016832ed3d09e20df62000.jpeg', 'https://www.singulart.com/images/artworks/v2/cropped/1437/main/zoom/1260371_9ceb88c1c4d475222b02ea8fa41b0cd6.jpeg']"
Le taureau force et douceur,7616,Hector Bouchet,25(L)x24(A)x40(P)cm,2025 • Francia,"['https://www.singulart.com/images/artworks/v2/cutout/62204/main/zoom/2303914_33eae06b1472c1e35d59e43dc0d1394d.png', 'https://www.singulart.com/images/artworks/v2/cropped/62204/alts/zoom/alt_2303914_1e82da37333b7a408cabfee7bc4d4bf4.jpeg', 'https://www.singulart.com/images/artworks/v2/cropped/62204/alts/zoom/alt_2303914_ef386476b695615799ec21632794ee73.jpeg', 'https://www.singulart.com/images/artworks/v2/cropped/62204/alts/zoom/alt_2303914_b809ada67b07fb34ce0d1ea7fae9f113.jpeg', 'https://www.singulart.com/images/artworks/v2/cropped/62204/alts/zoom/alt_2303914_79bfac31752acf17f6118ead61c80f8a.jpeg', 'https://www.singulart.com/images/artworks/v2/cropped/62204/alts/zoom/alt_2303914_3ec0b56cb846e4a43a3fc73801a57d70.jpeg', 'https://www.singulart.com/images/artworks/v2/cropped/62204/alts/zoom/alt_2303914_3703b36c14e1a05709fe8c774ee382bc.jpeg', 'https://www.singulart.com/images/artworks/v2/cropped/62204/alts/zoom/alt_2303914_d82bfa4377d4b1b9113e098e86a41e37.jpeg', 'https://www.singulart.com/images/artworks/v2/cropped/62204/alts/zoom/alt_2303914_5804a2dc23e1e73ddf8e05e574b5e37f.jpeg', 'https://www.singulart.com/images/artworks/v2/cropped/62204/alts/zoom/alt_2303914_13fbbabab46e40eb31d7a4e1df0e0bc3.jpeg', 'https://www.singulart.com/images/artworks/v2/cropped/62204/alts/zoom/alt_2303914_653a2e46351378a3d9f31a3cb941c48c.jpeg', 'https://www.singulart.com/images/artworks/v2/cropped/62204/alts/zoom/alt_2303914_5bf8e62b30c69f646a9527b795f07f62.jpeg', 'https://www.singulart.com/images/artworks/v2/cropped/62204/alts/zoom/alt_2303914_c10e728ae01f715c4eef25b0c3d933ef.jpeg', 'https://www.singulart.com/images/artworks/v2/cropped/62204/alts/zoom/alt_2303914_c9dd1dbe7be9988adb22f97133e48ac9.jpeg', 'https://www.singulart.com/images/artworks/v2/cropped/62204/alts/zoom/alt_2303914_fe9a3f1ed5578c687f56a0337d2ef2a4.jpeg', 'https://www.singulart.com/images/artworks/v2/cropped/62204/alts/zoom/alt_2303914_4d6bd040b549e5ad08e600a8f36c8aca.jpeg', 'https://www.singulart.com/images/artworks/v2/cropped/62204/alts/zoom/alt_2303914_1b28b1893d9211882db6bd6adc991fed.jpeg', 'https://www.singulart.com/images/artworks/v2/cropped/62204/alts/zoom/alt_2303914_2a6a0ef053c38cd32c03f81773215a55.jpeg', 'https://www.singulart.com/images/artworks/v2/cutout/62204/main/zoom/2303914_33eae06b1472c1e35d59e43dc0d1394d.png']"
Un ange au Paradis,8450,Laurence Saunois,113 x 70 cm,2020 • Francia • Óleo en Metal,"['https://www.singulart.com/images/artworks/v2/cropped/6601/main/zoom/2295549_9215c15aaf7eee0ad2a0fe51a362d6cb.jpeg', 'https://www.singulart.com/images/artworks/v2/cropped/6601/alts/zoom/alt_2295549_0d07caad1473e91e7d8ab2caf4a4bc23.jpeg', 'https://www.singulart.com/images/artworks/v2/cropped/6601/alts/zoom/alt_2295549_b2e875515a2793d46db3bc18f581fbc4.jpeg', 'https://www.singulart.com/images/artworks/v2/cropped/6601/alts/zoom/alt_2295549_86ef99f33287eec7ba43dc7ea69c9851.jpeg', 'https://www.singulart.com/images/artworks/v2/cropped/6601/alts/zoom/alt_2295549_023a66896a86287899d818eaaa649b05.jpeg', 'https://www.singulart.com/images/artworks/v2/cropped/6601/alts/zoom/alt_2295549_b2dcbe45ca5520b7de92a6e17d4a1182.jpeg', 'https://www.singulart.com/images/artworks/v2/cropped/6601/alts/zoom/alt_2295549_3614bff32624ac3c280da433009df2b2.jpeg', 'https://www.singulart.com/images/artworks/v2/cropped/6601/main/zoom/2295549_9215c15aaf7eee0ad2a0fe51a362d6cb.jpeg']"
Rose Paris - tirage n° 1 / 1,9950,Edouard Mazaré,64 x 94 cm,"2019 • Francia • Digital en Papel , Metal under glass","['https://www.singulart.com/images/artworks/v2/cropped/60/main/zoom/892289_6f41aeffe5189f2470ad9a692329a1cd.jpeg', 'https://www.singulart.com/images/artworks/v2/cropped/60/alts/zoom/alt_892289_6656670cf64d41c3da1d8076488ebe30.jpeg', 'https://www.singulart.com/images/artworks/v2/cropped/60/alts/zoom/alt_892289_a14c0a78d593cc8f07e611f48bc31577.jpeg', 'https://www.singulart.com/images/artworks/v2/cropped/60/alts/zoom/alt_892289_ec77b7f38a8e7ee5ef19f0a0578a846f.jpeg', 'https://www.singulart.com/images/artworks/v2/cropped/60/alts/zoom/alt_892289_b4f7f5cfdcaddae030f4b471abb13d63.jpeg', 'https://www.singulart.com/images/artworks/v2/cropped/60/main/zoom/892289_6f41aeffe5189f2470ad9a692329a1cd.jpeg']"
Buisson ardent Mougins,6272,David Onen,40(L)x50(A)x40(P)cm,2020 • Francia,"['https://www.singulart.com/images/artworks/v2/cutout/3813/main/zoom/812339_9c28f84b5428f0a298fac8832d249c44.png', 'https://www.singulart.com/images/artworks/v2/cropped/3813/alts/zoom/alt_812339_3d5566f3a0841ed7c672d5b44556ecb1.jpeg', 'https://www.singulart.com/images/artworks/v2/cropped/3813/alts/zoom/alt_812339_23e6811c95c7d58bcae9c7eeab8606d0.jpeg', 'https://www.singulart.com/images/artworks/v2/cropped/3813/alts/zoom/alt_812339_abd5a676437c8c1761e20d079f5ee4b2.jpeg', 'https://www.singulart.com/images/artworks/v2/cropped/3813/alts/zoom/alt_812339_cbb0f872246af73d81a1943f76fc2728.jpeg', 'https://www.singulart.com/images/artworks/v2/cropped/3813/alts/zoom/alt_812339_db6f092403c9fba234db65b371d342b3.jpeg', 'https://www.singulart.com/images/artworks/v2/cropped/3813/alts/zoom/alt_812339_0486198db0fd6e8066b2f87202cafe44.jpeg', 'https://www.singulart.com/images/artworks/v2/cropped/3813/alts/zoom/alt_812339_28587fc623b81968d1f604920aec2a9b.jpeg', 'https://www.singulart.com/images/artworks/v2/cropped/3813/alts/zoom/alt_812339_26e327358cc3f81f47c5ff00c814abcf.jpeg', 'https://www.singulart.com/images/artworks/v2/cropped/3813/alts/zoom/alt_812339_ee9df5255d46c8297486264f7b240692.jpeg', 'https://www.singulart.com/images/artworks/v2/cropped/3813/alts/zoom/alt_812339_66d556d0cbf4a08276fa58a45c2f4a22.jpeg', 'https://www.singulart.com/images/artworks/v2/cropped/3813/alts/zoom/alt_812339_de2111f14b2ecd4893ea9adc01af2d92.jpeg', 'https://www.singulart.com/images/artworks/v2/cropped/3813/alts/zoom/alt_812339_ba0d298b6fc153d38d77dd6b75463a04.jpeg', 'https://www.singulart.com/images/artworks/v2/cropped/3813/alts/zoom/alt_812339_80933d678e7d3963bd62d68732556668.jpeg', 'https://www.singulart.com/images/artworks/v2/cutout/3813/main/zoom/812339_9c28f84b5428f0a298fac8832d249c44.png']"
Em Ritmo da Alegria,5873,Christine Drummond,100 x 60 cm,2024 • Francia • Óleo en Lienzo,"['https://www.singulart.com/images/artworks/v2/cropped/16713/main/zoom/2203149_d21076d7cacbe45bf4bb19db343fc5f7.jpeg', 'https://www.singulart.com/images/artworks/v2/cropped/16713/alts/zoom/alt_2203149_f8cc9093809af0fbc7e77c4a79689ff5.jpeg', 'https://www.singulart.com/images/artworks/v2/cropped/16713/alts/zoom/alt_2203149_ed4e8a0e7317f3e2cf6d268f9a23c277.jpeg', 'https://www.singulart.com/images/artworks/v2/cropped/16713/alts/zoom/alt_2203149_e98a323a6c25effc936484a4005bca22.jpeg', 'https://www.singulart.com/images/artworks/v2/cropped/16713/alts/zoom/alt_2203149_49f921ad2ca77c15cc76e19ec0ebee6d.jpeg', 'https://www.singulart.com/images/artworks/v2/cropped/16713/alts/zoom/alt_2203149_9c9dbe71ae3d303d1d63cc79625c28ea.jpeg', 'https://www.singulart.com/images/artworks/v2/cropped/16713/alts/zoom/alt_2203149_fc65fb352b7bf307141acc1a04f88a21.jpeg', 'https://www.singulart.com/images/artworks/v2/cropped/16713/main/zoom/2203149_d21076d7cacbe45bf4bb19db343fc5f7.jpeg']"
Sans titre - Référence 2009 09 07 - Huile sur toile 73x100cm,6055,Jean Soyer,73 x 100 cm,2009 • Francia • Óleo en Lino,"['https://www.singulart.com/images/artworks/v2/cropped/22731/main/zoom/1481631_08580f50d845af87e3f02f2578c55e4a.jpeg', 'https://www.singulart.com/images/artworks/v2/cropped/22731/alts/zoom/alt_1481631_b6abe3abc1a1fe6844fbbb31434edb83.jpeg', 'https://www.singulart.com/images/artworks/v2/cropped/22731/alts/zoom/alt_1481631_afa9da131eb07b4cbbff12d7b01242fa.jpeg', 'https://www.singulart.com/images/artworks/v2/cropped/22731/alts/zoom/alt_1481631_387a64565d63c4796f84282917f2cbe7.jpeg', 'https://www.singulart.com/images/artworks/v2/cropped/22731/alts/zoom/alt_1481631_ae67c89e4efda597dc256d81ac76088d.jpeg', 'https://www.singulart.com/images/artworks/v2/cropped/22731/alts/zoom/alt_1481631_986b46dc3ca77a22687f180f2170ed4c.jpeg', 'https://www.singulart.com/images/artworks/v2/cropped/22731/alts/zoom/alt_1481631_84205fc41c61b367397259b47e526be3.jpeg', 'https://www.singulart.com/images/artworks/v2/cropped/22731/alts/zoom/alt_1481631_afa9da131eb07b4cbbff12d7b01242fa.jpeg', 'https://www.singulart.com/images/artworks/v2/cropped/22731/alts/zoom/alt_1481631_07338b89922151dfce30362bd259efcf.jpeg', 'https://www.singulart.com/images/artworks/v2/cropped/22731/alts/zoom/alt_1481631_387a64565d63c4796f84282917f2cbe7.jpeg', 'https://www.singulart.com/images/artworks/v2/cropped/22731/alts/zoom/alt_1481631_079ea0e6c4604c65de95f6b708a06fa1.jpeg', 'https://www.singulart.com/images/artworks/v2/cropped/22731/alts/zoom/alt_1481631_24f77c796cb06cd6dec9b4af42ff91eb.jpeg', 'https://www.singulart.com/images/artworks/v2/cropped/22731/alts/zoom/alt_1481631_29206acf9766c5f562189c8af82b6925.jpeg', 'https://www.singulart.com/images/artworks/v2/cropped/22731/alts/zoom/alt_1481631_ae67c89e4efda597dc256d81ac76088d.jpeg', 'https://www.singulart.com/images/artworks/v2/cropped/22731/alts/zoom/alt_1481631_0d703ddea56aee9eadb71877b92c6c7a.jpeg', 'https://www.singulart.com/images/artworks/v2/cropped/22731/main/zoom/1481631_08580f50d845af87e3f02f2578c55e4a.jpeg']"
Binary Culture,6335,Martta García Ramo,180 x 120 cm,2023 • España • Óleo en Lienzo,"['https://www.singulart.com/images/artworks/v2/cropped/6623/main/zoom/1867129_5f9656ccbea34718fba44588fbbf6591.jpeg', 'https://www.singulart.com/images/artworks/v2/cropped/6623/main/zoom/1867129_5f9656ccbea34718fba44588fbbf6591.jpeg']"
Geometry,5614,Marc Janus,150 x 150 cm,2019 • España • Óleo en Lino,"['https://www.singulart.com/images/artworks/v2/cropped/10137/main/zoom/322827_1b419e941f50586d51f40a63727de9f0.jpeg', 'https://www.singulart.com/images/artworks/v2/cropped/10137/alts/zoom/alt_322827_cc6dee660807aad18300e026fff322f3.jpeg', 'https://www.singulart.com/images/artworks/v2/cropped/10137/alts/zoom/alt_322827_35f1e7df38d6139a005fbfabb756e861.jpeg', 'https://www.singulart.com/images/artworks/v2/cropped/10137/main/zoom/322827_1b419e941f50586d51f40a63727de9f0.jpeg']"
Destinados a Navegar Eternamente II,6132,José Antonio Ochoa,167 x 330 cm,2018 • España • Óleo en Tablero sintético,"['https://www.singulart.com/images/artworks/v2/cropped/32259/main/zoom/1645696_9f7a5fa69baf6a85d9876a223beccec0.jpeg', 'https://www.singulart.com/images/artworks/v2/cropped/32259/alts/zoom/alt_1645696_faf3d35a980bb45ec2e9892fa2b2275e.jpeg', 'https://www.singulart.com/images/artworks/v2/cropped/32259/alts/zoom/alt_1645696_f8c045f3f0059b6bfcaef9cb29901a5d.jpeg', 'https://www.singulart.com/images/artworks/v2/cropped/32259/alts/zoom/alt_1645696_a012c2d17907323fc431ffdbbcca9827.jpeg', 'https://www.singulart.com/images/artworks/v2/cropped/32259/alts/zoom/alt_1645696_3527f498bb9bc2d4ba4a4c95b46764fb.jpeg', 'https://www.singulart.com/images/artworks/v2/cropped/32259/alts/zoom/alt_1645696_c49548ebaa4e4504c0fc0a40cecc47f0.jpeg', 'https://www.singulart.com/images/artworks/v2/cropped/32259/alts/zoom/alt_1645696_f71241d0932a269752559148ef2112dd.jpeg', 'https://www.singulart.com/images/artworks/v2/cropped/32259/main/zoom/1645696_9f7a5fa69baf6a85d9876a223beccec0.jpeg']"
Eudaimonía,5621,Javier Santana,130 x 180 cm,"2024 • España • Acrílico, Óleo en Lienzo","['https://www.singulart.com/images/artworks/v2/cropped/21391/main/zoom/2050110_862bb7c66cb6aeede18cab0bf1568b60.jpeg', 'https://www.singulart.com/images/artworks/v2/cropped/21391/alts/zoom/alt_2050110_ef54797603e86d1529f43f4f077bcefe.jpeg', 'https://www.singulart.com/images/artworks/v2/cropped/21391/alts/zoom/alt_2050110_4d91ade77fd1879ed34c325175e84139.jpeg', 'https://www.singulart.com/images/artworks/v2/cropped/21391/alts/zoom/alt_2050110_4f90feeebca97390ce72ac6e4a6f70e7.jpeg', 'https://www.singulart.com/images/artworks/v2/cropped/21391/alts/zoom/alt_2050110_02c822e8a1f030b3181b7d3d74a94052.jpeg', 'https://www.singulart.com/images/artworks/v2/cropped/21391/alts/zoom/alt_2050110_2c2f9fb4c34ca9bf4b54b78fb19caedb.jpeg', 'https://www.singulart.com/images/artworks/v2/cropped/21391/alts/zoom/alt_2050110_50e2ce9a207ca4f63f10796fb31cc837.jpeg', 'https://www.singulart.com/images/artworks/v2/cropped/21391/alts/zoom/alt_2050110_1689e406d3838d1a718a407b511ee77e.jpeg', 'https://www.singulart.com/images/artworks/v2/cropped/21391/main/zoom/2050110_862bb7c66cb6aeede18cab0bf1568b60.jpeg']"
La délicatesse,6496,Phils,55(L)x90(A)x30(P)cm,2024 • Francia,"['https://www.singulart.com/images/artworks/v2/cutout/15025/main/zoom/2170922_ba453d324b4176f8667612a114c80db8.png', 'https://www.singulart.com/images/artworks/v2/cropped/15025/alts/zoom/alt_2170922_872d78d7b32e91d3ba091752859755d6.jpeg', 'https://www.singulart.com/images/artworks/v2/cropped/15025/alts/zoom/alt_2170922_cf7851b7e1351c2f5ab33f18e25a53d5.jpeg', 'https://www.singulart.com/images/artworks/v2/cropped/15025/alts/zoom/alt_2170922_4c15193f177d3e14be43ffae9e97de13.jpeg', 'https://www.singulart.com/images/artworks/v2/cropped/15025/alts/zoom/alt_2170922_053e9b6161e42a3387c3a9cbc0c4dcb9.jpeg', 'https://www.singulart.com/images/artworks/v2/cropped/15025/alts/zoom/alt_2170922_c101c9f0e742ed592b53d51f5084c14f.jpeg', 'https://www.singulart.com/images/artworks/v2/cutout/15025/main/zoom/2170922_ba453d324b4176f8667612a114c80db8.png']"
Limones en un frutero de cristal,25935,Jesús Manuel Moreno,65 x 72 cm,2021 • España • Óleo en Madera,"['https://www.singulart.com/images/artworks/v2/cropped/18651/main/zoom/1447161_42881ac8a3add4884b52634fc2656480.jpeg', 'https://www.singulart.com/images/artworks/v2/cropped/18651/alts/zoom/alt_1447161_1d67408e4572cabc056a1a8e3d77e8cf.jpeg', 'https://www.singulart.com/images/artworks/v2/cropped/18651/alts/zoom/alt_1447161_4e028ea351d900026abbdc1bef1c4c1f.jpeg', 'https://www.singulart.com/images/artworks/v2/cropped/18651/alts/zoom/alt_1447161_7946a3d4c29f9e027e9f48310a2ef1b6.jpeg', 'https://www.singulart.com/images/artworks/v2/cropped/18651/alts/zoom/alt_1447161_1a0f55a0e47d3e7bf2caf1c13f214f17.jpeg', 'https://www.singulart.com/images/artworks/v2/cropped/18651/alts/zoom/alt_1447161_d72b49294f1c34f1045602857566ef45.jpeg', 'https://www.singulart.com/images/artworks/v2/cropped/18651/main/zoom/1447161_42881ac8a3add4884b52634fc2656480.jpeg']"
A beautiful day,5474,Kspersee,100 x 80 cm,"2020 • Francia • Acrílico, Resina en Lienzo","['https://www.singulart.com/images/artworks/v2/cropped/13941/main/zoom/666567_0be5e0d7c72c0d050fba8eb66e771d57.jpeg', 'https://www.singulart.com/images/artworks/v2/cropped/13941/alts/zoom/alt_666567_2eedf0d0033b0be9c65b471c54d576e3.jpeg', 'https://www.singulart.com/images/artworks/v2/cropped/13941/alts/zoom/alt_666567_b2046c7edb6139b908e8bb28c0602f88.jpeg', 'https://www.singulart.com/images/artworks/v2/cropped/13941/alts/zoom/alt_666567_64d101c5cc06f3e88a04ea585ff62f4f.jpeg', 'https://www.singulart.com/images/artworks/v2/cropped/13941/alts/zoom/alt_666567_2d314ff89ec50b1564dbefd53e7ce4f6.jpeg', 'https://www.singulart.com/images/artworks/v2/cropped/13941/alts/zoom/alt_666567_d35f82483f2ec40d06ae542e88e8bb0c.jpeg', 'https://www.singulart.com/images/artworks/v2/cropped/13941/alts/zoom/alt_666567_71ac08de59491d121ce3eb8dd30b9e78.jpeg', 'https://www.singulart.com/images/artworks/v2/cropped/13941/alts/zoom/alt_666567_226ab90c029491c4736a5d08c3a1205e.jpeg', 'https://www.singulart.com/images/artworks/v2/cropped/13941/alts/zoom/alt_666567_400620f48800247e0b500374dd0c10bd.jpeg', 'https://www.singulart.com/images/artworks/v2/cropped/13941/alts/zoom/alt_666567_896a8c2d2b0a7477bf095be6279e23ff.jpeg', 'https://www.singulart.com/images/artworks/v2/cropped/13941/alts/zoom/alt_666567_3548628850d171f3e7377778cee9c3db.jpeg', 'https://www.singulart.com/images/artworks/v2/cropped/13941/alts/zoom/alt_666567_d6f3dd193196f49491eed1c860e67f76.jpeg', 'https://www.singulart.com/images/artworks/v2/cropped/13941/main/zoom/666567_0be5e0d7c72c0d050fba8eb66e771d57.jpeg']"
Maëlys,15730,Nathalie Jaguin,100 x 70 cm,2024 • Francia • Acrílico en Lienzo,"['https://www.singulart.com/images/artworks/v2/cropped/17877/main/zoom/2224129_f731434d7cf75188c6f8348c92927b79.jpeg', 'https://www.singulart.com/images/artworks/v2/cropped/17877/alts/zoom/alt_2224129_c79b89a53c527bf8289821503ba0ffcc.jpeg', 'https://www.singulart.com/images/artworks/v2/cropped/17877/alts/zoom/alt_2224129_3612584953439eed87344f256de67c8a.jpeg', 'https://www.singulart.com/images/artworks/v2/cropped/17877/alts/zoom/alt_2224129_ca41eebf941717bd63ce3c7a13e6c2f1.jpeg', 'https://www.singulart.com/images/artworks/v2/cropped/17877/alts/zoom/alt_2224129_eb893596aee51a53d1694e0c4aa4c2d0.jpeg', 'https://www.singulart.com/images/artworks/v2/cropped/17877/alts/zoom/alt_2224129_35faa0900170885e7d7051db792e25a0.jpeg', 'https://www.singulart.com/images/artworks/v2/cropped/17877/alts/zoom/alt_2224129_78882796f269145dd9f9f01787c998b5.jpeg', 'https://www.singulart.com/images/artworks/v2/cropped/17877/alts/zoom/alt_2224129_e89284a6239cce4b2128da24624e2e44.jpeg', 'https://www.singulart.com/images/artworks/v2/cropped/17877/alts/zoom/alt_2224129_a79a0a03e2d88a23a4315482fba051c9.jpeg', 'https://www.singulart.com/images/artworks/v2/cropped/17877/alts/zoom/alt_2224129_90f706cf1d7765a7fc7c42078d8c6c8d.jpeg', 'https://www.singulart.com/images/artworks/v2/cropped/17877/alts/zoom/alt_2224129_3ab5290ac457380f753efe119956e793.jpeg', 'https://www.singulart.com/images/artworks/v2/cropped/17877/alts/zoom/alt_2224129_8c5890554ed5250357f37c103e8c7ca3.jpeg', 'https://www.singulart.com/images/artworks/v2/cropped/17877/alts/zoom/alt_2224129_e76b8ad67503108ef3a50f64aa358e91.jpeg', 'https://www.singulart.com/images/artworks/v2/cropped/17877/alts/zoom/alt_2224129_8df8e5b57ecb5827db4cc8fd5480f6c9.jpeg', 'https://www.singulart.com/images/artworks/v2/cropped/17877/alts/zoom/alt_2224129_3a0e60f9cfafedc0a789383e04d10460.jpeg', 'https://www.singulart.com/images/artworks/v2/cropped/17877/alts/zoom/alt_2224129_a042427cc981b0b4dcb046b89ac00a53.jpeg', 'https://www.singulart.com/images/artworks/v2/cropped/17877/main/zoom/2224129_f731434d7cf75188c6f8348c92927b79.jpeg']"
Streets,7441,Tomàs Sunyol,130 x 194 cm,2019 • España • Óleo en Lino,"['https://www.singulart.com/images/artworks/v2/cropped/29737/main/zoom/1937033_291b5678ce892fa8447995d49ab6e26a.jpeg', 'https://www.singulart.com/images/artworks/v2/cropped/29737/alts/zoom/alt_1937033_8f91084159daaf3ae582084de52905be.jpeg', 'https://www.singulart.com/images/artworks/v2/cropped/29737/alts/zoom/alt_1937033_9a9a07c3540274c8b72b34ee6ba90a3b.jpeg', 'https://www.singulart.com/images/artworks/v2/cropped/29737/alts/zoom/alt_1937033_f8844aeaffe31c881171c8f756fc220d.jpeg', 'https://www.singulart.com/images/artworks/v2/cropped/29737/alts/zoom/alt_1937033_4c4ef0621cf33a5307ab5a75382a9817.jpeg', 'https://www.singulart.com/images/artworks/v2/cropped/29737/alts/zoom/alt_1937033_934590d46cc6e97e039791a2a7c385e1.jpeg', 'https://www.singulart.com/images/artworks/v2/cropped/29737/alts/zoom/alt_1937033_83531fe0959230d27f886f1a69450135.jpeg', 'https://www.singulart.com/images/artworks/v2/cropped/29737/alts/zoom/alt_1937033_40abb65c48aab0f7a4c1004bad80b127.jpeg', 'https://www.singulart.com/images/artworks/v2/cropped/29737/main/zoom/1937033_291b5678ce892fa8447995d49ab6e26a.jpeg']"
Harmonie litteraire,7940,Sophie Dumont,100 x 100 cm,2024 • Francia • Óleo en Lienzo,"['https://www.singulart.com/images/artworks/v2/cropped/31839/main/zoom/1917576_0c5ca7c45bb53e5ea7039d7ffa2816d8.jpeg', 'https://www.singulart.com/images/artworks/v2/cropped/31839/alts/zoom/alt_1917576_778b140586a74c107753d50a183d4b6c.jpeg', 'https://www.singulart.com/images/artworks/v2/cropped/31839/alts/zoom/alt_1917576_6d34f7ed13eb8f243766b52e6cbc1050.jpeg', 'https://www.singulart.com/images/artworks/v2/cropped/31839/alts/zoom/alt_1917576_103b138f226f1df6b7491b296e221990.jpeg', 'https://www.singulart.com/images/artworks/v2/cropped/31839/alts/zoom/alt_1917576_b7f571680732940e00cc094e468eee3e.jpeg', 'https://www.singulart.com/images/artworks/v2/cropped/31839/alts/zoom/alt_1917576_8b54297f1a347580322a9e65a48d5a17.jpeg', 'https://www.singulart.com/images/artworks/v2/cropped/31839/alts/zoom/alt_1917576_8cab2c0d5df3870f0d8a170f13bc20d5.jpeg', 'https://www.singulart.com/images/artworks/v2/cropped/31839/alts/zoom/alt_1917576_c4b226c928e7bbf3412413cfff47069b.jpeg', 'https://www.singulart.com/images/artworks/v2/cropped/31839/alts/zoom/alt_1917576_4c2153498b5dd858b10b764b844d6a9e.jpeg', 'https://www.singulart.com/images/artworks/v2/cropped/31839/alts/zoom/alt_1917576_e4bc42503c5278ab9cad52f5f939c895.jpeg', 'https://www.singulart.com/images/artworks/v2/cropped/31839/alts/zoom/alt_1917576_b1fcef739ef8bad0b46b72485627cbe9.jpeg', 'https://www.singulart.com/images/artworks/v2/cropped/31839/alts/zoom/alt_1917576_61854d8f1719c61a8d12e0ea7d667abe.jpeg', 'https://www.singulart.com/images/artworks/v2/cropped/31839/alts/zoom/alt_1917576_716d861cec93b6ff895ed8afca53d37d.jpeg', 'https://www.singulart.com/images/artworks/v2/cropped/31839/alts/zoom/alt_1917576_bdccadfb5581eb0a9ebd20a981a5a254.jpeg', 'https://www.singulart.com/images/artworks/v2/cropped/31839/alts/zoom/alt_1917576_d0a9cc9e0bfe8676f0e409d37c71ca86.jpeg', 'https://www.singulart.com/images/artworks/v2/cropped/31839/main/zoom/1917576_0c5ca7c45bb53e5ea7039d7ffa2816d8.jpeg']"
EL CABO DE SALAMIR,7385,Antonio Mateos Prieto,97 x 130 cm,2021 • España • Óleo en Lino,"['https://www.singulart.com/images/artworks/v2/cropped/34102/main/zoom/1574513_e331e6cc394177a0d944d19c20a0d845.jpeg', 'https://www.singulart.com/images/artworks/v2/cropped/34102/alts/zoom/alt_1574513_8f71f8755db8aa5c748699bd99d45172.jpeg', 'https://www.singulart.com/images/artworks/v2/cropped/34102/alts/zoom/alt_1574513_920d88a3adde73377e1fe5ff464aaa78.jpeg', 'https://www.singulart.com/images/artworks/v2/cropped/34102/alts/zoom/alt_1574513_d84ade35c1bc39e768fd3a33bbdcdc18.jpeg', 'https://www.singulart.com/images/artworks/v2/cropped/34102/alts/zoom/alt_1574513_5f94297ba4b60205d908b64840b792b0.jpeg', 'https://www.singulart.com/images/artworks/v2/cropped/34102/alts/zoom/alt_1574513_4fd2cfb3c95a25f3b6dd7ec34387f933.jpeg', 'https://www.singulart.com/images/artworks/v2/cropped/34102/main/zoom/1574513_e331e6cc394177a0d944d19c20a0d845.jpeg']"
Ojos de frià plàtà,5558,Beatrice Van Ez-Le Perru,120 x 80 cm,2017 • Francia • Óleo en Lienzo,"['https://www.singulart.com/images/artworks/v2/cropped/11367/main/zoom/510271_16444622603995302700963bdcfb7cee.jpeg', 'https://www.singulart.com/images/artworks/v2/cropped/11367/main/zoom/510271_16444622603995302700963bdcfb7cee.jpeg']"
S/T,5719,Ramón Juan,148 x 208 cm,"2019 • España • Acrílico, Esmalte en Madera","['https://www.singulart.com/images/artworks/v2/cropped/23739/main/zoom/824317_96923e5142e0073d638d06aff7c3c425.jpeg', 'https://www.singulart.com/images/artworks/v2/cropped/23739/alts/zoom/alt_824317_c8bf93ba9845286dfa2f7489cd051d31.jpeg', 'https://www.singulart.com/images/artworks/v2/cropped/23739/main/zoom/824317_96923e5142e0073d638d06aff7c3c425.jpeg']"
© Violeta,5348,Richard Martin,110 x 200 cm,2022 • España • Óleo en Lienzo,"['https://www.singulart.com/images/artworks/v2/cropped/18361/main/zoom/1728001_adfc8040b603bcd2d53ad698934ee8ce.jpeg', 'https://www.singulart.com/images/artworks/v2/cropped/18361/alts/zoom/alt_1728001_8f2f71880e5a6dc60e8266d4f55315f3.jpeg', 'https://www.singulart.com/images/artworks/v2/cropped/18361/alts/zoom/alt_1728001_ca7ebc53512982e332b3f89800a04c64.jpeg', 'https://www.singulart.com/images/artworks/v2/cropped/18361/alts/zoom/alt_1728001_eba1b85290b72877a1ac2b3d3769515f.jpeg', 'https://www.singulart.com/images/artworks/v2/cropped/18361/alts/zoom/alt_1728001_15c6fb23eb6529531fe66bc95372b261.jpeg', 'https://www.singulart.com/images/artworks/v2/cropped/18361/alts/zoom/alt_1728001_b8366e79b99308373adfcbf8fe83254d.jpeg', 'https://www.singulart.com/images/artworks/v2/cropped/18361/alts/zoom/alt_1728001_a5140788e7f7d1dca6bbef91dcc62b17.jpeg', 'https://www.singulart.com/images/artworks/v2/cropped/18361/main/zoom/1728001_adfc8040b603bcd2d53ad698934ee8ce.jpeg']"
Dikhitsheneng & Security,9910,William Kentridge,67 x 45 cm,1980 • Sudáfrica,"['https://www.singulart.com/images/artworks/v2/cropped/36532/main/zoom/2147036_82e4e06232298eb71295544147e97b0c.jpeg', 'https://www.singulart.com/images/artworks/v2/cropped/36532/main/zoom/2147036_82e4e06232298eb71295544147e97b0c.jpeg']"
Lavender,5915,Kirstin Mccoy,90 x 90 cm,2017 • Irlanda • Óleo en Lienzo,"['https://www.singulart.com/images/artworks/pictures/cropped/449/999/zoom/999_42b1b821f942e7acd8a2350587dafaef.jpeg', 'https://www.singulart.com/images/artworks/pictures/cropped/449/alts/zoom/alt_11538_647058cdbe4a91e7595f894867060ca2.jpeg', 'https://www.singulart.com/images/artworks/pictures/cropped/449/999/zoom/999_42b1b821f942e7acd8a2350587dafaef.jpeg']"
""" Nous sommes prêtes ! "" (JO 2024 Paris)",8520,Marie-Laure SOUQ,100 x 100 cm,"2024 • Francia • Acrílico, Óleo en Lienzo","['https://www.singulart.com/images/artworks/v2/cropped/14231/main/zoom/2084955_f27d808fe4d2a2b9ce7583daf8738b9d.jpeg', 'https://www.singulart.com/images/artworks/v2/cropped/14231/alts/zoom/alt_2084955_8e33f7888fb0cb02f0ed9fe54f2ded91.jpeg', 'https://www.singulart.com/images/artworks/v2/cropped/14231/alts/zoom/alt_2084955_cc921d8fbb177cd0fd52b9af70a5fea2.jpeg', 'https://www.singulart.com/images/artworks/v2/cropped/14231/alts/zoom/alt_2084955_ec664874b3386e7a71fde18eede19292.jpeg', 'https://www.singulart.com/images/artworks/v2/cropped/14231/alts/zoom/alt_2084955_2a69311dd5d96ee78f3e97d1dac1f6ef.jpeg', 'https://www.singulart.com/images/artworks/v2/cropped/14231/alts/zoom/alt_2084955_8edfec6a709825d252370072f5117e83.jpeg', 'https://www.singulart.com/images/artworks/v2/cropped/14231/alts/zoom/alt_2084955_513c1d4225f4c15b16a1a772b800fb9b.jpeg', 'https://www.singulart.com/images/artworks/v2/cropped/14231/alts/zoom/alt_2084955_a1ae02baf014ba7f9a1928130b11b6b7.jpeg', 'https://www.singulart.com/images/artworks/v2/cropped/14231/alts/zoom/alt_2084955_0a032c3f2f4eb42b5e71c173b117593b.jpeg', 'https://www.singulart.com/images/artworks/v2/cropped/14231/alts/zoom/alt_2084955_a8e66c2f3def7329255b6b9891f53f67.jpeg', 'https://www.singulart.com/images/artworks/v2/cropped/14231/alts/zoom/alt_2084955_65f33143ebad92243fc91758b7b06db2.jpeg', 'https://www.singulart.com/images/artworks/v2/cropped/14231/alts/zoom/alt_2084955_c559446051ed83e38c9e5552679984b4.jpeg', 'https://www.singulart.com/images/artworks/v2/cropped/14231/alts/zoom/alt_2084955_af8c6ef448ee1af12028b53651a641fb.jpeg', 'https://www.singulart.com/images/artworks/v2/cropped/14231/alts/zoom/alt_2084955_f2d286fe20b8f4c01cec796cddbe14f6.jpeg', 'https://www.singulart.com/images/artworks/v2/cropped/14231/alts/zoom/alt_2084955_906a3feaff933beef396fe4a70454202.jpeg', 'https://www.singulart.com/images/artworks/v2/cropped/14231/main/zoom/2084955_f27d808fe4d2a2b9ce7583daf8738b9d.jpeg']"
SPHÈRE,6727,Philippe Fares,60(L)x60(A)x60(P)cm,2018 • Francia,"['https://www.singulart.com/images/artworks/v2/cutout/4093/main/zoom/1742789_cd01aec51e38a88a29b44f41f92d24b0.png', 'https://www.singulart.com/images/artworks/v2/cropped/4093/alts/zoom/alt_1742789_7c327ef00c108be4604c55687cb0d43b.jpeg', 'https://www.singulart.com/images/artworks/v2/cropped/4093/alts/zoom/alt_1742789_91f32c5f627dd0fc193ba4ce928fcda1.jpeg', 'https://www.singulart.com/images/artworks/v2/cropped/4093/alts/zoom/alt_1742789_3515ae2875149e3a0a7c17b24c0bb197.jpeg', 'https://www.singulart.com/images/artworks/v2/cropped/4093/alts/zoom/alt_1742789_5adc751279caaf416163f487e0548c49.jpeg', 'https://www.singulart.com/images/artworks/v2/cropped/4093/alts/zoom/alt_1742789_9a8328837fbdd2df4e219b993bd96f7e.jpeg', 'https://www.singulart.com/images/artworks/v2/cropped/4093/alts/zoom/alt_1742789_010c5d0201507f40b69136abf070eb79.jpeg', 'https://www.singulart.com/images/artworks/v2/cropped/4093/alts/zoom/alt_1742789_0ce5192b035d3e349a3d23666ce06500.jpeg', 'https://www.singulart.com/images/artworks/v2/cropped/4093/alts/zoom/alt_1742789_2aa5af8fb3fcbc9e58a2c39f584feb4e.jpeg', 'https://www.singulart.com/images/artworks/v2/cropped/4093/alts/zoom/alt_1742789_9098dab4ea7178491982106de271aab3.jpeg', 'https://www.singulart.com/images/artworks/v2/cropped/4093/alts/zoom/alt_1742789_056083c72f79c37a94098b183230d429.jpeg', 'https://www.singulart.com/images/artworks/v2/cropped/4093/alts/zoom/alt_1742789_5f97aa19e69e8757c914a630f3af2d56.jpeg', 'https://www.singulart.com/images/artworks/v2/cropped/4093/alts/zoom/alt_1742789_2b840266d2f73af4aae83adb7a6eccbb.jpeg', 'https://www.singulart.com/images/artworks/v2/cropped/4093/alts/zoom/alt_1742789_b4098aa4d583fe0e5aae39c9dcd746f9.jpeg', 'https://www.singulart.com/images/artworks/v2/cropped/4093/alts/zoom/alt_1742789_7b94b96e6930819ad81f13ec64a4350a.jpeg', 'https://www.singulart.com/images/artworks/v2/cutout/4093/main/zoom/1742789_cd01aec51e38a88a29b44f41f92d24b0.png']"
Triptyque sapins noirs,7364,Adrianna Wojcik Muffat Jeandet,106 x 72 cm,"2011 • Francia • Acrílico, Pigmento en Lienzo","['https://www.singulart.com/images/artworks/v2/cropped/2965/main/zoom/1523437_15b507abd811c785efb94f3672679ed6.jpeg', 'https://www.singulart.com/images/artworks/v2/cropped/2965/alts/zoom/alt_1523437_5a58b732a96645bb5d1039582a89358a.jpeg', 'https://www.singulart.com/images/artworks/v2/cropped/2965/alts/zoom/alt_1523437_0988a171f66e627bfa64bc80f4efb32f.jpeg', 'https://www.singulart.com/images/artworks/v2/cropped/2965/alts/zoom/alt_1523437_cef5668dc1e89a872f07bfda61624990.jpeg', 'https://www.singulart.com/images/artworks/v2/cropped/2965/alts/zoom/alt_1523437_fac231b436778211fd6bb0ebb3e10d5c.jpeg', 'https://www.singulart.com/images/artworks/v2/cropped/2965/alts/zoom/alt_1523437_5b60a6ef6983b1adc639461650d6c201.jpeg', 'https://www.singulart.com/images/artworks/v2/cropped/2965/alts/zoom/alt_1523437_a412605bc1ec1637940880a89e9bb5c3.jpeg', 'https://www.singulart.com/images/artworks/v2/cropped/2965/alts/zoom/alt_1523437_a4e4f54ba0e98ae24dbce34081537e99.jpeg', 'https://www.singulart.com/images/artworks/v2/cropped/2965/main/zoom/1523437_15b507abd811c785efb94f3672679ed6.jpeg']"
"""La lune passe à l'ouest, l'ombre des fleurs s'étire à l'est."" Buson (1716-1783)",7371,Hassan Massoudy,100 x 100 cm,"2019 • Francia • Acrílico, Pigmento en Lienzo","['https://www.singulart.com/images/artworks/v2/cropped/11905/main/zoom/382389_60236ad589cbfd744d2cce7ca6190802.jpeg', 'https://www.singulart.com/images/artworks/v2/cropped/11905/main/zoom/382389_60236ad589cbfd744d2cce7ca6190802.jpeg']"
"Cystal dream, study 1",5600,Jonas Peres,150 x 120 cm,"2022 • España • Acrílico, Tinta en Papel","['https://www.singulart.com/images/artworks/v2/cropped/66715/main/zoom/2239711_617cdaab216e57304a59af6caaab01e7.jpeg', 'https://www.singulart.com/images/artworks/v2/cropped/66715/alts/zoom/alt_2239711_6c00e01d4e5bac337a2e73ed557f7ee0.jpeg', 'https://www.singulart.com/images/artworks/v2/cropped/66715/alts/zoom/alt_2239711_752894d5a9ac1b88cb11b8eae7425059.jpeg', 'https://www.singulart.com/images/artworks/v2/cropped/66715/alts/zoom/alt_2239711_8c78df9e7b318ab1b39d60ff7f18804e.jpeg', 'https://www.singulart.com/images/artworks/v2/cropped/66715/alts/zoom/alt_2239711_3556caa032fc207e886a8e0a76d56e0f.jpeg', 'https://www.singulart.com/images/artworks/v2/cropped/66715/alts/zoom/alt_2239711_80ae1b05251786807ce00a877ebe2080.jpeg', 'https://www.singulart.com/images/artworks/v2/cropped/66715/main/zoom/2239711_617cdaab216e57304a59af6caaab01e7.jpeg']"
ABSTRAIT,5908,PatMoli,170 x 60 cm,"2019 • Francia • Acrílico, Collage en Madera","['https://www.singulart.com/images/artworks/v2/cropped/33163/main/zoom/1873194_395d8da1fecb84e4d92f0154e8ff1d61.jpeg', 'https://www.singulart.com/images/artworks/v2/cropped/33163/alts/zoom/alt_1873194_11e675b8eac679a8e6fd7d4948cde6e2.jpeg', 'https://www.singulart.com/images/artworks/v2/cropped/33163/alts/zoom/alt_1873194_7522d94992c779777b09b210356714ad.jpeg', 'https://www.singulart.com/images/artworks/v2/cropped/33163/alts/zoom/alt_1873194_a3b53713acfa3dcf873c7555a981898a.jpeg', 'https://www.singulart.com/images/artworks/v2/cropped/33163/alts/zoom/alt_1873194_e2ab0ec32e952cb83e0838d782d2481a.jpeg', 'https://www.singulart.com/images/artworks/v2/cropped/33163/alts/zoom/alt_1873194_09ad8502ec9a3d947657ac7d587fa8cb.jpeg', 'https://www.singulart.com/images/artworks/v2/cropped/33163/alts/zoom/alt_1873194_b4d8333c8950f65509925be1bcae499e.jpeg', 'https://www.singulart.com/images/artworks/v2/cropped/33163/alts/zoom/alt_1873194_4c1b8e87f23f80d5b89cbcde1c1065f4.jpeg', 'https://www.singulart.com/images/artworks/v2/cropped/33163/alts/zoom/alt_1873194_81cb4215855a85db7db81c6159d03961.jpeg', 'https://www.singulart.com/images/artworks/v2/cropped/33163/alts/zoom/alt_1873194_2996026ff80fce8ca634393a58f2153d.jpeg', 'https://www.singulart.com/images/artworks/v2/cropped/33163/alts/zoom/alt_1873194_bd6c809f2ce41170be650afc46636454.jpeg', 'https://www.singulart.com/images/artworks/v2/cropped/33163/alts/zoom/alt_1873194_dca3218a545da458a239734d936742be.jpeg', 'https://www.singulart.com/images/artworks/v2/cropped/33163/alts/zoom/alt_1873194_e6a03d542102c01488cab8ff1d1e46a7.jpeg', 'https://www.singulart.com/images/artworks/v2/cropped/33163/main/zoom/1873194_395d8da1fecb84e4d92f0154e8ff1d61.jpeg']"
Homenaje a Velazquez. Reinterpretando Las hilanderas,5957,Genaro Miguel Gómez Galisteo,120 x 148 cm,"2024 • España • Acrílico, Collage en Madera","['https://www.singulart.com/images/artworks/v2/cropped/33707/main/zoom/1957341_53e1f25e4c78c021a42207b214930e47.jpeg', 'https://www.singulart.com/images/artworks/v2/cropped/33707/alts/zoom/alt_1957341_ddb4dc451228b04098f0ccce6ac59085.png', 'https://www.singulart.com/images/artworks/v2/cropped/33707/alts/zoom/alt_1957341_05aa19ea638f9a17193ebbe32deabbb5.jpeg', 'https://www.singulart.com/images/artworks/v2/cropped/33707/alts/zoom/alt_1957341_7289a2628fbff4c008d0618f1246c1b9.jpeg', 'https://www.singulart.com/images/artworks/v2/cropped/33707/alts/zoom/alt_1957341_d4af247f5425e3658ca2517ddd32f622.jpeg', 'https://www.singulart.com/images/artworks/v2/cropped/33707/alts/zoom/alt_1957341_7de3adbc70c3a732d63107efd4d8cf31.jpeg', 'https://www.singulart.com/images/artworks/v2/cropped/33707/alts/zoom/alt_1957341_dc22fa6f93da578f038e0513db396a49.jpeg', 'https://www.singulart.com/images/artworks/v2/cropped/33707/alts/zoom/alt_1957341_d8b04d8fdb6296ea4f62694e4a2736ee.jpeg', 'https://www.singulart.com/images/artworks/v2/cropped/33707/alts/zoom/alt_1957341_eb47027be9c994790aec93e26271ace4.jpeg', 'https://www.singulart.com/images/artworks/v2/cropped/33707/alts/zoom/alt_1957341_2ef8a984d91fa5a88239a5de480f8c22.jpeg', 'https://www.singulart.com/images/artworks/v2/cropped/33707/main/zoom/1957341_53e1f25e4c78c021a42207b214930e47.jpeg']"
J'en pince pour toi,5292,MARC DANIEL,26(L)x36(A)x23(P)cm,2020 • Francia,"['https://www.singulart.com/images/artworks/v2/cutout/62126/main/zoom/2091980_632c2fd45e327ac37e6b404534e48f99.png', 'https://www.singulart.com/images/artworks/v2/cropped/62126/alts/zoom/alt_2091980_bccc3fbc48fd626a516c27feaadf0e6f.jpeg', 'https://www.singulart.com/images/artworks/v2/cropped/62126/alts/zoom/alt_2091980_99ae3539e26a6913f8a2d41b8999e4cc.jpeg', 'https://www.singulart.com/images/artworks/v2/cropped/62126/alts/zoom/alt_2091980_b638d13f2e9c70fdbe3c3fc0482a62aa.jpeg', 'https://www.singulart.com/images/artworks/v2/cropped/62126/alts/zoom/alt_2091980_c4c97e4186f601206f733adda8e4c94d.jpeg', 'https://www.singulart.com/images/artworks/v2/cropped/62126/alts/zoom/alt_2091980_51f879b83dbc15588d82c9018d45004a.jpeg', 'https://www.singulart.com/images/artworks/v2/cropped/62126/alts/zoom/alt_2091980_43666336bade12a189f1148eaa808cdd.jpeg', 'https://www.singulart.com/images/artworks/v2/cropped/62126/alts/zoom/alt_2091980_7d6f60de9d7d140d01604d4f55ec9560.jpeg', 'https://www.singulart.com/images/artworks/v2/cropped/62126/alts/zoom/alt_2091980_1d81ce68d7487f2f7a30dfdcddc2d2e2.jpeg', 'https://www.singulart.com/images/artworks/v2/cropped/62126/alts/zoom/alt_2091980_f0b790b8f2239fe0f5110b43ba381d50.jpeg', 'https://www.singulart.com/images/artworks/v2/cropped/62126/alts/zoom/alt_2091980_58e4e11794e9869010406e33e6c02fc3.jpeg', 'https://www.singulart.com/images/artworks/v2/cutout/62126/main/zoom/2091980_632c2fd45e327ac37e6b404534e48f99.png']"
Ofelia,5250,Juan Rivero,146 x 114 cm,2022 • España • Óleo en Lienzo,"['https://www.singulart.com/images/artworks/v2/cropped/7999/main/zoom/1745338_fee19bb25284a1152766bac7ef2488f1.jpeg', 'https://www.singulart.com/images/artworks/v2/cropped/7999/alts/zoom/alt_1745338_5ebc16aa2c3fc77928f44b8f53eb4f27.jpeg', 'https://www.singulart.com/images/artworks/v2/cropped/7999/alts/zoom/alt_1745338_03299dbc707cfd97d24aa17dc121abe9.jpeg', 'https://www.singulart.com/images/artworks/v2/cropped/7999/alts/zoom/alt_1745338_eec9b47ca0852cb4e74eead6304df8cf.jpeg', 'https://www.singulart.com/images/artworks/v2/cropped/7999/alts/zoom/alt_1745338_6a395ad9b6ac99b089c40ddeb7b5a564.jpeg', 'https://www.singulart.com/images/artworks/v2/cropped/7999/alts/zoom/alt_1745338_be07e1259a079bed6a16e56265615eef.jpeg', 'https://www.singulart.com/images/artworks/v2/cropped/7999/main/zoom/1745338_fee19bb25284a1152766bac7ef2488f1.jpeg']"
mask,6592,Jorge Nava,200 x 300 cm,"2017 • España • Óleo, Collage en Lienzo","['https://www.singulart.com/images/artworks/v2/cropped/1240/main/zoom/1330263_177869b8452cb9617eb4a5088b769a6b.jpeg', 'https://www.singulart.com/images/artworks/v2/cropped/1240/alts/zoom/alt_1330263_43b83683fe120c37d951d4179e46b0d3.jpeg', 'https://www.singulart.com/images/artworks/v2/cropped/1240/alts/zoom/alt_1330263_177869b8452cb9617eb4a5088b769a6b.jpeg', 'https://www.singulart.com/images/artworks/v2/cropped/1240/alts/zoom/alt_1330263_17f57f892825a5ade3003b8cde810c75.jpeg', 'https://www.singulart.com/images/artworks/v2/cropped/1240/alts/zoom/alt_1330263_f250f044c8015a9abe9ef0704a1f9ad4.jpeg', 'https://www.singulart.com/images/artworks/v2/cropped/1240/alts/zoom/alt_1330263_be7ee82902416b132799d2db53c71eab.jpeg', 'https://www.singulart.com/images/artworks/v2/cropped/1240/alts/zoom/alt_1330263_47371953ed26b25202c10445750a8bbb.jpeg', 'https://www.singulart.com/images/artworks/v2/cropped/1240/alts/zoom/alt_1330263_f23a59754d6fd2a71db84610eaf6ceea.jpeg', 'https://www.singulart.com/images/artworks/v2/cropped/1240/alts/zoom/alt_1330263_0e6a57f1ada5c9ad7b2aa2cf2603f17e.jpeg', 'https://www.singulart.com/images/artworks/v2/cropped/1240/alts/zoom/alt_1330263_c20f0c73ad96ee0f513f430a3b12fa3b.jpeg', 'https://www.singulart.com/images/artworks/v2/cropped/1240/alts/zoom/alt_1330263_f759bdabe5b9f8a855b58b8399e9a155.jpeg', 'https://www.singulart.com/images/artworks/v2/cropped/1240/alts/zoom/alt_1330263_1aba0f433fe329165e0d57426fcd38fc.jpeg', 'https://www.singulart.com/images/artworks/v2/cropped/1240/alts/zoom/alt_1330263_bf8721f5ec6d17a94cb90f29476d8607.jpeg', 'https://www.singulart.com/images/artworks/v2/cropped/1240/alts/zoom/alt_1330263_83940b5e3ca13a3c7ce502fd72356464.jpeg', 'https://www.singulart.com/images/artworks/v2/cropped/1240/alts/zoom/alt_1330263_2f70ef25fce32e019cd7ad78ba373766.jpeg', 'https://www.singulart.com/images/artworks/v2/cropped/1240/alts/zoom/alt_1330263_e778bfe0a420580ce24211ce6bae46f0.jpeg', 'https://www.singulart.com/images/artworks/v2/cropped/1240/alts/zoom/alt_1330263_468e6defac1b5db3d0f99f9c1905fab2.jpeg', 'https://www.singulart.com/images/artworks/v2/cropped/1240/main/zoom/1330263_177869b8452cb9617eb4a5088b769a6b.jpeg']"
Entre deux mondes,13160,Julien Abstrait,50 x 150 cm,"2021 • Francia • Acrílico, Arena en Lienzo","['https://www.singulart.com/images/artworks/v2/cropped/53224/main/zoom/1975981_90dc8a07d0b2cbd188eaef0566bdb806.jpeg', 'https://www.singulart.com/images/artworks/v2/cropped/53224/alts/zoom/alt_1975981_3659a24077481f003725bb937b8c44e0.jpeg', 'https://www.singulart.com/images/artworks/v2/cropped/53224/alts/zoom/alt_1975981_201ddca25e491a0b75df60201e1a1754.jpeg', 'https://www.singulart.com/images/artworks/v2/cropped/53224/alts/zoom/alt_1975981_c486faf299ed4460c902728cc2bb3003.jpeg', 'https://www.singulart.com/images/artworks/v2/cropped/53224/alts/zoom/alt_1975981_47550366e6fd35a30b160fb9c01c1f5e.jpeg', 'https://www.singulart.com/images/artworks/v2/cropped/53224/alts/zoom/alt_1975981_f5204823e0d7d2eb5c1b1a4d7c543c96.jpeg', 'https://www.singulart.com/images/artworks/v2/cropped/53224/alts/zoom/alt_1975981_724f4c37f7c99e26fe0a0b549b26448f.jpeg', 'https://www.singulart.com/images/artworks/v2/cropped/53224/main/zoom/1975981_90dc8a07d0b2cbd188eaef0566bdb806.jpeg']"
The other side of the Rainbow,9681,Lina Redford,202 x 192 cm,"2024 • España • Acrílico, Pigmento en Lienzo","['https://www.singulart.com/images/artworks/v2/cropped/9047/main/zoom/2267783_004e5d80cddc48702151e51439c41cba.jpeg', 'https://www.singulart.com/images/artworks/v2/cropped/9047/alts/zoom/alt_2267783_476875583acea7c4e26a78e8509903d6.jpeg', 'https://www.singulart.com/images/artworks/v2/cropped/9047/alts/zoom/alt_2267783_29c834735c69a41f98f65a9644c0419e.jpeg', 'https://www.singulart.com/images/artworks/v2/cropped/9047/alts/zoom/alt_2267783_abc58a3a50c3807a47524cbea84198b4.jpeg', 'https://www.singulart.com/images/artworks/v2/cropped/9047/alts/zoom/alt_2267783_2703329509a0ad3286497277b9d5eaff.jpeg', 'https://www.singulart.com/images/artworks/v2/cropped/9047/alts/zoom/alt_2267783_fb3ce851c9384957db0258f36f3e8661.jpeg', 'https://www.singulart.com/images/artworks/v2/cropped/9047/alts/zoom/alt_2267783_6b3a8667b8ce1d1316b4aba3d551bdb4.jpeg', 'https://www.singulart.com/images/artworks/v2/cropped/9047/main/zoom/2267783_004e5d80cddc48702151e51439c41cba.jpeg']"
Magique forêt,5880,Marie-Dominique Willemot,80 x 80 cm,2020 • Francia • Acrílico en Lino,"['https://www.singulart.com/images/artworks/v2/cropped/27323/main/zoom/1316769_8aa529244869fd4fdd7e1fdde16ca80d.jpeg', 'https://www.singulart.com/images/artworks/v2/cropped/27323/main/zoom/1316769_8aa529244869fd4fdd7e1fdde16ca80d.jpeg']"
Madrid X4,12750,Fernando Arribillaga Martínez,165 x 190 cm,"2024 • España • Acrílico, Óleo en Lienzo","['https://www.singulart.com/images/artworks/v2/cropped/3053/main/zoom/2218756_70c77eed4687a605674bf1da821ab313.jpeg', 'https://www.singulart.com/images/artworks/v2/cropped/3053/alts/zoom/alt_2218756_fcf34e083c87eda367553a87b8e25960.jpeg', 'https://www.singulart.com/images/artworks/v2/cropped/3053/alts/zoom/alt_2218756_a96f2d5802edd4cd31f51b5504033599.jpeg', 'https://www.singulart.com/images/artworks/v2/cropped/3053/alts/zoom/alt_2218756_67f5e0a3408e8b188945f5933d832c16.jpeg', 'https://www.singulart.com/images/artworks/v2/cropped/3053/alts/zoom/alt_2218756_1d60be00ecc2750a29b4db4a98144796.jpeg', 'https://www.singulart.com/images/artworks/v2/cropped/3053/alts/zoom/alt_2218756_95415d84b13cad5790e5eea3558bfb9a.jpeg', 'https://www.singulart.com/images/artworks/v2/cropped/3053/alts/zoom/alt_2218756_2545fd81e8100169039a46ee687c044f.jpeg', 'https://www.singulart.com/images/artworks/v2/cropped/3053/alts/zoom/alt_2218756_fcf34e083c87eda367553a87b8e25960.jpeg', 'https://www.singulart.com/images/artworks/v2/cropped/3053/alts/zoom/alt_2218756_2545fd81e8100169039a46ee687c044f.jpeg', 'https://www.singulart.com/images/artworks/v2/cropped/3053/alts/zoom/alt_2218756_578c8a223e91424eaf689093f9847749.jpeg', 'https://www.singulart.com/images/artworks/v2/cropped/3053/main/zoom/2218756_70c77eed4687a605674bf1da821ab313.jpeg']"
Abandon,5285,Marie-Madeleine Vitrolles,28(L)x37(A)x14(P)cm,2018 • Francia,"['https://www.singulart.com/images/artworks/v2/cutout/27399/main/zoom/1126469_67c3e2ea36c81ff1a809490a547da065.png', 'https://www.singulart.com/images/artworks/v2/cropped/27399/alts/zoom/alt_1126469_f7217455e071d5df89f4bc59951aa228.jpeg', 'https://www.singulart.com/images/artworks/v2/cropped/27399/alts/zoom/alt_1126469_c536f3b913e1a89a250e3334e273b633.jpeg', 'https://www.singulart.com/images/artworks/v2/cropped/27399/alts/zoom/alt_1126469_2cc462eb6cd2bb465c6abc0b4b562002.jpeg', 'https://www.singulart.com/images/artworks/v2/cropped/27399/alts/zoom/alt_1126469_078e7b0a7d50720851db280fb66a226a.jpeg', 'https://www.singulart.com/images/artworks/v2/cropped/27399/alts/zoom/alt_1126469_e99dad413eeb740168ea84422f6da373.jpeg', 'https://www.singulart.com/images/artworks/v2/cropped/27399/alts/zoom/alt_1126469_30b853581e3300b6c13944cc6927fb2c.jpeg', 'https://www.singulart.com/images/artworks/v2/cropped/27399/alts/zoom/alt_1126469_85c92eeab86037e3d2b80b0289976176.jpeg', 'https://www.singulart.com/images/artworks/v2/cutout/27399/main/zoom/1126469_67c3e2ea36c81ff1a809490a547da065.png']"
Le conseil à la dent pendante,6279,Daniel PAUGAM,100 x 100 cm,2018 • Estados Unidos • Óleo en Lienzo,"['https://www.singulart.com/images/artworks/v2/cropped/59966/main/zoom/2250763_1223a8803a1c7ccbe57c9e15227a3ce9.jpeg', 'https://www.singulart.com/images/artworks/v2/cropped/59966/main/zoom/2250763_1223a8803a1c7ccbe57c9e15227a3ce9.jpeg']"
BRUME,7176,Ly-Rose,100 x 100 cm,"2025 • Francia • Acrílico, Resina en Lienzo","['https://www.singulart.com/images/artworks/v2/cropped/10195/main/zoom/2237276_675e2a7b3e6bef308788c9df9a7a425c.jpeg', 'https://www.singulart.com/images/artworks/v2/cropped/10195/alts/zoom/alt_2237276_5e201589607a3d0749cee1176593b7db.jpeg', 'https://www.singulart.com/images/artworks/v2/cropped/10195/alts/zoom/alt_2237276_55512d21418c9dc3079dedce45dc8adc.jpeg', 'https://www.singulart.com/images/artworks/v2/cropped/10195/alts/zoom/alt_2237276_a3c9a09713f9c66a7e1a641f840b010e.jpeg', 'https://www.singulart.com/images/artworks/v2/cropped/10195/alts/zoom/alt_2237276_bbb5b91c9323818df38ae2f70fe08e29.jpeg', 'https://www.singulart.com/images/artworks/v2/cropped/10195/alts/zoom/alt_2237276_1ebdfc2e09d7ff76d13a5b04d34a06d5.jpeg', 'https://www.singulart.com/images/artworks/v2/cropped/10195/alts/zoom/alt_2237276_641196f22a134047e4d897f8be42ad5c.jpeg', 'https://www.singulart.com/images/artworks/v2/cropped/10195/alts/zoom/alt_2237276_4f4a5a67facae4b67197745cb2c6e773.jpeg', 'https://www.singulart.com/images/artworks/v2/cropped/10195/main/zoom/2237276_675e2a7b3e6bef308788c9df9a7a425c.jpeg']"
Lucie,7329,Elle BORY,80 x 80 cm,2007 • Francia • Acrílico en Lienzo,"['https://www.singulart.com/images/artworks/v2/cropped/11081/main/zoom/359275_cae2a1202a9c8569fb7070bc31487b92.jpeg', 'https://www.singulart.com/images/artworks/v2/cropped/11081/alts/zoom/alt_359275_b5d7f0986a3a00d239bb30a125635c1d.png', 'https://www.singulart.com/images/artworks/v2/cropped/11081/alts/zoom/alt_359275_14b1a0640087cb10ad649e35a72ae036.jpeg', 'https://www.singulart.com/images/artworks/v2/cropped/11081/alts/zoom/alt_359275_ed90436f834da657a72e01e7cf4bc969.jpeg', 'https://www.singulart.com/images/artworks/v2/cropped/11081/alts/zoom/alt_359275_d19ab7cda45b926b03d4811a8ec968e0.jpeg', 'https://www.singulart.com/images/artworks/v2/cropped/11081/alts/zoom/alt_359275_de7bb07547c90b89b68dcc763320c738.jpeg', 'https://www.singulart.com/images/artworks/v2/cropped/11081/alts/zoom/alt_359275_100a10313e64f5b161cf54464c0c9663.jpeg', 'https://www.singulart.com/images/artworks/v2/cropped/11081/alts/zoom/alt_359275_b9f319841c8501a27ef0bc5513d0a31c.jpeg', 'https://www.singulart.com/images/artworks/v2/cropped/11081/alts/zoom/alt_359275_3f6d58ae0f042a43718bf40e00ba736f.jpeg', 'https://www.singulart.com/images/artworks/v2/cropped/11081/main/zoom/359275_cae2a1202a9c8569fb7070bc31487b92.jpeg']"
Estación Nevada,9160,Juan Manuel Alvarez Cebrián,150 x 150 cm,2017 • España • Óleo en Lino,"['https://www.singulart.com/images/artworks/v2/cropped/1203/main/zoom/73431_16f613e68df1de0e7337e79a0815cf7f.jpeg', 'https://www.singulart.com/images/artworks/v2/cropped/1203/alts/zoom/alt_73431_1f5c272fc934a3f5ef8a7140e464b074.jpeg', 'https://www.singulart.com/images/artworks/v2/cropped/1203/alts/zoom/alt_73431_2e06781b5ff0556a3dc08ff88a798168.jpeg', 'https://www.singulart.com/images/artworks/v2/cropped/1203/alts/zoom/alt_73431_e4f8b6ab6e4d57a818545a9abac29b9a.jpeg', 'https://www.singulart.com/images/artworks/v2/cropped/1203/alts/zoom/alt_73431_bbdc0d1d37080a52858a84f34fe76236.jpeg', 'https://www.singulart.com/images/artworks/v2/cropped/1203/alts/zoom/alt_73431_49c81976a235868bcb2099771c1d54c2.jpeg', 'https://www.singulart.com/images/artworks/v2/cropped/1203/alts/zoom/alt_73431_80ed67d37a51a091490179c3c9d52064.jpeg', 'https://www.singulart.com/images/artworks/v2/cropped/1203/alts/zoom/alt_73431_1ecf619786aca64a4f36cec5a11e2e46.jpeg', 'https://www.singulart.com/images/artworks/v2/cropped/1203/main/zoom/73431_16f613e68df1de0e7337e79a0815cf7f.jpeg']"
Curvo sobre negro,5656,Carlos Montoya,170 x 170 cm,"2005 • España • Óleo, Polvo de mármol en Lienzo","['https://www.singulart.com/images/artworks/v2/cropped/31815/main/zoom/2086066_6659e8a82d045953ab3784e6b0c146d1.jpeg', 'https://www.singulart.com/images/artworks/v2/cropped/31815/main/zoom/2086066_6659e8a82d045953ab3784e6b0c146d1.jpeg']"
SALVADOR DALI,7364,Anne-Marie Torrisi,100 x 80 cm,2019 • Francia • Óleo en Lienzo,"['https://www.singulart.com/images/artworks/v2/cropped/22799/main/zoom/777591_63274f26038bcc61f338e3cc0f63ac94.jpeg', 'https://www.singulart.com/images/artworks/v2/cropped/22799/alts/zoom/alt_777591_9a3a98e3a8b5b323b5a28decc6111b49.jpeg', 'https://www.singulart.com/images/artworks/v2/cropped/22799/alts/zoom/alt_777591_a692ecb86093ef2ed824c68969498201.jpeg', 'https://www.singulart.com/images/artworks/v2/cropped/22799/alts/zoom/alt_777591_e9037b73769d879f66cf49213e31a43a.jpeg', 'https://www.singulart.com/images/artworks/v2/cropped/22799/alts/zoom/alt_777591_fbe9ea4cf23f226a2b8220214f56830c.jpeg', 'https://www.singulart.com/images/artworks/v2/cropped/22799/alts/zoom/alt_777591_ff73367dee8cf7ab0f3d116e33bf023a.jpeg', 'https://www.singulart.com/images/artworks/v2/cropped/22799/alts/zoom/alt_777591_f6adf8fdfc85f295cba70ba95de07e15.jpeg', 'https://www.singulart.com/images/artworks/v2/cropped/22799/alts/zoom/alt_777591_0607593e6e776fbe87e34abeeb002b5c.jpeg', 'https://www.singulart.com/images/artworks/v2/cropped/22799/alts/zoom/alt_777591_f18d1e3406b6680f09180b15359b27c6.jpeg', 'https://www.singulart.com/images/artworks/v2/cropped/22799/alts/zoom/alt_777591_d246ca162dc5e76b1b9f6ede1c8f476f.jpeg', 'https://www.singulart.com/images/artworks/v2/cropped/22799/alts/zoom/alt_777591_f593e4634311a37a6ce8c36a9ca521f7.jpeg', 'https://www.singulart.com/images/artworks/v2/cropped/22799/alts/zoom/alt_777591_8f8431534c37169dae8cb35688bd85b6.jpeg', 'https://www.singulart.com/images/artworks/v2/cropped/22799/alts/zoom/alt_777591_286171a864a1bc4b84d988cf816c1809.jpeg', 'https://www.singulart.com/images/artworks/v2/cropped/22799/alts/zoom/alt_777591_64aa82290b7777c7801f26330a87f9b7.jpeg', 'https://www.singulart.com/images/artworks/v2/cropped/22799/alts/zoom/alt_777591_56ef7992cc0ec5e16bcfa960c11d7b86.jpeg', 'https://www.singulart.com/images/artworks/v2/cropped/22799/alts/zoom/alt_777591_92392090f49c1dcd1dc5c60d1f50c2dd.jpeg', 'https://www.singulart.com/images/artworks/v2/cropped/22799/alts/zoom/alt_777591_fc41891bc68518fc68048f8eeb4841bc.jpeg', 'https://www.singulart.com/images/artworks/v2/cropped/22799/alts/zoom/alt_777591_1c84189e3020a39c1b3a41ba79c97e6f.jpeg', 'https://www.singulart.com/images/artworks/v2/cropped/22799/main/zoom/777591_63274f26038bcc61f338e3cc0f63ac94.jpeg']"
"Sm 610.1 Une Jupe Cloche , en bronze elle aussi .",5292,Jean Paul Boyer,25(L)x38(A)x25(P)cm,2013 • Francia,"['https://www.singulart.com/images/artworks/pictures/cutout/7395/24749/zoom/serie_24749_300de6b8b2134fa93b8e10f51bfb92e8.png', 'https://www.singulart.com/images/artworks/pictures/cropped/7395/alts/zoom/alt_292103_03457ffb0fd3d30f88ac0324f3394223.jpeg', 'https://www.singulart.com/images/artworks/pictures/cropped/7395/alts/zoom/alt_292103_d915eb6af58b3a87f38399b525c4132b.jpeg', 'https://www.singulart.com/images/artworks/pictures/cropped/7395/alts/zoom/alt_292103_872c44ac2cdfdd0bfe6d57ddf23a1b36.jpeg', 'https://www.singulart.com/images/artworks/pictures/cropped/7395/alts/zoom/alt_292103_662f07055944ffebfe9681332196578f.jpeg', 'https://www.singulart.com/images/artworks/pictures/cropped/7395/alts/zoom/alt_292103_4f060da61bc524039bd2ba1e76a4940b.jpeg', 'https://www.singulart.com/images/artworks/pictures/cropped/7395/alts/zoom/alt_292103_beb9d28710e3278019fef3bceb79dde1.jpeg', 'https://www.singulart.com/images/artworks/pictures/cutout/7395/24749/zoom/serie_24749_300de6b8b2134fa93b8e10f51bfb92e8.png']"
Contatto,11683,Paola Salomè,80 x 80 cm,2022 • Italia • Acrílico en Lienzo,"['https://www.singulart.com/images/artworks/v2/cropped/69148/main/zoom/2306325_155b2a938caee4915adfc3be0950cf2f.jpeg', 'https://www.singulart.com/images/artworks/v2/cropped/69148/alts/zoom/alt_2306325_dae6fad3fd0afc5d1b8e9e6ab2203f6b.jpeg', 'https://www.singulart.com/images/artworks/v2/cropped/69148/alts/zoom/alt_2306325_a96ef7c30f2792d37cbdad6784e8cd29.jpeg', 'https://www.singulart.com/images/artworks/v2/cropped/69148/alts/zoom/alt_2306325_61fa369ec97572da6b3a51c7776721d3.jpeg', 'https://www.singulart.com/images/artworks/v2/cropped/69148/main/zoom/2306325_155b2a938caee4915adfc3be0950cf2f.jpeg']"
Pause câlin,7890,Catherine de Kerhor,42(L)x38(A)x27(P)cm,2013 • Francia,"['https://www.singulart.com/images/artworks/v2/cutout/60203/main/zoom/2157478_557eeb397d0a805f247e33061ee8729f.png', 'https://www.singulart.com/images/artworks/v2/cropped/60203/alts/zoom/alt_2157478_fcc258936b8ce5e1513d93a99e42c10a.jpeg', 'https://www.singulart.com/images/artworks/v2/cropped/60203/alts/zoom/alt_2157478_2bb7a229d373993c2ec04b817506e55d.jpeg', 'https://www.singulart.com/images/artworks/v2/cropped/60203/alts/zoom/alt_2157478_2a461c7934272d7a80acb7f9347f6b24.jpeg', 'https://www.singulart.com/images/artworks/v2/cropped/60203/alts/zoom/alt_2157478_1d50da5ab51baced7abd6cfa07ecf6b0.jpeg', 'https://www.singulart.com/images/artworks/v2/cutout/60203/main/zoom/2157478_557eeb397d0a805f247e33061ee8729f.png']"
Fragile !,8190,Michel Laurent,92(L)x92(A)x65(P)cm,2016 • Francia,"['https://www.singulart.com/images/artworks/v2/cutout/13365/main/zoom/562245_2293d1de310a39abc0be0833f7b80faa.png', 'https://www.singulart.com/images/artworks/v2/cropped/13365/alts/zoom/alt_562245_e4da9e8d7b692dac6b74730c6f1e9506.jpeg', 'https://www.singulart.com/images/artworks/v2/cropped/13365/alts/zoom/alt_562245_58c927217c4394fa8fe160ed1c31a98f.jpeg', 'https://www.singulart.com/images/artworks/v2/cropped/13365/alts/zoom/alt_562245_f13d35d6bf21ca8a0c12f9ffc8ebf538.jpeg', 'https://www.singulart.com/images/artworks/v2/cropped/13365/alts/zoom/alt_562245_5989314109acb30df0c858bc7ed7ee53.jpeg', 'https://www.singulart.com/images/artworks/v2/cropped/13365/alts/zoom/alt_562245_a2cf6eca1edfd59601c86c10eeef00f8.jpeg', 'https://www.singulart.com/images/artworks/v2/cropped/13365/alts/zoom/alt_562245_8b56af4c72881294aa2324127764930f.jpeg', 'https://www.singulart.com/images/artworks/v2/cropped/13365/alts/zoom/alt_562245_58c523163dc3ebb07820772cd41e1677.jpeg', 'https://www.singulart.com/images/artworks/v2/cropped/13365/alts/zoom/alt_562245_6ae11679a763e44812585a97126e6ec4.jpeg', 'https://www.singulart.com/images/artworks/v2/cropped/13365/alts/zoom/alt_562245_e7e0734a9f6ea3c155a64ec842404915.jpeg', 'https://www.singulart.com/images/artworks/v2/cutout/13365/main/zoom/562245_2293d1de310a39abc0be0833f7b80faa.png']"
Danseuse,6608,jeanine FITOU VALENS,40(L)x50(A)x20(P)cm,2015 • Francia,"['https://www.singulart.com/images/artworks/v2/cutout/15289/main/zoom/557283_96c60725ad674a401224631ff30e8219.png', 'https://www.singulart.com/images/artworks/v2/cropped/15289/alts/zoom/alt_557283_1e6249588fff066c0970015b730708e5.jpeg', 'https://www.singulart.com/images/artworks/v2/cropped/15289/alts/zoom/alt_557283_e253ae9861b7325b2d74205581bd92c9.jpeg', 'https://www.singulart.com/images/artworks/v2/cropped/15289/alts/zoom/alt_557283_b4bf3c1c899a6d7771f296237477b8a1.jpeg', 'https://www.singulart.com/images/artworks/v2/cropped/15289/alts/zoom/alt_557283_e1d7be21cffc22903805466f53b9ea89.jpeg', 'https://www.singulart.com/images/artworks/v2/cutout/15289/main/zoom/557283_96c60725ad674a401224631ff30e8219.png']"
Universal Pattern (Composició Universal),5635,Arribas - Forcada,195 x 375 cm,2012 • España • Óleo en Lino,"['https://www.singulart.com/images/artworks/v2/cropped/2299/main/zoom/95465_4b233dc8733c9d83e2cb9036f1056b73.jpeg', 'https://www.singulart.com/images/artworks/v2/cropped/2299/alts/zoom/alt_95465_738733ecd1e7b16f5f60b933713d2b27.jpeg', 'https://www.singulart.com/images/artworks/v2/cropped/2299/alts/zoom/alt_95465_58c01b909d2762e0c75130bc581827a7.jpeg', 'https://www.singulart.com/images/artworks/v2/cropped/2299/alts/zoom/alt_95465_d265d35afef6d2a768efad240b7bc455.jpeg', 'https://www.singulart.com/images/artworks/v2/cropped/2299/alts/zoom/alt_95465_1d7786c94fb9d867b74ac1eda69dcdf9.jpeg', 'https://www.singulart.com/images/artworks/v2/cropped/2299/alts/zoom/alt_95465_a1e4a1fae555dc094b95e512cbabe0c3.jpeg', 'https://www.singulart.com/images/artworks/v2/cropped/2299/alts/zoom/alt_95465_51d6b58d129eaa3c5f86a865e18cb3bf.jpeg', 'https://www.singulart.com/images/artworks/v2/cropped/2299/alts/zoom/alt_95465_4b82ef8f79e0d80ecb68a902d1b01215.jpeg', 'https://www.singulart.com/images/artworks/v2/cropped/2299/alts/zoom/alt_95465_66d44a51ef5ed4f6a0c9f2b35249f095.jpeg', 'https://www.singulart.com/images/artworks/v2/cropped/2299/alts/zoom/alt_95465_c8f85e2b8daf5b0c236d91b20da78b76.jpeg', 'https://www.singulart.com/images/artworks/v2/cropped/2299/alts/zoom/alt_95465_d265d35afef6d2a768efad240b7bc455.jpeg', 'https://www.singulart.com/images/artworks/v2/cropped/2299/alts/zoom/alt_95465_cac63882eb90c064d64fc8d4d134ca3b.jpeg', 'https://www.singulart.com/images/artworks/v2/cropped/2299/alts/zoom/alt_95465_32cd725c12bc393b4ef8123c26a0d163.jpeg', 'https://www.singulart.com/images/artworks/v2/cropped/2299/main/zoom/95465_4b233dc8733c9d83e2cb9036f1056b73.jpeg']"
Oxford street,5915,Eusebio López,200 x 200 cm,2020 • España • Acrílico en Lienzo,"['https://www.singulart.com/images/artworks/v2/cropped/2135/main/zoom/1438855_b69285d3d63af77a80fcb0c4b7229009.jpeg', 'https://www.singulart.com/images/artworks/v2/cropped/2135/main/zoom/1438855_b69285d3d63af77a80fcb0c4b7229009.jpeg']"
Rayons de lumière du soleil sur l'eau,12397,Artiste H. E.,65 x 81 cm,"2020 • Francia • Acrílico, Dorados en Lienzo","['https://www.singulart.com/images/artworks/v2/cropped/50207/main/zoom/1963827_ab1da3a5876c655962e2b4901e64d756.jpeg', 'https://www.singulart.com/images/artworks/v2/cropped/50207/alts/zoom/alt_1963827_3a3517a571e080e61acc063d3afe076a.jpeg', 'https://www.singulart.com/images/artworks/v2/cropped/50207/alts/zoom/alt_1963827_6bb6a474bed39cd5afc2f08270a0e6a7.jpeg', 'https://www.singulart.com/images/artworks/v2/cropped/50207/alts/zoom/alt_1963827_9775f3601baf9a627a5eb4a2a268bed2.jpeg', 'https://www.singulart.com/images/artworks/v2/cropped/50207/alts/zoom/alt_1963827_3fe073bf4bb40b4fd4597a1004e4bf1d.jpeg', 'https://www.singulart.com/images/artworks/v2/cropped/50207/alts/zoom/alt_1963827_2b46f10b62f1079a769086ae17b49c7f.jpeg', 'https://www.singulart.com/images/artworks/v2/cropped/50207/alts/zoom/alt_1963827_72a59c07e427d2349bf1af390e668b24.jpeg', 'https://www.singulart.com/images/artworks/v2/cropped/50207/alts/zoom/alt_1963827_dfef435a88313780744e0543eb7e5548.jpeg', 'https://www.singulart.com/images/artworks/v2/cropped/50207/alts/zoom/alt_1963827_f3d93e1733727eca44a8b9747bd30b0e.jpeg', 'https://www.singulart.com/images/artworks/v2/cropped/50207/alts/zoom/alt_1963827_cf1d9b781c6bd26cb7f1157434e5c25f.jpeg', 'https://www.singulart.com/images/artworks/v2/cropped/50207/alts/zoom/alt_1963827_699456cf568cad154e91e1141f61f257.jpeg', 'https://www.singulart.com/images/artworks/v2/cropped/50207/alts/zoom/alt_1963827_066e3d4851ed86d080c882414b4f82a7.jpeg', 'https://www.singulart.com/images/artworks/v2/cropped/50207/alts/zoom/alt_1963827_8b7c054371338e98802d184951ef0d41.jpeg', 'https://www.singulart.com/images/artworks/v2/cropped/50207/alts/zoom/alt_1963827_75e25c07955c05306386b907677db560.jpeg', 'https://www.singulart.com/images/artworks/v2/cropped/50207/alts/zoom/alt_1963827_041834557adcff53ebb8cad1a24bd6d2.jpeg', 'https://www.singulart.com/images/artworks/v2/cropped/50207/alts/zoom/alt_1963827_fab39e18796b4f3318dc49d436468d12.jpeg', 'https://www.singulart.com/images/artworks/v2/cropped/50207/alts/zoom/alt_1963827_44aa334dda55085f74da6ddf7a7e62b9.jpeg', 'https://www.singulart.com/images/artworks/v2/cropped/50207/alts/zoom/alt_1963827_52fd9464ef0feb04574d9fc946b10084.jpeg', 'https://www.singulart.com/images/artworks/v2/cropped/50207/alts/zoom/alt_1963827_9b3a8f8cb2e2fc50b627ee314f8a1830.jpeg', 'https://www.singulart.com/images/artworks/v2/cropped/50207/alts/zoom/alt_1963827_6338c56a777cba9cf7228e936c860187.jpeg', 'https://www.singulart.com/images/artworks/v2/cropped/50207/alts/zoom/alt_1963827_1f17fbe965a3d624fbf480b8f031e580.jpeg', 'https://www.singulart.com/images/artworks/v2/cropped/50207/alts/zoom/alt_1963827_12ccbb4f5d7660d0640219a71832ceec.jpeg', 'https://www.singulart.com/images/artworks/v2/cropped/50207/main/zoom/1963827_ab1da3a5876c655962e2b4901e64d756.jpeg']"
"plastic rug, electric wire",5551,Kimia Pishdadian,110 x 80 cm,"2020 • Irán • Acrílico, Objetos en Tela","['https://www.singulart.com/images/artworks/v2/cropped/1077/main/zoom/1369769_412d7583d1cd282d7a36f8a27080dab5.jpeg', 'https://www.singulart.com/images/artworks/v2/cropped/1077/alts/zoom/alt_1369769_dafe18e74327dfa97a43be21f050e96a.jpeg', 'https://www.singulart.com/images/artworks/v2/cropped/1077/alts/zoom/alt_1369769_d6e21be19e26563088239815df9caab1.jpeg', 'https://www.singulart.com/images/artworks/v2/cropped/1077/alts/zoom/alt_1369769_2dec3725750c808dc6b767ac3f7cd373.jpeg', 'https://www.singulart.com/images/artworks/v2/cropped/1077/main/zoom/1369769_412d7583d1cd282d7a36f8a27080dab5.jpeg']"
La Meurtrière,10520,Alexandre Barbera-Ivanoff,100 x 81 cm,2017 • Francia • Óleo en Lienzo,"['https://www.singulart.com/images/artworks/pictures/cropped/3209/8269/zoom/serie_8269_fcefd8b22b8e4ada272fa68cc48e0ea6.jpeg', 'https://www.singulart.com/images/artworks/pictures/cropped/3209/alts/zoom/alt_160105_9f2fc4e1971a86a22aa4e01c3d1e7446.jpeg', 'https://www.singulart.com/images/artworks/v2/cropped/3209/alts/zoom/alt_160105_38c701ef5f35ec27ed7c25b0c43dd389.jpeg', 'https://www.singulart.com/images/artworks/v2/cropped/3209/alts/zoom/alt_160105_11562c54e215b07c6075835ec713f3d3.jpeg', 'https://www.singulart.com/images/artworks/v2/cropped/3209/alts/zoom/alt_160105_8962041316dc0048b53a3165a94d9c83.jpeg', 'https://www.singulart.com/images/artworks/pictures/cropped/3209/8269/zoom/serie_8269_fcefd8b22b8e4ada272fa68cc48e0ea6.jpeg']"
BILBO,7970,Xavier García,103 x 145 cm,2012 • España • Óleo en Madera,"['https://www.singulart.com/images/artworks/pictures/cropped/1104/2171/zoom/serie_2171_808a776939b43a8d820b36355aa13444.jpeg', 'https://www.singulart.com/images/artworks/pictures/cropped/1104/2171/zoom/serie_2171_808a776939b43a8d820b36355aa13444.jpeg']"
COLTRANE,10997,Mathilde Lemonnier,80 x 122 cm,2024 • Francia • Laca en Madera,"['https://www.singulart.com/images/artworks/v2/cropped/60693/main/zoom/2069414_65d21ae25250a30111ba4065654c492a.jpeg', 'https://www.singulart.com/images/artworks/v2/cropped/60693/alts/zoom/alt_2069414_9ace868c1eda4db5d64b85d178ff63ae.jpeg', 'https://www.singulart.com/images/artworks/v2/cropped/60693/alts/zoom/alt_2069414_39574fa71d7e475beb1e48b4dc4076ca.jpeg', 'https://www.singulart.com/images/artworks/v2/cropped/60693/alts/zoom/alt_2069414_d84cd417b290be7dc1bf3c7d0ab5f2b8.jpeg', 'https://www.singulart.com/images/artworks/v2/cropped/60693/alts/zoom/alt_2069414_d84cd417b290be7dc1bf3c7d0ab5f2b8.jpeg', 'https://www.singulart.com/images/artworks/v2/cropped/60693/main/zoom/2069414_65d21ae25250a30111ba4065654c492a.jpeg']"
"Femme nue, la jambe pliée (Suite Vollard 8)",8550,Pablo Picasso,45 x 35 cm,1931 • España • Grabado en Papel,"['https://www.singulart.com/images/artworks/v2/cropped/49938/main/zoom/1956697_7088564924464273ff1bf16974ce8dd9.png', 'https://www.singulart.com/images/artworks/v2/cropped/49938/alts/alt_1956697_5f579a465ccb700034e0a793053ad794.png', 'https://www.singulart.com/images/artworks/v2/cropped/49938/alts/alt_1956697_3c8236fa59ee00b69928e4f189168ca6.png', 'https://www.singulart.com/images/artworks/v2/cropped/49938/alts/alt_1956697_e1b35e5625bcf978b00ef8b6baf690d7.png', 'https://www.singulart.com/images/artworks/v2/cropped/49938/alts/alt_1956697_8c715a1e55d0d496efdac7282d3ecb46.png', 'https://www.singulart.com/images/artworks/v2/cropped/49938/main/zoom/1956697_7088564924464273ff1bf16974ce8dd9.png']"
Le Grand Cavalier,5523,Bernard Métranve,28(L)x47(A)x29(P)cm,2020 • Francia,"['https://www.singulart.com/images/artworks/v2/cutout/14647/main/zoom/2247805_8832b67bb098425fd75a91081980a034.png', 'https://www.singulart.com/images/artworks/v2/cropped/14647/alts/zoom/alt_2247805_a632a3d6187cab18e3222ccb5df3d274.jpeg', 'https://www.singulart.com/images/artworks/v2/cropped/14647/alts/zoom/alt_2247805_8afaf88efea1fd7ef4580dade3454b46.jpeg', 'https://www.singulart.com/images/artworks/v2/cropped/14647/alts/zoom/alt_2247805_34bc8bf77b9e0485f0eea7005e263a85.jpeg', 'https://www.singulart.com/images/artworks/v2/cropped/14647/alts/zoom/alt_2247805_0cfe13b2e6ff34fe69178ad4a7a2756c.jpeg', 'https://www.singulart.com/images/artworks/v2/cutout/14647/main/zoom/2247805_8832b67bb098425fd75a91081980a034.png']"
Méandres,5334,Corinne Pages,81 x 100 cm,"2022 • Francia • Acrílico, Tierra en Lienzo","['https://www.singulart.com/images/artworks/v2/cropped/3333/main/zoom/1736922_dd32b74dcc648f75d2f85f6876baee72.jpeg', 'https://www.singulart.com/images/artworks/v2/cropped/3333/alts/zoom/alt_1736922_583eb8efb92a445842cab79c55341409.jpeg', 'https://www.singulart.com/images/artworks/v2/cropped/3333/alts/zoom/alt_1736922_8b693eba656acda64127e4f1b9cb5ae9.jpeg', 'https://www.singulart.com/images/artworks/v2/cropped/3333/alts/zoom/alt_1736922_05a712f536e00be1078fd64a52a3bd5a.jpeg', 'https://www.singulart.com/images/artworks/v2/cropped/3333/alts/zoom/alt_1736922_ad49d22da9c5618bb0e90ddc55dcc3dd.jpeg', 'https://www.singulart.com/images/artworks/v2/cropped/3333/alts/zoom/alt_1736922_f7aee913c49930e6ae87d035661d1f71.jpeg', 'https://www.singulart.com/images/artworks/v2/cropped/3333/alts/zoom/alt_1736922_f27dc1f11fc9506702fb594a063e0b78.jpeg', 'https://www.singulart.com/images/artworks/v2/cropped/3333/alts/zoom/alt_1736922_f0d0af19b5dead689bb000ac35de582c.jpeg', 'https://www.singulart.com/images/artworks/v2/cropped/3333/alts/zoom/alt_1736922_14b37c2481b1b02b75ba6587939492fe.jpeg', 'https://www.singulart.com/images/artworks/v2/cropped/3333/alts/zoom/alt_1736922_d8539024ef291ca7624b6fabe20e6e3d.jpeg', 'https://www.singulart.com/images/artworks/v2/cropped/3333/alts/zoom/alt_1736922_975cc70af412e8fe8663960ecfaca179.jpeg', 'https://www.singulart.com/images/artworks/v2/cropped/3333/main/zoom/1736922_dd32b74dcc648f75d2f85f6876baee72.jpeg']"
La Morte Della Lira.,7315,Salvatore Petrucino,15(L)x13(A)x15(P)cm,2015 • Italia,"['https://www.singulart.com/images/artworks/v2/cutout/62415/main/zoom/2118786_efd71e71d2ec21a6991fbc0ab883781f.png', 'https://www.singulart.com/images/artworks/v2/cropped/62415/alts/zoom/alt_2118786_64710feaf9c4e58bcb08c60b3bd91c6c.jpeg', 'https://www.singulart.com/images/artworks/v2/cropped/62415/alts/zoom/alt_2118786_120fdb1124a8f22f5edd7612c94d9d43.jpeg', 'https://www.singulart.com/images/artworks/v2/cropped/62415/alts/zoom/alt_2118786_a8353af8c3b95405737666020a0cc562.jpeg', 'https://www.singulart.com/images/artworks/v2/cropped/62415/alts/zoom/alt_2118786_745dedc9208905f2f9b410f25ff2d3f9.jpeg', 'https://www.singulart.com/images/artworks/v2/cropped/62415/alts/zoom/alt_2118786_abc0942268fb509601695c9bae555134.jpeg', 'https://www.singulart.com/images/artworks/v2/cropped/62415/alts/zoom/alt_2118786_77e0ec44fb60758a7f9eb294644e3f07.jpeg', 'https://www.singulart.com/images/artworks/v2/cropped/62415/alts/zoom/alt_2118786_a52a6b29594102e5392f4e9e202da08f.jpeg', 'https://www.singulart.com/images/artworks/v2/cutout/62415/main/zoom/2118786_efd71e71d2ec21a6991fbc0ab883781f.png']"
Pipa de somnis,5586,Lluis Clar,146 x 114 cm,"2019 • España • Collage, Dorados en Lienzo","['https://www.singulart.com/images/artworks/v2/cropped/5895/main/zoom/495527_5fd6a70576026244f8e087cf8ecb464d.jpeg', 'https://www.singulart.com/images/artworks/v2/cropped/5895/alts/zoom/alt_495527_d87b95787d28886d9c6789d9eeeecaa9.jpeg', 'https://www.singulart.com/images/artworks/v2/cropped/5895/alts/zoom/alt_495527_8e805f756e2781bd2dc775194cda37ff.jpeg', 'https://www.singulart.com/images/artworks/v2/cropped/5895/alts/zoom/alt_495527_1ffe7e41116562d24e994a38f76ebd3a.jpeg', 'https://www.singulart.com/images/artworks/v2/cropped/5895/alts/zoom/alt_495527_808fb40115f4e1fc9cdc864ec97f2974.jpeg', 'https://www.singulart.com/images/artworks/v2/cropped/5895/alts/zoom/alt_495527_5b1eaf0d95a3e0da3aad4eac8bd01641.jpeg', 'https://www.singulart.com/images/artworks/v2/cropped/5895/alts/zoom/alt_495527_807e87cbd46f7900f4d0c7cefd28093a.jpeg', 'https://www.singulart.com/images/artworks/v2/cropped/5895/alts/zoom/alt_495527_867f8ba019d368918d02aea19675920c.jpeg', 'https://www.singulart.com/images/artworks/v2/cropped/5895/alts/zoom/alt_495527_70f4b5cb0a1fcf8930a3b5329b15759d.jpeg', 'https://www.singulart.com/images/artworks/v2/cropped/5895/main/zoom/495527_5fd6a70576026244f8e087cf8ecb464d.jpeg']"
EXTASIA,8530,David Fabié,52(L)x91(A)x30(P)cm,2024 • Francia,"['https://www.singulart.com/images/artworks/v2/cutout/59227/main/zoom/2093787_a52edc1d8df07bede6834823c716fa78.png', 'https://www.singulart.com/images/artworks/v2/cropped/59227/alts/zoom/alt_2093787_733538eb55622529294c9b5ac9ff17da.jpeg', 'https://www.singulart.com/images/artworks/v2/cropped/59227/alts/zoom/alt_2093787_5bbe26507262399f728397ee239381b7.jpeg', 'https://www.singulart.com/images/artworks/v2/cropped/59227/alts/zoom/alt_2093787_d0414f93e5bbc57f965ee007b690f39f.jpeg', 'https://www.singulart.com/images/artworks/v2/cropped/59227/alts/zoom/alt_2093787_5d7d218a28b9e5ba3ae84075a44c884c.jpeg', 'https://www.singulart.com/images/artworks/v2/cropped/59227/alts/zoom/alt_2093787_22de1ec4dd0dc4f126d8bc4fa2b2ef81.jpeg', 'https://www.singulart.com/images/artworks/v2/cropped/59227/alts/zoom/alt_2093787_b8cbc75511753638fc45f2d2c04b67e8.jpeg', 'https://www.singulart.com/images/artworks/v2/cropped/59227/alts/zoom/alt_2093787_37f35aa3eda6399e6976c3d3a56759cf.jpeg', 'https://www.singulart.com/images/artworks/v2/cropped/59227/alts/zoom/alt_2093787_346f5d784d017b6c5f48adff45c50168.jpeg', 'https://www.singulart.com/images/artworks/v2/cropped/59227/alts/zoom/alt_2093787_43ba4502f44c553500cbf25fa0b54909.jpeg', 'https://www.singulart.com/images/artworks/v2/cropped/59227/alts/zoom/alt_2093787_807cf892e3d987c1102669d6c34aa883.jpeg', 'https://www.singulart.com/images/artworks/v2/cropped/59227/alts/zoom/alt_2093787_36628b731eb2dc34aefa17eae285aa90.jpeg', 'https://www.singulart.com/images/artworks/v2/cropped/59227/alts/zoom/alt_2093787_8b3420f1e2f99a52dfe09b83dd5201e8.jpeg', 'https://www.singulart.com/images/artworks/v2/cropped/59227/alts/zoom/alt_2093787_6bfce2fa1443fd84d9ea5c6d03d14563.jpeg', 'https://www.singulart.com/images/artworks/v2/cutout/59227/main/zoom/2093787_a52edc1d8df07bede6834823c716fa78.png']"
PROYECTO DE MODERNIZACION,8580,Juan Francisco Gomez Cambronero,190 x 145 cm,2010 • España • Óleo en Lienzo,"['https://www.singulart.com/images/artworks/v2/cropped/13229/main/zoom/712563_c01f0d01454f96f067d98a3f7728b7c9.jpeg', 'https://www.singulart.com/images/artworks/v2/cropped/13229/alts/zoom/alt_712563_d1ced7fb0642d15b26e62d1a322b8514.jpeg', 'https://www.singulart.com/images/artworks/v2/cropped/13229/alts/zoom/alt_712563_df040540ae2a2ad8c7c8c97e57bd9b60.jpeg', 'https://www.singulart.com/images/artworks/v2/cropped/13229/alts/zoom/alt_712563_d1ced7fb0642d15b26e62d1a322b8514.jpeg', 'https://www.singulart.com/images/artworks/v2/cropped/13229/alts/zoom/alt_712563_a1f9e07503aee4efeb925201c6891191.jpeg', 'https://www.singulart.com/images/artworks/v2/cropped/13229/alts/zoom/alt_712563_920bf59c83fc8a89608b6ed72c9d730a.jpeg', 'https://www.singulart.com/images/artworks/v2/cropped/13229/alts/zoom/alt_712563_965220d43be5ceebe4020f27ef05d92a.jpeg', 'https://www.singulart.com/images/artworks/v2/cropped/13229/alts/zoom/alt_712563_5bad325cde4def90053e008482945ca9.jpeg', 'https://www.singulart.com/images/artworks/v2/cropped/13229/alts/zoom/alt_712563_db71262be952b7791a4c2e50b5e0d610.jpeg', 'https://www.singulart.com/images/artworks/v2/cropped/13229/alts/zoom/alt_712563_5b6222db3c1893b2cfd4109bb4723c8c.jpeg', 'https://www.singulart.com/images/artworks/v2/cropped/13229/alts/zoom/alt_712563_df040540ae2a2ad8c7c8c97e57bd9b60.jpeg', 'https://www.singulart.com/images/artworks/v2/cropped/13229/alts/zoom/alt_712563_040e624ab84138f9bd0ebdeaddb9cfa8.jpeg', 'https://www.singulart.com/images/artworks/v2/cropped/13229/main/zoom/712563_c01f0d01454f96f067d98a3f7728b7c9.jpeg']"
"Mill bay, Salcombe",8740,Damien Hirst,90 x 90 cm,2024 • Reino Unido,"['https://www.singulart.com/images/artworks/v2/cropped/36531/main/zoom/1979126_00f0aeb3a12e108fa4fa9f946c29fcdd.jpeg', 'https://www.singulart.com/images/artworks/v2/cropped/36531/alts/zoom/alt_1979126_a2a22adb1bd459a5c9b8f585cf79b7c9.jpeg', 'https://www.singulart.com/images/artworks/v2/cropped/36531/alts/zoom/alt_1979126_f94f4a4781d0e89fe44991ced41c0319.jpeg', 'https://www.singulart.com/images/artworks/v2/cropped/36531/alts/zoom/alt_1979126_9d15438cf241e281e18ecd3d73ce2135.jpeg', 'https://www.singulart.com/images/artworks/v2/cropped/36531/main/zoom/1979126_00f0aeb3a12e108fa4fa9f946c29fcdd.jpeg']"
"""Catarsis""",6447,Marcos Carrasco,151 x 196 cm,"2017 • España • Acrílico, Óleo en Lienzo","['https://www.singulart.com/images/artworks/v2/cropped/11671/main/zoom/499631_b746b7cf20919becb167e3a543f95361.png', 'https://www.singulart.com/images/artworks/v2/cropped/11671/alts/zoom/alt_499631_7cf064c646abcc0df248a1f22ce07bd9.jpeg', 'https://www.singulart.com/images/artworks/v2/cropped/11671/alts/zoom/alt_499631_31d8e87bcbf68119c82b99bb8117db54.jpeg', 'https://www.singulart.com/images/artworks/v2/cropped/11671/alts/zoom/alt_499631_0a96434d6bc3f0bdc8b15d20a20faa99.jpeg', 'https://www.singulart.com/images/artworks/v2/cropped/11671/alts/zoom/alt_499631_425cf9fd1623239f324d568fe6c5ec1c.jpeg', 'https://www.singulart.com/images/artworks/v2/cropped/11671/alts/zoom/alt_499631_477ca7aa7459b638e02b6614d85b332b.jpeg', 'https://www.singulart.com/images/artworks/v2/cropped/11671/alts/zoom/alt_499631_8e0cfff72b1b5384c26bb2f97dd6caa6.jpeg', 'https://www.singulart.com/images/artworks/v2/cropped/11671/alts/zoom/alt_499631_05946357876f8b3935dba49c32497f17.jpeg', 'https://www.singulart.com/images/artworks/v2/cropped/11671/alts/zoom/alt_499631_36dd99e878dbaee86483905b2888c2c1.jpeg', 'https://www.singulart.com/images/artworks/v2/cropped/11671/alts/zoom/alt_499631_5740f7b55cf55aff347c9ac5e3bca4a7.jpeg', 'https://www.singulart.com/images/artworks/v2/cropped/11671/alts/zoom/alt_499631_3eb9fed2663eea105535b8fbab4e7dd5.jpeg', 'https://www.singulart.com/images/artworks/v2/cropped/11671/alts/zoom/alt_499631_c4113b2b9d674ad3f3e3bb38ae5626d1.jpeg', 'https://www.singulart.com/images/artworks/v2/cropped/11671/alts/zoom/alt_499631_d0036db51611c1ee70e3b1856124d507.jpeg', 'https://www.singulart.com/images/artworks/v2/cropped/11671/alts/zoom/alt_499631_d6049df956638899e6adaebd2c9b066d.jpeg', 'https://www.singulart.com/images/artworks/v2/cropped/11671/alts/zoom/alt_499631_3eb9fed2663eea105535b8fbab4e7dd5.jpeg', 'https://www.singulart.com/images/artworks/v2/cropped/11671/alts/zoom/alt_499631_5e039d960926a64fa318881c4860817d.jpeg', 'https://www.singulart.com/images/artworks/v2/cropped/11671/alts/zoom/alt_499631_3cb7f064d24063adf9e42c48a682f1ab.jpeg', 'https://www.singulart.com/images/artworks/v2/cropped/11671/alts/zoom/alt_499631_3cdf43d589215d3fcb5e442fc0bf8111.jpeg', 'https://www.singulart.com/images/artworks/v2/cropped/11671/main/zoom/499631_b746b7cf20919becb167e3a543f95361.png']"
"""E CI FERMAMMO A MIRAR LE STELLE""",6188,Lele De bonis,40(L)x200(A)x35(P)cm,2025 • Italia,"['https://www.singulart.com/images/artworks/v2/cutout/10399/main/zoom/2253105_79a97015c469bd74fdf65e4a17c2b1a1.png', 'https://www.singulart.com/images/artworks/v2/cropped/10399/alts/zoom/alt_2253105_08e4378a6f80336b66688c6f9b27962a.jpeg', 'https://www.singulart.com/images/artworks/v2/cropped/10399/alts/zoom/alt_2253105_19d1543a177696661477bc2860921fdd.jpeg', 'https://www.singulart.com/images/artworks/v2/cropped/10399/alts/zoom/alt_2253105_b974c103a50e214a85b2f1601d74b492.jpeg', 'https://www.singulart.com/images/artworks/v2/cropped/10399/alts/zoom/alt_2253105_3546ce658f883906c0f634726daf8c9c.jpeg', 'https://www.singulart.com/images/artworks/v2/cropped/10399/alts/zoom/alt_2253105_f503eeeb0b20ba32995aef9abc881866.jpeg', 'https://www.singulart.com/images/artworks/v2/cropped/10399/alts/zoom/alt_2253105_1a69bb7d7d566443d65edebbf6007e3f.jpeg', 'https://www.singulart.com/images/artworks/v2/cropped/10399/alts/zoom/alt_2253105_fad2ea943c418d3bd4788c7e68269027.jpeg', 'https://www.singulart.com/images/artworks/v2/cropped/10399/alts/zoom/alt_2253105_be46023014c7ac340b31613fa55fe722.jpeg', 'https://www.singulart.com/images/artworks/v2/cropped/10399/alts/zoom/alt_2253105_a283d59c15e31132523ddd32c6df1fc4.jpeg', 'https://www.singulart.com/images/artworks/v2/cropped/10399/alts/zoom/alt_2253105_994ad893a306b97c939743ec78fb7421.jpeg', 'https://www.singulart.com/images/artworks/v2/cropped/10399/alts/zoom/alt_2253105_1ba44bf65ac26d64d19790606882814a.jpeg', 'https://www.singulart.com/images/artworks/v2/cropped/10399/alts/zoom/alt_2253105_8aceb5a2135a4cb40fb9b23bdcbb8683.jpeg', 'https://www.singulart.com/images/artworks/v2/cropped/10399/alts/zoom/alt_2253105_ae8f466fc3b70edc4a3c141c7fd50f3e.jpeg', 'https://www.singulart.com/images/artworks/v2/cutout/10399/main/zoom/2253105_79a97015c469bd74fdf65e4a17c2b1a1.png']"
I 4 ELEMENTI,8450,Guido Angeletti,43(L)x54(A)x36(P)cm,2024 • Italia,"['https://www.singulart.com/images/artworks/v2/cutout/52360/main/zoom/2257606_6307b011ba133f300849de6d65447559.png', 'https://www.singulart.com/images/artworks/v2/cropped/52360/alts/zoom/alt_2257606_d19847f8bb5e55d6e22406146ab28711.jpeg', 'https://www.singulart.com/images/artworks/v2/cropped/52360/alts/zoom/alt_2257606_48bdb0a84f705198243fdda17fcb7c85.jpeg', 'https://www.singulart.com/images/artworks/v2/cropped/52360/alts/zoom/alt_2257606_c0fcb4370f237fdea7b663d0c821dd30.jpeg', 'https://www.singulart.com/images/artworks/v2/cropped/52360/alts/zoom/alt_2257606_fba5504b36439d1380b719361c38de5c.jpeg', 'https://www.singulart.com/images/artworks/v2/cropped/52360/alts/zoom/alt_2257606_334953dee81e96f6a490c2d8333a4457.jpeg', 'https://www.singulart.com/images/artworks/v2/cropped/52360/alts/zoom/alt_2257606_f13820e70d23ec546dd23544725403d9.jpeg', 'https://www.singulart.com/images/artworks/v2/cutout/52360/main/zoom/2257606_6307b011ba133f300849de6d65447559.png']"
Le Renard anglais,8085,Lukas Kandl,146 x 50 cm,2023 • Francia • Óleo en Lienzo,"['https://www.singulart.com/images/artworks/v2/cropped/22919/main/zoom/1796056_3bb58a6e00484d0d5d4cf438bab9e95c.jpeg', 'https://www.singulart.com/images/artworks/v2/cropped/22919/main/zoom/1796056_3bb58a6e00484d0d5d4cf438bab9e95c.jpeg']"
L'ïle,5922,Thierry Vanquickenborne,100 x 100 cm,N.D • Francia • Óleo en Lino,"['https://www.singulart.com/images/artworks/v2/cropped/14041/main/zoom/1709876_a48f32f196acaa30166f0b2b7a1b44eb.jpeg', 'https://www.singulart.com/images/artworks/v2/cropped/14041/main/zoom/1709876_a48f32f196acaa30166f0b2b7a1b44eb.jpeg']"
ELS QUATRE BOJOS,8840,Aleix Albareda,200 x 200 cm,2021 • España • Acrílico en Lienzo,"['https://www.singulart.com/images/artworks/v2/cropped/7095/main/zoom/1429991_3c3edd63885c320578e2d403a458c9f0.jpeg', 'https://www.singulart.com/images/artworks/v2/cropped/7095/alts/zoom/alt_1429991_d2c432135f0b4e2f86d85c003ab68514.jpeg', 'https://www.singulart.com/images/artworks/v2/cropped/7095/alts/zoom/alt_1429991_4dbca50bbcbd7c142a21850fadb8dc6b.jpeg', 'https://www.singulart.com/images/artworks/v2/cropped/7095/alts/zoom/alt_1429991_59c2dc5dbdc93d9ecff639e7a496fa41.jpeg', 'https://www.singulart.com/images/artworks/v2/cropped/7095/alts/zoom/alt_1429991_828fee047cd17aec182f44c774cf2f2d.jpeg', 'https://www.singulart.com/images/artworks/v2/cropped/7095/alts/zoom/alt_1429991_e5034fc4ae30bd74f299cdff3fc0afad.jpeg', 'https://www.singulart.com/images/artworks/v2/cropped/7095/alts/zoom/alt_1429991_ef74b10848c6c0a5b3060cb9c9d8bd3d.jpeg', 'https://www.singulart.com/images/artworks/v2/cropped/7095/alts/zoom/alt_1429991_73ee8c6ea4acbf34353e610e0ba50ca9.jpeg', 'https://www.singulart.com/images/artworks/v2/cropped/7095/alts/zoom/alt_1429991_9f7a81f2446996c94a0b88bb5b7dc00f.jpeg', 'https://www.singulart.com/images/artworks/v2/cropped/7095/alts/zoom/alt_1429991_190a08c56b243dd5256e76e6c57bf26a.jpeg', 'https://www.singulart.com/images/artworks/v2/cropped/7095/alts/zoom/alt_1429991_18d6867bb5b83a08a75e55fa10df0bbc.jpeg', 'https://www.singulart.com/images/artworks/v2/cropped/7095/alts/zoom/alt_1429991_3d30970e3b8695c2739e346047eb0a49.jpeg', 'https://www.singulart.com/images/artworks/v2/cropped/7095/alts/zoom/alt_1429991_4d0cb61e2e85ca4736a7da4d045b814a.jpeg', 'https://www.singulart.com/images/artworks/v2/cropped/7095/alts/zoom/alt_1429991_50295cc8c58e748d54741ce3611417eb.jpeg', 'https://www.singulart.com/images/artworks/v2/cropped/7095/alts/zoom/alt_1429991_f3d7b1c684d0fc56cd62d4aac1b5c2ab.jpeg', 'https://www.singulart.com/images/artworks/v2/cropped/7095/alts/zoom/alt_1429991_33c32bdee096a60b149da15d83713de1.jpeg', 'https://www.singulart.com/images/artworks/v2/cropped/7095/alts/zoom/alt_1429991_67848434abd7b1f670dcb2023971998c.jpeg', 'https://www.singulart.com/images/artworks/v2/cropped/7095/alts/zoom/alt_1429991_d43960bb0e4a9d4e98cb3565cd9c6cb3.jpeg', 'https://www.singulart.com/images/artworks/v2/cropped/7095/alts/zoom/alt_1429991_789ff650bb55894d92c8def37f6beb6a.jpeg', 'https://www.singulart.com/images/artworks/v2/cropped/7095/alts/zoom/alt_1429991_753cf7eece24b78694aa346924181998.jpeg', 'https://www.singulart.com/images/artworks/v2/cropped/7095/alts/zoom/alt_1429991_1d42a2423cd3aa6568a64eed4371cb79.jpeg', 'https://www.singulart.com/images/artworks/v2/cropped/7095/alts/zoom/alt_1429991_cc8c294ffeed9193913c421554be260a.jpeg', 'https://www.singulart.com/images/artworks/v2/cropped/7095/alts/zoom/alt_1429991_11dd2724f14e319f08a8bccd7d78f35f.jpeg', 'https://www.singulart.com/images/artworks/v2/cropped/7095/alts/zoom/alt_1429991_f5eabd12bc3be92256838bd16ee5b551.jpeg', 'https://www.singulart.com/images/artworks/v2/cropped/7095/alts/zoom/alt_1429991_e0f26a537930ce86766b8cb7650ac63c.jpeg', 'https://www.singulart.com/images/artworks/v2/cropped/7095/alts/zoom/alt_1429991_22b8d9dc0a336420b0a40739cab867a0.jpeg', 'https://www.singulart.com/images/artworks/v2/cropped/7095/alts/zoom/alt_1429991_7b2036e507ef8298574c8614e45bc36e.jpeg', 'https://www.singulart.com/images/artworks/v2/cropped/7095/alts/zoom/alt_1429991_ab5ed8d5bc4de4f4da5e370122f27642.jpeg', 'https://www.singulart.com/images/artworks/v2/cropped/7095/alts/zoom/alt_1429991_c4777a8698570989ee7f66703d223f15.jpeg', 'https://www.singulart.com/images/artworks/v2/cropped/7095/alts/zoom/alt_1429991_17d2ae372baf745d1f4bb245b2c8b74b.jpeg', 'https://www.singulart.com/images/artworks/v2/cropped/7095/alts/zoom/alt_1429991_f217799ee43b6ae510fca955cd848edc.jpeg', 'https://www.singulart.com/images/artworks/v2/cropped/7095/alts/zoom/alt_1429991_40e9902f35f5dfa136a91ef5f26fe84c.jpeg', 'https://www.singulart.com/images/artworks/v2/cropped/7095/alts/zoom/alt_1429991_18bd03875c9c67fca024d1145a50f1f6.jpeg', 'https://www.singulart.com/images/artworks/v2/cropped/7095/alts/zoom/alt_1429991_1ef6c6288b6f11765c9043adc60830a4.jpeg', 'https://www.singulart.com/images/artworks/v2/cropped/7095/alts/zoom/alt_1429991_d25e890940c875c55e45adaf0117dee2.jpeg', 'https://www.singulart.com/images/artworks/v2/cropped/7095/alts/zoom/alt_1429991_17be48417779d3f51191590892f53532.jpeg', 'https://www.singulart.com/images/artworks/v2/cropped/7095/alts/zoom/alt_1429991_5f3412f662ca781fad7c33c1e5c4d07b.jpeg', 'https://www.singulart.com/images/artworks/v2/cropped/7095/alts/zoom/alt_1429991_7681aa1f8a4a5a760f31d76f114d2d22.jpeg', 'https://www.singulart.com/images/artworks/v2/cropped/7095/alts/zoom/alt_1429991_e1c011bc3a7c87ae3ebb6de2d77f68c9.jpeg', 'https://www.singulart.com/images/artworks/v2/cropped/7095/main/zoom/1429991_3c3edd63885c320578e2d403a458c9f0.jpeg']"
La famille du mois d'octobre,8460,Zafi,100 x 100 cm,2023 • Francia • Acrílico en Lienzo,"['https://www.singulart.com/images/artworks/v2/cropped/20619/main/zoom/1892209_9cbedd225203fe44b8bcd31a7633f258.jpeg', 'https://www.singulart.com/images/artworks/v2/cropped/20619/alts/zoom/alt_1892209_a8424e4a9e05d7261f3a889c317d76cc.jpeg', 'https://www.singulart.com/images/artworks/v2/cropped/20619/alts/zoom/alt_1892209_c4e5273780bb7b828648fd6c7ba89b14.jpeg', 'https://www.singulart.com/images/artworks/v2/cropped/20619/alts/zoom/alt_1892209_76e1009687b36116b27cccdcf64330cd.jpeg', 'https://www.singulart.com/images/artworks/v2/cropped/20619/alts/zoom/alt_1892209_170211231cc71de75c450e609fcfd3f4.jpeg', 'https://www.singulart.com/images/artworks/v2/cropped/20619/alts/zoom/alt_1892209_e500da043efbf9175c7067f5ccb9d1b6.jpeg', 'https://www.singulart.com/images/artworks/v2/cropped/20619/main/zoom/1892209_9cbedd225203fe44b8bcd31a7633f258.jpeg']"
My cold mountains,5922,Petra Marian,130 x 81 cm,2025 • Francia • Óleo en Lino,"['https://www.singulart.com/images/artworks/v2/cropped/59080/main/zoom/2232499_a762f3e5f14091f87a4096525b37046e.jpeg', 'https://www.singulart.com/images/artworks/v2/cropped/59080/alts/zoom/alt_2232499_9218e98594a47e4347c4e89c88ba3a45.jpeg', 'https://www.singulart.com/images/artworks/v2/cropped/59080/alts/zoom/alt_2232499_6ec58f4004800451705e74b4bece5342.jpeg', 'https://www.singulart.com/images/artworks/v2/cropped/59080/alts/zoom/alt_2232499_8f8244719b78cffc7598a0474eba1610.jpeg', 'https://www.singulart.com/images/artworks/v2/cropped/59080/alts/zoom/alt_2232499_e0fdcf5ef4f74e7140d4163aaefa8863.jpeg', 'https://www.singulart.com/images/artworks/v2/cropped/59080/alts/zoom/alt_2232499_6984b49e8321a0f3012e904d7eda5b4c.jpeg', 'https://www.singulart.com/images/artworks/v2/cropped/59080/alts/zoom/alt_2232499_0dc3236d7349fd3805c1f3232c76137d.jpeg', 'https://www.singulart.com/images/artworks/v2/cropped/59080/main/zoom/2232499_a762f3e5f14091f87a4096525b37046e.jpeg']"
A riveder le stelle (Bryce Canyon),17010,Natale Addamiano,44 x 205 cm,2025 • Italia • Óleo en Lienzo,"['https://www.singulart.com/images/artworks/v2/cropped/14509/main/zoom/2311052_1a7d78b2a77820ca278c063565e3fce3.jpeg', 'https://www.singulart.com/images/artworks/v2/cropped/14509/alts/zoom/alt_2311052_78397d9468008db1e44fda4d04a82cdd.jpeg', 'https://www.singulart.com/images/artworks/v2/cropped/14509/alts/zoom/alt_2311052_0e490a1d393c5b31bb5de3a2e6310c78.jpeg', 'https://www.singulart.com/images/artworks/v2/cropped/14509/main/zoom/2311052_1a7d78b2a77820ca278c063565e3fce3.jpeg']"
A riveder le stelle (Bryce Canyon),17010,Natale Addamiano,44 x 205 cm,2025 • Italia • Óleo en Lienzo,"['https://www.singulart.com/images/artworks/v2/cropped/14509/main/zoom/2311052_1a7d78b2a77820ca278c063565e3fce3.jpeg', 'https://www.singulart.com/images/artworks/v2/cropped/14509/alts/zoom/alt_2311052_78397d9468008db1e44fda4d04a82cdd.jpeg', 'https://www.singulart.com/images/artworks/v2/cropped/14509/alts/zoom/alt_2311052_0e490a1d393c5b31bb5de3a2e6310c78.jpeg', 'https://www.singulart.com/images/artworks/v2/cropped/14509/main/zoom/2311052_1a7d78b2a77820ca278c063565e3fce3.jpeg']"
Nez,8680,Antonio Saura,64(L)x51(A)x1(P)cm,1990 • España,"['https://www.singulart.com/images/artworks/v2/cutout/47223/main/zoom/1953847_254986a5ef67a2da4f8bfd9043b3ee7f.png', 'https://www.singulart.com/images/artworks/v2/cropped/49832/alts/alt_1953847_88784f14f8764c0d4b53e5f234aefa0e.jpeg', 'https://www.singulart.com/images/artworks/v2/cropped/49832/alts/alt_1953847_50f833a4ffb6ed97322f2c56e8a584a6.jpeg', 'https://www.singulart.com/images/artworks/v2/cropped/49832/alts/alt_1953847_f75d060255aef57c946142f1dcc4c0c2.jpeg', 'https://www.singulart.com/images/artworks/v2/cutout/47223/main/zoom/1953847_254986a5ef67a2da4f8bfd9043b3ee7f.png']"
LIBERTÉ (Coeur de femme 2019),7570,Olivier Messas,35(L)x49(A)x20(P)cm,2019 • Francia,"['https://www.singulart.com/images/artworks/pictures/cutout/63/26237/zoom/serie_26237_119c07ef63777a96965f82eb2f4635fd.png', 'https://www.singulart.com/images/artworks/v2/cropped/63/alts/zoom/alt_247177_1e9a6ebbebd56b42d918ffb08fe70197.jpeg', 'https://www.singulart.com/images/artworks/v2/cropped/63/alts/zoom/alt_247177_694a5e5dfb8b1710623593e49fce3668.jpeg', 'https://www.singulart.com/images/artworks/v2/cropped/63/alts/zoom/alt_247177_11a489758810091cf8c2d183a27e5aa3.jpeg', 'https://www.singulart.com/images/artworks/v2/cropped/63/alts/zoom/alt_247177_cea62971b316ac6bfac1eae694f1dd18.jpeg', 'https://www.singulart.com/images/artworks/v2/cropped/63/alts/zoom/alt_247177_1b98262aa7f8e0fc59fb7dccc58bdd8b.jpeg', 'https://www.singulart.com/images/artworks/v2/cropped/63/alts/zoom/alt_247177_272439b850fb244619f4e4306536e425.jpeg', 'https://www.singulart.com/images/artworks/v2/cropped/63/alts/zoom/alt_247177_9de49748c0bad39f598eb98aa4476d23.jpeg', 'https://www.singulart.com/images/artworks/v2/cropped/63/alts/zoom/alt_247177_0cbd329c11b68c532b091019540e29e8.jpeg', 'https://www.singulart.com/images/artworks/v2/cropped/63/alts/zoom/alt_247177_8911c986297a3f3c2aee94bb05d91f64.jpeg', 'https://www.singulart.com/images/artworks/v2/cropped/63/alts/zoom/alt_247177_1e9a6ebbebd56b42d918ffb08fe70197.jpeg', 'https://www.singulart.com/images/artworks/v2/cropped/63/alts/zoom/alt_247177_9d62a99709c9a0a8aa030d68c7ee2ae8.jpeg', 'https://www.singulart.com/images/artworks/pictures/cropped/63/alts/zoom/alt_247177_08ac1d26372507b60819065e963b8ecf.jpeg', 'https://www.singulart.com/images/artworks/v2/cropped/63/alts/zoom/alt_247177_1e211e2c972eafe34bd9512e0c6cbfa1.jpeg', 'https://www.singulart.com/images/artworks/v2/cropped/63/alts/zoom/alt_247177_883cd9fa7961d950e5be9399d2ccaf11.jpeg', 'https://www.singulart.com/images/artworks/v2/cropped/63/alts/zoom/alt_247177_534d4ba30cb35746b6cba70ff2f52919.jpeg', 'https://www.singulart.com/images/artworks/v2/cropped/63/alts/zoom/alt_247177_a4b7f5274e81249aea678d3915ad969d.jpeg', 'https://www.singulart.com/images/artworks/v2/cropped/63/alts/zoom/alt_247177_68126a7d98ced2f6f10a061ebcc3ada3.jpeg', 'https://www.singulart.com/images/artworks/v2/cropped/63/alts/zoom/alt_247177_9ca01c08864c91cc83c3fa9bd97a3ea6.jpeg', 'https://www.singulart.com/images/artworks/pictures/cropped/63/alts/zoom/alt_247177_f7f097085532a331656e48a45a278e47.jpeg', 'https://www.singulart.com/images/artworks/pictures/cropped/63/alts/zoom/alt_247177_1d285ad9107f90567e02cde98bf5a4c9.jpeg', 'https://www.singulart.com/images/artworks/pictures/cropped/63/alts/zoom/alt_247177_3eead6c0d4bd1f9d4db38cfef9ab454c.jpeg', 'https://www.singulart.com/images/artworks/pictures/cutout/63/26237/zoom/serie_26237_119c07ef63777a96965f82eb2f4635fd.png']"
A riveder le stelle (Bryce Canyon),17000,Natale Addamiano,44 x 205 cm,2025 • Italia • Óleo en Lienzo,"['https://www.singulart.com/images/artworks/v2/cropped/14509/main/zoom/2311052_1a7d78b2a77820ca278c063565e3fce3.jpeg', 'https://www.singulart.com/images/artworks/v2/cropped/14509/alts/zoom/alt_2311052_78397d9468008db1e44fda4d04a82cdd.jpeg', 'https://www.singulart.com/images/artworks/v2/cropped/14509/alts/zoom/alt_2311052_0e490a1d393c5b31bb5de3a2e6310c78.jpeg', 'https://www.singulart.com/images/artworks/v2/cropped/14509/main/zoom/2311052_1a7d78b2a77820ca278c063565e3fce3.jpeg']"
Die Krönung Satans,10330,Andreas Noßmann,90 x 90 cm,"2024 • Alemania • Lápiz, Tinta china en Papel , Tablero sintético under glass","['https://www.singulart.com/images/artworks/v2/cropped/27291/main/zoom/1950136_508a1a8ee925ab6795b68283e99b88cc.jpeg', 'https://www.singulart.com/images/artworks/v2/cropped/27291/alts/zoom/alt_1950136_060eafd3be56e18cef81d96a09834f4b.jpeg', 'https://www.singulart.com/images/artworks/v2/cropped/27291/alts/zoom/alt_1950136_f963e9936db1b080c00397e37091d381.jpeg', 'https://www.singulart.com/images/artworks/v2/cropped/27291/alts/zoom/alt_1950136_2df8507dbf3a06a9571e1ee31640e5b7.jpeg', 'https://www.singulart.com/images/artworks/v2/cropped/27291/alts/zoom/alt_1950136_73aba159073707b4580506e957df74ee.jpeg', 'https://www.singulart.com/images/artworks/v2/cropped/27291/alts/zoom/alt_1950136_3b365990a7729ff1ba6e8039681ed820.jpeg', 'https://www.singulart.com/images/artworks/v2/cropped/27291/alts/zoom/alt_1950136_e2c49240f3a7c8e7bc236a94ac9f8976.jpeg', 'https://www.singulart.com/images/artworks/v2/cropped/27291/alts/zoom/alt_1950136_baae89df77637c01ceb40662be0d6178.jpeg', 'https://www.singulart.com/images/artworks/v2/cropped/27291/alts/zoom/alt_1950136_5619c1313ea93ec80f8c4da576435d1f.jpeg', 'https://www.singulart.com/images/artworks/v2/cropped/27291/alts/zoom/alt_1950136_91ad00e84dee58288eef96f8103d5199.jpeg', 'https://www.singulart.com/images/artworks/v2/cropped/27291/main/zoom/1950136_508a1a8ee925ab6795b68283e99b88cc.jpeg']"
Diamond ( Red ),22910,Jeff Koons,39(L)x32(A)x32(P)cm,2020 • Estados Unidos,"['https://www.singulart.com/images/artworks/v2/cutout/36507/main/zoom/1951029_a732fcaac9541680a5c7263b26445cec.png', 'https://www.singulart.com/images/artworks/v2/cropped/50010/alts/alt_1951029_ac6fb1a63106e16aba33099c13c7cac9.jpeg', 'https://www.singulart.com/images/artworks/v2/cropped/50010/alts/alt_1951029_1809a9d5e743d69c28b0d8d67153f2c2.jpeg', 'https://www.singulart.com/images/artworks/v2/cropped/50010/alts/alt_1951029_08692544e88ef4badc2c2bbd2b75b33c.jpeg', 'https://www.singulart.com/images/artworks/v2/cutout/36507/main/zoom/1951029_a732fcaac9541680a5c7263b26445cec.png']"
Dream state,45730,Simona Marziani,2400 x 4100 cm,"2018 • España • Óleo, Resina en Lienzo","['https://www.singulart.com/images/artworks/v2/cropped/23727/main/zoom/1337303_2bb851179f7ec3b95751f1b064f5d697.jpeg', 'https://www.singulart.com/images/artworks/v2/cropped/23727/alts/zoom/alt_1337303_944d9349cf35b3c4ea166a7081a75a48.jpeg', 'https://www.singulart.com/images/artworks/v2/cropped/23727/alts/zoom/alt_1337303_6fa8c2ebe0b76604a353fbf74583dc70.jpeg', 'https://www.singulart.com/images/artworks/v2/cropped/23727/alts/zoom/alt_1337303_d03d69035f6129a7ef95ffdaa031357b.jpeg', 'https://www.singulart.com/images/artworks/v2/cropped/23727/main/zoom/1337303_2bb851179f7ec3b95751f1b064f5d697.jpeg']"
Vespa con distributore rosso,8920,Francesco Capello,70 x 80 cm,2021 • Italia • Óleo en Lino,"['https://www.singulart.com/images/artworks/v2/cropped/5973/main/zoom/1101195_f39d85b42f232aeb7220f08b80a7b07e.jpeg', 'https://www.singulart.com/images/artworks/v2/cropped/5973/alts/zoom/alt_1101195_ce90da7056af4e3305b7310ded7fdabd.jpeg', 'https://www.singulart.com/images/artworks/v2/cropped/5973/alts/zoom/alt_1101195_158110e75d7c382937764e40eb14fe8d.jpeg', 'https://www.singulart.com/images/artworks/v2/cropped/5973/alts/zoom/alt_1101195_aacc5dd8a9b9e2d82fd849ec7da43412.jpeg', 'https://www.singulart.com/images/artworks/v2/cropped/5973/alts/zoom/alt_1101195_a8a65182918c2dd9e4998fccc38c5645.jpeg', 'https://www.singulart.com/images/artworks/v2/cropped/5973/alts/zoom/alt_1101195_2655016615ff4ee1085e0d3dec720d44.jpeg', 'https://www.singulart.com/images/artworks/v2/cropped/5973/alts/zoom/alt_1101195_2254f359750986b9cbd75cb1735aa4d4.jpeg', 'https://www.singulart.com/images/artworks/v2/cropped/5973/alts/zoom/alt_1101195_f33c71666f4ba3c1a6336e6353716a66.jpeg', 'https://www.singulart.com/images/artworks/v2/cropped/5973/alts/zoom/alt_1101195_0e4f64c78464561e9215439b421dd15b.jpeg', 'https://www.singulart.com/images/artworks/v2/cropped/5973/alts/zoom/alt_1101195_beddff34ed25a598ebe235c3a895c465.jpeg', 'https://www.singulart.com/images/artworks/v2/cropped/5973/main/zoom/1101195_f39d85b42f232aeb7220f08b80a7b07e.jpeg']"
Dramatische Landschaft,8450,Christoph Fischer,70 x 100 cm,"2024 • Alemania • Óleo, Tempera en Lienzo","['https://www.singulart.com/images/artworks/v2/cropped/52593/main/zoom/1962714_062c82574377ef209666875bd35d429f.jpeg', 'https://www.singulart.com/images/artworks/v2/cropped/52593/alts/zoom/alt_1962714_90089034e6add992a441a5c31d69084b.jpeg', 'https://www.singulart.com/images/artworks/v2/cropped/52593/alts/zoom/alt_1962714_ab42f0422339650a5d26c1465f73cab4.jpeg', 'https://www.singulart.com/images/artworks/v2/cropped/52593/alts/zoom/alt_1962714_cdb7c0faaeef98a7b4e6c527227ad2f6.jpeg', 'https://www.singulart.com/images/artworks/v2/cropped/52593/alts/zoom/alt_1962714_ff8683544903050132d8a13caee4e513.jpeg', 'https://www.singulart.com/images/artworks/v2/cropped/52593/alts/zoom/alt_1962714_23f4d639cf91bfea0e1cc0aaf145b7ab.jpeg', 'https://www.singulart.com/images/artworks/v2/cropped/52593/main/zoom/1962714_062c82574377ef209666875bd35d429f.jpeg']"
***My Name is BREXIT***,10050,Yuriy Kraft,63(L)x43(A)x40(P)cm,2021 • Alemania,"['https://www.singulart.com/images/artworks/v2/cutout/11377/main/zoom/1266409_14a4cc5dcb8709d8e7beac9d0b0c124f.png', 'https://www.singulart.com/images/artworks/v2/cropped/11377/alts/zoom/alt_1266409_0c80b4c55506cc1f383091b3fa9b2c58.jpeg', 'https://www.singulart.com/images/artworks/v2/cropped/11377/alts/zoom/alt_1266409_bdc46650b570b37d0d382d18b06c340e.jpeg', 'https://www.singulart.com/images/artworks/v2/cropped/11377/alts/zoom/alt_1266409_f5c21a6b18357553d53cb718cead5f26.jpeg', 'https://www.singulart.com/images/artworks/v2/cropped/11377/alts/zoom/alt_1266409_a8a07fcd88c3db5e1425c734fc227feb.jpeg', 'https://www.singulart.com/images/artworks/v2/cropped/11377/alts/zoom/alt_1266409_b46348dc532f6532c383d1a9e93ce26b.jpeg', 'https://www.singulart.com/images/artworks/v2/cropped/11377/alts/zoom/alt_1266409_715070f8a4554673037c8e3cdcf511fa.jpeg', 'https://www.singulart.com/images/artworks/v2/cropped/11377/alts/zoom/alt_1266409_5c560126fd4db78c0c02243d73561090.jpeg', 'https://www.singulart.com/images/artworks/v2/cropped/11377/alts/zoom/alt_1266409_d7070a217b92b8a7097424b4a571b6a5.jpeg', 'https://www.singulart.com/images/artworks/v2/cropped/11377/alts/zoom/alt_1266409_44c6a92127e3b229b0a194e79efa6532.jpeg', 'https://www.singulart.com/images/artworks/v2/cropped/11377/alts/zoom/alt_1266409_83bf2ea1dc936238049c6c0684494016.jpeg', 'https://www.singulart.com/images/artworks/v2/cropped/11377/alts/zoom/alt_1266409_96bf84199865efa7084877e2ee01f58c.jpeg', 'https://www.singulart.com/images/artworks/v2/cropped/11377/alts/zoom/alt_1266409_81f3720efa0caa6813079187ff5728c8.jpeg', 'https://www.singulart.com/images/artworks/v2/cropped/11377/alts/zoom/alt_1266409_0f8a790e145c0536e77dc1e6209e5f66.jpeg', 'https://www.singulart.com/images/artworks/v2/cropped/11377/alts/zoom/alt_1266409_fdfa32a2442a12f73c849ae171693220.jpeg', 'https://www.singulart.com/images/artworks/v2/cutout/11377/main/zoom/1266409_14a4cc5dcb8709d8e7beac9d0b0c124f.png']"
Observatory III (Campo Imperatore - Gran Sasso d'Italia),8390,Paolo Mori,60 x 70 cm,2024 • Italia • Óleo en Lino,"['https://www.singulart.com/images/artworks/v2/cropped/60534/main/zoom/2191557_ac70b713cc844f69f61b397c289ac0db.jpeg', 'https://www.singulart.com/images/artworks/v2/cropped/60534/main/zoom/2191557_ac70b713cc844f69f61b397c289ac0db.jpeg']"
Waterfall sprout,9420,Akil L. Zani,79 x 61 cm,2014 • Italia • Óleo en Madera,"['https://www.singulart.com/images/artworks/v2/cropped/37377/main/zoom/1934209_a323fe0af7424c7f7e24afecdc4fb46c.jpeg', 'https://www.singulart.com/images/artworks/v2/cropped/37377/alts/zoom/alt_1934209_96b442d328b922818eb9257c687bc73d.jpeg', 'https://www.singulart.com/images/artworks/v2/cropped/37377/main/zoom/1934209_a323fe0af7424c7f7e24afecdc4fb46c.jpeg']"
Die Vermutung des Ungewiss Bekannten,7770,Harry Zaft,90 x 70 cm,1998 • Alemania • Óleo en Lienzo,"['https://www.singulart.com/images/artworks/v2/cropped/66495/main/zoom/2234573_f8eb918d9820b93829cebbb1617d9a44.jpeg', 'https://www.singulart.com/images/artworks/v2/cropped/66495/alts/zoom/alt_2234573_867e44bab9c9c41cab8af268e2b65fd9.jpeg', 'https://www.singulart.com/images/artworks/v2/cropped/66495/main/zoom/2234573_f8eb918d9820b93829cebbb1617d9a44.jpeg']"
"""umbrella girl series"" RKT1",8730,Roger König,130 x 70 cm,2024 • Alemania • Acrílico en Lienzo,"['https://www.singulart.com/images/artworks/v2/cropped/2537/main/zoom/1914654_6573865ad37f1cd0bc8e82b5b39094df.jpeg', 'https://www.singulart.com/images/artworks/v2/cropped/2537/alts/zoom/alt_1914654_f609f30e69b5771d1f01a366d604f074.jpeg', 'https://www.singulart.com/images/artworks/v2/cropped/2537/alts/zoom/alt_1914654_3a0e93eca9e92dadbe2b5bdb3ee76d9d.jpeg', 'https://www.singulart.com/images/artworks/v2/cropped/2537/alts/zoom/alt_1914654_9bef8b2527f700bd1dec4d00ebd21ecd.jpeg', 'https://www.singulart.com/images/artworks/v2/cropped/2537/alts/zoom/alt_1914654_2c315abaf44ca9e30c75f19142667785.jpeg', 'https://www.singulart.com/images/artworks/v2/cropped/2537/alts/zoom/alt_1914654_eaff5e2068c755522832d0dfc62c5275.jpeg', 'https://www.singulart.com/images/artworks/v2/cropped/2537/main/zoom/1914654_6573865ad37f1cd0bc8e82b5b39094df.jpeg']"
SQUARES ultra blue into lavendel - Triptychon,9730,Ernestine Faux,150 x 50 cm,2012 • Austria • Acrílico en Lienzo,"['https://www.singulart.com/images/artworks/pictures/cropped/992/2120/zoom/serie_2120_e4d7ee222aacc5970d1a412a9a5593c3.jpeg', 'https://www.singulart.com/images/artworks/pictures/cropped/992/2120/zoom/serie_2120_e4d7ee222aacc5970d1a412a9a5593c3.jpeg']"
I only have eyes for you,9910,Bernard Simunovic,68 x 87 cm,2023 • Alemania • Acrílico en Lienzo,"['https://www.singulart.com/images/artworks/v2/cropped/1514/main/zoom/1843611_894f54fea64b2761994afc65e94fea3c.jpeg', 'https://www.singulart.com/images/artworks/v2/cropped/1514/alts/zoom/alt_1843611_26fa5635bc02fe818c7db9ae379e6553.jpeg', 'https://www.singulart.com/images/artworks/v2/cropped/1514/alts/zoom/alt_1843611_fa5a37217a13e7c8539bfe05a24a1f34.jpeg', 'https://www.singulart.com/images/artworks/v2/cropped/1514/alts/zoom/alt_1843611_6c557a37f0f77f91d14232523fc6cb1a.jpeg', 'https://www.singulart.com/images/artworks/v2/cropped/1514/alts/zoom/alt_1843611_9c505993863bef017d3d113344c5b3d6.jpeg', 'https://www.singulart.com/images/artworks/v2/cropped/1514/main/zoom/1843611_894f54fea64b2761994afc65e94fea3c.jpeg']"
Implosion V,7620,Wolfgang Eckert,36(L)x55(A)x33(P)cm,2020 • Alemania,"['https://www.singulart.com/images/artworks/v2/cutout/13139/main/zoom/803729_3f0d509de8fe8d480264cd0cc49ed290.png', 'https://www.singulart.com/images/artworks/v2/cropped/13139/alts/zoom/alt_803729_9f550c6f05e5cb18ac6fa08555697aab.jpeg', 'https://www.singulart.com/images/artworks/v2/cropped/13139/alts/zoom/alt_803729_f6693f75d11eb9c4ac1736190ce2101e.jpeg', 'https://www.singulart.com/images/artworks/v2/cropped/13139/alts/zoom/alt_803729_1e5a8d7bc31ed72e63c66817f4d47b32.jpeg', 'https://www.singulart.com/images/artworks/v2/cropped/13139/alts/zoom/alt_803729_63f9d19d0025faf31d510335375d31d9.jpeg', 'https://www.singulart.com/images/artworks/v2/cutout/13139/main/zoom/803729_3f0d509de8fe8d480264cd0cc49ed290.png']"
Arlecchino,13450,Alessio Luzzi,100(L)x76(A)x200(P)cm,2014 • Italia,"['https://www.singulart.com/images/artworks/v2/cutout/5105/main/zoom/1643492_ba5c1f05c337bced9eb2db7d2895ade3.png', 'https://www.singulart.com/images/artworks/v2/cropped/5105/alts/zoom/alt_1643492_e5421f26f98df0f622988eb4c9f0daec.jpeg', 'https://www.singulart.com/images/artworks/v2/cropped/5105/alts/zoom/alt_1643492_e2ae852bd62c0a30894b54f790b17f47.jpeg', 'https://www.singulart.com/images/artworks/v2/cropped/5105/alts/zoom/alt_1643492_d7676e2d7a6728ee120196994096b9d3.jpeg', 'https://www.singulart.com/images/artworks/v2/cropped/5105/alts/zoom/alt_1643492_6acf43c1c15c2b8ebe700e21f8cd9798.jpeg', 'https://www.singulart.com/images/artworks/v2/cropped/5105/alts/zoom/alt_1643492_19310c10966aa4531dd7e08b7a44a9de.png', 'https://www.singulart.com/images/artworks/v2/cropped/5105/alts/zoom/alt_1643492_21bdb8c5dd5a9c8b8d007253953103c3.png', 'https://www.singulart.com/images/artworks/v2/cropped/5105/alts/zoom/alt_1643492_134cea202f4f1849560a128db51e0f24.png', 'https://www.singulart.com/images/artworks/v2/cutout/5105/main/zoom/1643492_ba5c1f05c337bced9eb2db7d2895ade3.png']"
Un lieto fine per King Kong,9610,Daniele Nannini,50(L)x92(A)x45(P)cm,2020 • Italia,"['https://www.singulart.com/images/artworks/v2/cutout/34166/main/zoom/1894870_50a754cda2ca7a3008b9a598bab089c5.png', 'https://www.singulart.com/images/artworks/v2/cropped/34166/alts/zoom/alt_1894870_7930a12fb289d0e0c4fa29561c49a6f1.jpeg', 'https://www.singulart.com/images/artworks/v2/cropped/34166/alts/zoom/alt_1894870_4db5603f87e6d945ad700cf148ab7faf.jpeg', 'https://www.singulart.com/images/artworks/v2/cropped/34166/alts/zoom/alt_1894870_227d4ba07f3da76fbd47a9ac213f3e3d.jpeg', 'https://www.singulart.com/images/artworks/v2/cropped/34166/alts/zoom/alt_1894870_bfe2eda81701bd885b18cec66e9db007.jpeg', 'https://www.singulart.com/images/artworks/v2/cropped/34166/alts/zoom/alt_1894870_aa10dc07b1535e46f99201295f3587e3.jpeg', 'https://www.singulart.com/images/artworks/v2/cropped/34166/alts/zoom/alt_1894870_ed6c3073fc111c7581edf93af9812863.jpeg', 'https://www.singulart.com/images/artworks/v2/cropped/34166/alts/zoom/alt_1894870_318e43aa38db34c0b666a14672ddbd18.jpeg', 'https://www.singulart.com/images/artworks/v2/cropped/34166/alts/zoom/alt_1894870_e28f552e12f795df122213ac3ce37132.jpeg', 'https://www.singulart.com/images/artworks/v2/cutout/34166/main/zoom/1894870_50a754cda2ca7a3008b9a598bab089c5.png']"
Lithographie No 31,20240,Pierre Soulages,88 x 62 cm,1974 • Francia,"['https://www.singulart.com/images/artworks/v2/cropped/36534/main/zoom/2178672_27197928c5f50179983a72b28a27e7ff.jpeg', 'https://www.singulart.com/images/artworks/v2/cropped/36534/alts/zoom/alt_2178672_b707fe2ee16e991182c057b2b27d3eb4.jpeg', 'https://www.singulart.com/images/artworks/v2/cropped/36534/alts/zoom/alt_2178672_364ec8a900f15038f35bacaedd0f973b.jpeg', 'https://www.singulart.com/images/artworks/v2/cropped/36534/alts/zoom/alt_2178672_85ed905fa383c35fa61eadd46157e287.jpeg', 'https://www.singulart.com/images/artworks/v2/cropped/36534/alts/zoom/alt_2178672_5cda265eff5270fb8e633c774fbafc79.jpeg', 'https://www.singulart.com/images/artworks/v2/cropped/36534/main/zoom/2178672_27197928c5f50179983a72b28a27e7ff.jpeg']"
Chica en casa,9500,Sabina Bockemühl,100 x 80 cm,2021 • Alemania • Acrílico en Lienzo,"['https://www.singulart.com/images/artworks/v2/cropped/14543/main/zoom/1232525_a1beee51496776deb9d0a7dd69c469c6.jpeg', 'https://www.singulart.com/images/artworks/v2/cropped/14543/alts/zoom/alt_1232525_4e066e6efdc18d0f619b5fd7bb63496d.jpeg', 'https://www.singulart.com/images/artworks/v2/cropped/14543/alts/zoom/alt_1232525_739b1687fb10915b8da31d28139ffaf8.jpeg', 'https://www.singulart.com/images/artworks/v2/cropped/14543/alts/zoom/alt_1232525_62e899ddea7a15cee05ff6f510b3c15e.jpeg', 'https://www.singulart.com/images/artworks/v2/cropped/14543/alts/zoom/alt_1232525_003648fb01f6ce27a3ce584bc06750bc.jpeg', 'https://www.singulart.com/images/artworks/v2/cropped/14543/alts/zoom/alt_1232525_0f1613f7cafca6e49e865301cc0829f3.jpeg', 'https://www.singulart.com/images/artworks/v2/cropped/14543/alts/zoom/alt_1232525_c9a10a7cc9f45905003876ba215f8c6b.jpeg', 'https://www.singulart.com/images/artworks/v2/cropped/14543/alts/zoom/alt_1232525_f92e57c4f36084cafb3bc838d79387cb.jpeg', 'https://www.singulart.com/images/artworks/v2/cropped/14543/alts/zoom/alt_1232525_785bf8e295307c6534eb21bff27ef505.jpeg', 'https://www.singulart.com/images/artworks/v2/cropped/14543/alts/zoom/alt_1232525_95209743b6a2f27beadc171ec21f180e.jpeg', 'https://www.singulart.com/images/artworks/v2/cropped/14543/alts/zoom/alt_1232525_5626cfab530cccc514c0643f32550ad2.jpeg', 'https://www.singulart.com/images/artworks/v2/cropped/14543/alts/zoom/alt_1232525_6c8b1a5adc0cf99a01827a6746286b03.jpeg', 'https://www.singulart.com/images/artworks/v2/cropped/14543/main/zoom/1232525_a1beee51496776deb9d0a7dd69c469c6.jpeg']"
Eglantine,8470,Christine Barres,130 x 97 cm,"2023 • Francia • Acrílico, Pigmento en Lienzo","['https://www.singulart.com/images/artworks/v2/cropped/3635/main/zoom/1883124_ba9f3acc0484a0f207d11158dc27aa19.jpeg', 'https://www.singulart.com/images/artworks/v2/cropped/3635/main/zoom/1883124_ba9f3acc0484a0f207d11158dc27aa19.jpeg']"
Vaso de Girasoles,5390,Ionut Buruian,100 x 81 cm,N.D • Rumanía • Óleo en Lienzo,"['https://www.singulart.com/images/artworks/v2/cropped/66836/main/zoom/2237430_d1c654b04ae8bd41130358b7c3d80df0.jpeg', 'https://www.singulart.com/images/artworks/v2/cropped/66836/main/zoom/2237430_d1c654b04ae8bd41130358b7c3d80df0.jpeg']"
L'assassinat de Trotsky,25830,Francis Bacon,90 x 63 cm,"1987 • Reino Unido • Grabado en Plexiglás , Otro tipo de marco rígido under glass","['https://www.singulart.com/images/artworks/v2/cropped/49832/main/zoom/2013435_9dd8e5bffe451eb6e94b3745c682c246.jpeg', 'https://www.singulart.com/images/artworks/v2/cropped/49832/alts/alt_2013435_1eb87160638101718b833a63092777c5.jpeg', 'https://www.singulart.com/images/artworks/v2/cropped/49832/alts/alt_2013435_c1598f00752e2ba7b1c2529b829deca7.jpeg', 'https://www.singulart.com/images/artworks/v2/cropped/49832/main/zoom/2013435_9dd8e5bffe451eb6e94b3745c682c246.jpeg']"
I was the King of the Meadows,15630,Grégory Herpe,80 x 53 cm,2020 • Francia • Digital en Papel,"['https://www.singulart.com/images/artworks/v2/cropped/476/main/zoom/1240095_8e1c971dc9c510deb5f51b4f3ca3006d.jpeg', 'https://www.singulart.com/images/artworks/v2/cropped/476/alts/zoom/alt_1240095_2c732b540f2fdb1eed3f0b73d74ea661.jpeg', 'https://www.singulart.com/images/artworks/v2/cropped/476/alts/zoom/alt_1240095_b222f44f5871c8b195eb3319cc204a8e.jpeg', 'https://www.singulart.com/images/artworks/v2/cropped/476/alts/zoom/alt_1240095_a07dc12eb9d45c6c81228f2033ead649.jpeg', 'https://www.singulart.com/images/artworks/v2/cropped/476/alts/zoom/alt_1240095_2a58645b4e192e58f1f5c961e6af4382.jpeg', 'https://www.singulart.com/images/artworks/v2/cropped/476/main/zoom/1240095_8e1c971dc9c510deb5f51b4f3ca3006d.jpeg']"
Original of THE FUN FOR TWO from San Francisco ART FAIR 2024 Photograph,84270,Evgeny Maklakov,115 x 85 cm,"2024 • España • Análogo en Plexiglás , Madera","['https://www.singulart.com/images/artworks/v2/cropped/59302/main/zoom/2048888_b5c3f3b75c827db583e0cc7b00dd34b7.jpeg', 'https://www.singulart.com/images/artworks/v2/cropped/59302/alts/zoom/alt_2048888_f01c22dd952e903deac4bb906531da9e.jpeg', 'https://www.singulart.com/images/artworks/v2/cropped/59302/alts/zoom/alt_2048888_2ccad3f9a4c5f60ea8a66746ecfa79f7.jpeg', 'https://www.singulart.com/images/artworks/v2/cropped/59302/alts/zoom/alt_2048888_8568dcd5f7ebcc5fa430f0a44f3ff362.jpeg', 'https://www.singulart.com/images/artworks/v2/cropped/59302/alts/zoom/alt_2048888_3bb210170577e5e0ba0e5957d84cd061.jpeg', 'https://www.singulart.com/images/artworks/v2/cropped/59302/alts/zoom/alt_2048888_4a849cc69d446c97b32d9e6fa2c5a4da.jpeg', 'https://www.singulart.com/images/artworks/v2/cropped/59302/alts/zoom/alt_2048888_9404798f46e9b939f7ece37225f829cd.jpeg', 'https://www.singulart.com/images/artworks/v2/cropped/59302/alts/zoom/alt_2048888_d8afefc5a3f44fb375c2136d55a4376a.jpeg', 'https://www.singulart.com/images/artworks/v2/cropped/59302/main/zoom/2048888_b5c3f3b75c827db583e0cc7b00dd34b7.jpeg']"
Rose Garden,7520,Diana Malivani,60 x 120 cm,2024 • Chipre • Óleo en Lienzo,"['https://www.singulart.com/images/artworks/v2/cropped/7045/main/zoom/2185257_4b5888e7052e2c5efb350836c28122d6.jpeg', 'https://www.singulart.com/images/artworks/v2/cropped/7045/alts/zoom/alt_2185257_f3f7b6ae42e56532acd250680a0a1109.jpeg', 'https://www.singulart.com/images/artworks/v2/cropped/7045/alts/zoom/alt_2185257_29f9b0a542ad4a3c76cb4633cb096999.jpeg', 'https://www.singulart.com/images/artworks/v2/cropped/7045/alts/zoom/alt_2185257_7198ed48b5bf58c3479686e7b320b17d.jpeg', 'https://www.singulart.com/images/artworks/v2/cropped/7045/alts/zoom/alt_2185257_96e8b53339c0ff720fb4f0c5468de135.jpeg', 'https://www.singulart.com/images/artworks/v2/cropped/7045/alts/zoom/alt_2185257_b9747b30b5ade00cfab88a9ed938d3bb.jpeg', 'https://www.singulart.com/images/artworks/v2/cropped/7045/alts/zoom/alt_2185257_8aaaf87c2f25e7e4f4b5990d9474f946.jpeg', 'https://www.singulart.com/images/artworks/v2/cropped/7045/alts/zoom/alt_2185257_acda17df64de29fb53e76e47633b5a79.jpeg', 'https://www.singulart.com/images/artworks/v2/cropped/7045/alts/zoom/alt_2185257_2a5130db83cdbe95797e3ca6d25466cd.jpeg', 'https://www.singulart.com/images/artworks/v2/cropped/7045/alts/zoom/alt_2185257_d56391352dbe699ade6d1a275061864b.jpeg', 'https://www.singulart.com/images/artworks/v2/cropped/7045/alts/zoom/alt_2185257_e2c6781c6c4e3ddbefe2f3d387b469a3.jpeg', 'https://www.singulart.com/images/artworks/v2/cropped/7045/alts/zoom/alt_2185257_6f34a6f078af5c4a3fb34576b4063bf9.jpeg', 'https://www.singulart.com/images/artworks/v2/cropped/7045/alts/zoom/alt_2185257_6f2b987e7cd659ba07a205140a8c19ce.jpeg', 'https://www.singulart.com/images/artworks/v2/cropped/7045/alts/zoom/alt_2185257_01a72c8d947c311e716fa1f8760f535a.jpeg', 'https://www.singulart.com/images/artworks/v2/cropped/7045/alts/zoom/alt_2185257_5c8ca212292f92ea83d795247627bf7f.jpeg', 'https://www.singulart.com/images/artworks/v2/cropped/7045/alts/zoom/alt_2185257_53574fe838b8970d90a0b90cdbd2a4be.jpeg', 'https://www.singulart.com/images/artworks/v2/cropped/7045/alts/zoom/alt_2185257_7bb0e95d93c83924095800741c495940.jpeg', 'https://www.singulart.com/images/artworks/v2/cropped/7045/alts/zoom/alt_2185257_912d655d3f8e6f09aaea20ac845a62de.jpeg', 'https://www.singulart.com/images/artworks/v2/cropped/7045/alts/zoom/alt_2185257_cd191ff244a1f13104284bbbb33ed604.jpeg', 'https://www.singulart.com/images/artworks/v2/cropped/7045/alts/zoom/alt_2185257_491589595644f6ec1eab35e0a66be8b8.jpeg', 'https://www.singulart.com/images/artworks/v2/cropped/7045/alts/zoom/alt_2185257_1cfd3b49c990a83a4c27ac8da8d5af87.jpeg', 'https://www.singulart.com/images/artworks/v2/cropped/7045/alts/zoom/alt_2185257_ce5a771acd471b3908d1184377216410.jpeg', 'https://www.singulart.com/images/artworks/v2/cropped/7045/alts/zoom/alt_2185257_2480785254adeb15b08fd730810c5f60.jpeg', 'https://www.singulart.com/images/artworks/v2/cropped/7045/alts/zoom/alt_2185257_3e776ac2e729a08455463b3ea2b36e38.jpeg', 'https://www.singulart.com/images/artworks/v2/cropped/7045/alts/zoom/alt_2185257_e63b9624e484b7e135e8c9d152f9de55.jpeg', 'https://www.singulart.com/images/artworks/v2/cropped/7045/alts/zoom/alt_2185257_b5b42a8eec309cfb2ea42e8bcfb279a7.jpeg', 'https://www.singulart.com/images/artworks/v2/cropped/7045/alts/zoom/alt_2185257_533b288c5a3d72d8b8749e79881bd643.jpeg', 'https://www.singulart.com/images/artworks/v2/cropped/7045/alts/zoom/alt_2185257_3844c4864ec63bce7e1b650310c02c52.jpeg', 'https://www.singulart.com/images/artworks/v2/cropped/7045/alts/zoom/alt_2185257_4246f799fbb6a2bff6bc247e0f33d06c.jpeg', 'https://www.singulart.com/images/artworks/v2/cropped/7045/alts/zoom/alt_2185257_e2621e3e99bbaed861879300b147c554.jpeg', 'https://www.singulart.com/images/artworks/v2/cropped/7045/alts/zoom/alt_2185257_d3d725bf7cb2af05d13b7881a9c4f9a0.jpeg', 'https://www.singulart.com/images/artworks/v2/cropped/7045/main/zoom/2185257_4b5888e7052e2c5efb350836c28122d6.jpeg']"
Ostsee,9510,Petra Erengil,100 x 100 cm,2023 • Alemania • Óleo en Lienzo,"['https://www.singulart.com/images/artworks/v2/cropped/59293/main/zoom/2048045_ce03a1c593809dd8adc8e434db6783b2.jpeg', 'https://www.singulart.com/images/artworks/v2/cropped/59293/alts/zoom/alt_2048045_f6cf29263e2c8762f87f3816fe9b5855.jpeg', 'https://www.singulart.com/images/artworks/v2/cropped/59293/main/zoom/2048045_ce03a1c593809dd8adc8e434db6783b2.jpeg']"
Seven Phases (BTS),9420,James Jean,66 x 50 cm,2025 • China,"['https://www.singulart.com/images/artworks/v2/cropped/42822/main/zoom/2276384_a2b93bf8533a95474bfeda9978a3b632.jpeg', 'https://www.singulart.com/images/artworks/v2/cropped/42822/alts/zoom/alt_2276384_a8ff7fa8add04f05f9cb8add1fa91ed2.jpeg', 'https://www.singulart.com/images/artworks/v2/cropped/42822/alts/zoom/alt_2276384_fd90d5e7505cdfea2d4ba26291244e1c.jpeg', 'https://www.singulart.com/images/artworks/v2/cropped/42822/alts/zoom/alt_2276384_5ca5ba31b44400981a8d3d93ba5ce7f0.jpeg', 'https://www.singulart.com/images/artworks/v2/cropped/42822/alts/zoom/alt_2276384_60309c6ac95c9b401491021014166e83.jpeg', 'https://www.singulart.com/images/artworks/v2/cropped/42822/alts/zoom/alt_2276384_67553319a939c7fbb9f4cb3a79f8535e.jpeg', 'https://www.singulart.com/images/artworks/v2/cropped/42822/alts/zoom/alt_2276384_ca0a8ad3d73c883f4815eff293ce46ed.jpeg', 'https://www.singulart.com/images/artworks/v2/cropped/42822/alts/zoom/alt_2276384_8b2ba7eae3ef84b6c670743f65096132.jpeg', 'https://www.singulart.com/images/artworks/v2/cropped/42822/alts/zoom/alt_2276384_0f39dc9429d432cea11e6e752c0899e0.jpeg', 'https://www.singulart.com/images/artworks/v2/cropped/42822/main/zoom/2276384_a2b93bf8533a95474bfeda9978a3b632.jpeg']"
Paranoia,8470,Giovanni Giunta,120 x 100 cm,"2024 • Italia • Lápiz, Graffiti en Lienzo","['https://www.singulart.com/images/artworks/v2/cropped/62803/main/zoom/2131096_3daac75ed04c75759a3852afb7980627.jpeg', 'https://www.singulart.com/images/artworks/v2/cropped/62803/alts/zoom/alt_2131096_4631e205589aca87579c4d876ca5e9b7.jpeg', 'https://www.singulart.com/images/artworks/v2/cropped/62803/alts/zoom/alt_2131096_e63d991339cc01bc2b66bc707c008cde.jpeg', 'https://www.singulart.com/images/artworks/v2/cropped/62803/alts/zoom/alt_2131096_44a8115e757f942b4df86c0656b72753.jpeg', 'https://www.singulart.com/images/artworks/v2/cropped/62803/alts/zoom/alt_2131096_3c0c7990b79d79698d188c1ba9530819.jpeg', 'https://www.singulart.com/images/artworks/v2/cropped/62803/alts/zoom/alt_2131096_579f6cd80c1fc223407aa47d1c897d04.jpeg', 'https://www.singulart.com/images/artworks/v2/cropped/62803/alts/zoom/alt_2131096_1bb00da67d6c90bd1b9967f803242faa.jpeg', 'https://www.singulart.com/images/artworks/v2/cropped/62803/alts/zoom/alt_2131096_203f8198ee499580f0ab3b78fe920ec2.jpeg', 'https://www.singulart.com/images/artworks/v2/cropped/62803/main/zoom/2131096_3daac75ed04c75759a3852afb7980627.jpeg']"
Mitologie Bété. La legende de Goragnonkado le méchant,8200,Frédéric Bruly Bouabré,80 x 82 cm,"2008 • Côte d’Ivoire • Lápiz de color, Grafito en Cartón","['https://www.singulart.com/images/artworks/v2/cropped/65215/main/zoom/2233070_07a53e68e5088827cf76125d40bc5213.jpeg', 'https://www.singulart.com/images/artworks/v2/cropped/65215/alts/alt_2233070_e4d35dbbd410743e3d91b0486b7683c9.png', 'https://www.singulart.com/images/artworks/v2/cropped/65215/alts/alt_2233070_e9def9565be792d64bb7dc67056f2625.png', 'https://www.singulart.com/images/artworks/v2/cropped/65215/main/zoom/2233070_07a53e68e5088827cf76125d40bc5213.jpeg']"
El Éxtasis de Santa Teresa,9970,Leon Ferrero,39(L)x63(A)x24(P)cm,2023 • España,"['https://www.singulart.com/images/artworks/v2/cutout/59236/main/zoom/2036384_d856dfeba6f550108f24d212912dee8e.png', 'https://www.singulart.com/images/artworks/v2/cropped/59236/alts/zoom/alt_2036384_bcbfd55a84114a290364787ee293b99b.jpeg', 'https://www.singulart.com/images/artworks/v2/cropped/59236/alts/zoom/alt_2036384_eabed1f2d0e0006c378e21f6150b999d.jpeg', 'https://www.singulart.com/images/artworks/v2/cropped/59236/alts/zoom/alt_2036384_391189a4e3dd8b4d880d9b89f321c8f6.jpeg', 'https://www.singulart.com/images/artworks/v2/cropped/59236/alts/zoom/alt_2036384_74ffd71a2da18774b5d4a13d848750f6.jpeg', 'https://www.singulart.com/images/artworks/v2/cropped/59236/alts/zoom/alt_2036384_13cf0f44459b0900e80a3c403ea8a4ba.jpeg', 'https://www.singulart.com/images/artworks/v2/cropped/59236/alts/zoom/alt_2036384_83ca93d38fabd4082e3a2977f2e7f38d.jpeg', 'https://www.singulart.com/images/artworks/v2/cropped/59236/alts/zoom/alt_2036384_eabed1f2d0e0006c378e21f6150b999d.jpeg', 'https://www.singulart.com/images/artworks/v2/cropped/59236/alts/zoom/alt_2036384_bcbfd55a84114a290364787ee293b99b.jpeg', 'https://www.singulart.com/images/artworks/v2/cropped/59236/alts/zoom/alt_2036384_74ffd71a2da18774b5d4a13d848750f6.jpeg', 'https://www.singulart.com/images/artworks/v2/cropped/59236/alts/zoom/alt_2036384_391189a4e3dd8b4d880d9b89f321c8f6.jpeg', 'https://www.singulart.com/images/artworks/v2/cropped/59236/alts/zoom/alt_2036384_13cf0f44459b0900e80a3c403ea8a4ba.jpeg', 'https://www.singulart.com/images/artworks/v2/cutout/59236/main/zoom/2036384_d856dfeba6f550108f24d212912dee8e.png']"
Bis-corps-nus ré-assemblés,13260,Sof - Sophie Voigt-Chadeyron,180(L)x205(A)x60(P)cm,2020 • Alemania,"['https://www.singulart.com/images/artworks/v2/cutout/26981/main/zoom/1106797_3fada05d2e4cd725d6a2ef487558cb6c.png', 'https://www.singulart.com/images/artworks/v2/cropped/26981/alts/zoom/alt_1106797_5252b8cb31ad3cb5f820a760cef75372.jpeg', 'https://www.singulart.com/images/artworks/v2/cropped/26981/alts/zoom/alt_1106797_9f158c87427f71cebb0989d41c321fc0.jpeg', 'https://www.singulart.com/images/artworks/v2/cropped/26981/alts/zoom/alt_1106797_e47a288a7e34ac9cb73e71a315a2c9ee.jpeg', 'https://www.singulart.com/images/artworks/v2/cropped/26981/alts/zoom/alt_1106797_7e351a1977611ce472dce2ba8cad653f.jpeg', 'https://www.singulart.com/images/artworks/v2/cropped/26981/alts/zoom/alt_1106797_74df8057ac2fd179ed417d7aa2ccd125.jpeg', 'https://www.singulart.com/images/artworks/v2/cropped/26981/alts/zoom/alt_1106797_9ff38646ed55bb78c42a3da0b1639474.jpeg', 'https://www.singulart.com/images/artworks/v2/cropped/26981/alts/zoom/alt_1106797_cd6f6e00a959f8d35343b2eaeccadd4e.jpeg', 'https://www.singulart.com/images/artworks/v2/cropped/26981/alts/zoom/alt_1106797_9f158c87427f71cebb0989d41c321fc0.jpeg', 'https://www.singulart.com/images/artworks/v2/cutout/26981/main/zoom/1106797_3fada05d2e4cd725d6a2ef487558cb6c.png']"
A form driven from a rectangular solid (juventudes musicales portfolio),13820,Sol LeWitt,75 x 55 cm,"1992 • Estados Unidos • Litografía en Papel , Otro tipo de marco rígido under glass","['https://www.singulart.com/images/artworks/v2/cropped/49832/main/zoom/2058221_d603b8626fb9add88e6dc7602786d508.png', 'https://www.singulart.com/images/artworks/v2/cropped/49832/alts/alt_2058221_2836789b9405a60d14cd754dc8b3cfee.png', 'https://www.singulart.com/images/artworks/v2/cropped/49832/alts/alt_2058221_9c53af3b28433f794fa126247354406b.png', 'https://www.singulart.com/images/artworks/v2/cropped/49832/main/zoom/2058221_d603b8626fb9add88e6dc7602786d508.png']"
Symphony,7640,Stanton Schmid,102 x 76 cm,2024 • Estados Unidos • Acrílico en Lienzo,"['https://www.singulart.com/images/artworks/v2/cropped/69478/main/zoom/2310615_5ca18d415298398fe0975b62a674af21.jpeg', 'https://www.singulart.com/images/artworks/v2/cropped/69478/main/zoom/2310615_5ca18d415298398fe0975b62a674af21.jpeg']"
Gamble,7570,Robert Rauschenberg,103 x 70 cm,1968 • Estados Unidos,"['https://www.singulart.com/images/artworks/v2/cropped/36712/main/zoom/2206277_233415ec2e59840f91d989436c80a235.jpeg', 'https://www.singulart.com/images/artworks/v2/cropped/36712/alts/zoom/alt_2206277_9830fc6336e250bd89bebfcbae8e0d1e.jpeg', 'https://www.singulart.com/images/artworks/v2/cropped/36712/alts/zoom/alt_2206277_6c36ec44c6fd1aa99d66fdaba15a8a86.jpeg', 'https://www.singulart.com/images/artworks/v2/cropped/36712/main/zoom/2206277_233415ec2e59840f91d989436c80a235.jpeg']"
Alive,52430,Achezegag,50(L)x185(A)x80(P)cm,2009 • Francia,"['https://www.singulart.com/images/artworks/v2/cutout/25003/main/zoom/1055843_bf5ddb4b54279367288480c1405bbb13.png', 'https://www.singulart.com/images/artworks/v2/cropped/25003/alts/zoom/alt_1055843_fa3d61bf62f8e5b0b0504e097490af28.jpeg', 'https://www.singulart.com/images/artworks/v2/cropped/25003/alts/zoom/alt_1055843_f157326866530af3dde0cc7cd209da48.jpeg', 'https://www.singulart.com/images/artworks/v2/cropped/25003/alts/zoom/alt_1055843_a83694415b71824f1160acdfa1faf66c.jpeg', 'https://www.singulart.com/images/artworks/v2/cropped/25003/alts/zoom/alt_1055843_2184efd9b0b05c9990d19ec40120a28b.jpeg', 'https://www.singulart.com/images/artworks/v2/cropped/25003/alts/zoom/alt_1055843_7d0a90ba2eedb98457fb2144c97960d0.jpeg', 'https://www.singulart.com/images/artworks/v2/cropped/25003/alts/zoom/alt_1055843_24e776749a7c14a3ff131f3306576bb3.jpeg', 'https://www.singulart.com/images/artworks/v2/cropped/25003/alts/zoom/alt_1055843_b0ec5df4a775d5f4685db8a0a86481a5.jpeg', 'https://www.singulart.com/images/artworks/v2/cutout/25003/main/zoom/1055843_bf5ddb4b54279367288480c1405bbb13.png']"
El pueblo,20840,Eva Hidalgo,70 x 100 cm,2008 • España • Acrílico en Cartón,"['https://www.singulart.com/images/artworks/v2/cropped/20221/main/zoom/673299_63e6e52834360dca0a212cd5680735ee.jpeg', 'https://www.singulart.com/images/artworks/v2/cropped/20221/alts/zoom/alt_673299_4c6b679d037e755b568bed24849afb49.jpeg', 'https://www.singulart.com/images/artworks/v2/cropped/20221/main/zoom/673299_63e6e52834360dca0a212cd5680735ee.jpeg']"
N2,7900,Eka Peradze,103 x 72 cm,N.D • Georgia • Acrílico en Lienzo,"['https://www.singulart.com/images/artworks/pictures/cropped/3567/19393/zoom/serie_19393_122107aacb0f8a0ce990790a5606b22c.jpeg', 'https://www.singulart.com/images/artworks/pictures/cropped/3567/alts/zoom/alt_256303_bd2b158ba2edf9fb0566cbd862824fc6.jpeg', 'https://www.singulart.com/images/artworks/pictures/cropped/3567/alts/zoom/alt_256303_547f564978223f706806ee7ff945ccce.jpeg', 'https://www.singulart.com/images/artworks/pictures/cropped/3567/alts/zoom/alt_256303_f48e5c463c396b3a87e31bf588c8a99f.jpeg', 'https://www.singulart.com/images/artworks/pictures/cropped/3567/alts/zoom/alt_256303_c7914f9a87e7d49728b948e0d9514302.jpeg', 'https://www.singulart.com/images/artworks/pictures/cropped/3567/19393/zoom/serie_19393_122107aacb0f8a0ce990790a5606b22c.jpeg']"
Inspiration,8520,Ivan Stoyanov,35(L)x60(A)x15(P)cm,2010 • Bulgaria,"['https://www.singulart.com/images/artworks/v2/cutout/26827/main/zoom/1593953_95210e8d061c46e4ddaf1e4d060bffca.png', 'https://www.singulart.com/images/artworks/v2/cropped/26827/alts/zoom/alt_1593953_e600690d6fbadfede50fe7ac9200794c.jpeg', 'https://www.singulart.com/images/artworks/v2/cropped/26827/alts/zoom/alt_1593953_9166d8062d40fceda2aa9d88a9bd2960.jpeg', 'https://www.singulart.com/images/artworks/v2/cropped/26827/alts/zoom/alt_1593953_ef862968235940f83fcfd52d882df7c8.jpeg', 'https://www.singulart.com/images/artworks/v2/cropped/26827/alts/zoom/alt_1593953_b144c7ec7cfb93331ba789c39dda5acb.jpeg', 'https://www.singulart.com/images/artworks/v2/cropped/26827/alts/zoom/alt_1593953_a21866fdd0dd4488946abb12d6ace4b1.jpeg', 'https://www.singulart.com/images/artworks/v2/cutout/26827/main/zoom/1593953_95210e8d061c46e4ddaf1e4d060bffca.png']"
in my mind,7740,Michelle Kranz,60 x 140 cm,"2018 • Alemania • Acrílico, Tinta china en Lienzo","['https://www.singulart.com/images/artworks/pictures/cropped/8351/28307/zoom/serie_28307_41c0911c413496b4cc37c5a37296e4b0.jpeg', 'https://www.singulart.com/images/artworks/v2/cropped/8351/alts/zoom/alt_268305_693bbf4b8314d425483c9263b36d94e3.jpeg', 'https://www.singulart.com/images/artworks/v2/cropped/8351/alts/zoom/alt_268305_1c6d69f88fa6931e6c57f72f963ba00e.jpeg', 'https://www.singulart.com/images/artworks/v2/cropped/8351/alts/zoom/alt_268305_27d898ef691eb5fb763c1aad85911ee4.jpeg', 'https://www.singulart.com/images/artworks/v2/cropped/8351/alts/zoom/alt_268305_320ceaced8052062989eb954bd724f92.jpeg', 'https://www.singulart.com/images/artworks/v2/cropped/8351/alts/zoom/alt_268305_7c83b618fee9aaec376add216e7cd291.jpeg', 'https://www.singulart.com/images/artworks/v2/cropped/8351/alts/zoom/alt_268305_7cf1773b5d8ea1e998925beb8df9f523.jpeg', 'https://www.singulart.com/images/artworks/v2/cropped/8351/alts/zoom/alt_268305_ee18b23f8b0bca132076d17dd0382e6c.jpeg', 'https://www.singulart.com/images/artworks/v2/cropped/8351/alts/zoom/alt_268305_ce6a8b8e804696839ddf3386785fe5ba.jpeg', 'https://www.singulart.com/images/artworks/v2/cropped/8351/alts/zoom/alt_268305_4a3efc49553681714fdf55032097d802.jpeg', 'https://www.singulart.com/images/artworks/v2/cropped/8351/alts/zoom/alt_268305_0619f99055178cc8c466e1c6c2c40bb3.jpeg', 'https://www.singulart.com/images/artworks/v2/cropped/8351/alts/zoom/alt_268305_8302511cc47e590548be5f373f2ca22f.jpeg', 'https://www.singulart.com/images/artworks/v2/cropped/8351/alts/zoom/alt_268305_daf44e3d8be295402c237db12d43cfa0.jpeg', 'https://www.singulart.com/images/artworks/v2/cropped/8351/alts/zoom/alt_268305_e85e6cce0918fd1490e0a94b010cc0b7.jpeg', 'https://www.singulart.com/images/artworks/v2/cropped/8351/alts/zoom/alt_268305_705f08ade194d069a49bffae9684270d.jpeg', 'https://www.singulart.com/images/artworks/v2/cropped/8351/alts/zoom/alt_268305_947e1205d2b366f91ce83291fa149e00.jpeg', 'https://www.singulart.com/images/artworks/v2/cropped/8351/alts/zoom/alt_268305_3c2dfdf25a9a104e495e2b1beb896a34.jpeg', 'https://www.singulart.com/images/artworks/v2/cropped/8351/alts/zoom/alt_268305_ce2ca7dac1f9f5b5bffea3fc8c660d3d.jpeg', 'https://www.singulart.com/images/artworks/v2/cropped/8351/alts/zoom/alt_268305_03d98d3abb46bdcfe340ef4a6f0bdaba.jpeg', 'https://www.singulart.com/images/artworks/v2/cropped/8351/alts/zoom/alt_268305_dfff1746d556897dfa8b0de9750de499.jpeg', 'https://www.singulart.com/images/artworks/v2/cropped/8351/alts/zoom/alt_268305_6ac476a977d5d5dbf5d43f8f74fc9772.jpeg', 'https://www.singulart.com/images/artworks/v2/cropped/8351/alts/zoom/alt_268305_8810b6b224ec364a98f0f7f1f683f90c.jpeg', 'https://www.singulart.com/images/artworks/v2/cropped/8351/alts/zoom/alt_268305_ba1699fe4711b7820e049ea1dae9c441.jpeg', 'https://www.singulart.com/images/artworks/v2/cropped/8351/alts/zoom/alt_268305_932fa278b68ebb7192aee9d69fbb17cd.jpeg', 'https://www.singulart.com/images/artworks/v2/cropped/8351/alts/zoom/alt_268305_57ac74916b4bd4491b3390886bbd858d.jpeg', 'https://www.singulart.com/images/artworks/v2/cropped/8351/alts/zoom/alt_268305_32244d9d1bfb3847859a6cebb7f9d7fb.jpeg', 'https://www.singulart.com/images/artworks/v2/cropped/8351/alts/zoom/alt_268305_4a687b379d93cb12e621ebbd3fd3ad62.jpeg', 'https://www.singulart.com/images/artworks/v2/cropped/8351/alts/zoom/alt_268305_cd95df337ec8b9af802d8350b1edf43f.jpeg', 'https://www.singulart.com/images/artworks/v2/cropped/8351/alts/zoom/alt_268305_bda90fb95a92b04cce4b892300f9c1cd.jpeg', 'https://www.singulart.com/images/artworks/v2/cropped/8351/alts/zoom/alt_268305_a7cc1294f0160efee718d8322753412f.jpeg', 'https://www.singulart.com/images/artworks/pictures/cropped/8351/28307/zoom/serie_28307_41c0911c413496b4cc37c5a37296e4b0.jpeg']"
Eye contact,8300,Anna Dart,38 x 28 cm,2020 • Suiza • Acuarela en Papel,"['https://www.singulart.com/images/artworks/v2/cropped/26389/main/zoom/1856716_eb89c8187110a11151632fcea48c2ef8.jpeg', 'https://www.singulart.com/images/artworks/v2/cropped/26389/alts/zoom/alt_1856716_7f6f9fd0b162c338b8a01a1946dc1591.jpeg', 'https://www.singulart.com/images/artworks/v2/cropped/26389/alts/zoom/alt_1856716_0bd8ba0fc2a6cf77f6274f54a37c8b87.jpeg', 'https://www.singulart.com/images/artworks/v2/cropped/26389/alts/zoom/alt_1856716_555a1730a28e6fe848e4dda95e57ca6d.jpeg', 'https://www.singulart.com/images/artworks/v2/cropped/26389/alts/zoom/alt_1856716_bb808b975f45970a3c984bbfa1595ce7.jpeg', 'https://www.singulart.com/images/artworks/v2/cropped/26389/alts/zoom/alt_1856716_2c3668fa1a6700ebe60551e01a056f9a.jpeg', 'https://www.singulart.com/images/artworks/v2/cropped/26389/alts/zoom/alt_1856716_ad887ec9b3e1262c48fdf27cc37d8cb0.jpeg', 'https://www.singulart.com/images/artworks/v2/cropped/26389/alts/zoom/alt_1856716_d39f538110aa6eb84f4d5d2b40c6690c.jpeg', 'https://www.singulart.com/images/artworks/v2/cropped/26389/alts/zoom/alt_1856716_fb6136aa1fb458627f4af477bda94822.jpeg', 'https://www.singulart.com/images/artworks/v2/cropped/26389/main/zoom/1856716_eb89c8187110a11151632fcea48c2ef8.jpeg']"
Horizon,9510,Dietmar Brixy,100 x 100 cm,"2019 • Alemania • Óleo, Algodón en Lienzo","['https://www.singulart.com/images/artworks/v2/cropped/33860/main/zoom/1897086_7031ccabc99b5ed9e194268c3d9d353f.jpeg', 'https://www.singulart.com/images/artworks/v2/cropped/33860/alts/zoom/alt_1897086_bdaaa0507560d481eb5328ce2a8610fa.jpeg', 'https://www.singulart.com/images/artworks/v2/cropped/33860/alts/zoom/alt_1897086_6c802589c2a1dbb4488baafed51e9388.jpeg', 'https://www.singulart.com/images/artworks/v2/cropped/33860/alts/zoom/alt_1897086_6b1f17ae48f1bc3d40b8d527dfdf22b9.jpeg', 'https://www.singulart.com/images/artworks/v2/cropped/33860/alts/zoom/alt_1897086_7031ccabc99b5ed9e194268c3d9d353f.jpeg', 'https://www.singulart.com/images/artworks/v2/cropped/33860/main/zoom/1897086_7031ccabc99b5ed9e194268c3d9d353f.jpeg']"
KINOKABAN Ocean Colors,14220,Yuuki Kamei,22(L)x23(A)x9(P)cm,2022 • Japón,"['https://www.singulart.com/images/artworks/v2/cutout/68724/main/zoom/2304543_7c8568c2c52d9ac81cc4b34fbfa62112.png', 'https://www.singulart.com/images/artworks/v2/cropped/68724/alts/zoom/alt_2304543_02e536eb84d14d4d366f01fd1df54856.jpeg', 'https://www.singulart.com/images/artworks/v2/cropped/68724/alts/zoom/alt_2304543_b3d29a2f9b5c5381cb99b8c1b155c1cd.jpeg', 'https://www.singulart.com/images/artworks/v2/cropped/68724/alts/zoom/alt_2304543_085a5c151351a7138c56f912047b343e.jpeg', 'https://www.singulart.com/images/artworks/v2/cropped/68724/alts/zoom/alt_2304543_397d59e791242dbb750bb2ae39c645d0.jpeg', 'https://www.singulart.com/images/artworks/v2/cropped/68724/alts/zoom/alt_2304543_9f8f4735a3f1e0d158ec50dc65e9aa7f.jpeg', 'https://www.singulart.com/images/artworks/v2/cropped/68724/alts/zoom/alt_2304543_467e7181864042d90ab95f179c5cbff4.jpeg', 'https://www.singulart.com/images/artworks/v2/cropped/68724/alts/zoom/alt_2304543_826ab0e1cdb13e227241aa39b9f11fb4.jpeg', 'https://www.singulart.com/images/artworks/v2/cropped/68724/alts/zoom/alt_2304543_0a72c02cdd3a604b92cf7799c3af05d0.jpeg', 'https://www.singulart.com/images/artworks/v2/cutout/68724/main/zoom/2304543_7c8568c2c52d9ac81cc4b34fbfa62112.png']"
Coquelicots en tapisserie - Peinture au couteau,7950,Gyslaine Pachet Micheneau,80 x 160 cm,2021 • Francia • Óleo en Lienzo,"['https://www.singulart.com/images/artworks/v2/cropped/24415/main/zoom/1108679_2973376c424f5ba3681b43b5072db3b9.jpeg', 'https://www.singulart.com/images/artworks/v2/cropped/24415/alts/zoom/alt_1108679_5c326a522eaaf04848735fc61d8ad5e4.jpeg', 'https://www.singulart.com/images/artworks/v2/cropped/24415/alts/zoom/alt_1108679_3c55d4590a64cac5b40cd1d10f73bd15.jpeg', 'https://www.singulart.com/images/artworks/v2/cropped/24415/alts/zoom/alt_1108679_1cc9f474d8b256d2a3e9e1a1dc84c34a.jpeg', 'https://www.singulart.com/images/artworks/v2/cropped/24415/alts/zoom/alt_1108679_6d8208436b27f6ac236aadec876d1b18.jpeg', 'https://www.singulart.com/images/artworks/v2/cropped/24415/alts/zoom/alt_1108679_9f8f5d798c1ef59c8e9856f0f177b686.jpeg', 'https://www.singulart.com/images/artworks/v2/cropped/24415/main/zoom/1108679_2973376c424f5ba3681b43b5072db3b9.jpeg']"
"""Winter""",7510,Besik Arbolishvili,55 x 121 cm,2023 • Georgia • Óleo en Lienzo,"['https://www.singulart.com/images/artworks/v2/cropped/6079/main/zoom/2302860_e7947f905126ab2aac138241bbaa234a.png', 'https://www.singulart.com/images/artworks/v2/cropped/6079/alts/zoom/alt_2302860_3f911a29160b7e94a78158354d59304d.jpeg', 'https://www.singulart.com/images/artworks/v2/cropped/6079/alts/zoom/alt_2302860_3ea649501a4884fd9f5ea546692f6222.jpeg', 'https://www.singulart.com/images/artworks/v2/cropped/6079/alts/zoom/alt_2302860_28611a2e37cee9dbcab46e22f54f5101.jpeg', 'https://www.singulart.com/images/artworks/v2/cropped/6079/alts/zoom/alt_2302860_168474524b59adb163626d07e2b97abf.jpeg', 'https://www.singulart.com/images/artworks/v2/cropped/6079/alts/zoom/alt_2302860_6aa7450d6d7385a9753e5fc2349fdd75.jpeg', 'https://www.singulart.com/images/artworks/v2/cropped/6079/main/zoom/2302860_e7947f905126ab2aac138241bbaa234a.png']"
In my garden,9670,Emily Starck,200 x 230 cm,"2023 • Francia • Acrílico, Pastel al óleo en Lienzo","['https://www.singulart.com/images/artworks/v2/cropped/14821/main/zoom/1852416_0ed01b0531cc062f55b11b93ad5ca439.jpeg', 'https://www.singulart.com/images/artworks/v2/cropped/14821/alts/zoom/alt_1852416_18ab5248d2ac9436ccacfb9eed8fdb13.jpeg', 'https://www.singulart.com/images/artworks/v2/cropped/14821/alts/zoom/alt_1852416_9ed3372809a92591bcb6dd3168599e10.jpeg', 'https://www.singulart.com/images/artworks/v2/cropped/14821/alts/zoom/alt_1852416_e3756e6a992701fd24d55253a96e8972.jpeg', 'https://www.singulart.com/images/artworks/v2/cropped/14821/alts/zoom/alt_1852416_152b3a7a95f0d434e369417abae40e47.jpeg', 'https://www.singulart.com/images/artworks/v2/cropped/14821/alts/zoom/alt_1852416_f33bbbf18e989499afe368ad9a647fde.jpeg', 'https://www.singulart.com/images/artworks/v2/cropped/14821/alts/zoom/alt_1852416_460c0f4f4ba8952f688bc8e548b7edff.jpeg', 'https://www.singulart.com/images/artworks/v2/cropped/14821/alts/zoom/alt_1852416_4e33f48a1683bb65f927b8628a1f4218.jpeg', 'https://www.singulart.com/images/artworks/v2/cropped/14821/alts/zoom/alt_1852416_11854360e04a3292f33187758a1f0de4.jpeg', 'https://www.singulart.com/images/artworks/v2/cropped/14821/alts/zoom/alt_1852416_9f62a40530b18de4a33d99d97c6b031b.jpeg', 'https://www.singulart.com/images/artworks/v2/cropped/14821/alts/zoom/alt_1852416_6c49e5b6d1a6808545f498e93a71d248.jpeg', 'https://www.singulart.com/images/artworks/v2/cropped/14821/alts/zoom/alt_1852416_0b942f7095f4b9496b5621aec92f63de.jpeg', 'https://www.singulart.com/images/artworks/v2/cropped/14821/alts/zoom/alt_1852416_51c757eaee5fa8da4377782098370830.jpeg', 'https://www.singulart.com/images/artworks/v2/cropped/14821/alts/zoom/alt_1852416_df5036f0722896001889ddb0d9a22a34.jpeg', 'https://www.singulart.com/images/artworks/v2/cropped/14821/alts/zoom/alt_1852416_07ad4001ef9f281406d1e92f564b35c3.jpeg', 'https://www.singulart.com/images/artworks/v2/cropped/14821/alts/zoom/alt_1852416_704fbf29a563e3919d1c0dbf3d1e5346.jpeg', 'https://www.singulart.com/images/artworks/v2/cropped/14821/alts/zoom/alt_1852416_454221b957ac413454e1f28dca2f49a8.jpeg', 'https://www.singulart.com/images/artworks/v2/cropped/14821/alts/zoom/alt_1852416_dcafbf217999f94ae1fecd2327b243e5.jpeg', 'https://www.singulart.com/images/artworks/v2/cropped/14821/alts/zoom/alt_1852416_c9d5eb2d85d3a238dcd57f8cd684f628.jpeg', 'https://www.singulart.com/images/artworks/v2/cropped/14821/alts/zoom/alt_1852416_0274674320784e05957813a60bb5453d.jpeg', 'https://www.singulart.com/images/artworks/v2/cropped/14821/alts/zoom/alt_1852416_98c93538be9a8b3d4f41266006adafaf.jpeg', 'https://www.singulart.com/images/artworks/v2/cropped/14821/main/zoom/1852416_0ed01b0531cc062f55b11b93ad5ca439.jpeg']"
Sarajevo 1984 Winter Olympics,9960,Cy Twombly,93 x 68 cm,1984 • Estados Unidos,"['https://www.singulart.com/images/artworks/v2/cropped/36586/main/zoom/2212239_4c7aa3ef82e8d793b6237b3663aa3f02.jpeg', 'https://www.singulart.com/images/artworks/v2/cropped/36586/main/zoom/2212239_4c7aa3ef82e8d793b6237b3663aa3f02.jpeg']"
Dreaming Boy,7660,Anne Brenner,146 x 114 cm,2013 • Francia • Óleo en Lino,"['https://www.singulart.com/images/artworks/v2/cropped/16605/main/zoom/945929_fdf917c32947516f2b73525f6a9a6981.jpeg', 'https://www.singulart.com/images/artworks/v2/cropped/16605/alts/zoom/alt_945929_866a44077c41e877bc8f06a7a331cfd7.jpeg', 'https://www.singulart.com/images/artworks/v2/cropped/16605/alts/zoom/alt_945929_37463b4de54f36465ea1d4cef253ae33.jpeg', 'https://www.singulart.com/images/artworks/v2/cropped/16605/alts/zoom/alt_945929_aef1fe86a01a8e18925ba57f7b31f0e4.jpeg', 'https://www.singulart.com/images/artworks/v2/cropped/16605/alts/zoom/alt_945929_35233dd8c9e247f6c9b6aeaa5ad2fb35.jpeg', 'https://www.singulart.com/images/artworks/v2/cropped/16605/alts/zoom/alt_945929_f5d0253ed1cc0521630499d962dee6db.jpeg', 'https://www.singulart.com/images/artworks/v2/cropped/16605/alts/zoom/alt_945929_ea82d05e6f41b0b0efd4ef9de7de7b65.jpeg', 'https://www.singulart.com/images/artworks/v2/cropped/16605/alts/zoom/alt_945929_a166a04186c2ea4094b23be6ac394dea.jpeg', 'https://www.singulart.com/images/artworks/v2/cropped/16605/alts/zoom/alt_945929_d1095e7d6485504f1176b9bf907a4a83.jpeg', 'https://www.singulart.com/images/artworks/v2/cropped/16605/alts/zoom/alt_945929_9297cfd5c8cece75a87c705bdb4758b8.jpeg', 'https://www.singulart.com/images/artworks/v2/cropped/16605/alts/zoom/alt_945929_6158c16be40c6d65f21be52ab1a0e0e0.jpeg', 'https://www.singulart.com/images/artworks/v2/cropped/16605/alts/zoom/alt_945929_81e626540a5eddced865097297885962.jpeg', 'https://www.singulart.com/images/artworks/v2/cropped/16605/main/zoom/945929_fdf917c32947516f2b73525f6a9a6981.jpeg']"
Big Bonsai Lemon Tree,7800,Angie Brooksby-Arcangioli,150 x 150 cm,"2024 • Francia • Acrílico, Acuarela en Lienzo","['https://www.singulart.com/images/artworks/v2/cropped/4027/main/zoom/1913121_0bde0765881b3cda463705a48eae1362.jpeg', 'https://www.singulart.com/images/artworks/v2/cropped/4027/alts/zoom/alt_1913121_876f4345204fe0193750c90cdd769f0e.jpeg', 'https://www.singulart.com/images/artworks/v2/cropped/4027/alts/zoom/alt_1913121_c5f5e44a625f83249fb5bdfcf55e1c75.jpeg', 'https://www.singulart.com/images/artworks/v2/cropped/4027/alts/zoom/alt_1913121_b4693e0259025bb24ae3af4118c1d1e1.jpeg', 'https://www.singulart.com/images/artworks/v2/cropped/4027/alts/zoom/alt_1913121_f442c7b9ce70d9020bb35c3e91435ffb.jpeg', 'https://www.singulart.com/images/artworks/v2/cropped/4027/alts/zoom/alt_1913121_7f141fbaee6fb9b3f896eb0bdd02878c.jpeg', 'https://www.singulart.com/images/artworks/v2/cropped/4027/alts/zoom/alt_1913121_9865c1e49057d2c9673ba59aa3138d85.jpeg', 'https://www.singulart.com/images/artworks/v2/cropped/4027/alts/zoom/alt_1913121_ea825a21d3f3a0c41475589d29df9923.jpeg', 'https://www.singulart.com/images/artworks/v2/cropped/4027/alts/zoom/alt_1913121_aa0254eb1c4f58f1f361332573594ee0.jpeg', 'https://www.singulart.com/images/artworks/v2/cropped/4027/alts/zoom/alt_1913121_3902ea11b09a2411f7055fcf10507f7c.jpeg', 'https://www.singulart.com/images/artworks/v2/cropped/4027/alts/zoom/alt_1913121_091eb61ef9a3bbf5a09b33e40637b2d3.jpeg', 'https://www.singulart.com/images/artworks/v2/cropped/4027/alts/zoom/alt_1913121_6d6f188c44efc402ce4ba6e215f49011.jpeg', 'https://www.singulart.com/images/artworks/v2/cropped/4027/alts/zoom/alt_1913121_4f9904faa37238da3770af2a79ca592b.jpeg', 'https://www.singulart.com/images/artworks/v2/cropped/4027/alts/zoom/alt_1913121_c95907a8e52e0630aaba5571cb8b6f73.jpeg', 'https://www.singulart.com/images/artworks/v2/cropped/4027/alts/zoom/alt_1913121_d35dae4b7aad31dca92c291da0ac34f7.jpeg', 'https://www.singulart.com/images/artworks/v2/cropped/4027/alts/zoom/alt_1913121_39814efa2e070900bbde1bff065b1f5a.jpeg', 'https://www.singulart.com/images/artworks/v2/cropped/4027/alts/zoom/alt_1913121_55206a2195cdf0007d3a5d85dd955b09.jpeg', 'https://www.singulart.com/images/artworks/v2/cropped/4027/alts/zoom/alt_1913121_be362d9ad240772163abdfb73d39c24e.jpeg', 'https://www.singulart.com/images/artworks/v2/cropped/4027/alts/zoom/alt_1913121_bd40b4c3bb74a0a916986a4be84764e8.jpeg', 'https://www.singulart.com/images/artworks/v2/cropped/4027/alts/zoom/alt_1913121_8156e061359a5586a858123e38238ae6.jpeg', 'https://www.singulart.com/images/artworks/v2/cropped/4027/alts/zoom/alt_1913121_2668bed95ab512758b98062aae031780.jpeg', 'https://www.singulart.com/images/artworks/v2/cropped/4027/alts/zoom/alt_1913121_b1a714f35615bf1e886322fe26f164fc.jpeg', 'https://www.singulart.com/images/artworks/v2/cropped/4027/alts/zoom/alt_1913121_9e7d14e3b5e78c35c3c3a76ef76f4127.jpeg', 'https://www.singulart.com/images/artworks/v2/cropped/4027/alts/zoom/alt_1913121_42537107dcd3fcd62b592a0377b5dee7.jpeg', 'https://www.singulart.com/images/artworks/v2/cropped/4027/alts/zoom/alt_1913121_6f0a5677339af0bdf3d0d556deee481b.jpeg', 'https://www.singulart.com/images/artworks/v2/cropped/4027/alts/zoom/alt_1913121_2be77426bf1cfb05b5940b7c5ccf0dbb.jpeg', 'https://www.singulart.com/images/artworks/v2/cropped/4027/alts/zoom/alt_1913121_ec57d1266b8e9c0ab994f49046da1149.jpeg', 'https://www.singulart.com/images/artworks/v2/cropped/4027/alts/zoom/alt_1913121_1a78c36f798cab192bd38c43103a8ad4.jpeg', 'https://www.singulart.com/images/artworks/v2/cropped/4027/alts/zoom/alt_1913121_f4cdef0d1a2a64c474ff23d83d563c2a.jpeg', 'https://www.singulart.com/images/artworks/v2/cropped/4027/alts/zoom/alt_1913121_7e8475d8e2f726193f21820c9e325436.jpeg', 'https://www.singulart.com/images/artworks/v2/cropped/4027/alts/zoom/alt_1913121_cd487c87528d368b0b26dab40da0eeb1.jpeg', 'https://www.singulart.com/images/artworks/v2/cropped/4027/alts/zoom/alt_1913121_109e821711ee840e501cdab3aab3a39c.jpeg', 'https://www.singulart.com/images/artworks/v2/cropped/4027/alts/zoom/alt_1913121_85ee568eb251d57b2a9978cf0cd378d3.jpeg', 'https://www.singulart.com/images/artworks/v2/cropped/4027/alts/zoom/alt_1913121_84f8cecfd9a679e959e1eb68e9d14390.jpeg', 'https://www.singulart.com/images/artworks/v2/cropped/4027/alts/zoom/alt_1913121_be3cf98404784b60027f861fbb51f5a4.jpeg', 'https://www.singulart.com/images/artworks/v2/cropped/4027/alts/zoom/alt_1913121_708a522dfc0f8cc09eb7768edcabd66b.jpeg', 'https://www.singulart.com/images/artworks/v2/cropped/4027/alts/zoom/alt_1913121_380b4a33407d24ebb75e2462e4749b74.jpeg', 'https://www.singulart.com/images/artworks/v2/cropped/4027/alts/zoom/alt_1913121_36288f6fcf711442027d4f9c84b5975a.jpeg', 'https://www.singulart.com/images/artworks/v2/cropped/4027/alts/zoom/alt_1913121_9ab0bf5a7ba5a5e264c3475854e55b09.jpeg', 'https://www.singulart.com/images/artworks/v2/cropped/4027/main/zoom/1913121_0bde0765881b3cda463705a48eae1362.jpeg']"
Sommerloch,8870,Carola E. Thiele,50 x 140 cm,2017 • Alemania • Óleo en Lienzo,"['https://www.singulart.com/images/artworks/pictures/cropped/2235/5095/zoom/serie_5095_98408f6c67d36e13a0b0791125ea2fa6.jpeg', 'https://www.singulart.com/images/artworks/v2/cropped/2235/alts/zoom/alt_39235_24e619282f94d21d9ae94eaa3b33f905.jpeg', 'https://www.singulart.com/images/artworks/v2/cropped/2235/alts/zoom/alt_39235_a7eabbb4704c5e32e9fb79fc6073845a.jpeg', 'https://www.singulart.com/images/artworks/pictures/cropped/2235/5095/zoom/serie_5095_98408f6c67d36e13a0b0791125ea2fa6.jpeg']"
ALBERI NELLA NEVE,9500,Piero Casarin,90 x 131 cm,2009 • Italia • Acrílico en Madera,"['https://www.singulart.com/images/artworks/v2/cropped/17149/main/zoom/889701_208ec73fd198aeec0d92325bb99a684b.jpeg', 'https://www.singulart.com/images/artworks/v2/cropped/17149/alts/zoom/alt_889701_f0919dcd28654d7a19656b45abe9f242.jpeg', 'https://www.singulart.com/images/artworks/v2/cropped/17149/alts/zoom/alt_889701_5b41070bb3f50e31677a6dcf64bf05fc.jpeg', 'https://www.singulart.com/images/artworks/v2/cropped/17149/alts/zoom/alt_889701_a4e0ad4c231ad5a7ea45d3c7eb4034ef.jpeg', 'https://www.singulart.com/images/artworks/v2/cropped/17149/alts/zoom/alt_889701_7f451000ad310421af9f9bcfa400ea9e.jpeg', 'https://www.singulart.com/images/artworks/v2/cropped/17149/alts/zoom/alt_889701_1c40702cdead5cbdaf2291366a4942c3.jpeg', 'https://www.singulart.com/images/artworks/v2/cropped/17149/main/zoom/889701_208ec73fd198aeec0d92325bb99a684b.jpeg']"
The Native Americans In The Shadows,9050,Vincent Bardou,130 x 195 cm,"2025 • Francia • Acrílico, Óleo en Lienzo","['https://www.singulart.com/images/artworks/v2/cropped/86/main/zoom/2294727_453bfbc1e37be0b2688fd85f6accb36f.jpeg', 'https://www.singulart.com/images/artworks/v2/cropped/86/alts/zoom/alt_2294727_9cda21ba419d5ff7c1af865ce7aaa1e8.jpeg', 'https://www.singulart.com/images/artworks/v2/cropped/86/alts/zoom/alt_2294727_7835c4e9444efa0c48268c17ec279c68.jpeg', 'https://www.singulart.com/images/artworks/v2/cropped/86/alts/zoom/alt_2294727_971cc0981dc8d370de224aa0f34c6d07.jpeg', 'https://www.singulart.com/images/artworks/v2/cropped/86/alts/zoom/alt_2294727_844796310dad41e6b8fbff0c6e7839ad.jpeg', 'https://www.singulart.com/images/artworks/v2/cropped/86/alts/zoom/alt_2294727_1887ddd6005ba4dfd618de78b0a50120.jpeg', 'https://www.singulart.com/images/artworks/v2/cropped/86/alts/zoom/alt_2294727_704e80cb0279bac0e36c3462bb4d12b2.jpeg', 'https://www.singulart.com/images/artworks/v2/cropped/86/alts/zoom/alt_2294727_a60653e7352f928264c5b99c0f0b3485.jpeg', 'https://www.singulart.com/images/artworks/v2/cropped/86/alts/zoom/alt_2294727_cf97964de0a8d0ecd2be325b95391adc.jpeg', 'https://www.singulart.com/images/artworks/v2/cropped/86/alts/zoom/alt_2294727_3a17902b61924965193940dfa156fd97.jpeg', 'https://www.singulart.com/images/artworks/v2/cropped/86/alts/zoom/alt_2294727_b04b6aaee21d58d80c15ef136ca2f8cc.jpeg', 'https://www.singulart.com/images/artworks/v2/cropped/86/alts/zoom/alt_2294727_87be6f2630c222522876bf0cf368c677.jpeg', 'https://www.singulart.com/images/artworks/v2/cropped/86/alts/zoom/alt_2294727_a853890f4bf10e1cd015531881980462.jpeg', 'https://www.singulart.com/images/artworks/v2/cropped/86/alts/zoom/alt_2294727_9b809f885dcb0f01d588378c5e6f91fa.jpeg', 'https://www.singulart.com/images/artworks/v2/cropped/86/alts/zoom/alt_2294727_2b277a3a7812f99da9864eabdbc3c149.jpeg', 'https://www.singulart.com/images/artworks/v2/cropped/86/alts/zoom/alt_2294727_7abfe0ce4d5c7db0dbd40035bc1b3fc1.jpeg', 'https://www.singulart.com/images/artworks/v2/cropped/86/alts/zoom/alt_2294727_ae1bc3fe85fd8868dca60abced034571.jpeg', 'https://www.singulart.com/images/artworks/v2/cropped/86/alts/zoom/alt_2294727_cfbdf1d2dc71cc7d4e0ee77cc84fa14d.jpeg', 'https://www.singulart.com/images/artworks/v2/cropped/86/alts/zoom/alt_2294727_2ef597d51a8c40e0b110518445cdbc04.jpeg', 'https://www.singulart.com/images/artworks/v2/cropped/86/alts/zoom/alt_2294727_31b646313ead6567d205cfb585266dcc.jpeg', 'https://www.singulart.com/images/artworks/v2/cropped/86/alts/zoom/alt_2294727_58576099a7ddaa2f4dcbe57f40fd77ba.jpeg', 'https://www.singulart.com/images/artworks/v2/cropped/86/alts/zoom/alt_2294727_8917406d819f0ecd5225c67c55d43dfe.jpeg', 'https://www.singulart.com/images/artworks/v2/cropped/86/alts/zoom/alt_2294727_4f24cad98129608449803594254a518e.jpeg', 'https://www.singulart.com/images/artworks/v2/cropped/86/alts/zoom/alt_2294727_ed5db5c4d5557dad891e1af031509b8c.jpeg', 'https://www.singulart.com/images/artworks/v2/cropped/86/alts/zoom/alt_2294727_b93b4681df5120396a8f9464bdb9630f.jpeg', 'https://www.singulart.com/images/artworks/v2/cropped/86/main/zoom/2294727_453bfbc1e37be0b2688fd85f6accb36f.jpeg']"
Good day Pompeius-III,8580,Stanislav Bojankov,95 x 90 cm,2002 • Bulgaria • Acrílico en Lienzo,"['https://www.singulart.com/images/artworks/v2/cropped/2149/main/zoom/2261436_c47fab99416b993f0b79260ea3e829f3.jpeg', 'https://www.singulart.com/images/artworks/v2/cropped/2149/main/zoom/2261436_c47fab99416b993f0b79260ea3e829f3.jpeg']"
New Dimension,8560,Jeremi Ca,100 x 300 cm,2017 • Francia • Acrílico en Lienzo,"['https://www.singulart.com/images/artworks/v2/cropped/60009/main/zoom/2185715_a96aa620469d4ca5f3e945cfb58517ec.jpeg', 'https://www.singulart.com/images/artworks/v2/cropped/60009/alts/zoom/alt_2185715_0a40f1bb442daaa4126bed6524a868ad.jpeg', 'https://www.singulart.com/images/artworks/v2/cropped/60009/alts/zoom/alt_2185715_d83ec976252e4e7d2a79bc91394bfd6e.jpeg', 'https://www.singulart.com/images/artworks/v2/cropped/60009/alts/zoom/alt_2185715_be501348639b5ca431b4e3df6e891915.jpeg', 'https://www.singulart.com/images/artworks/v2/cropped/60009/alts/zoom/alt_2185715_60f7de3eeccdf92a9bd66a1e2b7d8f92.jpeg', 'https://www.singulart.com/images/artworks/v2/cropped/60009/alts/zoom/alt_2185715_1416fba64e6bb50fcfe44de72d208385.jpeg', 'https://www.singulart.com/images/artworks/v2/cropped/60009/alts/zoom/alt_2185715_a03a4477761ec30274764b7c7415f533.jpeg', 'https://www.singulart.com/images/artworks/v2/cropped/60009/alts/zoom/alt_2185715_bb0cbdecb30b3af09790a3b0f2718f67.jpeg', 'https://www.singulart.com/images/artworks/v2/cropped/60009/alts/zoom/alt_2185715_c7ec10120c0d24bfa63016d033deeca8.jpeg', 'https://www.singulart.com/images/artworks/v2/cropped/60009/alts/zoom/alt_2185715_453a21a2b9c4be41173c3fa94e3cd407.jpeg', 'https://www.singulart.com/images/artworks/v2/cropped/60009/alts/zoom/alt_2185715_26b58571d30b52630055f7b459eaa07a.jpeg', 'https://www.singulart.com/images/artworks/v2/cropped/60009/main/zoom/2185715_a96aa620469d4ca5f3e945cfb58517ec.jpeg']"
Wrapped Barcelona fontain,15540,Christo and Jeanne-Claude,56 x 71 cm,2009 • Estados Unidos • Litografía en Cartón,"['https://www.singulart.com/images/artworks/v2/cropped/49832/main/zoom/1962033_bb0976e3b373fa2d557450b67dc7ff5b.jpeg', 'https://www.singulart.com/images/artworks/v2/cropped/49832/main/zoom/1962033_bb0976e3b373fa2d557450b67dc7ff5b.jpeg']"
ANDROMEDA GALAXY,9190,Viktor Sheleg,90 x 90 cm,2023 • Letonia • Óleo en Lienzo,"['https://www.singulart.com/images/artworks/v2/cropped/4651/main/zoom/1828339_f53eb8d2aeb2c40cecfafcc368aac6a2.jpeg', 'https://www.singulart.com/images/artworks/v2/cropped/4651/alts/zoom/alt_1828339_2f153868d9218fe3ff53c9a6b69ac813.jpeg', 'https://www.singulart.com/images/artworks/v2/cropped/4651/alts/zoom/alt_1828339_b2ef1e33e65ab18d749484b3b19b39eb.jpeg', 'https://www.singulart.com/images/artworks/v2/cropped/4651/alts/zoom/alt_1828339_880be59434c0067420c7e08f9d10a699.jpeg', 'https://www.singulart.com/images/artworks/v2/cropped/4651/alts/zoom/alt_1828339_5161fea52a664ac61c5e110e3dac91ce.jpeg', 'https://www.singulart.com/images/artworks/v2/cropped/4651/main/zoom/1828339_f53eb8d2aeb2c40cecfafcc368aac6a2.jpeg']"
Initial,8420,Catherine Ludeau,150 x 150 cm,2019 • Francia • Resina en Lino,"['https://www.singulart.com/images/artworks/v2/cropped/867/main/zoom/1149797_e2e71f643950777ec29f2bfa3c7d112b.jpeg', 'https://www.singulart.com/images/artworks/v2/cropped/867/main/zoom/1149797_e2e71f643950777ec29f2bfa3c7d112b.jpeg']"
Mais où est Danaé ?,8460,Cécile Guth,130 x 97 cm,"2023 • Francia • Acrílico, Óleo en Lino","['https://www.singulart.com/images/artworks/v2/cropped/2339/main/zoom/2176168_426b573cb811d60902cc5d29785fdaae.jpeg', 'https://www.singulart.com/images/artworks/v2/cropped/2339/main/zoom/2176168_426b573cb811d60902cc5d29785fdaae.jpeg']"
Help for those who can't keep their opinions to themselves,10490,Zenita Komad-Katz,55 x 46 cm,"2024 • Austria • Collage, Dorados en Madera , Madera under glass","['https://www.singulart.com/images/artworks/v2/cropped/69163/main/zoom/2304088_40146d0ea75e91454afd2b00676d3d12.jpeg', 'https://www.singulart.com/images/artworks/v2/cropped/69163/main/zoom/2304088_40146d0ea75e91454afd2b00676d3d12.jpeg']"
ÉlectricStreet,7500,Muriel Deumié,130 x 195 cm,2024 • Francia • Pintura en spray en Lienzo,"['https://www.singulart.com/images/artworks/v2/cropped/21767/main/zoom/2029049_7c40a2a2c32a732ef2b4e2e2dc5d0ac6.jpeg', 'https://www.singulart.com/images/artworks/v2/cropped/21767/alts/zoom/alt_2029049_3825d09681c2865e864196a9dfa5856c.jpeg', 'https://www.singulart.com/images/artworks/v2/cropped/21767/alts/zoom/alt_2029049_2869d4e997da3394540d4e1fbbe1cbc1.jpeg', 'https://www.singulart.com/images/artworks/v2/cropped/21767/alts/zoom/alt_2029049_ab7839bc1a54736e2304169b29625812.jpeg', 'https://www.singulart.com/images/artworks/v2/cropped/21767/alts/zoom/alt_2029049_19eb31e5d11a88ee9deb338eab231ab5.jpeg', 'https://www.singulart.com/images/artworks/v2/cropped/21767/alts/zoom/alt_2029049_8511171bc92f1d13f16c873e9cb76778.jpeg', 'https://www.singulart.com/images/artworks/v2/cropped/21767/alts/zoom/alt_2029049_0310f48bd25761b52a9631b8cf4e4320.jpeg', 'https://www.singulart.com/images/artworks/v2/cropped/21767/alts/zoom/alt_2029049_383001311d2db81b1f7645d40dfaa202.jpeg', 'https://www.singulart.com/images/artworks/v2/cropped/21767/alts/zoom/alt_2029049_10c282fa75c6621d92f8b176bd6e62c4.jpeg', 'https://www.singulart.com/images/artworks/v2/cropped/21767/alts/zoom/alt_2029049_9cde0804bee8f2707ef859e8bdee6020.jpeg', 'https://www.singulart.com/images/artworks/v2/cropped/21767/main/zoom/2029049_7c40a2a2c32a732ef2b4e2e2dc5d0ac6.jpeg']"
"Dreaming of Notre-Dame de Paris, in December",9940,Len Vernaghi,60 x 50 cm,"2021 • Italia • Acrílico, Collage en Lienzo , Otro tipo de marco rígido","['https://www.singulart.com/images/artworks/v2/cropped/59371/main/zoom/2038914_ff0e1fd4c0f5049148d4cbcdc248e257.jpeg', 'https://www.singulart.com/images/artworks/v2/cropped/59371/alts/zoom/alt_2038914_ebdeab0f944d4d32f613c7c7a332c906.jpeg', 'https://www.singulart.com/images/artworks/v2/cropped/59371/main/zoom/2038914_ff0e1fd4c0f5049148d4cbcdc248e257.jpeg']"
FLEURS XXX.IV,7780,Jean Lérin,140 x 140 cm,2025 • Francia • Acrílico en Lino,"['https://www.singulart.com/images/artworks/v2/cropped/11285/main/zoom/2308858_8c5295ccef11d30577c14464ede0aabb.jpeg', 'https://www.singulart.com/images/artworks/v2/cropped/11285/alts/zoom/alt_2308858_043478dc34dbb5afe7ef01650aadffa8.jpeg', 'https://www.singulart.com/images/artworks/v2/cropped/11285/alts/zoom/alt_2308858_822c4bd1dc31cf5a9081105b7d9dfd9a.jpeg', 'https://www.singulart.com/images/artworks/v2/cropped/11285/alts/zoom/alt_2308858_20c2f40865b08be9a8e88c786a004717.jpeg', 'https://www.singulart.com/images/artworks/v2/cropped/11285/alts/zoom/alt_2308858_cb899453ad26e9a8d7fdb538d320528e.jpeg', 'https://www.singulart.com/images/artworks/v2/cropped/11285/alts/zoom/alt_2308858_96889f409b94fade20a02ca20e870065.jpeg', 'https://www.singulart.com/images/artworks/v2/cropped/11285/main/zoom/2308858_8c5295ccef11d30577c14464ede0aabb.jpeg']"
