Header,Price,Exterior Color,Transmission,Restoration,Model,Brand,Engine Condition,Year,Imgs
1965 Chevrolet Nova,"$85,000",blue /orange pearl,Automatic,,Nova,Chevrolet, - Running,1965,"['https://photos.classiccars.com/cc-temp/listing/187/5653/49532906-1965-chevrolet-nova-thumb.jpg', 'https://photos.classiccars.com/cc-temp/listing/187/5653/48018137-1965-chevrolet-chevy-ii-thumb.jpg', 'https://photos.classiccars.com/cc-temp/listing/187/5653/48018099-1965-chevrolet-chevy-ii-thumb.jpg', 'https://photos.classiccars.com/cc-temp/listing/187/5653/48018138-1965-chevrolet-chevy-ii-thumb.jpg', 'https://photos.classiccars.com/cc-temp/listing/187/5653/48018143-1965-chevrolet-chevy-ii-thumb.jpg', 'https://photos.classiccars.com/cc-temp/listing/187/5653/48018145-1965-chevrolet-chevy-ii-thumb.jpg', 'https://photos.classiccars.com/cc-temp/listing/187/5653/48018146-1965-chevrolet-chevy-ii-thumb.jpg', 'https://photos.classiccars.com/cc-temp/listing/187/5653/48018114-1965-chevrolet-chevy-ii-thumb.jpg', 'https://photos.classiccars.com/cc-temp/listing/187/5653/48018173-1965-chevrolet-chevy-ii-thumb.jpg', 'https://photos.classiccars.com/cc-temp/listing/187/5653/48018132-1965-chevrolet-chevy-ii-thumb.jpg', 'https://photos.classiccars.com/cc-temp/listing/187/5653/49598752-1965-chevrolet-nova-thumb.jpg', 'https://photos.classiccars.com/cc-temp/listing/187/5653/51410117-1965-chevrolet-nova-thumb.jpg', 'https://photos.classiccars.com/cc-temp/listing/187/5653/51430973-1965-chevrolet-nova-thumb.jpg', 'https://photos.classiccars.com/cc-temp/listing/187/5653/51639188-1965-chevrolet-nova-thumb.jpg', 'https://photos.classiccars.com/cc-temp/listing/187/5653/51639191-1965-chevrolet-nova-thumb.jpg']"
1978 Toyota Land Cruiser FJ40,"$57,500 (OBO)",GREY,Manual,,Land Cruiser FJ40,Toyota, - ,1978,"['https://photos.classiccars.com/cc-temp/listing/193/4610/51552789-1978-toyota-land-cruiser-fj40-thumb.jpg', 'https://photos.classiccars.com/cc-temp/listing/193/4610/51552901-1978-toyota-land-cruiser-fj40-thumb.jpg', 'https://photos.classiccars.com/cc-temp/listing/193/4610/51552802-1978-toyota-land-cruiser-fj40-thumb.jpg', 'https://photos.classiccars.com/cc-temp/listing/193/4610/51552778-1978-toyota-land-cruiser-fj40-thumb.jpg', 'https://photos.classiccars.com/cc-temp/listing/193/4610/51552781-1978-toyota-land-cruiser-fj40-thumb.jpg', 'https://photos.classiccars.com/cc-temp/listing/193/4610/51552798-1978-toyota-land-cruiser-fj40-thumb.jpg', 'https://photos.classiccars.com/cc-temp/listing/193/4610/51552797-1978-toyota-land-cruiser-fj40-thumb.jpg', 'https://photos.classiccars.com/cc-temp/listing/193/4610/51552842-1978-toyota-land-cruiser-fj40-thumb.jpg', 'https://photos.classiccars.com/cc-temp/listing/193/4610/51552788-1978-toyota-land-cruiser-fj40-thumb.jpg', 'https://photos.classiccars.com/cc-temp/listing/193/4610/51552787-1978-toyota-land-cruiser-fj40-thumb.jpg', 'https://photos.classiccars.com/cc-temp/listing/193/4610/51552786-1978-toyota-land-cruiser-fj40-thumb.jpg', 'https://photos.classiccars.com/cc-temp/listing/193/4610/51552792-1978-toyota-land-cruiser-fj40-thumb.jpg', 'https://photos.classiccars.com/cc-temp/listing/193/4610/51552794-1978-toyota-land-cruiser-fj40-thumb.jpg', 'https://photos.classiccars.com/cc-temp/listing/193/4610/51552800-1978-toyota-land-cruiser-fj40-thumb.jpg', 'https://photos.classiccars.com/cc-temp/listing/193/4610/51552808-1978-toyota-land-cruiser-fj40-thumb.jpg', 'https://photos.classiccars.com/cc-temp/listing/193/4610/51552811-1978-toyota-land-cruiser-fj40-thumb.jpg', 'https://photos.classiccars.com/cc-temp/listing/193/4610/51552825-1978-toyota-land-cruiser-fj40-thumb.jpg', 'https://photos.classiccars.com/cc-temp/listing/193/4610/51552828-1978-toyota-land-cruiser-fj40-thumb.jpg', 'https://photos.classiccars.com/cc-temp/listing/193/4610/51552832-1978-toyota-land-cruiser-fj40-thumb.jpg', 'https://photos.classiccars.com/cc-temp/listing/193/4610/51552835-1978-toyota-land-cruiser-fj40-thumb.jpg', 'https://photos.classiccars.com/cc-temp/listing/193/4610/51552836-1978-toyota-land-cruiser-fj40-thumb.jpg', 'https://photos.classiccars.com/cc-temp/listing/193/4610/51552837-1978-toyota-land-cruiser-fj40-thumb.jpg', 'https://photos.classiccars.com/cc-temp/listing/193/4610/51552838-1978-toyota-land-cruiser-fj40-thumb.jpg', 'https://photos.classiccars.com/cc-temp/listing/193/4610/51552843-1978-toyota-land-cruiser-fj40-thumb.jpg', 'https://photos.classiccars.com/cc-temp/listing/193/4610/51552844-1978-toyota-land-cruiser-fj40-thumb.jpg', 'https://photos.classiccars.com/cc-temp/listing/193/4610/51552846-1978-toyota-land-cruiser-fj40-thumb.jpg', 'https://photos.classiccars.com/cc-temp/listing/193/4610/51552848-1978-toyota-land-cruiser-fj40-thumb.jpg', 'https://photos.classiccars.com/cc-temp/listing/193/4610/51552849-1978-toyota-land-cruiser-fj40-thumb.jpg', 'https://photos.classiccars.com/cc-temp/listing/193/4610/51552850-1978-toyota-land-cruiser-fj40-thumb.jpg', 'https://photos.classiccars.com/cc-temp/listing/193/4610/51552852-1978-toyota-land-cruiser-fj40-thumb.jpg', 'https://photos.classiccars.com/cc-temp/listing/193/4610/51552858-1978-toyota-land-cruiser-fj40-thumb.jpg', 'https://photos.classiccars.com/cc-temp/listing/193/4610/51552859-1978-toyota-land-cruiser-fj40-thumb.jpg', 'https://photos.classiccars.com/cc-temp/listing/193/4610/51552860-1978-toyota-land-cruiser-fj40-thumb.jpg', 'https://photos.classiccars.com/cc-temp/listing/193/4610/51552857-1978-toyota-land-cruiser-fj40-thumb.jpg', 'https://photos.classiccars.com/cc-temp/listing/193/4610/51552866-1978-toyota-land-cruiser-fj40-thumb.jpg', 'https://photos.classiccars.com/cc-temp/listing/193/4610/51552870-1978-toyota-land-cruiser-fj40-thumb.jpg', 'https://photos.classiccars.com/cc-temp/listing/193/4610/51552855-1978-toyota-land-cruiser-fj40-thumb.jpg', 'https://photos.classiccars.com/cc-temp/listing/193/4610/51552862-1978-toyota-land-cruiser-fj40-thumb.jpg', 'https://photos.classiccars.com/cc-temp/listing/193/4610/51552864-1978-toyota-land-cruiser-fj40-thumb.jpg', 'https://photos.classiccars.com/cc-temp/listing/193/4610/51552869-1978-toyota-land-cruiser-fj40-thumb.jpg', 'https://photos.classiccars.com/cc-temp/listing/193/4610/51552873-1978-toyota-land-cruiser-fj40-thumb.jpg', 'https://photos.classiccars.com/cc-temp/listing/193/4610/51552874-1978-toyota-land-cruiser-fj40-thumb.jpg', 'https://photos.classiccars.com/cc-temp/listing/193/4610/51552875-1978-toyota-land-cruiser-fj40-thumb.jpg', 'https://photos.classiccars.com/cc-temp/listing/193/4610/51552826-1978-toyota-land-cruiser-fj40-thumb.jpg', 'https://photos.classiccars.com/cc-temp/listing/193/4610/51552899-1978-toyota-land-cruiser-fj40-thumb.jpg', 'https://photos.classiccars.com/cc-temp/listing/193/4610/51552902-1978-toyota-land-cruiser-fj40-thumb.jpg', 'https://photos.classiccars.com/cc-temp/listing/193/4610/51552903-1978-toyota-land-cruiser-fj40-thumb.jpg', 'https://photos.classiccars.com/cc-temp/listing/193/4610/51552906-1978-toyota-land-cruiser-fj40-thumb.jpg', 'https://photos.classiccars.com/cc-temp/listing/193/4610/51552928-1978-toyota-land-cruiser-fj40-thumb.jpg', 'https://photos.classiccars.com/cc-temp/listing/193/4610/51552929-1978-toyota-land-cruiser-fj40-thumb.jpg', 'https://photos.classiccars.com/cc-temp/listing/193/4610/51552930-1978-toyota-land-cruiser-fj40-thumb.jpg', 'https://photos.classiccars.com/cc-temp/listing/193/4610/51552941-1978-toyota-land-cruiser-fj40-thumb.jpg', 'https://photos.classiccars.com/cc-temp/listing/193/4610/51552954-1978-toyota-land-cruiser-fj40-thumb.jpg', 'https://photos.classiccars.com/cc-temp/listing/193/4610/51552920-1978-toyota-land-cruiser-fj40-thumb.jpg', 'https://photos.classiccars.com/cc-temp/listing/193/4610/51552921-1978-toyota-land-cruiser-fj40-thumb.jpg', 'https://photos.classiccars.com/cc-temp/listing/193/4610/51552944-1978-toyota-land-cruiser-fj40-thumb.jpg', 'https://photos.classiccars.com/cc-temp/listing/193/4610/51552933-1978-toyota-land-cruiser-fj40-thumb.jpg', 'https://photos.classiccars.com/cc-temp/listing/193/4610/51552935-1978-toyota-land-cruiser-fj40-thumb.jpg', 'https://photos.classiccars.com/cc-temp/listing/193/4610/51552936-1978-toyota-land-cruiser-fj40-thumb.jpg', 'https://photos.classiccars.com/cc-temp/listing/193/4610/51552948-1978-toyota-land-cruiser-fj40-thumb.jpg', 'https://photos.classiccars.com/cc-temp/listing/193/4610/51552918-1978-toyota-land-cruiser-fj40-thumb.jpg', 'https://photos.classiccars.com/cc-temp/listing/193/4610/51552919-1978-toyota-land-cruiser-fj40-thumb.jpg', 'https://photos.classiccars.com/cc-temp/listing/193/4610/51552924-1978-toyota-land-cruiser-fj40-thumb.jpg', 'https://photos.classiccars.com/cc-temp/listing/193/4610/51552925-1978-toyota-land-cruiser-fj40-thumb.jpg', 'https://photos.classiccars.com/cc-temp/listing/193/4610/51552927-1978-toyota-land-cruiser-fj40-thumb.jpg', 'https://photos.classiccars.com/cc-temp/listing/193/4610/51552990-1978-toyota-land-cruiser-fj40-thumb.jpg', 'https://photos.classiccars.com/cc-temp/listing/193/4610/51552991-1978-toyota-land-cruiser-fj40-thumb.jpg', 'https://photos.classiccars.com/cc-temp/listing/193/4610/51552992-1978-toyota-land-cruiser-fj40-thumb.jpg', 'https://photos.classiccars.com/cc-temp/listing/193/4610/51552993-1978-toyota-land-cruiser-fj40-thumb.jpg', 'https://photos.classiccars.com/cc-temp/listing/193/4610/51552994-1978-toyota-land-cruiser-fj40-thumb.jpg', 'https://photos.classiccars.com/cc-temp/listing/193/4610/51552814-1978-toyota-land-cruiser-fj40-thumb.jpg', 'https://photos.classiccars.com/cc-temp/listing/193/4610/51552815-1978-toyota-land-cruiser-fj40-thumb.jpg', 'https://photos.classiccars.com/cc-temp/listing/193/4610/51552810-1978-toyota-land-cruiser-fj40-thumb.jpg', 'https://photos.classiccars.com/cc-temp/listing/193/4610/51552812-1978-toyota-land-cruiser-fj40-thumb.jpg', 'https://photos.classiccars.com/cc-temp/listing/193/4610/51552817-1978-toyota-land-cruiser-fj40-thumb.jpg', 'https://photos.classiccars.com/cc-temp/listing/193/4610/51552816-1978-toyota-land-cruiser-fj40-thumb.jpg', 'https://photos.classiccars.com/cc-temp/listing/193/4610/51552820-1978-toyota-land-cruiser-fj40-thumb.jpg', 'https://photos.classiccars.com/cc-temp/listing/193/4610/51552822-1978-toyota-land-cruiser-fj40-thumb.jpg', 'https://photos.classiccars.com/cc-temp/listing/193/4610/51552821-1978-toyota-land-cruiser-fj40-thumb.jpg', 'https://photos.classiccars.com/cc-temp/listing/193/4610/51552823-1978-toyota-land-cruiser-fj40-thumb.jpg']"
2015 Chevrolet Camaro Z28,"$72,500 (OBO)",White,Manual,Unrestored,Camaro Z28,Chevrolet,Rebuilt - Running,2015,"['https://photos.classiccars.com/cc-temp/listing/186/8283/47576116-2015-chevrolet-camaro-z28-thumb.jpg', 'https://photos.classiccars.com/cc-temp/listing/186/8283/47576127-2015-chevrolet-camaro-z28-thumb.jpg', 'https://photos.classiccars.com/cc-temp/listing/186/8283/47576128-2015-chevrolet-camaro-z28-thumb.jpg', 'https://photos.classiccars.com/cc-temp/listing/186/8283/47576129-2015-chevrolet-camaro-z28-thumb.jpg', 'https://photos.classiccars.com/cc-temp/listing/186/8283/47576130-2015-chevrolet-camaro-z28-thumb.jpg', 'https://photos.classiccars.com/cc-temp/listing/186/8283/47576131-2015-chevrolet-camaro-z28-thumb.jpg', 'https://photos.classiccars.com/cc-temp/listing/186/8283/47576132-2015-chevrolet-camaro-z28-thumb.jpg', 'https://photos.classiccars.com/cc-temp/listing/186/8283/47576133-2015-chevrolet-camaro-z28-thumb.jpg', 'https://photos.classiccars.com/cc-temp/listing/186/8283/47576134-2015-chevrolet-camaro-z28-thumb.jpg', 'https://photos.classiccars.com/cc-temp/listing/186/8283/47576135-2015-chevrolet-camaro-z28-thumb.jpg', 'https://photos.classiccars.com/cc-temp/listing/186/8283/47576136-2015-chevrolet-camaro-z28-thumb.jpg', 'https://photos.classiccars.com/cc-temp/listing/186/8283/47576137-2015-chevrolet-camaro-z28-thumb.jpg', 'https://photos.classiccars.com/cc-temp/listing/186/8283/47576138-2015-chevrolet-camaro-z28-thumb.jpg', 'https://photos.classiccars.com/cc-temp/listing/186/8283/47576139-2015-chevrolet-camaro-z28-thumb.jpg', 'https://photos.classiccars.com/cc-temp/listing/186/8283/47576140-2015-chevrolet-camaro-z28-thumb.jpg', 'https://photos.classiccars.com/cc-temp/listing/186/8283/47576141-2015-chevrolet-camaro-z28-thumb.jpg', 'https://photos.classiccars.com/cc-temp/listing/186/8283/47576159-2015-chevrolet-camaro-z28-thumb.jpg', 'https://photos.classiccars.com/cc-temp/listing/186/8283/47576161-2015-chevrolet-camaro-z28-thumb.jpg', 'https://photos.classiccars.com/cc-temp/listing/186/8283/47576162-2015-chevrolet-camaro-z28-thumb.jpg', 'https://photos.classiccars.com/cc-temp/listing/186/8283/47576163-2015-chevrolet-camaro-z28-thumb.jpg', 'https://photos.classiccars.com/cc-temp/listing/186/8283/47576164-2015-chevrolet-camaro-z28-thumb.jpg', 'https://photos.classiccars.com/cc-temp/listing/186/8283/47576165-2015-chevrolet-camaro-z28-thumb.jpg', 'https://photos.classiccars.com/cc-temp/listing/186/8283/47576166-2015-chevrolet-camaro-z28-thumb.jpg', 'https://photos.classiccars.com/cc-temp/listing/186/8283/47576167-2015-chevrolet-camaro-z28-thumb.jpg', 'https://photos.classiccars.com/cc-temp/listing/186/8283/47810987-2015-chevrolet-camaro-z28-thumb.jpg']"
1964 Chevrolet Chevy II Nova,"$79,000 (OBO)",Red,Automatic,Fully Restored,Chevy II Nova,Chevrolet,Replaced - Running,1964,"['https://photos.classiccars.com/cc-temp/listing/193/3236/51469347-1964-chevrolet-chevy-ii-nova-thumb.jpg', 'https://photos.classiccars.com/cc-temp/listing/193/3236/51469315-1964-chevrolet-chevy-ii-nova-thumb.jpg', 'https://photos.classiccars.com/cc-temp/listing/193/3236/51469346-1964-chevrolet-chevy-ii-nova-thumb.jpg', 'https://photos.classiccars.com/cc-temp/listing/193/3236/51469343-1964-chevrolet-chevy-ii-nova-thumb.jpg', 'https://photos.classiccars.com/cc-temp/listing/193/3236/51469311-1964-chevrolet-chevy-ii-nova-thumb.jpg', 'https://photos.classiccars.com/cc-temp/listing/193/3236/51469312-1964-chevrolet-chevy-ii-nova-thumb.jpg', 'https://photos.classiccars.com/cc-temp/listing/193/3236/51469313-1964-chevrolet-chevy-ii-nova-thumb.jpg', 'https://photos.classiccars.com/cc-temp/listing/193/3236/51469309-1964-chevrolet-chevy-ii-nova-thumb.jpg', 'https://photos.classiccars.com/cc-temp/listing/193/3236/51469310-1964-chevrolet-chevy-ii-nova-thumb.jpg', 'https://photos.classiccars.com/cc-temp/listing/193/3236/51469307-1964-chevrolet-chevy-ii-nova-thumb.jpg', 'https://photos.classiccars.com/cc-temp/listing/193/3236/51469308-1964-chevrolet-chevy-ii-nova-thumb.jpg', 'https://photos.classiccars.com/cc-temp/listing/193/3236/51469317-1964-chevrolet-chevy-ii-nova-thumb.jpg', 'https://photos.classiccars.com/cc-temp/listing/193/3236/51469344-1964-chevrolet-chevy-ii-nova-thumb.jpg', 'https://photos.classiccars.com/cc-temp/listing/193/3236/51469316-1964-chevrolet-chevy-ii-nova-thumb.jpg', 'https://photos.classiccars.com/cc-temp/listing/193/3236/51469345-1964-chevrolet-chevy-ii-nova-thumb.jpg', 'https://photos.classiccars.com/cc-temp/listing/193/3236/51469340-1964-chevrolet-chevy-ii-nova-thumb.jpg', 'https://photos.classiccars.com/cc-temp/listing/193/3236/51469341-1964-chevrolet-chevy-ii-nova-thumb.jpg', 'https://photos.classiccars.com/cc-temp/listing/193/3236/51469339-1964-chevrolet-chevy-ii-nova-thumb.jpg', 'https://photos.classiccars.com/cc-temp/listing/193/3236/51469314-1964-chevrolet-chevy-ii-nova-thumb.jpg', 'https://photos.classiccars.com/cc-temp/listing/193/3236/51469334-1964-chevrolet-chevy-ii-nova-thumb.jpg', 'https://photos.classiccars.com/cc-temp/listing/193/3236/51469335-1964-chevrolet-chevy-ii-nova-thumb.jpg', 'https://photos.classiccars.com/cc-temp/listing/193/3236/51469337-1964-chevrolet-chevy-ii-nova-thumb.jpg', 'https://photos.classiccars.com/cc-temp/listing/193/3236/51469338-1964-chevrolet-chevy-ii-nova-thumb.jpg', 'https://photos.classiccars.com/cc-temp/listing/193/3236/51469342-1964-chevrolet-chevy-ii-nova-thumb.jpg', 'https://photos.classiccars.com/cc-temp/listing/193/3236/51469328-1964-chevrolet-chevy-ii-nova-thumb.jpg', 'https://photos.classiccars.com/cc-temp/listing/193/3236/51469333-1964-chevrolet-chevy-ii-nova-thumb.jpg', 'https://photos.classiccars.com/cc-temp/listing/193/3236/51469336-1964-chevrolet-chevy-ii-nova-thumb.jpg', 'https://photos.classiccars.com/cc-temp/listing/193/3236/51469329-1964-chevrolet-chevy-ii-nova-thumb.jpg', 'https://photos.classiccars.com/cc-temp/listing/193/3236/51469330-1964-chevrolet-chevy-ii-nova-thumb.jpg', 'https://photos.classiccars.com/cc-temp/listing/193/3236/51469331-1964-chevrolet-chevy-ii-nova-thumb.jpg', 'https://photos.classiccars.com/cc-temp/listing/193/3236/51469332-1964-chevrolet-chevy-ii-nova-thumb.jpg', 'https://photos.classiccars.com/cc-temp/listing/193/3236/51469320-1964-chevrolet-chevy-ii-nova-thumb.jpg', 'https://photos.classiccars.com/cc-temp/listing/193/3236/51469321-1964-chevrolet-chevy-ii-nova-thumb.jpg', 'https://photos.classiccars.com/cc-temp/listing/193/3236/51469322-1964-chevrolet-chevy-ii-nova-thumb.jpg', 'https://photos.classiccars.com/cc-temp/listing/193/3236/51469323-1964-chevrolet-chevy-ii-nova-thumb.jpg', 'https://photos.classiccars.com/cc-temp/listing/193/3236/51469324-1964-chevrolet-chevy-ii-nova-thumb.jpg', 'https://photos.classiccars.com/cc-temp/listing/193/3236/51469325-1964-chevrolet-chevy-ii-nova-thumb.jpg', 'https://photos.classiccars.com/cc-temp/listing/193/3236/51469326-1964-chevrolet-chevy-ii-nova-thumb.jpg', 'https://photos.classiccars.com/cc-temp/listing/193/3236/51469318-1964-chevrolet-chevy-ii-nova-thumb.jpg', 'https://photos.classiccars.com/cc-temp/listing/193/3236/51469319-1964-chevrolet-chevy-ii-nova-thumb.jpg', 'https://photos.classiccars.com/cc-temp/listing/193/3236/51469327-1964-chevrolet-chevy-ii-nova-thumb.jpg']"
2001 Porsche 911 Carrera Cabriolet,"$35,500",Meridian Silver,Manual,,911 Carrera Cabriolet,Porsche,Original - Running,2001,"['https://photos.classiccars.com/cc-temp/listing/193/1564/51357319-2001-porsche-911-carrera-cabriolet-thumb.jpg', 'https://photos.classiccars.com/cc-temp/listing/193/1564/51357305-2001-porsche-911-carrera-cabriolet-thumb.jpg', 'https://photos.classiccars.com/cc-temp/listing/193/1564/51357303-2001-porsche-911-carrera-cabriolet-thumb.jpg', 'https://photos.classiccars.com/cc-temp/listing/193/1564/51357314-2001-porsche-911-carrera-cabriolet-thumb.jpg', 'https://photos.classiccars.com/cc-temp/listing/193/1564/51357306-2001-porsche-911-carrera-cabriolet-thumb.jpg', 'https://photos.classiccars.com/cc-temp/listing/193/1564/51357307-2001-porsche-911-carrera-cabriolet-thumb.jpg', 'https://photos.classiccars.com/cc-temp/listing/193/1564/51357322-2001-porsche-911-carrera-cabriolet-thumb.jpg', 'https://photos.classiccars.com/cc-temp/listing/193/1564/51357312-2001-porsche-911-carrera-cabriolet-thumb.jpg', 'https://photos.classiccars.com/cc-temp/listing/193/1564/51357334-2001-porsche-911-carrera-cabriolet-thumb.jpg', 'https://photos.classiccars.com/cc-temp/listing/193/1564/51357311-2001-porsche-911-carrera-cabriolet-thumb.jpg', 'https://photos.classiccars.com/cc-temp/listing/193/1564/51357331-2001-porsche-911-carrera-cabriolet-thumb.jpg', 'https://photos.classiccars.com/cc-temp/listing/193/1564/51357325-2001-porsche-911-carrera-cabriolet-thumb.jpg', 'https://photos.classiccars.com/cc-temp/listing/193/1564/51357316-2001-porsche-911-carrera-cabriolet-thumb.jpg', 'https://photos.classiccars.com/cc-temp/listing/193/1564/51357342-2001-porsche-911-carrera-cabriolet-thumb.jpg', 'https://photos.classiccars.com/cc-temp/listing/193/1564/51357315-2001-porsche-911-carrera-cabriolet-thumb.jpg', 'https://photos.classiccars.com/cc-temp/listing/193/1564/51357328-2001-porsche-911-carrera-cabriolet-thumb.jpg', 'https://photos.classiccars.com/cc-temp/listing/193/1564/51357337-2001-porsche-911-carrera-cabriolet-thumb.jpg', 'https://photos.classiccars.com/cc-temp/listing/193/1564/51357339-2001-porsche-911-carrera-cabriolet-thumb.jpg', 'https://photos.classiccars.com/cc-temp/listing/193/1564/51357310-2001-porsche-911-carrera-cabriolet-thumb.jpg']"
1993 Volkswagen Camper,"$29,900",Green/White,Manual,,Camper,Volkswagen, - ,1993,"['https://photos.classiccars.com/cc-temp/listing/190/1207/52457057-1993-volkswagen-camper-thumb.jpg', 'https://photos.classiccars.com/cc-temp/listing/190/1207/52457058-1993-volkswagen-camper-thumb.jpg', 'https://photos.classiccars.com/cc-temp/listing/190/1207/52457059-1993-volkswagen-camper-thumb.jpg', 'https://photos.classiccars.com/cc-temp/listing/190/1207/52457063-1993-volkswagen-camper-thumb.jpg', 'https://photos.classiccars.com/cc-temp/listing/190/1207/52457060-1993-volkswagen-camper-thumb.jpg', 'https://photos.classiccars.com/cc-temp/listing/190/1207/52457061-1993-volkswagen-camper-thumb.jpg', 'https://photos.classiccars.com/cc-temp/listing/190/1207/52457062-1993-volkswagen-camper-thumb.jpg', 'https://photos.classiccars.com/cc-temp/listing/190/1207/52457064-1993-volkswagen-camper-thumb.jpg', 'https://photos.classiccars.com/cc-temp/listing/190/1207/52457065-1993-volkswagen-camper-thumb.jpg', 'https://photos.classiccars.com/cc-temp/listing/190/1207/52457066-1993-volkswagen-camper-thumb.jpg', 'https://photos.classiccars.com/cc-temp/listing/190/1207/52457067-1993-volkswagen-camper-thumb.jpg', 'https://photos.classiccars.com/cc-temp/listing/190/1207/52457068-1993-volkswagen-camper-thumb.jpg', 'https://photos.classiccars.com/cc-temp/listing/190/1207/52457069-1993-volkswagen-camper-thumb.jpg', 'https://photos.classiccars.com/cc-temp/listing/190/1207/52457070-1993-volkswagen-camper-thumb.jpg', 'https://photos.classiccars.com/cc-temp/listing/190/1207/52457071-1993-volkswagen-camper-thumb.jpg', 'https://photos.classiccars.com/cc-temp/listing/190/1207/52457072-1993-volkswagen-camper-thumb.jpg', 'https://photos.classiccars.com/cc-temp/listing/190/1207/52457073-1993-volkswagen-camper-thumb.jpg', 'https://photos.classiccars.com/cc-temp/listing/190/1207/52457074-1993-volkswagen-camper-thumb.jpg', 'https://photos.classiccars.com/cc-temp/listing/190/1207/52457075-1993-volkswagen-camper-thumb.jpg', 'https://photos.classiccars.com/cc-temp/listing/190/1207/52457076-1993-volkswagen-camper-thumb.jpg', 'https://photos.classiccars.com/cc-temp/listing/190/1207/52457077-1993-volkswagen-camper-thumb.jpg', 'https://photos.classiccars.com/cc-temp/listing/190/1207/52457078-1993-volkswagen-camper-thumb.jpg']"
1970 Chevrolet Corvette,"$29,800 (OBO)",Daytona yellow,Automatic,,Corvette,Chevrolet, - ,1970,"['https://photos.classiccars.com/cc-temp/listing/193/6595/51662146-1970-chevrolet-corvette-thumb.jpg', 'https://photos.classiccars.com/cc-temp/listing/193/6595/51662147-1970-chevrolet-corvette-thumb.jpg', 'https://photos.classiccars.com/cc-temp/listing/193/6595/51662148-1970-chevrolet-corvette-thumb.jpg', 'https://photos.classiccars.com/cc-temp/listing/193/6595/51662152-1970-chevrolet-corvette-thumb.jpg', 'https://photos.classiccars.com/cc-temp/listing/193/6595/51662153-1970-chevrolet-corvette-thumb.jpg', 'https://photos.classiccars.com/cc-temp/listing/193/6595/51662154-1970-chevrolet-corvette-thumb.jpg', 'https://photos.classiccars.com/cc-temp/listing/193/6595/51662155-1970-chevrolet-corvette-thumb.jpg', 'https://photos.classiccars.com/cc-temp/listing/193/6595/51662156-1970-chevrolet-corvette-thumb.jpg', 'https://photos.classiccars.com/cc-temp/listing/193/6595/51662157-1970-chevrolet-corvette-thumb.jpg', 'https://photos.classiccars.com/cc-temp/listing/193/6595/51662158-1970-chevrolet-corvette-thumb.jpg', 'https://photos.classiccars.com/cc-temp/listing/193/6595/51662159-1970-chevrolet-corvette-thumb.jpg', 'https://photos.classiccars.com/cc-temp/listing/193/6595/51662160-1970-chevrolet-corvette-thumb.jpg', 'https://photos.classiccars.com/cc-temp/listing/193/6595/51662161-1970-chevrolet-corvette-thumb.jpg', 'https://photos.classiccars.com/cc-temp/listing/193/6595/51662162-1970-chevrolet-corvette-thumb.jpg', 'https://photos.classiccars.com/cc-temp/listing/193/6595/51662163-1970-chevrolet-corvette-thumb.jpg', 'https://photos.classiccars.com/cc-temp/listing/193/6595/51662164-1970-chevrolet-corvette-thumb.jpg', 'https://photos.classiccars.com/cc-temp/listing/193/6595/51662165-1970-chevrolet-corvette-thumb.jpg', 'https://photos.classiccars.com/cc-temp/listing/193/6595/51662166-1970-chevrolet-corvette-thumb.jpg', 'https://photos.classiccars.com/cc-temp/listing/193/6595/51662167-1970-chevrolet-corvette-thumb.jpg', 'https://photos.classiccars.com/cc-temp/listing/193/6595/51662168-1970-chevrolet-corvette-thumb.jpg', 'https://photos.classiccars.com/cc-temp/listing/193/6595/51662169-1970-chevrolet-corvette-thumb.jpg', 'https://photos.classiccars.com/cc-temp/listing/193/6595/51662170-1970-chevrolet-corvette-thumb.jpg', 'https://photos.classiccars.com/cc-temp/listing/193/6595/51662171-1970-chevrolet-corvette-thumb.jpg', 'https://photos.classiccars.com/cc-temp/listing/193/6595/51662172-1970-chevrolet-corvette-thumb.jpg', 'https://photos.classiccars.com/cc-temp/listing/193/6595/51662173-1970-chevrolet-corvette-thumb.jpg', 'https://photos.classiccars.com/cc-temp/listing/193/6595/51662174-1970-chevrolet-corvette-thumb.jpg']"
1967 Chevrolet Chevelle Malibu,"$77,500",Tahoe Turquoise,Manual,Fully Restored,Chevelle Malibu,Chevrolet,Original - Running,1967,"['https://photos.classiccars.com/cc-temp/listing/183/5056/45701948-1967-chevrolet-chevelle-malibu-thumb.jpg', 'https://photos.classiccars.com/cc-temp/listing/183/5056/45701949-1967-chevrolet-chevelle-malibu-thumb.jpg', 'https://photos.classiccars.com/cc-temp/listing/183/5056/45701950-1967-chevrolet-chevelle-malibu-thumb.jpg', 'https://photos.classiccars.com/cc-temp/listing/183/5056/45701951-1967-chevrolet-chevelle-malibu-thumb.jpg', 'https://photos.classiccars.com/cc-temp/listing/183/5056/45701952-1967-chevrolet-chevelle-malibu-thumb.jpg', 'https://photos.classiccars.com/cc-temp/listing/183/5056/45701953-1967-chevrolet-chevelle-malibu-thumb.jpg', 'https://photos.classiccars.com/cc-temp/listing/183/5056/45701954-1967-chevrolet-chevelle-malibu-thumb.jpg', 'https://photos.classiccars.com/cc-temp/listing/183/5056/45701955-1967-chevrolet-chevelle-malibu-thumb.jpg', 'https://photos.classiccars.com/cc-temp/listing/183/5056/45701956-1967-chevrolet-chevelle-malibu-thumb.jpg', 'https://photos.classiccars.com/cc-temp/listing/183/5056/46293702-1967-chevrolet-chevelle-malibu-thumb.jpg', 'https://photos.classiccars.com/cc-temp/listing/183/5056/45713839-1967-chevrolet-chevelle-malibu-thumb.jpg', 'https://photos.classiccars.com/cc-temp/listing/183/5056/45713840-1967-chevrolet-chevelle-malibu-thumb.jpg', 'https://photos.classiccars.com/cc-temp/listing/183/5056/45713846-1967-chevrolet-chevelle-malibu-thumb.jpg', 'https://photos.classiccars.com/cc-temp/listing/183/5056/46616492-1967-chevrolet-chevelle-malibu-thumb.jpg', 'https://photos.classiccars.com/cc-temp/listing/183/5056/45713843-1967-chevrolet-chevelle-malibu-thumb.jpg', 'https://photos.classiccars.com/cc-temp/listing/183/5056/45713844-1967-chevrolet-chevelle-malibu-thumb.jpg', 'https://photos.classiccars.com/cc-temp/listing/183/5056/45713845-1967-chevrolet-chevelle-malibu-thumb.jpg', 'https://photos.classiccars.com/cc-temp/listing/183/5056/45720646-1967-chevrolet-chevelle-malibu-thumb.jpg', 'https://photos.classiccars.com/cc-temp/listing/183/5056/45720647-1967-chevrolet-chevelle-malibu-thumb.jpg', 'https://photos.classiccars.com/cc-temp/listing/183/5056/45720648-1967-chevrolet-chevelle-malibu-thumb.jpg', 'https://photos.classiccars.com/cc-temp/listing/183/5056/45720649-1967-chevrolet-chevelle-malibu-thumb.jpg', 'https://photos.classiccars.com/cc-temp/listing/183/5056/45720651-1967-chevrolet-chevelle-malibu-thumb.jpg', 'https://photos.classiccars.com/cc-temp/listing/183/5056/45720652-1967-chevrolet-chevelle-malibu-thumb.jpg', 'https://photos.classiccars.com/cc-temp/listing/183/5056/45720653-1967-chevrolet-chevelle-malibu-thumb.jpg', 'https://photos.classiccars.com/cc-temp/listing/183/5056/45720655-1967-chevrolet-chevelle-malibu-thumb.jpg', 'https://photos.classiccars.com/cc-temp/listing/183/5056/45720656-1967-chevrolet-chevelle-malibu-thumb.jpg', 'https://photos.classiccars.com/cc-temp/listing/183/5056/45720657-1967-chevrolet-chevelle-malibu-thumb.jpg', 'https://photos.classiccars.com/cc-temp/listing/183/5056/45720658-1967-chevrolet-chevelle-malibu-thumb.jpg', 'https://photos.classiccars.com/cc-temp/listing/183/5056/45720659-1967-chevrolet-chevelle-malibu-thumb.jpg', 'https://photos.classiccars.com/cc-temp/listing/183/5056/45720660-1967-chevrolet-chevelle-malibu-thumb.jpg', 'https://photos.classiccars.com/cc-temp/listing/183/5056/45740405-1967-chevrolet-chevelle-malibu-thumb.jpg', 'https://photos.classiccars.com/cc-temp/listing/183/5056/45740406-1967-chevrolet-chevelle-malibu-thumb.jpg', 'https://photos.classiccars.com/cc-temp/listing/183/5056/45740407-1967-chevrolet-chevelle-malibu-thumb.jpg', 'https://photos.classiccars.com/cc-temp/listing/183/5056/45740408-1967-chevrolet-chevelle-malibu-thumb.jpg', 'https://photos.classiccars.com/cc-temp/listing/183/5056/45740409-1967-chevrolet-chevelle-malibu-thumb.jpg', 'https://photos.classiccars.com/cc-temp/listing/183/5056/45740411-1967-chevrolet-chevelle-malibu-thumb.jpg', 'https://photos.classiccars.com/cc-temp/listing/183/5056/45740413-1967-chevrolet-chevelle-malibu-thumb.jpg', 'https://photos.classiccars.com/cc-temp/listing/183/5056/45740515-1967-chevrolet-chevelle-malibu-thumb.jpg', 'https://photos.classiccars.com/cc-temp/listing/183/5056/45740516-1967-chevrolet-chevelle-malibu-thumb.jpg', 'https://photos.classiccars.com/cc-temp/listing/183/5056/45740517-1967-chevrolet-chevelle-malibu-thumb.jpg', 'https://photos.classiccars.com/cc-temp/listing/183/5056/45740518-1967-chevrolet-chevelle-malibu-thumb.jpg', 'https://photos.classiccars.com/cc-temp/listing/183/5056/45740519-1967-chevrolet-chevelle-malibu-thumb.jpg', 'https://photos.classiccars.com/cc-temp/listing/183/5056/45740520-1967-chevrolet-chevelle-malibu-thumb.jpg', 'https://photos.classiccars.com/cc-temp/listing/183/5056/45740521-1967-chevrolet-chevelle-malibu-thumb.jpg', 'https://photos.classiccars.com/cc-temp/listing/183/5056/45740522-1967-chevrolet-chevelle-malibu-thumb.jpg', 'https://photos.classiccars.com/cc-temp/listing/183/5056/45740523-1967-chevrolet-chevelle-malibu-thumb.jpg', 'https://photos.classiccars.com/cc-temp/listing/183/5056/45769094-1967-chevrolet-chevelle-malibu-thumb.jpg', 'https://photos.classiccars.com/cc-temp/listing/183/5056/45769095-1967-chevrolet-chevelle-malibu-thumb.jpg', 'https://photos.classiccars.com/cc-temp/listing/183/5056/52349646-1967-chevrolet-chevelle-malibu-thumb.jpg', 'https://photos.classiccars.com/cc-temp/listing/183/5056/45769097-1967-chevrolet-chevelle-malibu-thumb.jpg', 'https://photos.classiccars.com/cc-temp/listing/183/5056/45769098-1967-chevrolet-chevelle-malibu-thumb.jpg', 'https://photos.classiccars.com/cc-temp/listing/183/5056/50224459-1967-chevrolet-chevelle-malibu-thumb.jpg', 'https://photos.classiccars.com/cc-temp/listing/183/5056/48778819-1967-chevrolet-chevelle-malibu-thumb.jpg', 'https://photos.classiccars.com/cc-temp/listing/183/5056/45769096-1967-chevrolet-chevelle-malibu-thumb.jpg', 'https://photos.classiccars.com/cc-temp/listing/183/5056/48778833-1967-chevrolet-chevelle-malibu-thumb.jpg', 'https://photos.classiccars.com/cc-temp/listing/183/5056/48778834-1967-chevrolet-chevelle-malibu-thumb.jpg', 'https://photos.classiccars.com/cc-temp/listing/183/5056/48904463-1967-chevrolet-chevelle-malibu-thumb.jpg']"
1966 Cadillac Coupe Deville,"$75,000 (OBO)",Flemenco Red,Automatic,,Coupe DeVille,Cadillac, - ,1966,"['https://photos.classiccars.com/cc-temp/listing/193/5793/51624381-1966-cadillac-2-dr-convertible-thumb.jpg', 'https://photos.classiccars.com/cc-temp/listing/193/5793/51624382-1966-cadillac-2-dr-convertible-thumb.jpg', 'https://photos.classiccars.com/cc-temp/listing/193/5793/51624383-1966-cadillac-2-dr-convertible-thumb.jpg', 'https://photos.classiccars.com/cc-temp/listing/193/5793/51624384-1966-cadillac-2-dr-convertible-thumb.jpg', 'https://photos.classiccars.com/cc-temp/listing/193/5793/51624385-1966-cadillac-2-dr-convertible-thumb.jpg', 'https://photos.classiccars.com/cc-temp/listing/193/5793/51624386-1966-cadillac-2-dr-convertible-thumb.jpg', 'https://photos.classiccars.com/cc-temp/listing/193/5793/51624388-1966-cadillac-2-dr-convertible-thumb.jpg', 'https://photos.classiccars.com/cc-temp/listing/193/5793/51624389-1966-cadillac-2-dr-convertible-thumb.jpg', 'https://photos.classiccars.com/cc-temp/listing/193/5793/51624390-1966-cadillac-2-dr-convertible-thumb.jpg', 'https://photos.classiccars.com/cc-temp/listing/193/5793/51624391-1966-cadillac-2-dr-convertible-thumb.jpg', 'https://photos.classiccars.com/cc-temp/listing/193/5793/51624392-1966-cadillac-2-dr-convertible-thumb.jpg', 'https://photos.classiccars.com/cc-temp/listing/193/5793/51624393-1966-cadillac-2-dr-convertible-thumb.jpg', 'https://photos.classiccars.com/cc-temp/listing/193/5793/51624394-1966-cadillac-2-dr-convertible-thumb.jpg', 'https://photos.classiccars.com/cc-temp/listing/193/5793/51624396-1966-cadillac-2-dr-convertible-thumb.jpg', 'https://photos.classiccars.com/cc-temp/listing/193/5793/51624398-1966-cadillac-2-dr-convertible-thumb.jpg', 'https://photos.classiccars.com/cc-temp/listing/193/5793/51624399-1966-cadillac-2-dr-convertible-thumb.jpg', 'https://photos.classiccars.com/cc-temp/listing/193/5793/51624401-1966-cadillac-2-dr-convertible-thumb.jpg', 'https://photos.classiccars.com/cc-temp/listing/193/5793/51624402-1966-cadillac-2-dr-convertible-thumb.jpg', 'https://photos.classiccars.com/cc-temp/listing/193/5793/51624403-1966-cadillac-2-dr-convertible-thumb.jpg', 'https://photos.classiccars.com/cc-temp/listing/193/5793/51624404-1966-cadillac-2-dr-convertible-thumb.jpg', 'https://photos.classiccars.com/cc-temp/listing/193/5793/51624408-1966-cadillac-2-dr-convertible-thumb.jpg', 'https://photos.classiccars.com/cc-temp/listing/193/5793/51624409-1966-cadillac-2-dr-convertible-thumb.jpg', 'https://photos.classiccars.com/cc-temp/listing/193/5793/51624410-1966-cadillac-2-dr-convertible-thumb.jpg', 'https://photos.classiccars.com/cc-temp/listing/193/5793/51624411-1966-cadillac-2-dr-convertible-thumb.jpg', 'https://photos.classiccars.com/cc-temp/listing/193/5793/51624412-1966-cadillac-2-dr-convertible-thumb.jpg', 'https://photos.classiccars.com/cc-temp/listing/193/5793/51624413-1966-cadillac-2-dr-convertible-thumb.jpg', 'https://photos.classiccars.com/cc-temp/listing/193/5793/51624414-1966-cadillac-2-dr-convertible-thumb.jpg', 'https://photos.classiccars.com/cc-temp/listing/193/5793/51624416-1966-cadillac-2-dr-convertible-thumb.jpg', 'https://photos.classiccars.com/cc-temp/listing/193/5793/51624417-1966-cadillac-2-dr-convertible-thumb.jpg', 'https://photos.classiccars.com/cc-temp/listing/193/5793/51624418-1966-cadillac-2-dr-convertible-thumb.jpg', 'https://photos.classiccars.com/cc-temp/listing/193/5793/51624419-1966-cadillac-2-dr-convertible-thumb.jpg', 'https://photos.classiccars.com/cc-temp/listing/193/5793/51624420-1966-cadillac-2-dr-convertible-thumb.jpg']"
1940 Plymouth Woody Wagon,"$55,500",Cocoa Brown,Manual,Fully Restored,Woody Wagon,Plymouth,Original - Running,1940,"['https://photos.classiccars.com/cc-temp/listing/192/3273/52349352-1940-plymouth-woody-wagon-thumb.jpg', 'https://photos.classiccars.com/cc-temp/listing/192/3273/52349353-1940-plymouth-woody-wagon-thumb.jpg', 'https://photos.classiccars.com/cc-temp/listing/192/3273/52349354-1940-plymouth-woody-wagon-thumb.jpg', 'https://photos.classiccars.com/cc-temp/listing/192/3273/52349355-1940-plymouth-woody-wagon-thumb.jpg', 'https://photos.classiccars.com/cc-temp/listing/192/3273/52349356-1940-plymouth-woody-wagon-thumb.jpg', 'https://photos.classiccars.com/cc-temp/listing/192/3273/52349357-1940-plymouth-woody-wagon-thumb.jpg', 'https://photos.classiccars.com/cc-temp/listing/192/3273/52349358-1940-plymouth-woody-wagon-thumb.jpg', 'https://photos.classiccars.com/cc-temp/listing/192/3273/52349359-1940-plymouth-woody-wagon-thumb.jpg', 'https://photos.classiccars.com/cc-temp/listing/192/3273/52349360-1940-plymouth-woody-wagon-thumb.jpg', 'https://photos.classiccars.com/cc-temp/listing/192/3273/52349361-1940-plymouth-woody-wagon-thumb.jpg', 'https://photos.classiccars.com/cc-temp/listing/192/3273/52349362-1940-plymouth-woody-wagon-thumb.jpg', 'https://photos.classiccars.com/cc-temp/listing/192/3273/52349363-1940-plymouth-woody-wagon-thumb.jpg', 'https://photos.classiccars.com/cc-temp/listing/192/3273/52349364-1940-plymouth-woody-wagon-thumb.jpg', 'https://photos.classiccars.com/cc-temp/listing/192/3273/52349366-1940-plymouth-woody-wagon-thumb.jpg', 'https://photos.classiccars.com/cc-temp/listing/192/3273/52349367-1940-plymouth-woody-wagon-thumb.jpg', 'https://photos.classiccars.com/cc-temp/listing/192/3273/52349489-1940-plymouth-woody-wagon-thumb.jpg', 'https://photos.classiccars.com/cc-temp/listing/192/3273/52349490-1940-plymouth-woody-wagon-thumb.jpg', 'https://photos.classiccars.com/cc-temp/listing/192/3273/52349491-1940-plymouth-woody-wagon-thumb.jpg', 'https://photos.classiccars.com/cc-temp/listing/192/3273/52349492-1940-plymouth-woody-wagon-thumb.jpg', 'https://photos.classiccars.com/cc-temp/listing/192/3273/52349493-1940-plymouth-woody-wagon-thumb.jpg', 'https://photos.classiccars.com/cc-temp/listing/192/3273/52349494-1940-plymouth-woody-wagon-thumb.jpg', 'https://photos.classiccars.com/cc-temp/listing/192/3273/52349495-1940-plymouth-woody-wagon-thumb.jpg', 'https://photos.classiccars.com/cc-temp/listing/192/3273/52349496-1940-plymouth-woody-wagon-thumb.jpg', 'https://photos.classiccars.com/cc-temp/listing/192/3273/52349497-1940-plymouth-woody-wagon-thumb.jpg', 'https://photos.classiccars.com/cc-temp/listing/192/3273/52349498-1940-plymouth-woody-wagon-thumb.jpg', 'https://photos.classiccars.com/cc-temp/listing/192/3273/52349499-1940-plymouth-woody-wagon-thumb.jpg', 'https://photos.classiccars.com/cc-temp/listing/192/3273/52349500-1940-plymouth-woody-wagon-thumb.jpg', 'https://photos.classiccars.com/cc-temp/listing/192/3273/52349501-1940-plymouth-woody-wagon-thumb.jpg', 'https://photos.classiccars.com/cc-temp/listing/192/3273/52349502-1940-plymouth-woody-wagon-thumb.jpg', 'https://photos.classiccars.com/cc-temp/listing/192/3273/52349503-1940-plymouth-woody-wagon-thumb.jpg', 'https://photos.classiccars.com/cc-temp/listing/192/3273/52349504-1940-plymouth-woody-wagon-thumb.jpg', 'https://photos.classiccars.com/cc-temp/listing/192/3273/52349505-1940-plymouth-woody-wagon-thumb.jpg', 'https://photos.classiccars.com/cc-temp/listing/192/3273/52349506-1940-plymouth-woody-wagon-thumb.jpg', 'https://photos.classiccars.com/cc-temp/listing/192/3273/52349507-1940-plymouth-woody-wagon-thumb.jpg', 'https://photos.classiccars.com/cc-temp/listing/192/3273/52349508-1940-plymouth-woody-wagon-thumb.jpg', 'https://photos.classiccars.com/cc-temp/listing/192/3273/52442829-1940-plymouth-woody-wagon-thumb.jpg', 'https://photos.classiccars.com/cc-temp/listing/192/3273/52458647-1940-plymouth-woody-wagon-thumb.jpg', 'https://photos.classiccars.com/cc-temp/listing/192/3273/52458648-1940-plymouth-woody-wagon-thumb.jpg', 'https://photos.classiccars.com/cc-temp/listing/192/3273/52458649-1940-plymouth-woody-wagon-thumb.jpg']"
1991 Nissan 300ZX,"$24,950 (OBO)",Black Pearl Diamond,Manual,,300ZX,Nissan,Original - Running,1991,"['https://photos.classiccars.com/cc-temp/listing/189/8438/49348199-1991-nissan-300zx-thumb.jpg', 'https://photos.classiccars.com/cc-temp/listing/189/8438/49348198-1991-nissan-300zx-thumb.jpg', 'https://photos.classiccars.com/cc-temp/listing/189/8438/49348193-1991-nissan-300zx-thumb.jpg', 'https://photos.classiccars.com/cc-temp/listing/189/8438/49348201-1991-nissan-300zx-thumb.jpg', 'https://photos.classiccars.com/cc-temp/listing/189/8438/49348194-1991-nissan-300zx-thumb.jpg', 'https://photos.classiccars.com/cc-temp/listing/189/8438/49348223-1991-nissan-300zx-thumb.jpg', 'https://photos.classiccars.com/cc-temp/listing/189/8438/49348225-1991-nissan-300zx-thumb.jpg', 'https://photos.classiccars.com/cc-temp/listing/189/8438/49348226-1991-nissan-300zx-thumb.jpg', 'https://photos.classiccars.com/cc-temp/listing/189/8438/49348229-1991-nissan-300zx-thumb.jpg', 'https://photos.classiccars.com/cc-temp/listing/189/8438/49348207-1991-nissan-300zx-thumb.jpg', 'https://photos.classiccars.com/cc-temp/listing/189/8438/49348212-1991-nissan-300zx-thumb.jpg', 'https://photos.classiccars.com/cc-temp/listing/189/8438/49348213-1991-nissan-300zx-thumb.jpg', 'https://photos.classiccars.com/cc-temp/listing/189/8438/49348214-1991-nissan-300zx-thumb.jpg', 'https://photos.classiccars.com/cc-temp/listing/189/8438/49348215-1991-nissan-300zx-thumb.jpg', 'https://photos.classiccars.com/cc-temp/listing/189/8438/49348203-1991-nissan-300zx-thumb.jpg', 'https://photos.classiccars.com/cc-temp/listing/189/8438/49348217-1991-nissan-300zx-thumb.jpg', 'https://photos.classiccars.com/cc-temp/listing/189/8438/49348219-1991-nissan-300zx-thumb.jpg', 'https://photos.classiccars.com/cc-temp/listing/189/8438/49348222-1991-nissan-300zx-thumb.jpg', 'https://photos.classiccars.com/cc-temp/listing/189/8438/49348192-1991-nissan-300zx-thumb.jpg']"
1965 Ford Mustang,"$75,000",White,Manual,,Mustang,Ford, - Running,1965,"['https://photos.classiccars.com/cc-temp/listing/194/7085/52384372-1965-ford-mustang-thumb.jpg', 'https://photos.classiccars.com/cc-temp/listing/194/7085/52384375-1965-ford-mustang-thumb.jpg', 'https://photos.classiccars.com/cc-temp/listing/194/7085/52384877-1965-ford-mustang-thumb.jpg', 'https://photos.classiccars.com/cc-temp/listing/194/7085/52384761-1965-ford-mustang-thumb.jpg', 'https://photos.classiccars.com/cc-temp/listing/194/7085/52384975-1965-ford-mustang-thumb.jpg', 'https://photos.classiccars.com/cc-temp/listing/194/7085/52385024-1965-ford-mustang-thumb.jpg', 'https://photos.classiccars.com/cc-temp/listing/194/7085/52384849-1965-ford-mustang-thumb.jpg', 'https://photos.classiccars.com/cc-temp/listing/194/7085/52384876-1965-ford-mustang-thumb.jpg', 'https://photos.classiccars.com/cc-temp/listing/194/7085/52384907-1965-ford-mustang-thumb.jpg', 'https://photos.classiccars.com/cc-temp/listing/194/7085/52384827-1965-ford-mustang-thumb.jpg', 'https://photos.classiccars.com/cc-temp/listing/194/7085/52384884-1965-ford-mustang-thumb.jpg', 'https://photos.classiccars.com/cc-temp/listing/194/7085/52384803-1965-ford-mustang-thumb.jpg', 'https://photos.classiccars.com/cc-temp/listing/194/7085/52384899-1965-ford-mustang-thumb.jpg', 'https://photos.classiccars.com/cc-temp/listing/194/7085/52384940-1965-ford-mustang-thumb.jpg', 'https://photos.classiccars.com/cc-temp/listing/194/7085/52384766-1965-ford-mustang-thumb.jpg', 'https://photos.classiccars.com/cc-temp/listing/194/7085/52385059-1965-ford-mustang-thumb.jpg', 'https://photos.classiccars.com/cc-temp/listing/194/7085/52384715-1965-ford-mustang-thumb.jpg', 'https://photos.classiccars.com/cc-temp/listing/194/7085/52384737-1965-ford-mustang-thumb.jpg', 'https://photos.classiccars.com/cc-temp/listing/194/7085/52384379-1965-ford-mustang-thumb.jpg', 'https://photos.classiccars.com/cc-temp/listing/194/7085/52384607-1965-ford-mustang-thumb.jpg', 'https://photos.classiccars.com/cc-temp/listing/194/7085/52385049-1965-ford-mustang-thumb.jpg', 'https://photos.classiccars.com/cc-temp/listing/194/7085/52384384-1965-ford-mustang-thumb.jpg', 'https://photos.classiccars.com/cc-temp/listing/194/7085/52384656-1965-ford-mustang-thumb.jpg', 'https://photos.classiccars.com/cc-temp/listing/194/7085/52384647-1965-ford-mustang-thumb.jpg', 'https://photos.classiccars.com/cc-temp/listing/194/7085/52384665-1965-ford-mustang-thumb.jpg', 'https://photos.classiccars.com/cc-temp/listing/194/7085/52384796-1965-ford-mustang-thumb.jpg', 'https://photos.classiccars.com/cc-temp/listing/194/7085/52384388-1965-ford-mustang-thumb.jpg', 'https://photos.classiccars.com/cc-temp/listing/194/7085/52384618-1965-ford-mustang-thumb.jpg', 'https://photos.classiccars.com/cc-temp/listing/194/7085/52384642-1965-ford-mustang-thumb.jpg']"
1974 Toyota Land Cruiser,"$60,000 (OBO)",Red/black,Manual,Partially Restored,Land Cruiser,Toyota,Original - Running,1974,"['https://photos.classiccars.com/cc-temp/listing/189/7143/49279874-1974-toyota-land-cruiser-thumb.jpg', 'https://photos.classiccars.com/cc-temp/listing/189/7143/49279875-1974-toyota-land-cruiser-thumb.jpg', 'https://photos.classiccars.com/cc-temp/listing/189/7143/49279864-1974-toyota-land-cruiser-thumb.jpg', 'https://photos.classiccars.com/cc-temp/listing/189/7143/49279863-1974-toyota-land-cruiser-thumb.jpg', 'https://photos.classiccars.com/cc-temp/listing/189/7143/49279865-1974-toyota-land-cruiser-thumb.jpg', 'https://photos.classiccars.com/cc-temp/listing/189/7143/49279867-1974-toyota-land-cruiser-thumb.jpg', 'https://photos.classiccars.com/cc-temp/listing/189/7143/49279868-1974-toyota-land-cruiser-thumb.jpg', 'https://photos.classiccars.com/cc-temp/listing/189/7143/49279869-1974-toyota-land-cruiser-thumb.jpg', 'https://photos.classiccars.com/cc-temp/listing/189/7143/49279870-1974-toyota-land-cruiser-thumb.jpg', 'https://photos.classiccars.com/cc-temp/listing/189/7143/49279871-1974-toyota-land-cruiser-thumb.jpg', 'https://photos.classiccars.com/cc-temp/listing/189/7143/49279872-1974-toyota-land-cruiser-thumb.jpg', 'https://photos.classiccars.com/cc-temp/listing/189/7143/49279876-1974-toyota-land-cruiser-thumb.jpg', 'https://photos.classiccars.com/cc-temp/listing/189/7143/49279877-1974-toyota-land-cruiser-thumb.jpg', 'https://photos.classiccars.com/cc-temp/listing/189/7143/49279879-1974-toyota-land-cruiser-thumb.jpg', 'https://photos.classiccars.com/cc-temp/listing/189/7143/49279880-1974-toyota-land-cruiser-thumb.jpg', 'https://photos.classiccars.com/cc-temp/listing/189/7143/49279881-1974-toyota-land-cruiser-thumb.jpg', 'https://photos.classiccars.com/cc-temp/listing/189/7143/49279882-1974-toyota-land-cruiser-thumb.jpg', 'https://photos.classiccars.com/cc-temp/listing/189/7143/49279883-1974-toyota-land-cruiser-thumb.jpg', 'https://photos.classiccars.com/cc-temp/listing/189/7143/49279884-1974-toyota-land-cruiser-thumb.jpg', 'https://photos.classiccars.com/cc-temp/listing/189/7143/49279885-1974-toyota-land-cruiser-thumb.jpg', 'https://photos.classiccars.com/cc-temp/listing/189/7143/49279886-1974-toyota-land-cruiser-thumb.jpg']"
1970 BMW 2002,"$40,000 (OBO)",Maroon,Manual,Unrestored,2002,BMW,Original - Running,1970,"['https://photos.classiccars.com/cc-temp/listing/162/7953/51035277-1970-bmw-2002-thumb.jpg', 'https://photos.classiccars.com/cc-temp/listing/162/7953/47954617-1970-bmw-2002-thumb.jpg', 'https://photos.classiccars.com/cc-temp/listing/162/7953/33556164-1970-bmw-2002-thumb.jpg', 'https://photos.classiccars.com/cc-temp/listing/162/7953/51035251-1970-bmw-2002-thumb.jpg', 'https://photos.classiccars.com/cc-temp/listing/162/7953/51035275-1970-bmw-2002-thumb.jpg', 'https://photos.classiccars.com/cc-temp/listing/162/7953/47954619-1970-bmw-2002-thumb.jpg', 'https://photos.classiccars.com/cc-temp/listing/162/7953/51035252-1970-bmw-2002-thumb.jpg', 'https://photos.classiccars.com/cc-temp/listing/162/7953/33556165-1970-bmw-2002-thumb.jpg', 'https://photos.classiccars.com/cc-temp/listing/162/7953/51035279-1970-bmw-2002-thumb.jpg', 'https://photos.classiccars.com/cc-temp/listing/162/7953/47954622-1970-bmw-2002-thumb.jpg', 'https://photos.classiccars.com/cc-temp/listing/162/7953/51035255-1970-bmw-2002-thumb.jpg', 'https://photos.classiccars.com/cc-temp/listing/162/7953/51035278-1970-bmw-2002-thumb.jpg', 'https://photos.classiccars.com/cc-temp/listing/162/7953/33556159-1970-bmw-2002-thumb.jpg', 'https://photos.classiccars.com/cc-temp/listing/162/7953/47935511-1970-bmw-2002-thumb.jpg', 'https://photos.classiccars.com/cc-temp/listing/162/7953/47954623-1970-bmw-2002-thumb.jpg', 'https://photos.classiccars.com/cc-temp/listing/162/7953/47954618-1970-bmw-2002-thumb.jpg', 'https://photos.classiccars.com/cc-temp/listing/162/7953/51035249-1970-bmw-2002-thumb.jpg', 'https://photos.classiccars.com/cc-temp/listing/162/7953/51035250-1970-bmw-2002-thumb.jpg', 'https://photos.classiccars.com/cc-temp/listing/162/7953/33556161-1970-bmw-2002-thumb.jpg', 'https://photos.classiccars.com/cc-temp/listing/162/7953/33556167-1970-bmw-2002-thumb.jpg', 'https://photos.classiccars.com/cc-temp/listing/162/7953/33556168-1970-bmw-2002-thumb.jpg', 'https://photos.classiccars.com/cc-temp/listing/162/7953/33556162-1970-bmw-2002-thumb.jpg', 'https://photos.classiccars.com/cc-temp/listing/162/7953/33556160-1970-bmw-2002-thumb.jpg', 'https://photos.classiccars.com/cc-temp/listing/162/7953/47954610-1970-bmw-2002-thumb.jpg', 'https://photos.classiccars.com/cc-temp/listing/162/7953/47954611-1970-bmw-2002-thumb.jpg', 'https://photos.classiccars.com/cc-temp/listing/162/7953/47954612-1970-bmw-2002-thumb.jpg', 'https://photos.classiccars.com/cc-temp/listing/162/7953/47954613-1970-bmw-2002-thumb.jpg', 'https://photos.classiccars.com/cc-temp/listing/162/7953/47954614-1970-bmw-2002-thumb.jpg', 'https://photos.classiccars.com/cc-temp/listing/162/7953/47954615-1970-bmw-2002-thumb.jpg', 'https://photos.classiccars.com/cc-temp/listing/162/7953/47954616-1970-bmw-2002-thumb.jpg', 'https://photos.classiccars.com/cc-temp/listing/162/7953/47954620-1970-bmw-2002-thumb.jpg', 'https://photos.classiccars.com/cc-temp/listing/162/7953/47954621-1970-bmw-2002-thumb.jpg', 'https://photos.classiccars.com/cc-temp/listing/162/7953/51035253-1970-bmw-2002-thumb.jpg', 'https://photos.classiccars.com/cc-temp/listing/162/7953/51035254-1970-bmw-2002-thumb.jpg', 'https://photos.classiccars.com/cc-temp/listing/162/7953/51035256-1970-bmw-2002-thumb.jpg', 'https://photos.classiccars.com/cc-temp/listing/162/7953/51035257-1970-bmw-2002-thumb.jpg', 'https://photos.classiccars.com/cc-temp/listing/162/7953/51035258-1970-bmw-2002-thumb.jpg', 'https://photos.classiccars.com/cc-temp/listing/162/7953/51035259-1970-bmw-2002-thumb.jpg', 'https://photos.classiccars.com/cc-temp/listing/162/7953/51035260-1970-bmw-2002-thumb.jpg', 'https://photos.classiccars.com/cc-temp/listing/162/7953/51035261-1970-bmw-2002-thumb.jpg', 'https://photos.classiccars.com/cc-temp/listing/162/7953/51035263-1970-bmw-2002-thumb.jpg', 'https://photos.classiccars.com/cc-temp/listing/162/7953/51035262-1970-bmw-2002-thumb.jpg', 'https://photos.classiccars.com/cc-temp/listing/162/7953/51035264-1970-bmw-2002-thumb.jpg', 'https://photos.classiccars.com/cc-temp/listing/162/7953/51035265-1970-bmw-2002-thumb.jpg', 'https://photos.classiccars.com/cc-temp/listing/162/7953/51035266-1970-bmw-2002-thumb.jpg', 'https://photos.classiccars.com/cc-temp/listing/162/7953/51035267-1970-bmw-2002-thumb.jpg', 'https://photos.classiccars.com/cc-temp/listing/162/7953/51035268-1970-bmw-2002-thumb.jpg', 'https://photos.classiccars.com/cc-temp/listing/162/7953/51035269-1970-bmw-2002-thumb.jpg', 'https://photos.classiccars.com/cc-temp/listing/162/7953/51035270-1970-bmw-2002-thumb.jpg', 'https://photos.classiccars.com/cc-temp/listing/162/7953/51035271-1970-bmw-2002-thumb.jpg', 'https://photos.classiccars.com/cc-temp/listing/162/7953/51035272-1970-bmw-2002-thumb.jpg', 'https://photos.classiccars.com/cc-temp/listing/162/7953/51035273-1970-bmw-2002-thumb.jpg', 'https://photos.classiccars.com/cc-temp/listing/162/7953/51035274-1970-bmw-2002-thumb.jpg', 'https://photos.classiccars.com/cc-temp/listing/162/7953/51768295-1970-bmw-2002-thumb.jpg', 'https://photos.classiccars.com/cc-temp/listing/162/7953/51768296-1970-bmw-2002-thumb.jpg', 'https://photos.classiccars.com/cc-temp/listing/162/7953/51768297-1970-bmw-2002-thumb.jpg', 'https://photos.classiccars.com/cc-temp/listing/162/7953/51768298-1970-bmw-2002-thumb.jpg', 'https://photos.classiccars.com/cc-temp/listing/162/7953/51768299-1970-bmw-2002-thumb.jpg', 'https://photos.classiccars.com/cc-temp/listing/162/7953/51768300-1970-bmw-2002-thumb.jpg']"
1967 Ford Mustang,"$115,000",Candy Red,Manual,Fully Restored,Mustang,Ford,Rebuilt - Running,1967,"['https://photos.classiccars.com/cc-temp/listing/187/7730/48141078-1967-ford-mustang-gt350-thumb.jpg', 'https://photos.classiccars.com/cc-temp/listing/187/7730/48141083-1967-ford-mustang-gt350-thumb.jpg', 'https://photos.classiccars.com/cc-temp/listing/187/7730/48141081-1967-ford-mustang-gt350-thumb.jpg', 'https://photos.classiccars.com/cc-temp/listing/187/7730/48141082-1967-ford-mustang-gt350-thumb.jpg', 'https://photos.classiccars.com/cc-temp/listing/187/7730/48141079-1967-ford-mustang-gt350-thumb.jpg', 'https://photos.classiccars.com/cc-temp/listing/187/7730/48141080-1967-ford-mustang-gt350-thumb.jpg', 'https://photos.classiccars.com/cc-temp/listing/187/7730/48141084-1967-ford-mustang-gt350-thumb.jpg', 'https://photos.classiccars.com/cc-temp/listing/187/7730/48141085-1967-ford-mustang-gt350-thumb.jpg', 'https://photos.classiccars.com/cc-temp/listing/187/7730/48141086-1967-ford-mustang-gt350-thumb.jpg', 'https://photos.classiccars.com/cc-temp/listing/187/7730/48141087-1967-ford-mustang-gt350-thumb.jpg', 'https://photos.classiccars.com/cc-temp/listing/187/7730/48141088-1967-ford-mustang-gt350-thumb.jpg', 'https://photos.classiccars.com/cc-temp/listing/187/7730/48141089-1967-ford-mustang-gt350-thumb.jpg', 'https://photos.classiccars.com/cc-temp/listing/187/7730/48141090-1967-ford-mustang-gt350-thumb.jpg', 'https://photos.classiccars.com/cc-temp/listing/187/7730/48141091-1967-ford-mustang-gt350-thumb.jpg', 'https://photos.classiccars.com/cc-temp/listing/187/7730/48141099-1967-ford-mustang-gt350-thumb.jpg', 'https://photos.classiccars.com/cc-temp/listing/187/7730/48141100-1967-ford-mustang-gt350-thumb.jpg', 'https://photos.classiccars.com/cc-temp/listing/187/7730/48141092-1967-ford-mustang-gt350-thumb.jpg', 'https://photos.classiccars.com/cc-temp/listing/187/7730/48141093-1967-ford-mustang-gt350-thumb.jpg', 'https://photos.classiccars.com/cc-temp/listing/187/7730/48141094-1967-ford-mustang-gt350-thumb.jpg', 'https://photos.classiccars.com/cc-temp/listing/187/7730/48141095-1967-ford-mustang-gt350-thumb.jpg', 'https://photos.classiccars.com/cc-temp/listing/187/7730/48141096-1967-ford-mustang-gt350-thumb.jpg', 'https://photos.classiccars.com/cc-temp/listing/187/7730/48141097-1967-ford-mustang-gt350-thumb.jpg', 'https://photos.classiccars.com/cc-temp/listing/187/7730/48141098-1967-ford-mustang-gt350-thumb.jpg', 'https://photos.classiccars.com/cc-temp/listing/187/7730/48141101-1967-ford-mustang-gt350-thumb.jpg', 'https://photos.classiccars.com/cc-temp/listing/187/7730/48141102-1967-ford-mustang-gt350-thumb.jpg', 'https://photos.classiccars.com/cc-temp/listing/187/7730/48141103-1967-ford-mustang-gt350-thumb.jpg', 'https://photos.classiccars.com/cc-temp/listing/187/7730/48141104-1967-ford-mustang-gt350-thumb.jpg']"
1968 Chevrolet C10,"$72,500 (OBO)",METALLIC BLUE,Automatic,,C10,Chevrolet,Rebuilt - Running,1968,"['https://photos.classiccars.com/cc-temp/listing/192/8627/51184814-1968-chevrolet-1-2-ton-pickup-thumb.jpg', 'https://photos.classiccars.com/cc-temp/listing/192/8627/51184815-1968-chevrolet-1-2-ton-pickup-thumb.jpg', 'https://photos.classiccars.com/cc-temp/listing/192/8627/51184817-1968-chevrolet-1-2-ton-pickup-thumb.jpg', 'https://photos.classiccars.com/cc-temp/listing/192/8627/51184818-1968-chevrolet-1-2-ton-pickup-thumb.jpg', 'https://photos.classiccars.com/cc-temp/listing/192/8627/51184819-1968-chevrolet-1-2-ton-pickup-thumb.jpg', 'https://photos.classiccars.com/cc-temp/listing/192/8627/51184826-1968-chevrolet-1-2-ton-pickup-thumb.jpg', 'https://photos.classiccars.com/cc-temp/listing/192/8627/51184809-1968-chevrolet-1-2-ton-pickup-thumb.jpg', 'https://photos.classiccars.com/cc-temp/listing/192/8627/51184810-1968-chevrolet-1-2-ton-pickup-thumb.jpg', 'https://photos.classiccars.com/cc-temp/listing/192/8627/51184812-1968-chevrolet-1-2-ton-pickup-thumb.jpg', 'https://photos.classiccars.com/cc-temp/listing/192/8627/51184808-1968-chevrolet-1-2-ton-pickup-thumb.jpg', 'https://photos.classiccars.com/cc-temp/listing/192/8627/51184803-1968-chevrolet-1-2-ton-pickup-thumb.jpg', 'https://photos.classiccars.com/cc-temp/listing/192/8627/51184799-1968-chevrolet-1-2-ton-pickup-thumb.jpg', 'https://photos.classiccars.com/cc-temp/listing/192/8627/51184804-1968-chevrolet-1-2-ton-pickup-thumb.jpg', 'https://photos.classiccars.com/cc-temp/listing/192/8627/51184805-1968-chevrolet-1-2-ton-pickup-thumb.jpg', 'https://photos.classiccars.com/cc-temp/listing/192/8627/51184807-1968-chevrolet-1-2-ton-pickup-thumb.jpg', 'https://photos.classiccars.com/cc-temp/listing/192/8627/51184798-1968-chevrolet-1-2-ton-pickup-thumb.jpg', 'https://photos.classiccars.com/cc-temp/listing/192/8627/51184811-1968-chevrolet-1-2-ton-pickup-thumb.jpg', 'https://photos.classiccars.com/cc-temp/listing/192/8627/51184827-1968-chevrolet-1-2-ton-pickup-thumb.jpg', 'https://photos.classiccars.com/cc-temp/listing/192/8627/51184822-1968-chevrolet-1-2-ton-pickup-thumb.jpg', 'https://photos.classiccars.com/cc-temp/listing/192/8627/51184823-1968-chevrolet-1-2-ton-pickup-thumb.jpg', 'https://photos.classiccars.com/cc-temp/listing/192/8627/51184824-1968-chevrolet-1-2-ton-pickup-thumb.jpg', 'https://photos.classiccars.com/cc-temp/listing/192/8627/51184825-1968-chevrolet-1-2-ton-pickup-thumb.jpg']"
1968 Chevrolet Camaro,"$77,500",Island Teal,Manual,,Camaro,Chevrolet,Rebuilt - Running,1968,"['https://photos.classiccars.com/cc-temp/listing/192/7812/51133493-1968-chevrolet-camaro-thumb.jpg', 'https://photos.classiccars.com/cc-temp/listing/192/7812/51133494-1968-chevrolet-camaro-thumb.jpg', 'https://photos.classiccars.com/cc-temp/listing/192/7812/51133492-1968-chevrolet-camaro-thumb.jpg', 'https://photos.classiccars.com/cc-temp/listing/192/7812/51133495-1968-chevrolet-camaro-thumb.jpg', 'https://photos.classiccars.com/cc-temp/listing/192/7812/51133496-1968-chevrolet-camaro-thumb.jpg', 'https://photos.classiccars.com/cc-temp/listing/192/7812/51133497-1968-chevrolet-camaro-thumb.jpg', 'https://photos.classiccars.com/cc-temp/listing/192/7812/51133498-1968-chevrolet-camaro-thumb.jpg', 'https://photos.classiccars.com/cc-temp/listing/192/7812/51133501-1968-chevrolet-camaro-thumb.jpg', 'https://photos.classiccars.com/cc-temp/listing/192/7812/51133499-1968-chevrolet-camaro-thumb.jpg', 'https://photos.classiccars.com/cc-temp/listing/192/7812/51391372-1968-chevrolet-camaro-thumb.jpg', 'https://photos.classiccars.com/cc-temp/listing/192/7812/51391373-1968-chevrolet-camaro-thumb.jpg', 'https://photos.classiccars.com/cc-temp/listing/192/7812/51133500-1968-chevrolet-camaro-thumb.jpg', 'https://photos.classiccars.com/cc-temp/listing/192/7812/51391371-1968-chevrolet-camaro-thumb.jpg', 'https://photos.classiccars.com/cc-temp/listing/192/7812/51391374-1968-chevrolet-camaro-thumb.jpg']"
1965 Chevrolet Chevelle Malibu SS,"$62,000",Madeira Maroon,Manual,,Chevelle Malibu SS,Chevrolet, - ,1965,"['https://photos.classiccars.com/cc-temp/listing/187/9834/48874303-1965-chevrolet-chevelle-malibu-ss-thumb.jpg', 'https://photos.classiccars.com/cc-temp/listing/187/9834/48874302-1965-chevrolet-chevelle-malibu-ss-thumb.jpg', 'https://photos.classiccars.com/cc-temp/listing/187/9834/48874301-1965-chevrolet-chevelle-malibu-ss-thumb.jpg', 'https://photos.classiccars.com/cc-temp/listing/187/9834/48874300-1965-chevrolet-chevelle-malibu-ss-thumb.jpg', 'https://photos.classiccars.com/cc-temp/listing/187/9834/48874304-1965-chevrolet-chevelle-malibu-ss-thumb.jpg', 'https://photos.classiccars.com/cc-temp/listing/187/9834/48874299-1965-chevrolet-chevelle-malibu-ss-thumb.jpg', 'https://photos.classiccars.com/cc-temp/listing/187/9834/48874298-1965-chevrolet-chevelle-malibu-ss-thumb.jpg', 'https://photos.classiccars.com/cc-temp/listing/187/9834/48874305-1965-chevrolet-chevelle-malibu-ss-thumb.jpg', 'https://photos.classiccars.com/cc-temp/listing/187/9834/48874306-1965-chevrolet-chevelle-malibu-ss-thumb.jpg', 'https://photos.classiccars.com/cc-temp/listing/187/9834/48874308-1965-chevrolet-chevelle-malibu-ss-thumb.jpg', 'https://photos.classiccars.com/cc-temp/listing/187/9834/48874309-1965-chevrolet-chevelle-malibu-ss-thumb.jpg', 'https://photos.classiccars.com/cc-temp/listing/187/9834/48874310-1965-chevrolet-chevelle-malibu-ss-thumb.jpg', 'https://photos.classiccars.com/cc-temp/listing/187/9834/48874312-1965-chevrolet-chevelle-malibu-ss-thumb.jpg', 'https://photos.classiccars.com/cc-temp/listing/187/9834/48874313-1965-chevrolet-chevelle-malibu-ss-thumb.jpg', 'https://photos.classiccars.com/cc-temp/listing/187/9834/48874314-1965-chevrolet-chevelle-malibu-ss-thumb.jpg', 'https://photos.classiccars.com/cc-temp/listing/187/9834/48874315-1965-chevrolet-chevelle-malibu-ss-thumb.jpg', 'https://photos.classiccars.com/cc-temp/listing/187/9834/48874316-1965-chevrolet-chevelle-malibu-ss-thumb.jpg', 'https://photos.classiccars.com/cc-temp/listing/187/9834/48874317-1965-chevrolet-chevelle-malibu-ss-thumb.jpg', 'https://photos.classiccars.com/cc-temp/listing/187/9834/48874318-1965-chevrolet-chevelle-malibu-ss-thumb.jpg', 'https://photos.classiccars.com/cc-temp/listing/187/9834/48874319-1965-chevrolet-chevelle-malibu-ss-thumb.jpg', 'https://photos.classiccars.com/cc-temp/listing/187/9834/48874320-1965-chevrolet-chevelle-malibu-ss-thumb.jpg', 'https://photos.classiccars.com/cc-temp/listing/187/9834/48874321-1965-chevrolet-chevelle-malibu-ss-thumb.jpg', 'https://photos.classiccars.com/cc-temp/listing/187/9834/48874322-1965-chevrolet-chevelle-malibu-ss-thumb.jpg', 'https://photos.classiccars.com/cc-temp/listing/187/9834/48874323-1965-chevrolet-chevelle-malibu-ss-thumb.jpg', 'https://photos.classiccars.com/cc-temp/listing/187/9834/48874324-1965-chevrolet-chevelle-malibu-ss-thumb.jpg', 'https://photos.classiccars.com/cc-temp/listing/187/9834/48874325-1965-chevrolet-chevelle-malibu-ss-thumb.jpg', 'https://photos.classiccars.com/cc-temp/listing/187/9834/48874326-1965-chevrolet-chevelle-malibu-ss-thumb.jpg', 'https://photos.classiccars.com/cc-temp/listing/187/9834/48874327-1965-chevrolet-chevelle-malibu-ss-thumb.jpg', 'https://photos.classiccars.com/cc-temp/listing/187/9834/48874329-1965-chevrolet-chevelle-malibu-ss-thumb.jpg', 'https://photos.classiccars.com/cc-temp/listing/187/9834/48874330-1965-chevrolet-chevelle-malibu-ss-thumb.jpg', 'https://photos.classiccars.com/cc-temp/listing/187/9834/48874331-1965-chevrolet-chevelle-malibu-ss-thumb.jpg', 'https://photos.classiccars.com/cc-temp/listing/187/9834/48874332-1965-chevrolet-chevelle-malibu-ss-thumb.jpg', 'https://photos.classiccars.com/cc-temp/listing/187/9834/48874333-1965-chevrolet-chevelle-malibu-ss-thumb.jpg', 'https://photos.classiccars.com/cc-temp/listing/187/9834/48874334-1965-chevrolet-chevelle-malibu-ss-thumb.jpg', 'https://photos.classiccars.com/cc-temp/listing/187/9834/48874336-1965-chevrolet-chevelle-malibu-ss-thumb.jpg', 'https://photos.classiccars.com/cc-temp/listing/187/9834/48874337-1965-chevrolet-chevelle-malibu-ss-thumb.jpg', 'https://photos.classiccars.com/cc-temp/listing/187/9834/48874338-1965-chevrolet-chevelle-malibu-ss-thumb.jpg', 'https://photos.classiccars.com/cc-temp/listing/187/9834/48874339-1965-chevrolet-chevelle-malibu-ss-thumb.jpg']"
1965 Ford Mustang,"$27,500 (OBO)",Emerald Green,Manual,,Mustang,Ford, - ,1965,"['https://photos.classiccars.com/cc-temp/listing/191/4910/50297087-1965-ford-mustang-thumb.jpg', 'https://photos.classiccars.com/cc-temp/listing/191/4910/50297093-1965-ford-mustang-thumb.jpg', 'https://photos.classiccars.com/cc-temp/listing/191/4910/50297085-1965-ford-mustang-thumb.jpg', 'https://photos.classiccars.com/cc-temp/listing/191/4910/50297090-1965-ford-mustang-thumb.jpg', 'https://photos.classiccars.com/cc-temp/listing/191/4910/50297092-1965-ford-mustang-thumb.jpg', 'https://photos.classiccars.com/cc-temp/listing/191/4910/50297088-1965-ford-mustang-thumb.jpg', 'https://photos.classiccars.com/cc-temp/listing/191/4910/50297104-1965-ford-mustang-thumb.jpg', 'https://photos.classiccars.com/cc-temp/listing/191/4910/50297106-1965-ford-mustang-thumb.jpg', 'https://photos.classiccars.com/cc-temp/listing/191/4910/50297119-1965-ford-mustang-thumb.jpg', 'https://photos.classiccars.com/cc-temp/listing/191/4910/50297122-1965-ford-mustang-thumb.jpg', 'https://photos.classiccars.com/cc-temp/listing/191/4910/50297108-1965-ford-mustang-thumb.jpg', 'https://photos.classiccars.com/cc-temp/listing/191/4910/50297109-1965-ford-mustang-thumb.jpg', 'https://photos.classiccars.com/cc-temp/listing/191/4910/50297112-1965-ford-mustang-thumb.jpg', 'https://photos.classiccars.com/cc-temp/listing/191/4910/50297115-1965-ford-mustang-thumb.jpg', 'https://photos.classiccars.com/cc-temp/listing/191/4910/50297100-1965-ford-mustang-thumb.jpg', 'https://photos.classiccars.com/cc-temp/listing/191/4910/50297095-1965-ford-mustang-thumb.jpg', 'https://photos.classiccars.com/cc-temp/listing/191/4910/50297097-1965-ford-mustang-thumb.jpg', 'https://photos.classiccars.com/cc-temp/listing/191/4910/50297099-1965-ford-mustang-thumb.jpg']"
1960 Buick Electra 225,"$50,000",Black,Automatic,Fully Restored,Electra 225,Buick,Rebuilt - Running,1960,"['https://photos.classiccars.com/cc-temp/listing/187/3903/47929353-1960-buick-electra-225-thumb.jpg', 'https://photos.classiccars.com/cc-temp/listing/187/3903/47929352-1960-buick-electra-225-thumb.jpg', 'https://photos.classiccars.com/cc-temp/listing/187/3903/47929348-1960-buick-electra-225-thumb.jpg', 'https://photos.classiccars.com/cc-temp/listing/187/3903/47929357-1960-buick-electra-225-thumb.jpg', 'https://photos.classiccars.com/cc-temp/listing/187/3903/47929356-1960-buick-electra-225-thumb.jpg', 'https://photos.classiccars.com/cc-temp/listing/187/3903/47929355-1960-buick-electra-225-thumb.jpg', 'https://photos.classiccars.com/cc-temp/listing/187/3903/47929365-1960-buick-electra-225-thumb.jpg', 'https://photos.classiccars.com/cc-temp/listing/187/3903/47929366-1960-buick-electra-225-thumb.jpg', 'https://photos.classiccars.com/cc-temp/listing/187/3903/47929358-1960-buick-electra-225-thumb.jpg', 'https://photos.classiccars.com/cc-temp/listing/187/3903/47929361-1960-buick-electra-225-thumb.jpg', 'https://photos.classiccars.com/cc-temp/listing/187/3903/47929360-1960-buick-electra-225-thumb.jpg', 'https://photos.classiccars.com/cc-temp/listing/187/3903/47929362-1960-buick-electra-225-thumb.jpg', 'https://photos.classiccars.com/cc-temp/listing/187/3903/47929363-1960-buick-electra-225-thumb.jpg', 'https://photos.classiccars.com/cc-temp/listing/187/3903/47929364-1960-buick-electra-225-thumb.jpg', 'https://photos.classiccars.com/cc-temp/listing/187/3903/47929359-1960-buick-electra-225-thumb.jpg', 'https://photos.classiccars.com/cc-temp/listing/187/3903/47929367-1960-buick-electra-225-thumb.jpg']"
1955 Ford Thunderbird,"$48,000",red,Automatic,,Thunderbird,Ford,Rebuilt - Running,1955,"['https://photos.classiccars.com/cc-temp/listing/194/7141/52387604-1955-ford-thunderbird-thumb.jpg', 'https://photos.classiccars.com/cc-temp/listing/194/7141/52387603-1955-ford-thunderbird-thumb.jpg', 'https://photos.classiccars.com/cc-temp/listing/194/7141/52387606-1955-ford-thunderbird-thumb.jpg', 'https://photos.classiccars.com/cc-temp/listing/194/7141/52387608-1955-ford-thunderbird-thumb.jpg']"
1980 Chevrolet Camaro,"$15,000 (OBO)",BRONZE,Automatic,,Camaro,Chevrolet,Original - Running,1980,"['https://photos.classiccars.com/cc-temp/listing/188/5942/48647287-1980-chevrolet-camaro-thumb.jpg', 'https://photos.classiccars.com/cc-temp/listing/188/5942/48647298-1980-chevrolet-camaro-thumb.jpg', 'https://photos.classiccars.com/cc-temp/listing/188/5942/48647312-1980-chevrolet-camaro-thumb.jpg', 'https://photos.classiccars.com/cc-temp/listing/188/5942/48647299-1980-chevrolet-camaro-thumb.jpg', 'https://photos.classiccars.com/cc-temp/listing/188/5942/48647311-1980-chevrolet-camaro-thumb.jpg', 'https://photos.classiccars.com/cc-temp/listing/188/5942/48647296-1980-chevrolet-camaro-thumb.jpg', 'https://photos.classiccars.com/cc-temp/listing/188/5942/48647310-1980-chevrolet-camaro-thumb.jpg', 'https://photos.classiccars.com/cc-temp/listing/188/5942/48647295-1980-chevrolet-camaro-thumb.jpg', 'https://photos.classiccars.com/cc-temp/listing/188/5942/48647301-1980-chevrolet-camaro-thumb.jpg', 'https://photos.classiccars.com/cc-temp/listing/188/5942/48647293-1980-chevrolet-camaro-thumb.jpg', 'https://photos.classiccars.com/cc-temp/listing/188/5942/48647291-1980-chevrolet-camaro-thumb.jpg', 'https://photos.classiccars.com/cc-temp/listing/188/5942/48647308-1980-chevrolet-camaro-thumb.jpg', 'https://photos.classiccars.com/cc-temp/listing/188/5942/48647289-1980-chevrolet-camaro-thumb.jpg', 'https://photos.classiccars.com/cc-temp/listing/188/5942/48647285-1980-chevrolet-camaro-thumb.jpg', 'https://photos.classiccars.com/cc-temp/listing/188/5942/48647300-1980-chevrolet-camaro-thumb.jpg', 'https://photos.classiccars.com/cc-temp/listing/188/5942/48647286-1980-chevrolet-camaro-thumb.jpg', 'https://photos.classiccars.com/cc-temp/listing/188/5942/48647304-1980-chevrolet-camaro-thumb.jpg', 'https://photos.classiccars.com/cc-temp/listing/188/5942/48647314-1980-chevrolet-camaro-thumb.jpg', 'https://photos.classiccars.com/cc-temp/listing/188/5942/48647331-1980-chevrolet-camaro-thumb.jpg', 'https://photos.classiccars.com/cc-temp/listing/188/5942/48647328-1980-chevrolet-camaro-thumb.jpg', 'https://photos.classiccars.com/cc-temp/listing/188/5942/48647336-1980-chevrolet-camaro-thumb.jpg', 'https://photos.classiccars.com/cc-temp/listing/188/5942/48647332-1980-chevrolet-camaro-thumb.jpg', 'https://photos.classiccars.com/cc-temp/listing/188/5942/48647324-1980-chevrolet-camaro-thumb.jpg', 'https://photos.classiccars.com/cc-temp/listing/188/5942/48647326-1980-chevrolet-camaro-thumb.jpg', 'https://photos.classiccars.com/cc-temp/listing/188/5942/48647337-1980-chevrolet-camaro-thumb.jpg', 'https://photos.classiccars.com/cc-temp/listing/188/5942/48647320-1980-chevrolet-camaro-thumb.jpg', 'https://photos.classiccars.com/cc-temp/listing/188/5942/48647321-1980-chevrolet-camaro-thumb.jpg', 'https://photos.classiccars.com/cc-temp/listing/188/5942/48647333-1980-chevrolet-camaro-thumb.jpg', 'https://photos.classiccars.com/cc-temp/listing/188/5942/48647334-1980-chevrolet-camaro-thumb.jpg', 'https://photos.classiccars.com/cc-temp/listing/188/5942/48647335-1980-chevrolet-camaro-thumb.jpg', 'https://photos.classiccars.com/cc-temp/listing/188/5942/48647319-1980-chevrolet-camaro-thumb.jpg', 'https://photos.classiccars.com/cc-temp/listing/188/5942/48647318-1980-chevrolet-camaro-thumb.jpg', 'https://photos.classiccars.com/cc-temp/listing/188/5942/48647317-1980-chevrolet-camaro-thumb.jpg', 'https://photos.classiccars.com/cc-temp/listing/188/5942/48647316-1980-chevrolet-camaro-thumb.jpg', 'https://photos.classiccars.com/cc-temp/listing/188/5942/48647322-1980-chevrolet-camaro-thumb.jpg', 'https://photos.classiccars.com/cc-temp/listing/188/5942/48647315-1980-chevrolet-camaro-thumb.jpg', 'https://photos.classiccars.com/cc-temp/listing/188/5942/48647323-1980-chevrolet-camaro-thumb.jpg', 'https://photos.classiccars.com/cc-temp/listing/188/5942/48647338-1980-chevrolet-camaro-thumb.jpg', 'https://photos.classiccars.com/cc-temp/listing/188/5942/48647339-1980-chevrolet-camaro-thumb.jpg', 'https://photos.classiccars.com/cc-temp/listing/188/5942/48647340-1980-chevrolet-camaro-thumb.jpg', 'https://photos.classiccars.com/cc-temp/listing/188/5942/48647342-1980-chevrolet-camaro-thumb.jpg', 'https://photos.classiccars.com/cc-temp/listing/188/5942/48647343-1980-chevrolet-camaro-thumb.jpg', 'https://photos.classiccars.com/cc-temp/listing/188/5942/48647345-1980-chevrolet-camaro-thumb.jpg', 'https://photos.classiccars.com/cc-temp/listing/188/5942/48647347-1980-chevrolet-camaro-thumb.jpg', 'https://photos.classiccars.com/cc-temp/listing/188/5942/48647348-1980-chevrolet-camaro-thumb.jpg', 'https://photos.classiccars.com/cc-temp/listing/188/5942/48647349-1980-chevrolet-camaro-thumb.jpg', 'https://photos.classiccars.com/cc-temp/listing/188/5942/48647365-1980-chevrolet-camaro-thumb.jpg', 'https://photos.classiccars.com/cc-temp/listing/188/5942/48647380-1980-chevrolet-camaro-thumb.jpg', 'https://photos.classiccars.com/cc-temp/listing/188/5942/48647388-1980-chevrolet-camaro-thumb.jpg', 'https://photos.classiccars.com/cc-temp/listing/188/5942/48647389-1980-chevrolet-camaro-thumb.jpg', 'https://photos.classiccars.com/cc-temp/listing/188/5942/48647390-1980-chevrolet-camaro-thumb.jpg', 'https://photos.classiccars.com/cc-temp/listing/188/5942/48647403-1980-chevrolet-camaro-thumb.jpg', 'https://photos.classiccars.com/cc-temp/listing/188/5942/48647434-1980-chevrolet-camaro-thumb.jpg', 'https://photos.classiccars.com/cc-temp/listing/188/5942/48647439-1980-chevrolet-camaro-thumb.jpg', 'https://photos.classiccars.com/cc-temp/listing/188/5942/48647441-1980-chevrolet-camaro-thumb.jpg', 'https://photos.classiccars.com/cc-temp/listing/188/5942/48647442-1980-chevrolet-camaro-thumb.jpg', 'https://photos.classiccars.com/cc-temp/listing/188/5942/48647443-1980-chevrolet-camaro-thumb.jpg', 'https://photos.classiccars.com/cc-temp/listing/188/5942/48647444-1980-chevrolet-camaro-thumb.jpg', 'https://photos.classiccars.com/cc-temp/listing/188/5942/48647446-1980-chevrolet-camaro-thumb.jpg', 'https://photos.classiccars.com/cc-temp/listing/188/5942/48647449-1980-chevrolet-camaro-thumb.jpg', 'https://photos.classiccars.com/cc-temp/listing/188/5942/48647450-1980-chevrolet-camaro-thumb.jpg', 'https://photos.classiccars.com/cc-temp/listing/188/5942/48647451-1980-chevrolet-camaro-thumb.jpg', 'https://photos.classiccars.com/cc-temp/listing/188/5942/48647455-1980-chevrolet-camaro-thumb.jpg', 'https://photos.classiccars.com/cc-temp/listing/188/5942/48647457-1980-chevrolet-camaro-thumb.jpg', 'https://photos.classiccars.com/cc-temp/listing/188/5942/48647461-1980-chevrolet-camaro-thumb.jpg', 'https://photos.classiccars.com/cc-temp/listing/188/5942/48647462-1980-chevrolet-camaro-thumb.jpg', 'https://photos.classiccars.com/cc-temp/listing/188/5942/48647463-1980-chevrolet-camaro-thumb.jpg', 'https://photos.classiccars.com/cc-temp/listing/188/5942/48647464-1980-chevrolet-camaro-thumb.jpg', 'https://photos.classiccars.com/cc-temp/listing/188/5942/48647465-1980-chevrolet-camaro-thumb.jpg', 'https://photos.classiccars.com/cc-temp/listing/188/5942/48647466-1980-chevrolet-camaro-thumb.jpg', 'https://photos.classiccars.com/cc-temp/listing/188/5942/48647468-1980-chevrolet-camaro-thumb.jpg', 'https://photos.classiccars.com/cc-temp/listing/188/5942/48647526-1980-chevrolet-camaro-thumb.jpg', 'https://photos.classiccars.com/cc-temp/listing/188/5942/48647527-1980-chevrolet-camaro-thumb.jpg', 'https://photos.classiccars.com/cc-temp/listing/188/5942/48647530-1980-chevrolet-camaro-thumb.jpg', 'https://photos.classiccars.com/cc-temp/listing/188/5942/48647533-1980-chevrolet-camaro-thumb.jpg', 'https://photos.classiccars.com/cc-temp/listing/188/5942/48647534-1980-chevrolet-camaro-thumb.jpg', 'https://photos.classiccars.com/cc-temp/listing/188/5942/48647536-1980-chevrolet-camaro-thumb.jpg', 'https://photos.classiccars.com/cc-temp/listing/188/5942/48647538-1980-chevrolet-camaro-thumb.jpg', 'https://photos.classiccars.com/cc-temp/listing/188/5942/48647541-1980-chevrolet-camaro-thumb.jpg', 'https://photos.classiccars.com/cc-temp/listing/188/5942/48647543-1980-chevrolet-camaro-thumb.jpg', 'https://photos.classiccars.com/cc-temp/listing/188/5942/48647545-1980-chevrolet-camaro-thumb.jpg', 'https://photos.classiccars.com/cc-temp/listing/188/5942/48647547-1980-chevrolet-camaro-thumb.jpg', 'https://photos.classiccars.com/cc-temp/listing/188/5942/48647549-1980-chevrolet-camaro-thumb.jpg', 'https://photos.classiccars.com/cc-temp/listing/188/5942/48647550-1980-chevrolet-camaro-thumb.jpg', 'https://photos.classiccars.com/cc-temp/listing/188/5942/48647552-1980-chevrolet-camaro-thumb.jpg', 'https://photos.classiccars.com/cc-temp/listing/188/5942/48647553-1980-chevrolet-camaro-thumb.jpg', 'https://photos.classiccars.com/cc-temp/listing/188/5942/48647554-1980-chevrolet-camaro-thumb.jpg', 'https://photos.classiccars.com/cc-temp/listing/188/5942/48647555-1980-chevrolet-camaro-thumb.jpg', 'https://photos.classiccars.com/cc-temp/listing/188/5942/48647556-1980-chevrolet-camaro-thumb.jpg', 'https://photos.classiccars.com/cc-temp/listing/188/5942/48647557-1980-chevrolet-camaro-thumb.jpg', 'https://photos.classiccars.com/cc-temp/listing/188/5942/48647562-1980-chevrolet-camaro-thumb.jpg', 'https://photos.classiccars.com/cc-temp/listing/188/5942/48647576-1980-chevrolet-camaro-thumb.jpg', 'https://photos.classiccars.com/cc-temp/listing/188/5942/48647579-1980-chevrolet-camaro-thumb.jpg', 'https://photos.classiccars.com/cc-temp/listing/188/5942/48647582-1980-chevrolet-camaro-thumb.jpg', 'https://photos.classiccars.com/cc-temp/listing/188/5942/48647632-1980-chevrolet-camaro-thumb.jpg', 'https://photos.classiccars.com/cc-temp/listing/188/5942/48647586-1980-chevrolet-camaro-thumb.jpg', 'https://photos.classiccars.com/cc-temp/listing/188/5942/48647746-1980-chevrolet-camaro-thumb.jpg', 'https://photos.classiccars.com/cc-temp/listing/188/5942/48647759-1980-chevrolet-camaro-thumb.jpg', 'https://photos.classiccars.com/cc-temp/listing/188/5942/48647329-1980-chevrolet-camaro-thumb.jpg']"
1974 Ford Bronco,"$98,000",Black,Automatic,,Bronco,Ford, - ,1974,"['https://photos.classiccars.com/cc-temp/listing/192/7834/51134225-1974-ford-bronco-thumb.jpg', 'https://photos.classiccars.com/cc-temp/listing/192/7834/51134226-1974-ford-bronco-thumb.jpg', 'https://photos.classiccars.com/cc-temp/listing/192/7834/51134227-1974-ford-bronco-thumb.jpg', 'https://photos.classiccars.com/cc-temp/listing/192/7834/51134228-1974-ford-bronco-thumb.jpg', 'https://photos.classiccars.com/cc-temp/listing/192/7834/51134229-1974-ford-bronco-thumb.jpg', 'https://photos.classiccars.com/cc-temp/listing/192/7834/51134230-1974-ford-bronco-thumb.jpg', 'https://photos.classiccars.com/cc-temp/listing/192/7834/51134231-1974-ford-bronco-thumb.jpg', 'https://photos.classiccars.com/cc-temp/listing/192/7834/51134232-1974-ford-bronco-thumb.jpg', 'https://photos.classiccars.com/cc-temp/listing/192/7834/51134233-1974-ford-bronco-thumb.jpg', 'https://photos.classiccars.com/cc-temp/listing/192/7834/51134234-1974-ford-bronco-thumb.jpg', 'https://photos.classiccars.com/cc-temp/listing/192/7834/51134235-1974-ford-bronco-thumb.jpg', 'https://photos.classiccars.com/cc-temp/listing/192/7834/51134236-1974-ford-bronco-thumb.jpg']"
1969 Ford Mustang Mach 1,"$85,000 (OBO)",Black,Manual,,Mustang Mach 1,Ford,Rebuilt - Running,1969,"['https://photos.classiccars.com/cc-temp/listing/193/6600/51682878-1969-ford-mustang-mach-1-thumb.jpg', 'https://photos.classiccars.com/cc-temp/listing/193/6600/51682879-1969-ford-mustang-mach-1-thumb.jpg', 'https://photos.classiccars.com/cc-temp/listing/193/6600/51682880-1969-ford-mustang-mach-1-thumb.jpg', 'https://photos.classiccars.com/cc-temp/listing/193/6600/51682875-1969-ford-mustang-mach-1-thumb.jpg', 'https://photos.classiccars.com/cc-temp/listing/193/6600/51682874-1969-ford-mustang-mach-1-thumb.jpg', 'https://photos.classiccars.com/cc-temp/listing/193/6600/51682884-1969-ford-mustang-mach-1-thumb.jpg', 'https://photos.classiccars.com/cc-temp/listing/193/6600/51682885-1969-ford-mustang-mach-1-thumb.jpg', 'https://photos.classiccars.com/cc-temp/listing/193/6600/51682886-1969-ford-mustang-mach-1-thumb.jpg', 'https://photos.classiccars.com/cc-temp/listing/193/6600/51682887-1969-ford-mustang-mach-1-thumb.jpg', 'https://photos.classiccars.com/cc-temp/listing/193/6600/51682876-1969-ford-mustang-mach-1-thumb.jpg', 'https://photos.classiccars.com/cc-temp/listing/193/6600/51682877-1969-ford-mustang-mach-1-thumb.jpg', 'https://photos.classiccars.com/cc-temp/listing/193/6600/51682882-1969-ford-mustang-mach-1-thumb.jpg']"
2007 Haulmark Trailer,"$19,750 (OBO)",Red,,,Trailer,Haulmark, - ,2007,"['https://photos.classiccars.com/cc-temp/listing/192/5275/50961020-2007-haulmark-trailer-thumb.jpg', 'https://photos.classiccars.com/cc-temp/listing/192/5275/50961018-2007-haulmark-trailer-thumb.jpg', 'https://photos.classiccars.com/cc-temp/listing/192/5275/50961014-2007-haulmark-trailer-thumb.jpg', 'https://photos.classiccars.com/cc-temp/listing/192/5275/50961023-2007-haulmark-trailer-thumb.jpg', 'https://photos.classiccars.com/cc-temp/listing/192/5275/50961022-2007-haulmark-trailer-thumb.jpg', 'https://photos.classiccars.com/cc-temp/listing/192/5275/50961021-2007-haulmark-trailer-thumb.jpg', 'https://photos.classiccars.com/cc-temp/listing/192/5275/50961015-2007-haulmark-trailer-thumb.jpg', 'https://photos.classiccars.com/cc-temp/listing/192/5275/50961009-2007-haulmark-trailer-thumb.jpg', 'https://photos.classiccars.com/cc-temp/listing/192/5275/50961010-2007-haulmark-trailer-thumb.jpg', 'https://photos.classiccars.com/cc-temp/listing/192/5275/50961011-2007-haulmark-trailer-thumb.jpg', 'https://photos.classiccars.com/cc-temp/listing/192/5275/50961012-2007-haulmark-trailer-thumb.jpg', 'https://photos.classiccars.com/cc-temp/listing/192/5275/50961013-2007-haulmark-trailer-thumb.jpg', 'https://photos.classiccars.com/cc-temp/listing/192/5275/50961016-2007-haulmark-trailer-thumb.jpg', 'https://photos.classiccars.com/cc-temp/listing/192/5275/50961017-2007-haulmark-trailer-thumb.jpg', 'https://photos.classiccars.com/cc-temp/listing/192/5275/50961024-2007-haulmark-trailer-thumb.jpg', 'https://photos.classiccars.com/cc-temp/listing/192/5275/50961025-2007-haulmark-trailer-thumb.jpg', 'https://photos.classiccars.com/cc-temp/listing/192/5275/50961026-2007-haulmark-trailer-thumb.jpg']"
2001 Toyota 4Runner,"$36,200 (OBO)",Silver,Automatic,,4Runner,Toyota,Original - Running,2001,"['https://photos.classiccars.com/cc-temp/listing/191/9553/50600616-2001-toyota-4runner-thumb.jpg', 'https://photos.classiccars.com/cc-temp/listing/191/9553/50600610-2001-toyota-4runner-thumb.jpg', 'https://photos.classiccars.com/cc-temp/listing/191/9553/50600617-2001-toyota-4runner-thumb.jpg', 'https://photos.classiccars.com/cc-temp/listing/191/9553/50600651-2001-toyota-4runner-thumb.jpg', 'https://photos.classiccars.com/cc-temp/listing/191/9553/50600630-2001-toyota-4runner-thumb.jpg', 'https://photos.classiccars.com/cc-temp/listing/191/9553/50600620-2001-toyota-4runner-thumb.jpg', 'https://photos.classiccars.com/cc-temp/listing/191/9553/50600618-2001-toyota-4runner-thumb.jpg', 'https://photos.classiccars.com/cc-temp/listing/191/9553/50600619-2001-toyota-4runner-thumb.jpg', 'https://photos.classiccars.com/cc-temp/listing/191/9553/50600611-2001-toyota-4runner-thumb.jpg', 'https://photos.classiccars.com/cc-temp/listing/191/9553/50600652-2001-toyota-4runner-thumb.jpg', 'https://photos.classiccars.com/cc-temp/listing/191/9553/50600626-2001-toyota-4runner-thumb.jpg', 'https://photos.classiccars.com/cc-temp/listing/191/9553/50600632-2001-toyota-4runner-thumb.jpg', 'https://photos.classiccars.com/cc-temp/listing/191/9553/50600604-2001-toyota-4runner-thumb.jpg', 'https://photos.classiccars.com/cc-temp/listing/191/9553/50600605-2001-toyota-4runner-thumb.jpg', 'https://photos.classiccars.com/cc-temp/listing/191/9553/50600612-2001-toyota-4runner-thumb.jpg', 'https://photos.classiccars.com/cc-temp/listing/191/9553/50600613-2001-toyota-4runner-thumb.jpg', 'https://photos.classiccars.com/cc-temp/listing/191/9553/50600631-2001-toyota-4runner-thumb.jpg', 'https://photos.classiccars.com/cc-temp/listing/191/9553/50600614-2001-toyota-4runner-thumb.jpg', 'https://photos.classiccars.com/cc-temp/listing/191/9553/50600629-2001-toyota-4runner-thumb.jpg', 'https://photos.classiccars.com/cc-temp/listing/191/9553/50600607-2001-toyota-4runner-thumb.jpg', 'https://photos.classiccars.com/cc-temp/listing/191/9553/50600622-2001-toyota-4runner-thumb.jpg', 'https://photos.classiccars.com/cc-temp/listing/191/9553/50600609-2001-toyota-4runner-thumb.jpg', 'https://photos.classiccars.com/cc-temp/listing/191/9553/50600615-2001-toyota-4runner-thumb.jpg', 'https://photos.classiccars.com/cc-temp/listing/191/9553/50600621-2001-toyota-4runner-thumb.jpg', 'https://photos.classiccars.com/cc-temp/listing/191/9553/50600623-2001-toyota-4runner-thumb.jpg', 'https://photos.classiccars.com/cc-temp/listing/191/9553/50600624-2001-toyota-4runner-thumb.jpg', 'https://photos.classiccars.com/cc-temp/listing/191/9553/50600625-2001-toyota-4runner-thumb.jpg', 'https://photos.classiccars.com/cc-temp/listing/191/9553/50600633-2001-toyota-4runner-thumb.jpg', 'https://photos.classiccars.com/cc-temp/listing/191/9553/50600634-2001-toyota-4runner-thumb.jpg', 'https://photos.classiccars.com/cc-temp/listing/191/9553/50600635-2001-toyota-4runner-thumb.jpg', 'https://photos.classiccars.com/cc-temp/listing/191/9553/50600636-2001-toyota-4runner-thumb.jpg', 'https://photos.classiccars.com/cc-temp/listing/191/9553/50600637-2001-toyota-4runner-thumb.jpg', 'https://photos.classiccars.com/cc-temp/listing/191/9553/50600638-2001-toyota-4runner-thumb.jpg', 'https://photos.classiccars.com/cc-temp/listing/191/9553/50600639-2001-toyota-4runner-thumb.jpg', 'https://photos.classiccars.com/cc-temp/listing/191/9553/50600640-2001-toyota-4runner-thumb.jpg', 'https://photos.classiccars.com/cc-temp/listing/191/9553/50600645-2001-toyota-4runner-thumb.jpg', 'https://photos.classiccars.com/cc-temp/listing/191/9553/50600646-2001-toyota-4runner-thumb.jpg', 'https://photos.classiccars.com/cc-temp/listing/191/9553/50600647-2001-toyota-4runner-thumb.jpg', 'https://photos.classiccars.com/cc-temp/listing/191/9553/50600648-2001-toyota-4runner-thumb.jpg', 'https://photos.classiccars.com/cc-temp/listing/191/9553/50600649-2001-toyota-4runner-thumb.jpg', 'https://photos.classiccars.com/cc-temp/listing/191/9553/50600650-2001-toyota-4runner-thumb.jpg', 'https://photos.classiccars.com/cc-temp/listing/191/9553/50600608-2001-toyota-4runner-thumb.jpg', 'https://photos.classiccars.com/cc-temp/listing/191/9553/50600644-2001-toyota-4runner-thumb.jpg', 'https://photos.classiccars.com/cc-temp/listing/191/9553/50600643-2001-toyota-4runner-thumb.jpg', 'https://photos.classiccars.com/cc-temp/listing/191/9553/50600641-2001-toyota-4runner-thumb.jpg', 'https://photos.classiccars.com/cc-temp/listing/191/9553/50600642-2001-toyota-4runner-thumb.jpg', 'https://photos.classiccars.com/cc-temp/listing/191/9553/50600606-2001-toyota-4runner-thumb.jpg', 'https://photos.classiccars.com/cc-temp/listing/191/9553/50600627-2001-toyota-4runner-thumb.jpg', 'https://photos.classiccars.com/cc-temp/listing/191/9553/50600628-2001-toyota-4runner-thumb.jpg']"
1991 Chevrolet Caprice,"$14,900",Dark Sapphire,Automatic,Unrestored,Caprice,Chevrolet,Rebuilt - Running,1991,"['https://photos.classiccars.com/cc-temp/listing/138/6916/22314524-1991-chevrolet-caprice-thumb.jpg', 'https://photos.classiccars.com/cc-temp/listing/138/6916/22128087-1991-chevrolet-caprice-thumb.jpg', 'https://photos.classiccars.com/cc-temp/listing/138/6916/22128086-1991-chevrolet-caprice-thumb.jpg', 'https://photos.classiccars.com/cc-temp/listing/138/6916/22128083-1991-chevrolet-caprice-thumb.jpg', 'https://photos.classiccars.com/cc-temp/listing/138/6916/22128084-1991-chevrolet-caprice-thumb.jpg', 'https://photos.classiccars.com/cc-temp/listing/138/6916/45075287-1991-chevrolet-caprice-thumb.jpg', 'https://photos.classiccars.com/cc-temp/listing/138/6916/45075288-1991-chevrolet-caprice-thumb.jpg', 'https://photos.classiccars.com/cc-temp/listing/138/6916/45075310-1991-chevrolet-caprice-thumb.jpg', 'https://photos.classiccars.com/cc-temp/listing/138/6916/45075328-1991-chevrolet-caprice-thumb.jpg', 'https://photos.classiccars.com/cc-temp/listing/138/6916/45075331-1991-chevrolet-caprice-thumb.jpg', 'https://photos.classiccars.com/cc-temp/listing/138/6916/45075373-1991-chevrolet-caprice-thumb.jpg', 'https://photos.classiccars.com/cc-temp/listing/138/6916/45075382-1991-chevrolet-caprice-thumb.jpg']"
2007 Harley-Davidson Heritage Softail,"$9,500",Red,Manual,,Heritage Softail,Harley-Davidson,Original - Running,2007,"['https://photos.classiccars.com/cc-temp/listing/194/7586/52412023-2007-harley-davidson-heritage-softail-thumb.jpg', 'https://photos.classiccars.com/cc-temp/listing/194/7586/52412041-2007-harley-davidson-heritage-softail-thumb.jpg', 'https://photos.classiccars.com/cc-temp/listing/194/7586/52412019-2007-harley-davidson-heritage-softail-thumb.jpg', 'https://photos.classiccars.com/cc-temp/listing/194/7586/52412042-2007-harley-davidson-heritage-softail-thumb.jpg', 'https://photos.classiccars.com/cc-temp/listing/194/7586/52412043-2007-harley-davidson-heritage-softail-thumb.jpg', 'https://photos.classiccars.com/cc-temp/listing/194/7586/52412045-2007-harley-davidson-heritage-softail-thumb.jpg', 'https://photos.classiccars.com/cc-temp/listing/194/7586/52412016-2007-harley-davidson-heritage-softail-thumb.jpg', 'https://photos.classiccars.com/cc-temp/listing/194/7586/52412022-2007-harley-davidson-heritage-softail-thumb.jpg', 'https://photos.classiccars.com/cc-temp/listing/194/7586/52412044-2007-harley-davidson-heritage-softail-thumb.jpg', 'https://photos.classiccars.com/cc-temp/listing/194/7586/52412017-2007-harley-davidson-heritage-softail-thumb.jpg', 'https://photos.classiccars.com/cc-temp/listing/194/7586/52412018-2007-harley-davidson-heritage-softail-thumb.jpg', 'https://photos.classiccars.com/cc-temp/listing/194/7586/52412040-2007-harley-davidson-heritage-softail-thumb.jpg']"
1957 Chevrolet 150,"$55,500 (OBO)",Black,Automatic,Fully Restored,150,Chevrolet,Replaced - Running,1957,"['https://photos.classiccars.com/cc-temp/listing/153/2518/28547875-1957-chevrolet-150-thumb.jpg', 'https://photos.classiccars.com/cc-temp/listing/153/2518/28547882-1957-chevrolet-150-thumb.jpg', 'https://photos.classiccars.com/cc-temp/listing/153/2518/28547925-1957-chevrolet-150-thumb.jpg', 'https://photos.classiccars.com/cc-temp/listing/153/2518/28547889-1957-chevrolet-150-thumb.jpg', 'https://photos.classiccars.com/cc-temp/listing/153/2518/28547933-1957-chevrolet-150-thumb.jpg', 'https://photos.classiccars.com/cc-temp/listing/153/2518/28547932-1957-chevrolet-150-thumb.jpg', 'https://photos.classiccars.com/cc-temp/listing/153/2518/28547931-1957-chevrolet-150-thumb.jpg', 'https://photos.classiccars.com/cc-temp/listing/153/2518/28547926-1957-chevrolet-150-thumb.jpg', 'https://photos.classiccars.com/cc-temp/listing/153/2518/28547895-1957-chevrolet-150-thumb.jpg', 'https://photos.classiccars.com/cc-temp/listing/153/2518/28547904-1957-chevrolet-150-thumb.jpg', 'https://photos.classiccars.com/cc-temp/listing/153/2518/28547903-1957-chevrolet-150-thumb.jpg', 'https://photos.classiccars.com/cc-temp/listing/153/2518/28547919-1957-chevrolet-150-thumb.jpg', 'https://photos.classiccars.com/cc-temp/listing/153/2518/28547902-1957-chevrolet-150-thumb.jpg', 'https://photos.classiccars.com/cc-temp/listing/153/2518/28547920-1957-chevrolet-150-thumb.jpg', 'https://photos.classiccars.com/cc-temp/listing/153/2518/28547921-1957-chevrolet-150-thumb.jpg', 'https://photos.classiccars.com/cc-temp/listing/153/2518/28547922-1957-chevrolet-150-thumb.jpg', 'https://photos.classiccars.com/cc-temp/listing/153/2518/28547923-1957-chevrolet-150-thumb.jpg', 'https://photos.classiccars.com/cc-temp/listing/153/2518/28547924-1957-chevrolet-150-thumb.jpg', 'https://photos.classiccars.com/cc-temp/listing/153/2518/28547927-1957-chevrolet-150-thumb.jpg', 'https://photos.classiccars.com/cc-temp/listing/153/2518/28547928-1957-chevrolet-150-thumb.jpg', 'https://photos.classiccars.com/cc-temp/listing/153/2518/28547929-1957-chevrolet-150-thumb.jpg', 'https://photos.classiccars.com/cc-temp/listing/153/2518/28547930-1957-chevrolet-150-thumb.jpg', 'https://photos.classiccars.com/cc-temp/listing/153/2518/28547901-1957-chevrolet-150-thumb.jpg', 'https://photos.classiccars.com/cc-temp/listing/153/2518/28547899-1957-chevrolet-150-thumb.jpg', 'https://photos.classiccars.com/cc-temp/listing/153/2518/28547897-1957-chevrolet-150-thumb.jpg', 'https://photos.classiccars.com/cc-temp/listing/153/2518/28547900-1957-chevrolet-150-thumb.jpg']"
1961 Dodge Dart,"$30,000",Black,Automatic,,Dart,Dodge, - Running,1961,"['https://photos.classiccars.com/cc-temp/listing/169/8433/37454791-1961-dodge-dart-thumb.jpg', 'https://photos.classiccars.com/cc-temp/listing/169/8433/37454797-1961-dodge-dart-thumb.jpg', 'https://photos.classiccars.com/cc-temp/listing/169/8433/37454792-1961-dodge-dart-thumb.jpg', 'https://photos.classiccars.com/cc-temp/listing/169/8433/37454798-1961-dodge-dart-thumb.jpg', 'https://photos.classiccars.com/cc-temp/listing/169/8433/37454793-1961-dodge-dart-thumb.jpg', 'https://photos.classiccars.com/cc-temp/listing/169/8433/37454794-1961-dodge-dart-thumb.jpg', 'https://photos.classiccars.com/cc-temp/listing/169/8433/37454799-1961-dodge-dart-thumb.jpg', 'https://photos.classiccars.com/cc-temp/listing/169/8433/37454796-1961-dodge-dart-thumb.jpg', 'https://photos.classiccars.com/cc-temp/listing/169/8433/37768263-1961-dodge-dart-thumb.jpg', 'https://photos.classiccars.com/cc-temp/listing/169/8433/37768284-1961-dodge-dart-thumb.jpg', 'https://photos.classiccars.com/cc-temp/listing/169/8433/37768386-1961-dodge-dart-thumb.jpg', 'https://photos.classiccars.com/cc-temp/listing/169/8433/37768439-1961-dodge-dart-thumb.jpg', 'https://photos.classiccars.com/cc-temp/listing/169/8433/37768448-1961-dodge-dart-thumb.jpg', 'https://photos.classiccars.com/cc-temp/listing/169/8433/37768526-1961-dodge-dart-thumb.jpg', 'https://photos.classiccars.com/cc-temp/listing/169/8433/37768594-1961-dodge-dart-thumb.jpg', 'https://photos.classiccars.com/cc-temp/listing/169/8433/37768608-1961-dodge-dart-thumb.jpg', 'https://photos.classiccars.com/cc-temp/listing/169/8433/37768657-1961-dodge-dart-thumb.jpg', 'https://photos.classiccars.com/cc-temp/listing/169/8433/37768695-1961-dodge-dart-thumb.jpg']"
1948 Ford 1-1/2 Ton Pickup,"$31,500 (OBO)",Yellow,Automatic,,1-1/2 Ton Pickup,Ford, - ,1948,"['https://photos.classiccars.com/cc-temp/listing/193/3211/51468827-1948-ford-1-1-2-ton-pickup-thumb.jpg', 'https://photos.classiccars.com/cc-temp/listing/193/3211/51468831-1948-ford-1-1-2-ton-pickup-thumb.jpg', 'https://photos.classiccars.com/cc-temp/listing/193/3211/51468832-1948-ford-1-1-2-ton-pickup-thumb.jpg', 'https://photos.classiccars.com/cc-temp/listing/193/3211/51468833-1948-ford-1-1-2-ton-pickup-thumb.jpg', 'https://photos.classiccars.com/cc-temp/listing/193/3211/51639450-1948-ford-1-1-2-ton-pickup-thumb.jpg', 'https://photos.classiccars.com/cc-temp/listing/193/3211/51639451-1948-ford-1-1-2-ton-pickup-thumb.jpg', 'https://photos.classiccars.com/cc-temp/listing/193/3211/51639452-1948-ford-1-1-2-ton-pickup-thumb.jpg', 'https://photos.classiccars.com/cc-temp/listing/193/3211/51639453-1948-ford-1-1-2-ton-pickup-thumb.jpg', 'https://photos.classiccars.com/cc-temp/listing/193/3211/51639454-1948-ford-1-1-2-ton-pickup-thumb.jpg', 'https://photos.classiccars.com/cc-temp/listing/193/3211/51639455-1948-ford-1-1-2-ton-pickup-thumb.jpg', 'https://photos.classiccars.com/cc-temp/listing/193/3211/51639456-1948-ford-1-1-2-ton-pickup-thumb.jpg', 'https://photos.classiccars.com/cc-temp/listing/193/3211/51639457-1948-ford-1-1-2-ton-pickup-thumb.jpg', 'https://photos.classiccars.com/cc-temp/listing/193/3211/51639458-1948-ford-1-1-2-ton-pickup-thumb.jpg', 'https://photos.classiccars.com/cc-temp/listing/193/3211/51639459-1948-ford-1-1-2-ton-pickup-thumb.jpg', 'https://photos.classiccars.com/cc-temp/listing/193/3211/51639460-1948-ford-1-1-2-ton-pickup-thumb.jpg', 'https://photos.classiccars.com/cc-temp/listing/193/3211/51639461-1948-ford-1-1-2-ton-pickup-thumb.jpg', 'https://photos.classiccars.com/cc-temp/listing/193/3211/51639462-1948-ford-1-1-2-ton-pickup-thumb.jpg', 'https://photos.classiccars.com/cc-temp/listing/193/3211/51639463-1948-ford-1-1-2-ton-pickup-thumb.jpg', 'https://photos.classiccars.com/cc-temp/listing/193/3211/51639464-1948-ford-1-1-2-ton-pickup-thumb.jpg', 'https://photos.classiccars.com/cc-temp/listing/193/3211/51639465-1948-ford-1-1-2-ton-pickup-thumb.jpg', 'https://photos.classiccars.com/cc-temp/listing/193/3211/51639466-1948-ford-1-1-2-ton-pickup-thumb.jpg', 'https://photos.classiccars.com/cc-temp/listing/193/3211/51639467-1948-ford-1-1-2-ton-pickup-thumb.jpg', 'https://photos.classiccars.com/cc-temp/listing/193/3211/51639468-1948-ford-1-1-2-ton-pickup-thumb.jpg', 'https://photos.classiccars.com/cc-temp/listing/193/3211/51639469-1948-ford-1-1-2-ton-pickup-thumb.jpg', 'https://photos.classiccars.com/cc-temp/listing/193/3211/51639470-1948-ford-1-1-2-ton-pickup-thumb.jpg', 'https://photos.classiccars.com/cc-temp/listing/193/3211/51639471-1948-ford-1-1-2-ton-pickup-thumb.jpg', 'https://photos.classiccars.com/cc-temp/listing/193/3211/51639472-1948-ford-1-1-2-ton-pickup-thumb.jpg', 'https://photos.classiccars.com/cc-temp/listing/193/3211/51639473-1948-ford-1-1-2-ton-pickup-thumb.jpg', 'https://photos.classiccars.com/cc-temp/listing/193/3211/51639474-1948-ford-1-1-2-ton-pickup-thumb.jpg', 'https://photos.classiccars.com/cc-temp/listing/193/3211/51639475-1948-ford-1-1-2-ton-pickup-thumb.jpg', 'https://photos.classiccars.com/cc-temp/listing/193/3211/51639476-1948-ford-1-1-2-ton-pickup-thumb.jpg', 'https://photos.classiccars.com/cc-temp/listing/193/3211/51639477-1948-ford-1-1-2-ton-pickup-thumb.jpg', 'https://photos.classiccars.com/cc-temp/listing/193/3211/51639478-1948-ford-1-1-2-ton-pickup-thumb.jpg', 'https://photos.classiccars.com/cc-temp/listing/193/3211/51639479-1948-ford-1-1-2-ton-pickup-thumb.jpg', 'https://photos.classiccars.com/cc-temp/listing/193/3211/51639480-1948-ford-1-1-2-ton-pickup-thumb.jpg', 'https://photos.classiccars.com/cc-temp/listing/193/3211/51639481-1948-ford-1-1-2-ton-pickup-thumb.jpg', 'https://photos.classiccars.com/cc-temp/listing/193/3211/51639482-1948-ford-1-1-2-ton-pickup-thumb.jpg', 'https://photos.classiccars.com/cc-temp/listing/193/3211/51639483-1948-ford-1-1-2-ton-pickup-thumb.jpg', 'https://photos.classiccars.com/cc-temp/listing/193/3211/51639484-1948-ford-1-1-2-ton-pickup-thumb.jpg', 'https://photos.classiccars.com/cc-temp/listing/193/3211/51639485-1948-ford-1-1-2-ton-pickup-thumb.jpg', 'https://photos.classiccars.com/cc-temp/listing/193/3211/51639486-1948-ford-1-1-2-ton-pickup-thumb.jpg']"
1974 Chevrolet Corvette Stingray,"$33,000 (OBO)",Candy Apple Red,Automatic,,Corvette Stingray,Chevrolet,Original - Running,1974,"['https://photos.classiccars.com/cc-temp/listing/192/3086/50836268-1974-chevrolet-corvette-stingray-thumb.jpg', 'https://photos.classiccars.com/cc-temp/listing/192/3086/50836267-1974-chevrolet-corvette-stingray-thumb.jpg', 'https://photos.classiccars.com/cc-temp/listing/192/3086/50836272-1974-chevrolet-corvette-stingray-thumb.jpg', 'https://photos.classiccars.com/cc-temp/listing/192/3086/50836271-1974-chevrolet-corvette-stingray-thumb.jpg', 'https://photos.classiccars.com/cc-temp/listing/192/3086/50836260-1974-chevrolet-corvette-stingray-thumb.jpg', 'https://photos.classiccars.com/cc-temp/listing/192/3086/50836269-1974-chevrolet-corvette-stingray-thumb.jpg', 'https://photos.classiccars.com/cc-temp/listing/192/3086/50836266-1974-chevrolet-corvette-stingray-thumb.jpg', 'https://photos.classiccars.com/cc-temp/listing/192/3086/50836270-1974-chevrolet-corvette-stingray-thumb.jpg', 'https://photos.classiccars.com/cc-temp/listing/192/3086/50836262-1974-chevrolet-corvette-stingray-thumb.jpg', 'https://photos.classiccars.com/cc-temp/listing/192/3086/50836265-1974-chevrolet-corvette-stingray-thumb.jpg', 'https://photos.classiccars.com/cc-temp/listing/192/3086/50836275-1974-chevrolet-corvette-stingray-thumb.jpg', 'https://photos.classiccars.com/cc-temp/listing/192/3086/50836263-1974-chevrolet-corvette-stingray-thumb.jpg', 'https://photos.classiccars.com/cc-temp/listing/192/3086/50836261-1974-chevrolet-corvette-stingray-thumb.jpg', 'https://photos.classiccars.com/cc-temp/listing/192/3086/50836273-1974-chevrolet-corvette-stingray-thumb.jpg', 'https://photos.classiccars.com/cc-temp/listing/192/3086/50836274-1974-chevrolet-corvette-stingray-thumb.jpg', 'https://photos.classiccars.com/cc-temp/listing/192/3086/50836276-1974-chevrolet-corvette-stingray-thumb.jpg', 'https://photos.classiccars.com/cc-temp/listing/192/3086/50836277-1974-chevrolet-corvette-stingray-thumb.jpg', 'https://photos.classiccars.com/cc-temp/listing/192/3086/50836278-1974-chevrolet-corvette-stingray-thumb.jpg', 'https://photos.classiccars.com/cc-temp/listing/192/3086/50836279-1974-chevrolet-corvette-stingray-thumb.jpg']"
1948 Plymouth 2-Dr Sedan,"$81,500 (OBO)",Desert Silver Metali,Automatic,Fully Restored,2-Dr Sedan,Plymouth,Replaced - Running,1948,"['https://photos.classiccars.com/cc-temp/listing/189/4134/49116749-1948-plymouth-2-dr-sedan-thumb.jpg', 'https://photos.classiccars.com/cc-temp/listing/189/4134/49116748-1948-plymouth-2-dr-sedan-thumb.jpg', 'https://photos.classiccars.com/cc-temp/listing/189/4134/49116740-1948-plymouth-2-dr-sedan-thumb.jpg', 'https://photos.classiccars.com/cc-temp/listing/189/4134/49116742-1948-plymouth-2-dr-sedan-thumb.jpg', 'https://photos.classiccars.com/cc-temp/listing/189/4134/49116746-1948-plymouth-2-dr-sedan-thumb.jpg', 'https://photos.classiccars.com/cc-temp/listing/189/4134/49116747-1948-plymouth-2-dr-sedan-thumb.jpg', 'https://photos.classiccars.com/cc-temp/listing/189/4134/49116743-1948-plymouth-2-dr-sedan-thumb.jpg', 'https://photos.classiccars.com/cc-temp/listing/189/4134/49116744-1948-plymouth-2-dr-sedan-thumb.jpg', 'https://photos.classiccars.com/cc-temp/listing/189/4134/49116745-1948-plymouth-2-dr-sedan-thumb.jpg', 'https://photos.classiccars.com/cc-temp/listing/189/4134/49242566-1948-plymouth-2-dr-sedan-thumb.jpg', 'https://photos.classiccars.com/cc-temp/listing/189/4134/49242567-1948-plymouth-2-dr-sedan-thumb.jpg']"
1970 Cadillac Eldorado,"$16,900 (OBO)",Brown,Automatic,,Eldorado,Cadillac,Original - Running,1970,"['https://photos.classiccars.com/cc-temp/listing/186/5952/47448331-1970-cadillac-eldorado-thumb.jpg', 'https://photos.classiccars.com/cc-temp/listing/186/5952/47448314-1970-cadillac-eldorado-thumb.jpg', 'https://photos.classiccars.com/cc-temp/listing/186/5952/47448317-1970-cadillac-eldorado-thumb.jpg', 'https://photos.classiccars.com/cc-temp/listing/186/5952/47448327-1970-cadillac-eldorado-thumb.jpg', 'https://photos.classiccars.com/cc-temp/listing/186/5952/47448321-1970-cadillac-eldorado-thumb.jpg', 'https://photos.classiccars.com/cc-temp/listing/186/5952/47448324-1970-cadillac-eldorado-thumb.jpg', 'https://photos.classiccars.com/cc-temp/listing/186/5952/47448335-1970-cadillac-eldorado-thumb.jpg', 'https://photos.classiccars.com/cc-temp/listing/186/5952/47448325-1970-cadillac-eldorado-thumb.jpg', 'https://photos.classiccars.com/cc-temp/listing/186/5952/47448312-1970-cadillac-eldorado-thumb.jpg', 'https://photos.classiccars.com/cc-temp/listing/186/5952/47448313-1970-cadillac-eldorado-thumb.jpg', 'https://photos.classiccars.com/cc-temp/listing/186/5952/47448334-1970-cadillac-eldorado-thumb.jpg', 'https://photos.classiccars.com/cc-temp/listing/186/5952/47448310-1970-cadillac-eldorado-thumb.jpg', 'https://photos.classiccars.com/cc-temp/listing/186/5952/47448316-1970-cadillac-eldorado-thumb.jpg', 'https://photos.classiccars.com/cc-temp/listing/186/5952/47448311-1970-cadillac-eldorado-thumb.jpg', 'https://photos.classiccars.com/cc-temp/listing/186/5952/47448332-1970-cadillac-eldorado-thumb.jpg', 'https://photos.classiccars.com/cc-temp/listing/186/5952/47448328-1970-cadillac-eldorado-thumb.jpg', 'https://photos.classiccars.com/cc-temp/listing/186/5952/47448315-1970-cadillac-eldorado-thumb.jpg', 'https://photos.classiccars.com/cc-temp/listing/186/5952/47448318-1970-cadillac-eldorado-thumb.jpg', 'https://photos.classiccars.com/cc-temp/listing/186/5952/47448319-1970-cadillac-eldorado-thumb.jpg', 'https://photos.classiccars.com/cc-temp/listing/186/5952/47448322-1970-cadillac-eldorado-thumb.jpg', 'https://photos.classiccars.com/cc-temp/listing/186/5952/47448323-1970-cadillac-eldorado-thumb.jpg', 'https://photos.classiccars.com/cc-temp/listing/186/5952/47448329-1970-cadillac-eldorado-thumb.jpg', 'https://photos.classiccars.com/cc-temp/listing/186/5952/47448330-1970-cadillac-eldorado-thumb.jpg', 'https://photos.classiccars.com/cc-temp/listing/186/5952/47448320-1970-cadillac-eldorado-thumb.jpg', 'https://photos.classiccars.com/cc-temp/listing/186/5952/47448333-1970-cadillac-eldorado-thumb.jpg', 'https://photos.classiccars.com/cc-temp/listing/186/5952/47448326-1970-cadillac-eldorado-thumb.jpg']"
1989 Chevrolet Caprice,"$16,000 (OBO)",White,Automatic,,Caprice,Chevrolet,Original - Running,1989,"['https://photos.classiccars.com/cc-temp/listing/158/7180/31373046-1989-chevrolet-caprice-thumb.jpg', 'https://photos.classiccars.com/cc-temp/listing/158/7180/31373066-1989-chevrolet-caprice-thumb.jpg', 'https://photos.classiccars.com/cc-temp/listing/158/7180/31373068-1989-chevrolet-caprice-thumb.jpg', 'https://photos.classiccars.com/cc-temp/listing/158/7180/31373047-1989-chevrolet-caprice-thumb.jpg', 'https://photos.classiccars.com/cc-temp/listing/158/7180/31373073-1989-chevrolet-caprice-thumb.jpg', 'https://photos.classiccars.com/cc-temp/listing/158/7180/31373074-1989-chevrolet-caprice-thumb.jpg', 'https://photos.classiccars.com/cc-temp/listing/158/7180/31373075-1989-chevrolet-caprice-thumb.jpg', 'https://photos.classiccars.com/cc-temp/listing/158/7180/31373077-1989-chevrolet-caprice-thumb.jpg', 'https://photos.classiccars.com/cc-temp/listing/158/7180/31373070-1989-chevrolet-caprice-thumb.jpg', 'https://photos.classiccars.com/cc-temp/listing/158/7180/31373071-1989-chevrolet-caprice-thumb.jpg', 'https://photos.classiccars.com/cc-temp/listing/158/7180/31373050-1989-chevrolet-caprice-thumb.jpg', 'https://photos.classiccars.com/cc-temp/listing/158/7180/31373052-1989-chevrolet-caprice-thumb.jpg', 'https://photos.classiccars.com/cc-temp/listing/158/7180/31373081-1989-chevrolet-caprice-thumb.jpg', 'https://photos.classiccars.com/cc-temp/listing/158/7180/31373082-1989-chevrolet-caprice-thumb.jpg', 'https://photos.classiccars.com/cc-temp/listing/158/7180/31373083-1989-chevrolet-caprice-thumb.jpg', 'https://photos.classiccars.com/cc-temp/listing/158/7180/31373085-1989-chevrolet-caprice-thumb.jpg', 'https://photos.classiccars.com/cc-temp/listing/158/7180/31373094-1989-chevrolet-caprice-thumb.jpg', 'https://photos.classiccars.com/cc-temp/listing/158/7180/31373096-1989-chevrolet-caprice-thumb.jpg']"
2000 BMW M Roadster,"$35,000",Estoril Blue,Manual,Fully Restored,M Roadster,BMW,Original - Running,2000,"['https://photos.classiccars.com/cc-temp/listing/194/9582/52533119-2000-bmw-m-roadster-thumb.jpg', 'https://photos.classiccars.com/cc-temp/listing/194/9582/52533120-2000-bmw-m-roadster-thumb.jpg', 'https://photos.classiccars.com/cc-temp/listing/194/9582/52533121-2000-bmw-m-roadster-thumb.jpg', 'https://photos.classiccars.com/cc-temp/listing/194/9582/52533122-2000-bmw-m-roadster-thumb.jpg', 'https://photos.classiccars.com/cc-temp/listing/194/9582/52533123-2000-bmw-m-roadster-thumb.jpg', 'https://photos.classiccars.com/cc-temp/listing/194/9582/52533127-2000-bmw-m-roadster-thumb.jpg', 'https://photos.classiccars.com/cc-temp/listing/194/9582/52533133-2000-bmw-m-roadster-thumb.jpg', 'https://photos.classiccars.com/cc-temp/listing/194/9582/52533134-2000-bmw-m-roadster-thumb.jpg', 'https://photos.classiccars.com/cc-temp/listing/194/9582/52533135-2000-bmw-m-roadster-thumb.jpg', 'https://photos.classiccars.com/cc-temp/listing/194/9582/52533136-2000-bmw-m-roadster-thumb.jpg', 'https://photos.classiccars.com/cc-temp/listing/194/9582/52533137-2000-bmw-m-roadster-thumb.jpg', 'https://photos.classiccars.com/cc-temp/listing/194/9582/52533138-2000-bmw-m-roadster-thumb.jpg', 'https://photos.classiccars.com/cc-temp/listing/194/9582/52533139-2000-bmw-m-roadster-thumb.jpg', 'https://photos.classiccars.com/cc-temp/listing/194/9582/52533140-2000-bmw-m-roadster-thumb.jpg', 'https://photos.classiccars.com/cc-temp/listing/194/9582/52533141-2000-bmw-m-roadster-thumb.jpg', 'https://photos.classiccars.com/cc-temp/listing/194/9582/52533142-2000-bmw-m-roadster-thumb.jpg', 'https://photos.classiccars.com/cc-temp/listing/194/9582/52533143-2000-bmw-m-roadster-thumb.jpg', 'https://photos.classiccars.com/cc-temp/listing/194/9582/52533235-2000-bmw-m-roadster-thumb.jpg', 'https://photos.classiccars.com/cc-temp/listing/194/9582/52533236-2000-bmw-m-roadster-thumb.jpg']"
1931 Bentley 8 Litre,"$1,295,000 (OBO)",Green,Manual,,8 Litre,Bentley, - ,1931,"['https://photos.classiccars.com/cc-temp/listing/192/8386/51169860-1931-bentley-8-litre-thumb.jpg', 'https://photos.classiccars.com/cc-temp/listing/192/8386/51169861-1931-bentley-8-litre-thumb.jpg', 'https://photos.classiccars.com/cc-temp/listing/192/8386/51169862-1931-bentley-8-litre-thumb.jpg', 'https://photos.classiccars.com/cc-temp/listing/192/8386/51169883-1931-bentley-8-litre-thumb.jpg', 'https://photos.classiccars.com/cc-temp/listing/192/8386/51169903-1931-bentley-8-litre-thumb.jpg', 'https://photos.classiccars.com/cc-temp/listing/192/8386/51169925-1931-bentley-8-litre-thumb.jpg', 'https://photos.classiccars.com/cc-temp/listing/192/8386/51169946-1931-bentley-8-litre-thumb.jpg', 'https://photos.classiccars.com/cc-temp/listing/192/8386/51169968-1931-bentley-8-litre-thumb.jpg', 'https://photos.classiccars.com/cc-temp/listing/192/8386/51169969-1931-bentley-8-litre-thumb.jpg', 'https://photos.classiccars.com/cc-temp/listing/192/8386/51169990-1931-bentley-8-litre-thumb.jpg', 'https://photos.classiccars.com/cc-temp/listing/192/8386/51170173-1931-bentley-8-litre-thumb.jpg', 'https://photos.classiccars.com/cc-temp/listing/192/8386/51170174-1931-bentley-8-litre-thumb.jpg', 'https://photos.classiccars.com/cc-temp/listing/192/8386/51170178-1931-bentley-8-litre-thumb.jpg']"
1972 Chevrolet Blazer,"$189,000",Hugger Orange,Automatic,,Blazer,Chevrolet, - ,1972,"['https://photos.classiccars.com/cc-temp/listing/190/7419/49860163-1972-chevrolet-blazer-thumb.jpg', 'https://photos.classiccars.com/cc-temp/listing/190/7419/49860164-1972-chevrolet-blazer-thumb.jpg', 'https://photos.classiccars.com/cc-temp/listing/190/7419/49860165-1972-chevrolet-blazer-thumb.jpg', 'https://photos.classiccars.com/cc-temp/listing/190/7419/49860167-1972-chevrolet-blazer-thumb.jpg', 'https://photos.classiccars.com/cc-temp/listing/190/7419/49860168-1972-chevrolet-blazer-thumb.jpg', 'https://photos.classiccars.com/cc-temp/listing/190/7419/49860171-1972-chevrolet-blazer-thumb.jpg', 'https://photos.classiccars.com/cc-temp/listing/190/7419/49860173-1972-chevrolet-blazer-thumb.jpg', 'https://photos.classiccars.com/cc-temp/listing/190/7419/49860174-1972-chevrolet-blazer-thumb.jpg', 'https://photos.classiccars.com/cc-temp/listing/190/7419/49860196-1972-chevrolet-blazer-thumb.jpg', 'https://photos.classiccars.com/cc-temp/listing/190/7419/49860200-1972-chevrolet-blazer-thumb.jpg', 'https://photos.classiccars.com/cc-temp/listing/190/7419/49860202-1972-chevrolet-blazer-thumb.jpg', 'https://photos.classiccars.com/cc-temp/listing/190/7419/49860203-1972-chevrolet-blazer-thumb.jpg', 'https://photos.classiccars.com/cc-temp/listing/190/7419/49860205-1972-chevrolet-blazer-thumb.jpg', 'https://photos.classiccars.com/cc-temp/listing/190/7419/49860206-1972-chevrolet-blazer-thumb.jpg', 'https://photos.classiccars.com/cc-temp/listing/190/7419/49860207-1972-chevrolet-blazer-thumb.jpg', 'https://photos.classiccars.com/cc-temp/listing/190/7419/49860208-1972-chevrolet-blazer-thumb.jpg', 'https://photos.classiccars.com/cc-temp/listing/190/7419/49860186-1972-chevrolet-blazer-thumb.jpg', 'https://photos.classiccars.com/cc-temp/listing/190/7419/49860187-1972-chevrolet-blazer-thumb.jpg', 'https://photos.classiccars.com/cc-temp/listing/190/7419/49860177-1972-chevrolet-blazer-thumb.jpg', 'https://photos.classiccars.com/cc-temp/listing/190/7419/49860178-1972-chevrolet-blazer-thumb.jpg', 'https://photos.classiccars.com/cc-temp/listing/190/7419/49860185-1972-chevrolet-blazer-thumb.jpg', 'https://photos.classiccars.com/cc-temp/listing/190/7419/49860195-1972-chevrolet-blazer-thumb.jpg', 'https://photos.classiccars.com/cc-temp/listing/190/7419/49860176-1972-chevrolet-blazer-thumb.jpg', 'https://photos.classiccars.com/cc-temp/listing/190/7419/49860197-1972-chevrolet-blazer-thumb.jpg', 'https://photos.classiccars.com/cc-temp/listing/190/7419/49860166-1972-chevrolet-blazer-thumb.jpg', 'https://photos.classiccars.com/cc-temp/listing/190/7419/49860182-1972-chevrolet-blazer-thumb.jpg', 'https://photos.classiccars.com/cc-temp/listing/190/7419/49860183-1972-chevrolet-blazer-thumb.jpg', 'https://photos.classiccars.com/cc-temp/listing/190/7419/49860180-1972-chevrolet-blazer-thumb.jpg', 'https://photos.classiccars.com/cc-temp/listing/190/7419/49860181-1972-chevrolet-blazer-thumb.jpg']"
1969 Chevrolet Camaro,"$154,900",Hugger Orange,Manual,,Camaro,Chevrolet, - ,1969,"['https://photos.classiccars.com/cc-temp/listing/194/9354/52498413-1969-chevrolet-camaro-thumb.jpg', 'https://photos.classiccars.com/cc-temp/listing/194/9354/52498415-1969-chevrolet-camaro-thumb.jpg', 'https://photos.classiccars.com/cc-temp/listing/194/9354/52498424-1969-chevrolet-camaro-thumb.jpg', 'https://photos.classiccars.com/cc-temp/listing/194/9354/52498425-1969-chevrolet-camaro-thumb.jpg', 'https://photos.classiccars.com/cc-temp/listing/194/9354/52498426-1969-chevrolet-camaro-thumb.jpg', 'https://photos.classiccars.com/cc-temp/listing/194/9354/52498427-1969-chevrolet-camaro-thumb.jpg', 'https://photos.classiccars.com/cc-temp/listing/194/9354/52498428-1969-chevrolet-camaro-thumb.jpg', 'https://photos.classiccars.com/cc-temp/listing/194/9354/52498429-1969-chevrolet-camaro-thumb.jpg', 'https://photos.classiccars.com/cc-temp/listing/194/9354/52498430-1969-chevrolet-camaro-thumb.jpg', 'https://photos.classiccars.com/cc-temp/listing/194/9354/52498441-1969-chevrolet-camaro-thumb.jpg', 'https://photos.classiccars.com/cc-temp/listing/194/9354/52498442-1969-chevrolet-camaro-thumb.jpg', 'https://photos.classiccars.com/cc-temp/listing/194/9354/52498416-1969-chevrolet-camaro-thumb.jpg', 'https://photos.classiccars.com/cc-temp/listing/194/9354/52498417-1969-chevrolet-camaro-thumb.jpg', 'https://photos.classiccars.com/cc-temp/listing/194/9354/52498418-1969-chevrolet-camaro-thumb.jpg', 'https://photos.classiccars.com/cc-temp/listing/194/9354/52498419-1969-chevrolet-camaro-thumb.jpg', 'https://photos.classiccars.com/cc-temp/listing/194/9354/52498420-1969-chevrolet-camaro-thumb.jpg', 'https://photos.classiccars.com/cc-temp/listing/194/9354/52498421-1969-chevrolet-camaro-thumb.jpg', 'https://photos.classiccars.com/cc-temp/listing/194/9354/52498422-1969-chevrolet-camaro-thumb.jpg', 'https://photos.classiccars.com/cc-temp/listing/194/9354/52498423-1969-chevrolet-camaro-thumb.jpg', 'https://photos.classiccars.com/cc-temp/listing/194/9354/52498431-1969-chevrolet-camaro-thumb.jpg', 'https://photos.classiccars.com/cc-temp/listing/194/9354/52498432-1969-chevrolet-camaro-thumb.jpg', 'https://photos.classiccars.com/cc-temp/listing/194/9354/52498433-1969-chevrolet-camaro-thumb.jpg', 'https://photos.classiccars.com/cc-temp/listing/194/9354/52498434-1969-chevrolet-camaro-thumb.jpg', 'https://photos.classiccars.com/cc-temp/listing/194/9354/52498435-1969-chevrolet-camaro-thumb.jpg', 'https://photos.classiccars.com/cc-temp/listing/194/9354/52498436-1969-chevrolet-camaro-thumb.jpg', 'https://photos.classiccars.com/cc-temp/listing/194/9354/52498438-1969-chevrolet-camaro-thumb.jpg', 'https://photos.classiccars.com/cc-temp/listing/194/9354/52498439-1969-chevrolet-camaro-thumb.jpg', 'https://photos.classiccars.com/cc-temp/listing/194/9354/52498440-1969-chevrolet-camaro-thumb.jpg', 'https://photos.classiccars.com/cc-temp/listing/194/9354/52498437-1969-chevrolet-camaro-thumb.jpg', 'https://photos.classiccars.com/cc-temp/listing/194/9354/52498446-1969-chevrolet-camaro-thumb.jpg', 'https://photos.classiccars.com/cc-temp/listing/194/9354/52498445-1969-chevrolet-camaro-thumb.jpg', 'https://photos.classiccars.com/cc-temp/listing/194/9354/52513039-1969-chevrolet-camaro-thumb.jpg', 'https://photos.classiccars.com/cc-temp/listing/194/9354/52513040-1969-chevrolet-camaro-thumb.jpg', 'https://photos.classiccars.com/cc-temp/listing/194/9354/52513038-1969-chevrolet-camaro-thumb.jpg', 'https://photos.classiccars.com/cc-temp/listing/194/9354/52498406-1969-chevrolet-camaro-thumb.jpg', 'https://photos.classiccars.com/cc-temp/listing/194/9354/52498407-1969-chevrolet-camaro-thumb.jpg', 'https://photos.classiccars.com/cc-temp/listing/194/9354/52498408-1969-chevrolet-camaro-thumb.jpg', 'https://photos.classiccars.com/cc-temp/listing/194/9354/52498409-1969-chevrolet-camaro-thumb.jpg', 'https://photos.classiccars.com/cc-temp/listing/194/9354/52498410-1969-chevrolet-camaro-thumb.jpg', 'https://photos.classiccars.com/cc-temp/listing/194/9354/52498411-1969-chevrolet-camaro-thumb.jpg', 'https://photos.classiccars.com/cc-temp/listing/194/9354/52498412-1969-chevrolet-camaro-thumb.jpg', 'https://photos.classiccars.com/cc-temp/listing/194/9354/52498443-1969-chevrolet-camaro-thumb.jpg', 'https://photos.classiccars.com/cc-temp/listing/194/9354/52498444-1969-chevrolet-camaro-thumb.jpg', 'https://photos.classiccars.com/cc-temp/listing/194/9354/52498447-1969-chevrolet-camaro-thumb.jpg', 'https://photos.classiccars.com/cc-temp/listing/194/9354/52513072-1969-chevrolet-camaro-thumb.jpg', 'https://photos.classiccars.com/cc-temp/listing/194/9354/52498448-1969-chevrolet-camaro-thumb.jpg', 'https://photos.classiccars.com/cc-temp/listing/194/9354/52498449-1969-chevrolet-camaro-thumb.jpg', 'https://photos.classiccars.com/cc-temp/listing/194/9354/52498450-1969-chevrolet-camaro-thumb.jpg', 'https://photos.classiccars.com/cc-temp/listing/194/9354/52498451-1969-chevrolet-camaro-thumb.jpg', 'https://photos.classiccars.com/cc-temp/listing/194/9354/52498452-1969-chevrolet-camaro-thumb.jpg', 'https://photos.classiccars.com/cc-temp/listing/194/9354/52513052-1969-chevrolet-camaro-thumb.jpg', 'https://photos.classiccars.com/cc-temp/listing/194/9354/52513055-1969-chevrolet-camaro-thumb.jpg', 'https://photos.classiccars.com/cc-temp/listing/194/9354/52513057-1969-chevrolet-camaro-thumb.jpg', 'https://photos.classiccars.com/cc-temp/listing/194/9354/52513059-1969-chevrolet-camaro-thumb.jpg', 'https://photos.classiccars.com/cc-temp/listing/194/9354/52513060-1969-chevrolet-camaro-thumb.jpg', 'https://photos.classiccars.com/cc-temp/listing/194/9354/52513062-1969-chevrolet-camaro-thumb.jpg', 'https://photos.classiccars.com/cc-temp/listing/194/9354/52513063-1969-chevrolet-camaro-thumb.jpg', 'https://photos.classiccars.com/cc-temp/listing/194/9354/52513064-1969-chevrolet-camaro-thumb.jpg', 'https://photos.classiccars.com/cc-temp/listing/194/9354/52513068-1969-chevrolet-camaro-thumb.jpg', 'https://photos.classiccars.com/cc-temp/listing/194/9354/52513070-1969-chevrolet-camaro-thumb.jpg', 'https://photos.classiccars.com/cc-temp/listing/194/9354/52513074-1969-chevrolet-camaro-thumb.jpg', 'https://photos.classiccars.com/cc-temp/listing/194/9354/52513058-1969-chevrolet-camaro-thumb.jpg', 'https://photos.classiccars.com/cc-temp/listing/194/9354/52513089-1969-chevrolet-camaro-thumb.jpg', 'https://photos.classiccars.com/cc-temp/listing/194/9354/52513087-1969-chevrolet-camaro-thumb.jpg', 'https://photos.classiccars.com/cc-temp/listing/194/9354/52513017-1969-chevrolet-camaro-thumb.jpg', 'https://photos.classiccars.com/cc-temp/listing/194/9354/52498404-1969-chevrolet-camaro-thumb.jpg', 'https://photos.classiccars.com/cc-temp/listing/194/9354/52498405-1969-chevrolet-camaro-thumb.jpg', 'https://photos.classiccars.com/cc-temp/listing/194/9354/52498453-1969-chevrolet-camaro-thumb.jpg', 'https://photos.classiccars.com/cc-temp/listing/194/9354/52513075-1969-chevrolet-camaro-thumb.jpg', 'https://photos.classiccars.com/cc-temp/listing/194/9354/52513076-1969-chevrolet-camaro-thumb.jpg', 'https://photos.classiccars.com/cc-temp/listing/194/9354/52513077-1969-chevrolet-camaro-thumb.jpg', 'https://photos.classiccars.com/cc-temp/listing/194/9354/52513078-1969-chevrolet-camaro-thumb.jpg', 'https://photos.classiccars.com/cc-temp/listing/194/9354/52513079-1969-chevrolet-camaro-thumb.jpg', 'https://photos.classiccars.com/cc-temp/listing/194/9354/52513066-1969-chevrolet-camaro-thumb.jpg', 'https://photos.classiccars.com/cc-temp/listing/194/9354/52513081-1969-chevrolet-camaro-thumb.jpg', 'https://photos.classiccars.com/cc-temp/listing/194/9354/52513082-1969-chevrolet-camaro-thumb.jpg', 'https://photos.classiccars.com/cc-temp/listing/194/9354/52513083-1969-chevrolet-camaro-thumb.jpg', 'https://photos.classiccars.com/cc-temp/listing/194/9354/52513080-1969-chevrolet-camaro-thumb.jpg', 'https://photos.classiccars.com/cc-temp/listing/194/9354/52513042-1969-chevrolet-camaro-thumb.jpg', 'https://photos.classiccars.com/cc-temp/listing/194/9354/52513043-1969-chevrolet-camaro-thumb.jpg', 'https://photos.classiccars.com/cc-temp/listing/194/9354/52513044-1969-chevrolet-camaro-thumb.jpg', 'https://photos.classiccars.com/cc-temp/listing/194/9354/52513045-1969-chevrolet-camaro-thumb.jpg', 'https://photos.classiccars.com/cc-temp/listing/194/9354/52513047-1969-chevrolet-camaro-thumb.jpg', 'https://photos.classiccars.com/cc-temp/listing/194/9354/52513048-1969-chevrolet-camaro-thumb.jpg', 'https://photos.classiccars.com/cc-temp/listing/194/9354/52513049-1969-chevrolet-camaro-thumb.jpg', 'https://photos.classiccars.com/cc-temp/listing/194/9354/52513050-1969-chevrolet-camaro-thumb.jpg', 'https://photos.classiccars.com/cc-temp/listing/194/9354/52513051-1969-chevrolet-camaro-thumb.jpg', 'https://photos.classiccars.com/cc-temp/listing/194/9354/52513046-1969-chevrolet-camaro-thumb.jpg', 'https://photos.classiccars.com/cc-temp/listing/194/9354/52513041-1969-chevrolet-camaro-thumb.jpg', 'https://photos.classiccars.com/cc-temp/listing/194/9354/52513037-1969-chevrolet-camaro-thumb.jpg']"
1972 MG MGB,"$12,500",Butterscotch,Manual,,MGB,MG, - ,1972,"['https://photos.classiccars.com/cc-temp/listing/191/4929/50297455-1972-mg-mgb-thumb.jpg', 'https://photos.classiccars.com/cc-temp/listing/191/4929/50297458-1972-mg-mgb-thumb.jpg', 'https://photos.classiccars.com/cc-temp/listing/191/4929/50297457-1972-mg-mgb-thumb.jpg', 'https://photos.classiccars.com/cc-temp/listing/191/4929/50297463-1972-mg-mgb-thumb.jpg', 'https://photos.classiccars.com/cc-temp/listing/191/4929/50297459-1972-mg-mgb-thumb.jpg', 'https://photos.classiccars.com/cc-temp/listing/191/4929/50297462-1972-mg-mgb-thumb.jpg', 'https://photos.classiccars.com/cc-temp/listing/191/4929/50297460-1972-mg-mgb-thumb.jpg', 'https://photos.classiccars.com/cc-temp/listing/191/4929/50297461-1972-mg-mgb-thumb.jpg']"
1969 Dodge Charger R/T,"$99,000",Gold,Automatic,,Charger R/T,Dodge,Original - Running,1969,"['https://photos.classiccars.com/cc-temp/listing/191/4567/50278607-1969-dodge-charger-r-t-thumb.jpg', 'https://photos.classiccars.com/cc-temp/listing/191/4567/50278608-1969-dodge-charger-r-t-thumb.jpg', 'https://photos.classiccars.com/cc-temp/listing/191/4567/50278609-1969-dodge-charger-r-t-thumb.jpg', 'https://photos.classiccars.com/cc-temp/listing/191/4567/50278610-1969-dodge-charger-r-t-thumb.jpg', 'https://photos.classiccars.com/cc-temp/listing/191/4567/50278611-1969-dodge-charger-r-t-thumb.jpg', 'https://photos.classiccars.com/cc-temp/listing/191/4567/50278612-1969-dodge-charger-r-t-thumb.jpg', 'https://photos.classiccars.com/cc-temp/listing/191/4567/50278613-1969-dodge-charger-r-t-thumb.jpg', 'https://photos.classiccars.com/cc-temp/listing/191/4567/50278614-1969-dodge-charger-r-t-thumb.jpg', 'https://photos.classiccars.com/cc-temp/listing/191/4567/50278615-1969-dodge-charger-r-t-thumb.jpg', 'https://photos.classiccars.com/cc-temp/listing/191/4567/50278616-1969-dodge-charger-r-t-thumb.jpg', 'https://photos.classiccars.com/cc-temp/listing/191/4567/50278617-1969-dodge-charger-r-t-thumb.jpg', 'https://photos.classiccars.com/cc-temp/listing/191/4567/50278618-1969-dodge-charger-r-t-thumb.jpg', 'https://photos.classiccars.com/cc-temp/listing/191/4567/50278619-1969-dodge-charger-r-t-thumb.jpg', 'https://photos.classiccars.com/cc-temp/listing/191/4567/50278621-1969-dodge-charger-r-t-thumb.jpg', 'https://photos.classiccars.com/cc-temp/listing/191/4567/50278620-1969-dodge-charger-r-t-thumb.jpg', 'https://photos.classiccars.com/cc-temp/listing/191/4567/50278622-1969-dodge-charger-r-t-thumb.jpg', 'https://photos.classiccars.com/cc-temp/listing/191/4567/50278623-1969-dodge-charger-r-t-thumb.jpg', 'https://photos.classiccars.com/cc-temp/listing/191/4567/50278624-1969-dodge-charger-r-t-thumb.jpg', 'https://photos.classiccars.com/cc-temp/listing/191/4567/50278625-1969-dodge-charger-r-t-thumb.jpg', 'https://photos.classiccars.com/cc-temp/listing/191/4567/50278626-1969-dodge-charger-r-t-thumb.jpg', 'https://photos.classiccars.com/cc-temp/listing/191/4567/50278638-1969-dodge-charger-r-t-thumb.jpg', 'https://photos.classiccars.com/cc-temp/listing/191/4567/50278639-1969-dodge-charger-r-t-thumb.jpg', 'https://photos.classiccars.com/cc-temp/listing/191/4567/50278630-1969-dodge-charger-r-t-thumb.jpg', 'https://photos.classiccars.com/cc-temp/listing/191/4567/50278627-1969-dodge-charger-r-t-thumb.jpg', 'https://photos.classiccars.com/cc-temp/listing/191/4567/50278628-1969-dodge-charger-r-t-thumb.jpg', 'https://photos.classiccars.com/cc-temp/listing/191/4567/50278629-1969-dodge-charger-r-t-thumb.jpg', 'https://photos.classiccars.com/cc-temp/listing/191/4567/50278631-1969-dodge-charger-r-t-thumb.jpg', 'https://photos.classiccars.com/cc-temp/listing/191/4567/50278632-1969-dodge-charger-r-t-thumb.jpg', 'https://photos.classiccars.com/cc-temp/listing/191/4567/50278633-1969-dodge-charger-r-t-thumb.jpg', 'https://photos.classiccars.com/cc-temp/listing/191/4567/50278634-1969-dodge-charger-r-t-thumb.jpg', 'https://photos.classiccars.com/cc-temp/listing/191/4567/50278635-1969-dodge-charger-r-t-thumb.jpg', 'https://photos.classiccars.com/cc-temp/listing/191/4567/50278636-1969-dodge-charger-r-t-thumb.jpg', 'https://photos.classiccars.com/cc-temp/listing/191/4567/50278637-1969-dodge-charger-r-t-thumb.jpg', 'https://photos.classiccars.com/cc-temp/listing/191/4567/50278640-1969-dodge-charger-r-t-thumb.jpg', 'https://photos.classiccars.com/cc-temp/listing/191/4567/50278641-1969-dodge-charger-r-t-thumb.jpg', 'https://photos.classiccars.com/cc-temp/listing/191/4567/50278642-1969-dodge-charger-r-t-thumb.jpg']"
1969 Chevrolet Camaro SS,"$87,000",Blue,Automatic,Fully Restored,Camaro SS,Chevrolet,Replaced - Running,1969,"['https://photos.classiccars.com/cc-temp/listing/191/9219/50574571-1969-chevrolet-camaro-ss-thumb.jpg', 'https://photos.classiccars.com/cc-temp/listing/191/9219/50574568-1969-chevrolet-camaro-ss-thumb.jpg', 'https://photos.classiccars.com/cc-temp/listing/191/9219/50574432-1969-chevrolet-camaro-ss-thumb.jpg', 'https://photos.classiccars.com/cc-temp/listing/191/9219/50574566-1969-chevrolet-camaro-ss-thumb.jpg', 'https://photos.classiccars.com/cc-temp/listing/191/9219/50574567-1969-chevrolet-camaro-ss-thumb.jpg', 'https://photos.classiccars.com/cc-temp/listing/191/9219/50574408-1969-chevrolet-camaro-ss-thumb.jpg', 'https://photos.classiccars.com/cc-temp/listing/191/9219/50574409-1969-chevrolet-camaro-ss-thumb.jpg', 'https://photos.classiccars.com/cc-temp/listing/191/9219/50574559-1969-chevrolet-camaro-ss-thumb.jpg', 'https://photos.classiccars.com/cc-temp/listing/191/9219/50574410-1969-chevrolet-camaro-ss-thumb.jpg', 'https://photos.classiccars.com/cc-temp/listing/191/9219/50574547-1969-chevrolet-camaro-ss-thumb.jpg', 'https://photos.classiccars.com/cc-temp/listing/191/9219/50574445-1969-chevrolet-camaro-ss-thumb.jpg', 'https://photos.classiccars.com/cc-temp/listing/191/9219/50574578-1969-chevrolet-camaro-ss-thumb.jpg', 'https://photos.classiccars.com/cc-temp/listing/191/9219/50574550-1969-chevrolet-camaro-ss-thumb.jpg', 'https://photos.classiccars.com/cc-temp/listing/191/9219/50574551-1969-chevrolet-camaro-ss-thumb.jpg', 'https://photos.classiccars.com/cc-temp/listing/191/9219/50574407-1969-chevrolet-camaro-ss-thumb.jpg', 'https://photos.classiccars.com/cc-temp/listing/191/9219/50574565-1969-chevrolet-camaro-ss-thumb.jpg', 'https://photos.classiccars.com/cc-temp/listing/191/9219/50574447-1969-chevrolet-camaro-ss-thumb.jpg', 'https://photos.classiccars.com/cc-temp/listing/191/9219/50574569-1969-chevrolet-camaro-ss-thumb.jpg', 'https://photos.classiccars.com/cc-temp/listing/191/9219/50574564-1969-chevrolet-camaro-ss-thumb.jpg', 'https://photos.classiccars.com/cc-temp/listing/191/9219/50574582-1969-chevrolet-camaro-ss-thumb.jpg', 'https://photos.classiccars.com/cc-temp/listing/191/9219/50574589-1969-chevrolet-camaro-ss-thumb.jpg', 'https://photos.classiccars.com/cc-temp/listing/191/9219/50574413-1969-chevrolet-camaro-ss-thumb.jpg', 'https://photos.classiccars.com/cc-temp/listing/191/9219/50574570-1969-chevrolet-camaro-ss-thumb.jpg', 'https://photos.classiccars.com/cc-temp/listing/191/9219/50574542-1969-chevrolet-camaro-ss-thumb.jpg', 'https://photos.classiccars.com/cc-temp/listing/191/9219/50574543-1969-chevrolet-camaro-ss-thumb.jpg', 'https://photos.classiccars.com/cc-temp/listing/191/9219/50574544-1969-chevrolet-camaro-ss-thumb.jpg', 'https://photos.classiccars.com/cc-temp/listing/191/9219/50574583-1969-chevrolet-camaro-ss-thumb.jpg', 'https://photos.classiccars.com/cc-temp/listing/191/9219/50574558-1969-chevrolet-camaro-ss-thumb.jpg', 'https://photos.classiccars.com/cc-temp/listing/191/9219/50574585-1969-chevrolet-camaro-ss-thumb.jpg', 'https://photos.classiccars.com/cc-temp/listing/191/9219/50574584-1969-chevrolet-camaro-ss-thumb.jpg', 'https://photos.classiccars.com/cc-temp/listing/191/9219/50574431-1969-chevrolet-camaro-ss-thumb.jpg', 'https://photos.classiccars.com/cc-temp/listing/191/9219/50574411-1969-chevrolet-camaro-ss-thumb.jpg', 'https://photos.classiccars.com/cc-temp/listing/191/9219/50574448-1969-chevrolet-camaro-ss-thumb.jpg', 'https://photos.classiccars.com/cc-temp/listing/191/9219/50574591-1969-chevrolet-camaro-ss-thumb.jpg', 'https://photos.classiccars.com/cc-temp/listing/191/9219/50574592-1969-chevrolet-camaro-ss-thumb.jpg', 'https://photos.classiccars.com/cc-temp/listing/191/9219/50574588-1969-chevrolet-camaro-ss-thumb.jpg', 'https://photos.classiccars.com/cc-temp/listing/191/9219/50574587-1969-chevrolet-camaro-ss-thumb.jpg', 'https://photos.classiccars.com/cc-temp/listing/191/9219/50574593-1969-chevrolet-camaro-ss-thumb.jpg', 'https://photos.classiccars.com/cc-temp/listing/191/9219/50574580-1969-chevrolet-camaro-ss-thumb.jpg', 'https://photos.classiccars.com/cc-temp/listing/191/9219/50574579-1969-chevrolet-camaro-ss-thumb.jpg', 'https://photos.classiccars.com/cc-temp/listing/191/9219/50574581-1969-chevrolet-camaro-ss-thumb.jpg', 'https://photos.classiccars.com/cc-temp/listing/191/9219/50574416-1969-chevrolet-camaro-ss-thumb.jpg', 'https://photos.classiccars.com/cc-temp/listing/191/9219/50574417-1969-chevrolet-camaro-ss-thumb.jpg', 'https://photos.classiccars.com/cc-temp/listing/191/9219/50574418-1969-chevrolet-camaro-ss-thumb.jpg', 'https://photos.classiccars.com/cc-temp/listing/191/9219/50574419-1969-chevrolet-camaro-ss-thumb.jpg', 'https://photos.classiccars.com/cc-temp/listing/191/9219/50574437-1969-chevrolet-camaro-ss-thumb.jpg', 'https://photos.classiccars.com/cc-temp/listing/191/9219/50574442-1969-chevrolet-camaro-ss-thumb.jpg', 'https://photos.classiccars.com/cc-temp/listing/191/9219/50574444-1969-chevrolet-camaro-ss-thumb.jpg', 'https://photos.classiccars.com/cc-temp/listing/191/9219/50574414-1969-chevrolet-camaro-ss-thumb.jpg', 'https://photos.classiccars.com/cc-temp/listing/191/9219/50574446-1969-chevrolet-camaro-ss-thumb.jpg', 'https://photos.classiccars.com/cc-temp/listing/191/9219/50574452-1969-chevrolet-camaro-ss-thumb.jpg', 'https://photos.classiccars.com/cc-temp/listing/191/9219/50574528-1969-chevrolet-camaro-ss-thumb.jpg', 'https://photos.classiccars.com/cc-temp/listing/191/9219/50574529-1969-chevrolet-camaro-ss-thumb.jpg', 'https://photos.classiccars.com/cc-temp/listing/191/9219/50574530-1969-chevrolet-camaro-ss-thumb.jpg', 'https://photos.classiccars.com/cc-temp/listing/191/9219/50574531-1969-chevrolet-camaro-ss-thumb.jpg', 'https://photos.classiccars.com/cc-temp/listing/191/9219/50574532-1969-chevrolet-camaro-ss-thumb.jpg', 'https://photos.classiccars.com/cc-temp/listing/191/9219/50574533-1969-chevrolet-camaro-ss-thumb.jpg', 'https://photos.classiccars.com/cc-temp/listing/191/9219/50574534-1969-chevrolet-camaro-ss-thumb.jpg', 'https://photos.classiccars.com/cc-temp/listing/191/9219/50574535-1969-chevrolet-camaro-ss-thumb.jpg', 'https://photos.classiccars.com/cc-temp/listing/191/9219/50574576-1969-chevrolet-camaro-ss-thumb.jpg', 'https://photos.classiccars.com/cc-temp/listing/191/9219/50574536-1969-chevrolet-camaro-ss-thumb.jpg', 'https://photos.classiccars.com/cc-temp/listing/191/9219/50574537-1969-chevrolet-camaro-ss-thumb.jpg', 'https://photos.classiccars.com/cc-temp/listing/191/9219/50574548-1969-chevrolet-camaro-ss-thumb.jpg', 'https://photos.classiccars.com/cc-temp/listing/191/9219/50574549-1969-chevrolet-camaro-ss-thumb.jpg', 'https://photos.classiccars.com/cc-temp/listing/191/9219/50574553-1969-chevrolet-camaro-ss-thumb.jpg', 'https://photos.classiccars.com/cc-temp/listing/191/9219/50574555-1969-chevrolet-camaro-ss-thumb.jpg', 'https://photos.classiccars.com/cc-temp/listing/191/9219/50574575-1969-chevrolet-camaro-ss-thumb.jpg', 'https://photos.classiccars.com/cc-temp/listing/191/9219/50574451-1969-chevrolet-camaro-ss-thumb.jpg', 'https://photos.classiccars.com/cc-temp/listing/191/9219/50574541-1969-chevrolet-camaro-ss-thumb.jpg', 'https://photos.classiccars.com/cc-temp/listing/191/9219/50574538-1969-chevrolet-camaro-ss-thumb.jpg', 'https://photos.classiccars.com/cc-temp/listing/191/9219/50574527-1969-chevrolet-camaro-ss-thumb.jpg', 'https://photos.classiccars.com/cc-temp/listing/191/9219/50574552-1969-chevrolet-camaro-ss-thumb.jpg', 'https://photos.classiccars.com/cc-temp/listing/191/9219/50574554-1969-chevrolet-camaro-ss-thumb.jpg', 'https://photos.classiccars.com/cc-temp/listing/191/9219/50574424-1969-chevrolet-camaro-ss-thumb.jpg', 'https://photos.classiccars.com/cc-temp/listing/191/9219/50574428-1969-chevrolet-camaro-ss-thumb.jpg', 'https://photos.classiccars.com/cc-temp/listing/191/9219/50574556-1969-chevrolet-camaro-ss-thumb.jpg', 'https://photos.classiccars.com/cc-temp/listing/191/9219/50574557-1969-chevrolet-camaro-ss-thumb.jpg', 'https://photos.classiccars.com/cc-temp/listing/191/9219/50574539-1969-chevrolet-camaro-ss-thumb.jpg', 'https://photos.classiccars.com/cc-temp/listing/191/9219/50574429-1969-chevrolet-camaro-ss-thumb.jpg', 'https://photos.classiccars.com/cc-temp/listing/191/9219/50574426-1969-chevrolet-camaro-ss-thumb.jpg', 'https://photos.classiccars.com/cc-temp/listing/191/9219/50574421-1969-chevrolet-camaro-ss-thumb.jpg', 'https://photos.classiccars.com/cc-temp/listing/191/9219/50574422-1969-chevrolet-camaro-ss-thumb.jpg', 'https://photos.classiccars.com/cc-temp/listing/191/9219/50574420-1969-chevrolet-camaro-ss-thumb.jpg', 'https://photos.classiccars.com/cc-temp/listing/191/9219/50574540-1969-chevrolet-camaro-ss-thumb.jpg', 'https://photos.classiccars.com/cc-temp/listing/191/9219/50574423-1969-chevrolet-camaro-ss-thumb.jpg', 'https://photos.classiccars.com/cc-temp/listing/191/9219/50574412-1969-chevrolet-camaro-ss-thumb.jpg', 'https://photos.classiccars.com/cc-temp/listing/191/9219/50574562-1969-chevrolet-camaro-ss-thumb.jpg', 'https://photos.classiccars.com/cc-temp/listing/191/9219/50574560-1969-chevrolet-camaro-ss-thumb.jpg', 'https://photos.classiccars.com/cc-temp/listing/191/9219/50574435-1969-chevrolet-camaro-ss-thumb.jpg', 'https://photos.classiccars.com/cc-temp/listing/191/9219/50574434-1969-chevrolet-camaro-ss-thumb.jpg', 'https://photos.classiccars.com/cc-temp/listing/191/9219/50574561-1969-chevrolet-camaro-ss-thumb.jpg', 'https://photos.classiccars.com/cc-temp/listing/191/9219/50574590-1969-chevrolet-camaro-ss-thumb.jpg', 'https://photos.classiccars.com/cc-temp/listing/191/9219/50574563-1969-chevrolet-camaro-ss-thumb.jpg', 'https://photos.classiccars.com/cc-temp/listing/191/9219/50574577-1969-chevrolet-camaro-ss-thumb.jpg', 'https://photos.classiccars.com/cc-temp/listing/191/9219/50574546-1969-chevrolet-camaro-ss-thumb.jpg', 'https://photos.classiccars.com/cc-temp/listing/191/9219/50574574-1969-chevrolet-camaro-ss-thumb.jpg', 'https://photos.classiccars.com/cc-temp/listing/191/9219/50574545-1969-chevrolet-camaro-ss-thumb.jpg', 'https://photos.classiccars.com/cc-temp/listing/191/9219/50574573-1969-chevrolet-camaro-ss-thumb.jpg', 'https://photos.classiccars.com/cc-temp/listing/191/9219/50574586-1969-chevrolet-camaro-ss-thumb.jpg']"
1978 Ford Bronco,"$62,000 (OBO)",Gray,Automatic,,Bronco,Ford, - ,1978,"['https://photos.classiccars.com/cc-temp/listing/187/6233/48052436-1978-ford-bronco-thumb.jpg', 'https://photos.classiccars.com/cc-temp/listing/187/6233/48052435-1978-ford-bronco-thumb.jpg', 'https://photos.classiccars.com/cc-temp/listing/187/6233/48052431-1978-ford-bronco-thumb.jpg', 'https://photos.classiccars.com/cc-temp/listing/187/6233/48052432-1978-ford-bronco-thumb.jpg', 'https://photos.classiccars.com/cc-temp/listing/187/6233/48052433-1978-ford-bronco-thumb.jpg', 'https://photos.classiccars.com/cc-temp/listing/187/6233/48052451-1978-ford-bronco-thumb.jpg', 'https://photos.classiccars.com/cc-temp/listing/187/6233/48052450-1978-ford-bronco-thumb.jpg', 'https://photos.classiccars.com/cc-temp/listing/187/6233/48052434-1978-ford-bronco-thumb.jpg', 'https://photos.classiccars.com/cc-temp/listing/187/6233/48052438-1978-ford-bronco-thumb.jpg', 'https://photos.classiccars.com/cc-temp/listing/187/6233/48052440-1978-ford-bronco-thumb.jpg', 'https://photos.classiccars.com/cc-temp/listing/187/6233/48052441-1978-ford-bronco-thumb.jpg', 'https://photos.classiccars.com/cc-temp/listing/187/6233/48052442-1978-ford-bronco-thumb.jpg', 'https://photos.classiccars.com/cc-temp/listing/187/6233/48052445-1978-ford-bronco-thumb.jpg', 'https://photos.classiccars.com/cc-temp/listing/187/6233/48052446-1978-ford-bronco-thumb.jpg', 'https://photos.classiccars.com/cc-temp/listing/187/6233/48052447-1978-ford-bronco-thumb.jpg', 'https://photos.classiccars.com/cc-temp/listing/187/6233/48052437-1978-ford-bronco-thumb.jpg', 'https://photos.classiccars.com/cc-temp/listing/187/6233/48052444-1978-ford-bronco-thumb.jpg', 'https://photos.classiccars.com/cc-temp/listing/187/6233/48052449-1978-ford-bronco-thumb.jpg']"
1987 Mazda RX-7,"$18,500 (OBO)",Rose Gold,Manual,,RX-7,Mazda,Original - Running,1987,"['https://photos.classiccars.com/cc-temp/listing/185/7577/46808025-1987-mazda-rx-7-thumb.jpg', 'https://photos.classiccars.com/cc-temp/listing/185/7577/46808028-1987-mazda-rx-7-thumb.jpg', 'https://photos.classiccars.com/cc-temp/listing/185/7577/46808026-1987-mazda-rx-7-thumb.jpg', 'https://photos.classiccars.com/cc-temp/listing/185/7577/46808029-1987-mazda-rx-7-thumb.jpg', 'https://photos.classiccars.com/cc-temp/listing/185/7577/46808031-1987-mazda-rx-7-thumb.jpg', 'https://photos.classiccars.com/cc-temp/listing/185/7577/46808030-1987-mazda-rx-7-thumb.jpg']"
1967 Jaguar XKE,"$60,000",Red,Automatic,,XKE,Jaguar, - ,1967,"['https://photos.classiccars.com/cc-temp/listing/182/7122/45006008-1967-jaguar-xke-thumb.jpg', 'https://photos.classiccars.com/cc-temp/listing/182/7122/45006009-1967-jaguar-xke-thumb.jpg', 'https://photos.classiccars.com/cc-temp/listing/182/7122/45006006-1967-jaguar-xke-thumb.jpg', 'https://photos.classiccars.com/cc-temp/listing/182/7122/45006007-1967-jaguar-xke-thumb.jpg']"
1971 Dodge Challenger,"$56,500 (OBO)",Black,Automatic,,Challenger,Dodge, - ,1971,"['https://photos.classiccars.com/cc-temp/listing/194/8000/52435582-1971-dodge-challenger-thumb.jpg', 'https://photos.classiccars.com/cc-temp/listing/194/8000/52435571-1971-dodge-challenger-thumb.jpg', 'https://photos.classiccars.com/cc-temp/listing/194/8000/52435599-1971-dodge-challenger-thumb.jpg', 'https://photos.classiccars.com/cc-temp/listing/194/8000/52435620-1971-dodge-challenger-thumb.jpg', 'https://photos.classiccars.com/cc-temp/listing/194/8000/52435638-1971-dodge-challenger-thumb.jpg', 'https://photos.classiccars.com/cc-temp/listing/194/8000/52435647-1971-dodge-challenger-thumb.jpg', 'https://photos.classiccars.com/cc-temp/listing/194/8000/52435717-1971-dodge-challenger-thumb.jpg', 'https://photos.classiccars.com/cc-temp/listing/194/8000/52435732-1971-dodge-challenger-thumb.jpg', 'https://photos.classiccars.com/cc-temp/listing/194/8000/52435749-1971-dodge-challenger-thumb.jpg', 'https://photos.classiccars.com/cc-temp/listing/194/8000/52435762-1971-dodge-challenger-thumb.jpg', 'https://photos.classiccars.com/cc-temp/listing/194/8000/52435787-1971-dodge-challenger-thumb.jpg', 'https://photos.classiccars.com/cc-temp/listing/194/8000/52435788-1971-dodge-challenger-thumb.jpg', 'https://photos.classiccars.com/cc-temp/listing/194/8000/52435680-1971-dodge-challenger-thumb.jpg', 'https://photos.classiccars.com/cc-temp/listing/194/8000/52435690-1971-dodge-challenger-thumb.jpg', 'https://photos.classiccars.com/cc-temp/listing/194/8000/52435705-1971-dodge-challenger-thumb.jpg']"
1954 GMC 2500,"$59,999 (OBO)",Green,Automatic,,2500,GMC, - ,1954,"['https://photos.classiccars.com/cc-temp/listing/187/3883/47928674-1954-gmc-2500-thumb.jpg', 'https://photos.classiccars.com/cc-temp/listing/187/3883/47928660-1954-gmc-2500-thumb.jpg', 'https://photos.classiccars.com/cc-temp/listing/187/3883/47928667-1954-gmc-2500-thumb.jpg', 'https://photos.classiccars.com/cc-temp/listing/187/3883/47928670-1954-gmc-2500-thumb.jpg', 'https://photos.classiccars.com/cc-temp/listing/187/3883/47928668-1954-gmc-2500-thumb.jpg', 'https://photos.classiccars.com/cc-temp/listing/187/3883/47928676-1954-gmc-2500-thumb.jpg', 'https://photos.classiccars.com/cc-temp/listing/187/3883/47928658-1954-gmc-2500-thumb.jpg', 'https://photos.classiccars.com/cc-temp/listing/187/3883/47928661-1954-gmc-2500-thumb.jpg', 'https://photos.classiccars.com/cc-temp/listing/187/3883/47928659-1954-gmc-2500-thumb.jpg', 'https://photos.classiccars.com/cc-temp/listing/187/3883/47928662-1954-gmc-2500-thumb.jpg', 'https://photos.classiccars.com/cc-temp/listing/187/3883/47928663-1954-gmc-2500-thumb.jpg', 'https://photos.classiccars.com/cc-temp/listing/187/3883/47928664-1954-gmc-2500-thumb.jpg', 'https://photos.classiccars.com/cc-temp/listing/187/3883/47928665-1954-gmc-2500-thumb.jpg', 'https://photos.classiccars.com/cc-temp/listing/187/3883/47928666-1954-gmc-2500-thumb.jpg', 'https://photos.classiccars.com/cc-temp/listing/187/3883/47928669-1954-gmc-2500-thumb.jpg', 'https://photos.classiccars.com/cc-temp/listing/187/3883/47928671-1954-gmc-2500-thumb.jpg', 'https://photos.classiccars.com/cc-temp/listing/187/3883/47928672-1954-gmc-2500-thumb.jpg', 'https://photos.classiccars.com/cc-temp/listing/187/3883/47928673-1954-gmc-2500-thumb.jpg', 'https://photos.classiccars.com/cc-temp/listing/187/3883/47928675-1954-gmc-2500-thumb.jpg']"
1941 Chevrolet Business Coupe,"$15,000 (OBO)",Orange,Automatic,,Business Coupe,Chevrolet, - ,1941,"['https://photos.classiccars.com/cc-temp/listing/195/484/52565289-1941-chevrolet-business-coupe-thumb.jpg', 'https://photos.classiccars.com/cc-temp/listing/195/484/52565288-1941-chevrolet-business-coupe-thumb.jpg', 'https://photos.classiccars.com/cc-temp/listing/195/484/52565291-1941-chevrolet-business-coupe-thumb.jpg', 'https://photos.classiccars.com/cc-temp/listing/195/484/52565292-1941-chevrolet-business-coupe-thumb.jpg', 'https://photos.classiccars.com/cc-temp/listing/195/484/52565293-1941-chevrolet-business-coupe-thumb.jpg', 'https://photos.classiccars.com/cc-temp/listing/195/484/52565294-1941-chevrolet-business-coupe-thumb.jpg', 'https://photos.classiccars.com/cc-temp/listing/195/484/52565295-1941-chevrolet-business-coupe-thumb.jpg', 'https://photos.classiccars.com/cc-temp/listing/195/484/52565296-1941-chevrolet-business-coupe-thumb.jpg', 'https://photos.classiccars.com/cc-temp/listing/195/484/52565297-1941-chevrolet-business-coupe-thumb.jpg', 'https://photos.classiccars.com/cc-temp/listing/195/484/52565298-1941-chevrolet-business-coupe-thumb.jpg', 'https://photos.classiccars.com/cc-temp/listing/195/484/52565299-1941-chevrolet-business-coupe-thumb.jpg', 'https://photos.classiccars.com/cc-temp/listing/195/484/52565300-1941-chevrolet-business-coupe-thumb.jpg', 'https://photos.classiccars.com/cc-temp/listing/195/484/52565301-1941-chevrolet-business-coupe-thumb.jpg', 'https://photos.classiccars.com/cc-temp/listing/195/484/52565302-1941-chevrolet-business-coupe-thumb.jpg', 'https://photos.classiccars.com/cc-temp/listing/195/484/52565303-1941-chevrolet-business-coupe-thumb.jpg', 'https://photos.classiccars.com/cc-temp/listing/195/484/52565304-1941-chevrolet-business-coupe-thumb.jpg', 'https://photos.classiccars.com/cc-temp/listing/195/484/52565305-1941-chevrolet-business-coupe-thumb.jpg', 'https://photos.classiccars.com/cc-temp/listing/195/484/52565306-1941-chevrolet-business-coupe-thumb.jpg', 'https://photos.classiccars.com/cc-temp/listing/195/484/52565307-1941-chevrolet-business-coupe-thumb.jpg', 'https://photos.classiccars.com/cc-temp/listing/195/484/52565308-1941-chevrolet-business-coupe-thumb.jpg', 'https://photos.classiccars.com/cc-temp/listing/195/484/52565310-1941-chevrolet-business-coupe-thumb.jpg', 'https://photos.classiccars.com/cc-temp/listing/195/484/52565309-1941-chevrolet-business-coupe-thumb.jpg', 'https://photos.classiccars.com/cc-temp/listing/195/484/52565311-1941-chevrolet-business-coupe-thumb.jpg', 'https://photos.classiccars.com/cc-temp/listing/195/484/52565312-1941-chevrolet-business-coupe-thumb.jpg', 'https://photos.classiccars.com/cc-temp/listing/195/484/52565313-1941-chevrolet-business-coupe-thumb.jpg', 'https://photos.classiccars.com/cc-temp/listing/195/484/52565314-1941-chevrolet-business-coupe-thumb.jpg', 'https://photos.classiccars.com/cc-temp/listing/195/484/52565315-1941-chevrolet-business-coupe-thumb.jpg', 'https://photos.classiccars.com/cc-temp/listing/195/484/52565316-1941-chevrolet-business-coupe-thumb.jpg', 'https://photos.classiccars.com/cc-temp/listing/195/484/52565317-1941-chevrolet-business-coupe-thumb.jpg', 'https://photos.classiccars.com/cc-temp/listing/195/484/52565318-1941-chevrolet-business-coupe-thumb.jpg', 'https://photos.classiccars.com/cc-temp/listing/195/484/52565319-1941-chevrolet-business-coupe-thumb.jpg', 'https://photos.classiccars.com/cc-temp/listing/195/484/52565320-1941-chevrolet-business-coupe-thumb.jpg', 'https://photos.classiccars.com/cc-temp/listing/195/484/52565321-1941-chevrolet-business-coupe-thumb.jpg', 'https://photos.classiccars.com/cc-temp/listing/195/484/52565322-1941-chevrolet-business-coupe-thumb.jpg', 'https://photos.classiccars.com/cc-temp/listing/195/484/52565323-1941-chevrolet-business-coupe-thumb.jpg', 'https://photos.classiccars.com/cc-temp/listing/195/484/52565324-1941-chevrolet-business-coupe-thumb.jpg', 'https://photos.classiccars.com/cc-temp/listing/195/484/52565325-1941-chevrolet-business-coupe-thumb.jpg', 'https://photos.classiccars.com/cc-temp/listing/195/484/52565326-1941-chevrolet-business-coupe-thumb.jpg', 'https://photos.classiccars.com/cc-temp/listing/195/484/52565327-1941-chevrolet-business-coupe-thumb.jpg', 'https://photos.classiccars.com/cc-temp/listing/195/484/52565328-1941-chevrolet-business-coupe-thumb.jpg', 'https://photos.classiccars.com/cc-temp/listing/195/484/52565329-1941-chevrolet-business-coupe-thumb.jpg', 'https://photos.classiccars.com/cc-temp/listing/195/484/52565330-1941-chevrolet-business-coupe-thumb.jpg', 'https://photos.classiccars.com/cc-temp/listing/195/484/52565331-1941-chevrolet-business-coupe-thumb.jpg', 'https://photos.classiccars.com/cc-temp/listing/195/484/52565332-1941-chevrolet-business-coupe-thumb.jpg', 'https://photos.classiccars.com/cc-temp/listing/195/484/52565333-1941-chevrolet-business-coupe-thumb.jpg', 'https://photos.classiccars.com/cc-temp/listing/195/484/52565334-1941-chevrolet-business-coupe-thumb.jpg', 'https://photos.classiccars.com/cc-temp/listing/195/484/52565335-1941-chevrolet-business-coupe-thumb.jpg', 'https://photos.classiccars.com/cc-temp/listing/195/484/52565336-1941-chevrolet-business-coupe-thumb.jpg', 'https://photos.classiccars.com/cc-temp/listing/195/484/52565337-1941-chevrolet-business-coupe-thumb.jpg', 'https://photos.classiccars.com/cc-temp/listing/195/484/52565338-1941-chevrolet-business-coupe-thumb.jpg', 'https://photos.classiccars.com/cc-temp/listing/195/484/52565339-1941-chevrolet-business-coupe-thumb.jpg', 'https://photos.classiccars.com/cc-temp/listing/195/484/52565340-1941-chevrolet-business-coupe-thumb.jpg', 'https://photos.classiccars.com/cc-temp/listing/195/484/52565341-1941-chevrolet-business-coupe-thumb.jpg', 'https://photos.classiccars.com/cc-temp/listing/195/484/52565342-1941-chevrolet-business-coupe-thumb.jpg', 'https://photos.classiccars.com/cc-temp/listing/195/484/52565343-1941-chevrolet-business-coupe-thumb.jpg', 'https://photos.classiccars.com/cc-temp/listing/195/484/52565344-1941-chevrolet-business-coupe-thumb.jpg', 'https://photos.classiccars.com/cc-temp/listing/195/484/52565345-1941-chevrolet-business-coupe-thumb.jpg', 'https://photos.classiccars.com/cc-temp/listing/195/484/52565346-1941-chevrolet-business-coupe-thumb.jpg', 'https://photos.classiccars.com/cc-temp/listing/195/484/52565347-1941-chevrolet-business-coupe-thumb.jpg', 'https://photos.classiccars.com/cc-temp/listing/195/484/52565348-1941-chevrolet-business-coupe-thumb.jpg', 'https://photos.classiccars.com/cc-temp/listing/195/484/52565349-1941-chevrolet-business-coupe-thumb.jpg', 'https://photos.classiccars.com/cc-temp/listing/195/484/52565350-1941-chevrolet-business-coupe-thumb.jpg', 'https://photos.classiccars.com/cc-temp/listing/195/484/52565351-1941-chevrolet-business-coupe-thumb.jpg']"
1969 Dodge Coronet R/T,"$79,000 (OBO)",Red/Black Vinyl Roof,Manual,Fully Restored,Coronet R/T,Dodge,Rebuilt - Running,1969,"['https://photos.classiccars.com/cc-temp/listing/192/4256/50906476-1969-dodge-coronet-r-t-thumb.jpg', 'https://photos.classiccars.com/cc-temp/listing/192/4256/50906537-1969-dodge-coronet-r-t-thumb.jpg', 'https://photos.classiccars.com/cc-temp/listing/192/4256/50906477-1969-dodge-coronet-r-t-thumb.jpg', 'https://photos.classiccars.com/cc-temp/listing/192/4256/50906475-1969-dodge-coronet-r-t-thumb.jpg', 'https://photos.classiccars.com/cc-temp/listing/192/4256/50906474-1969-dodge-coronet-r-t-thumb.jpg', 'https://photos.classiccars.com/cc-temp/listing/192/4256/50906478-1969-dodge-coronet-r-t-thumb.jpg', 'https://photos.classiccars.com/cc-temp/listing/192/4256/50906479-1969-dodge-coronet-r-t-thumb.jpg', 'https://photos.classiccars.com/cc-temp/listing/192/4256/50906480-1969-dodge-coronet-r-t-thumb.jpg', 'https://photos.classiccars.com/cc-temp/listing/192/4256/50906481-1969-dodge-coronet-r-t-thumb.jpg', 'https://photos.classiccars.com/cc-temp/listing/192/4256/50906482-1969-dodge-coronet-r-t-thumb.jpg', 'https://photos.classiccars.com/cc-temp/listing/192/4256/50906483-1969-dodge-coronet-r-t-thumb.jpg', 'https://photos.classiccars.com/cc-temp/listing/192/4256/50906484-1969-dodge-coronet-r-t-thumb.jpg', 'https://photos.classiccars.com/cc-temp/listing/192/4256/50906485-1969-dodge-coronet-r-t-thumb.jpg', 'https://photos.classiccars.com/cc-temp/listing/192/4256/50906486-1969-dodge-coronet-r-t-thumb.jpg', 'https://photos.classiccars.com/cc-temp/listing/192/4256/50906487-1969-dodge-coronet-r-t-thumb.jpg', 'https://photos.classiccars.com/cc-temp/listing/192/4256/50906488-1969-dodge-coronet-r-t-thumb.jpg', 'https://photos.classiccars.com/cc-temp/listing/192/4256/50906489-1969-dodge-coronet-r-t-thumb.jpg', 'https://photos.classiccars.com/cc-temp/listing/192/4256/50906490-1969-dodge-coronet-r-t-thumb.jpg', 'https://photos.classiccars.com/cc-temp/listing/192/4256/50906491-1969-dodge-coronet-r-t-thumb.jpg', 'https://photos.classiccars.com/cc-temp/listing/192/4256/50906492-1969-dodge-coronet-r-t-thumb.jpg', 'https://photos.classiccars.com/cc-temp/listing/192/4256/50906493-1969-dodge-coronet-r-t-thumb.jpg', 'https://photos.classiccars.com/cc-temp/listing/192/4256/50906494-1969-dodge-coronet-r-t-thumb.jpg', 'https://photos.classiccars.com/cc-temp/listing/192/4256/50906495-1969-dodge-coronet-r-t-thumb.jpg', 'https://photos.classiccars.com/cc-temp/listing/192/4256/50906496-1969-dodge-coronet-r-t-thumb.jpg', 'https://photos.classiccars.com/cc-temp/listing/192/4256/50906497-1969-dodge-coronet-r-t-thumb.jpg', 'https://photos.classiccars.com/cc-temp/listing/192/4256/50906498-1969-dodge-coronet-r-t-thumb.jpg', 'https://photos.classiccars.com/cc-temp/listing/192/4256/50906499-1969-dodge-coronet-r-t-thumb.jpg', 'https://photos.classiccars.com/cc-temp/listing/192/4256/50906500-1969-dodge-coronet-r-t-thumb.jpg', 'https://photos.classiccars.com/cc-temp/listing/192/4256/50906501-1969-dodge-coronet-r-t-thumb.jpg', 'https://photos.classiccars.com/cc-temp/listing/192/4256/50906502-1969-dodge-coronet-r-t-thumb.jpg', 'https://photos.classiccars.com/cc-temp/listing/192/4256/50906503-1969-dodge-coronet-r-t-thumb.jpg', 'https://photos.classiccars.com/cc-temp/listing/192/4256/50906504-1969-dodge-coronet-r-t-thumb.jpg', 'https://photos.classiccars.com/cc-temp/listing/192/4256/50906505-1969-dodge-coronet-r-t-thumb.jpg', 'https://photos.classiccars.com/cc-temp/listing/192/4256/50906506-1969-dodge-coronet-r-t-thumb.jpg', 'https://photos.classiccars.com/cc-temp/listing/192/4256/50906507-1969-dodge-coronet-r-t-thumb.jpg', 'https://photos.classiccars.com/cc-temp/listing/192/4256/50906508-1969-dodge-coronet-r-t-thumb.jpg', 'https://photos.classiccars.com/cc-temp/listing/192/4256/50906509-1969-dodge-coronet-r-t-thumb.jpg', 'https://photos.classiccars.com/cc-temp/listing/192/4256/50906510-1969-dodge-coronet-r-t-thumb.jpg', 'https://photos.classiccars.com/cc-temp/listing/192/4256/50906511-1969-dodge-coronet-r-t-thumb.jpg', 'https://photos.classiccars.com/cc-temp/listing/192/4256/50906512-1969-dodge-coronet-r-t-thumb.jpg', 'https://photos.classiccars.com/cc-temp/listing/192/4256/50906513-1969-dodge-coronet-r-t-thumb.jpg', 'https://photos.classiccars.com/cc-temp/listing/192/4256/50906514-1969-dodge-coronet-r-t-thumb.jpg', 'https://photos.classiccars.com/cc-temp/listing/192/4256/50906515-1969-dodge-coronet-r-t-thumb.jpg', 'https://photos.classiccars.com/cc-temp/listing/192/4256/50906516-1969-dodge-coronet-r-t-thumb.jpg', 'https://photos.classiccars.com/cc-temp/listing/192/4256/50906517-1969-dodge-coronet-r-t-thumb.jpg', 'https://photos.classiccars.com/cc-temp/listing/192/4256/50906518-1969-dodge-coronet-r-t-thumb.jpg', 'https://photos.classiccars.com/cc-temp/listing/192/4256/50906519-1969-dodge-coronet-r-t-thumb.jpg', 'https://photos.classiccars.com/cc-temp/listing/192/4256/50906520-1969-dodge-coronet-r-t-thumb.jpg', 'https://photos.classiccars.com/cc-temp/listing/192/4256/50906521-1969-dodge-coronet-r-t-thumb.jpg', 'https://photos.classiccars.com/cc-temp/listing/192/4256/50906522-1969-dodge-coronet-r-t-thumb.jpg', 'https://photos.classiccars.com/cc-temp/listing/192/4256/50906523-1969-dodge-coronet-r-t-thumb.jpg', 'https://photos.classiccars.com/cc-temp/listing/192/4256/50906524-1969-dodge-coronet-r-t-thumb.jpg', 'https://photos.classiccars.com/cc-temp/listing/192/4256/50906525-1969-dodge-coronet-r-t-thumb.jpg', 'https://photos.classiccars.com/cc-temp/listing/192/4256/50906526-1969-dodge-coronet-r-t-thumb.jpg', 'https://photos.classiccars.com/cc-temp/listing/192/4256/50906527-1969-dodge-coronet-r-t-thumb.jpg', 'https://photos.classiccars.com/cc-temp/listing/192/4256/50906528-1969-dodge-coronet-r-t-thumb.jpg', 'https://photos.classiccars.com/cc-temp/listing/192/4256/50906529-1969-dodge-coronet-r-t-thumb.jpg', 'https://photos.classiccars.com/cc-temp/listing/192/4256/50906530-1969-dodge-coronet-r-t-thumb.jpg', 'https://photos.classiccars.com/cc-temp/listing/192/4256/50906531-1969-dodge-coronet-r-t-thumb.jpg', 'https://photos.classiccars.com/cc-temp/listing/192/4256/50906532-1969-dodge-coronet-r-t-thumb.jpg', 'https://photos.classiccars.com/cc-temp/listing/192/4256/50906533-1969-dodge-coronet-r-t-thumb.jpg', 'https://photos.classiccars.com/cc-temp/listing/192/4256/50906534-1969-dodge-coronet-r-t-thumb.jpg', 'https://photos.classiccars.com/cc-temp/listing/192/4256/50906535-1969-dodge-coronet-r-t-thumb.jpg', 'https://photos.classiccars.com/cc-temp/listing/192/4256/50906536-1969-dodge-coronet-r-t-thumb.jpg', 'https://photos.classiccars.com/cc-temp/listing/192/4256/50906538-1969-dodge-coronet-r-t-thumb.jpg', 'https://photos.classiccars.com/cc-temp/listing/192/4256/50906539-1969-dodge-coronet-r-t-thumb.jpg', 'https://photos.classiccars.com/cc-temp/listing/192/4256/50906540-1969-dodge-coronet-r-t-thumb.jpg', 'https://photos.classiccars.com/cc-temp/listing/192/4256/50906541-1969-dodge-coronet-r-t-thumb.jpg']"
1972 Chevrolet Chevelle Malibu,"$27,999 (OBO)",Blue,Automatic,,Chevelle Malibu,Chevrolet,Original - Running,1972,"['https://photos.classiccars.com/cc-temp/listing/192/9391/51221726-1972-chevrolet-chevelle-malibu-thumb.jpg', 'https://photos.classiccars.com/cc-temp/listing/192/9391/51221002-1972-chevrolet-chevelle-malibu-thumb.jpg', 'https://photos.classiccars.com/cc-temp/listing/192/9391/51221001-1972-chevrolet-chevelle-malibu-thumb.jpg', 'https://photos.classiccars.com/cc-temp/listing/192/9391/51220997-1972-chevrolet-chevelle-malibu-thumb.jpg', 'https://photos.classiccars.com/cc-temp/listing/192/9391/51221000-1972-chevrolet-chevelle-malibu-thumb.jpg', 'https://photos.classiccars.com/cc-temp/listing/192/9391/51220999-1972-chevrolet-chevelle-malibu-thumb.jpg', 'https://photos.classiccars.com/cc-temp/listing/192/9391/51221008-1972-chevrolet-chevelle-malibu-thumb.jpg', 'https://photos.classiccars.com/cc-temp/listing/192/9391/51220998-1972-chevrolet-chevelle-malibu-thumb.jpg', 'https://photos.classiccars.com/cc-temp/listing/192/9391/51221006-1972-chevrolet-chevelle-malibu-thumb.jpg', 'https://photos.classiccars.com/cc-temp/listing/192/9391/51221727-1972-chevrolet-chevelle-malibu-thumb.jpg', 'https://photos.classiccars.com/cc-temp/listing/192/9391/51221003-1972-chevrolet-chevelle-malibu-thumb.jpg', 'https://photos.classiccars.com/cc-temp/listing/192/9391/51221004-1972-chevrolet-chevelle-malibu-thumb.jpg', 'https://photos.classiccars.com/cc-temp/listing/192/9391/51221732-1972-chevrolet-chevelle-malibu-thumb.jpg', 'https://photos.classiccars.com/cc-temp/listing/192/9391/51221388-1972-chevrolet-chevelle-malibu-thumb.jpg', 'https://photos.classiccars.com/cc-temp/listing/192/9391/51221007-1972-chevrolet-chevelle-malibu-thumb.jpg', 'https://photos.classiccars.com/cc-temp/listing/192/9391/51221390-1972-chevrolet-chevelle-malibu-thumb.jpg', 'https://photos.classiccars.com/cc-temp/listing/192/9391/51221728-1972-chevrolet-chevelle-malibu-thumb.jpg', 'https://photos.classiccars.com/cc-temp/listing/192/9391/51221729-1972-chevrolet-chevelle-malibu-thumb.jpg', 'https://photos.classiccars.com/cc-temp/listing/192/9391/51221730-1972-chevrolet-chevelle-malibu-thumb.jpg']"
1968 Chevrolet Camaro,"$95,000 (OBO)",Blue,Manual,Fully Restored,Camaro,Chevrolet,Replaced - Running,1968,"['https://photos.classiccars.com/cc-temp/listing/189/4210/49116416-1968-chevrolet-camaro-thumb.jpg', 'https://photos.classiccars.com/cc-temp/listing/189/4210/49116415-1968-chevrolet-camaro-thumb.jpg', 'https://photos.classiccars.com/cc-temp/listing/189/4210/49116417-1968-chevrolet-camaro-thumb.jpg', 'https://photos.classiccars.com/cc-temp/listing/189/4210/49116418-1968-chevrolet-camaro-thumb.jpg', 'https://photos.classiccars.com/cc-temp/listing/189/4210/49116442-1968-chevrolet-camaro-thumb.jpg', 'https://photos.classiccars.com/cc-temp/listing/189/4210/49116439-1968-chevrolet-camaro-thumb.jpg', 'https://photos.classiccars.com/cc-temp/listing/189/4210/49116419-1968-chevrolet-camaro-thumb.jpg', 'https://photos.classiccars.com/cc-temp/listing/189/4210/49116438-1968-chevrolet-camaro-thumb.jpg', 'https://photos.classiccars.com/cc-temp/listing/189/4210/49116436-1968-chevrolet-camaro-thumb.jpg', 'https://photos.classiccars.com/cc-temp/listing/189/4210/49116420-1968-chevrolet-camaro-thumb.jpg', 'https://photos.classiccars.com/cc-temp/listing/189/4210/49116421-1968-chevrolet-camaro-thumb.jpg', 'https://photos.classiccars.com/cc-temp/listing/189/4210/49116437-1968-chevrolet-camaro-thumb.jpg', 'https://photos.classiccars.com/cc-temp/listing/189/4210/49116433-1968-chevrolet-camaro-thumb.jpg', 'https://photos.classiccars.com/cc-temp/listing/189/4210/49116422-1968-chevrolet-camaro-thumb.jpg', 'https://photos.classiccars.com/cc-temp/listing/189/4210/49116428-1968-chevrolet-camaro-thumb.jpg', 'https://photos.classiccars.com/cc-temp/listing/189/4210/49116409-1968-chevrolet-camaro-thumb.jpg', 'https://photos.classiccars.com/cc-temp/listing/189/4210/49116423-1968-chevrolet-camaro-thumb.jpg', 'https://photos.classiccars.com/cc-temp/listing/189/4210/49116429-1968-chevrolet-camaro-thumb.jpg', 'https://photos.classiccars.com/cc-temp/listing/189/4210/49116430-1968-chevrolet-camaro-thumb.jpg', 'https://photos.classiccars.com/cc-temp/listing/189/4210/49116431-1968-chevrolet-camaro-thumb.jpg', 'https://photos.classiccars.com/cc-temp/listing/189/4210/49116432-1968-chevrolet-camaro-thumb.jpg', 'https://photos.classiccars.com/cc-temp/listing/189/4210/49116403-1968-chevrolet-camaro-thumb.jpg', 'https://photos.classiccars.com/cc-temp/listing/189/4210/49116404-1968-chevrolet-camaro-thumb.jpg', 'https://photos.classiccars.com/cc-temp/listing/189/4210/49116405-1968-chevrolet-camaro-thumb.jpg', 'https://photos.classiccars.com/cc-temp/listing/189/4210/49116406-1968-chevrolet-camaro-thumb.jpg', 'https://photos.classiccars.com/cc-temp/listing/189/4210/49116407-1968-chevrolet-camaro-thumb.jpg', 'https://photos.classiccars.com/cc-temp/listing/189/4210/49116408-1968-chevrolet-camaro-thumb.jpg', 'https://photos.classiccars.com/cc-temp/listing/189/4210/49116410-1968-chevrolet-camaro-thumb.jpg', 'https://photos.classiccars.com/cc-temp/listing/189/4210/49116411-1968-chevrolet-camaro-thumb.jpg', 'https://photos.classiccars.com/cc-temp/listing/189/4210/49116425-1968-chevrolet-camaro-thumb.jpg', 'https://photos.classiccars.com/cc-temp/listing/189/4210/49116412-1968-chevrolet-camaro-thumb.jpg', 'https://photos.classiccars.com/cc-temp/listing/189/4210/49116413-1968-chevrolet-camaro-thumb.jpg', 'https://photos.classiccars.com/cc-temp/listing/189/4210/49116414-1968-chevrolet-camaro-thumb.jpg', 'https://photos.classiccars.com/cc-temp/listing/189/4210/49116424-1968-chevrolet-camaro-thumb.jpg', 'https://photos.classiccars.com/cc-temp/listing/189/4210/49116426-1968-chevrolet-camaro-thumb.jpg', 'https://photos.classiccars.com/cc-temp/listing/189/4210/49116427-1968-chevrolet-camaro-thumb.jpg', 'https://photos.classiccars.com/cc-temp/listing/189/4210/49116444-1968-chevrolet-camaro-thumb.jpg', 'https://photos.classiccars.com/cc-temp/listing/189/4210/49116445-1968-chevrolet-camaro-thumb.jpg', 'https://photos.classiccars.com/cc-temp/listing/189/4210/49116440-1968-chevrolet-camaro-thumb.jpg', 'https://photos.classiccars.com/cc-temp/listing/189/4210/49116443-1968-chevrolet-camaro-thumb.jpg', 'https://photos.classiccars.com/cc-temp/listing/189/4210/49116434-1968-chevrolet-camaro-thumb.jpg', 'https://photos.classiccars.com/cc-temp/listing/189/4210/49116435-1968-chevrolet-camaro-thumb.jpg']"
1977 Ford Bronco,"$55,500",Blue,Automatic,,Bronco,Ford,Replaced - Running,1977,"['https://photos.classiccars.com/cc-temp/listing/194/7809/52425596-1977-ford-bronco-thumb.jpg', 'https://photos.classiccars.com/cc-temp/listing/194/7809/52425589-1977-ford-bronco-thumb.jpg', 'https://photos.classiccars.com/cc-temp/listing/194/7809/52425590-1977-ford-bronco-thumb.jpg', 'https://photos.classiccars.com/cc-temp/listing/194/7809/52425591-1977-ford-bronco-thumb.jpg', 'https://photos.classiccars.com/cc-temp/listing/194/7809/52425593-1977-ford-bronco-thumb.jpg', 'https://photos.classiccars.com/cc-temp/listing/194/7809/52425594-1977-ford-bronco-thumb.jpg', 'https://photos.classiccars.com/cc-temp/listing/194/7809/52425595-1977-ford-bronco-thumb.jpg', 'https://photos.classiccars.com/cc-temp/listing/194/7809/52425597-1977-ford-bronco-thumb.jpg', 'https://photos.classiccars.com/cc-temp/listing/194/7809/52425598-1977-ford-bronco-thumb.jpg', 'https://photos.classiccars.com/cc-temp/listing/194/7809/52425599-1977-ford-bronco-thumb.jpg', 'https://photos.classiccars.com/cc-temp/listing/194/7809/52425611-1977-ford-bronco-thumb.jpg', 'https://photos.classiccars.com/cc-temp/listing/194/7809/52425612-1977-ford-bronco-thumb.jpg', 'https://photos.classiccars.com/cc-temp/listing/194/7809/52425613-1977-ford-bronco-thumb.jpg', 'https://photos.classiccars.com/cc-temp/listing/194/7809/52425614-1977-ford-bronco-thumb.jpg', 'https://photos.classiccars.com/cc-temp/listing/194/7809/52425615-1977-ford-bronco-thumb.jpg', 'https://photos.classiccars.com/cc-temp/listing/194/7809/52425616-1977-ford-bronco-thumb.jpg', 'https://photos.classiccars.com/cc-temp/listing/194/7809/52425617-1977-ford-bronco-thumb.jpg', 'https://photos.classiccars.com/cc-temp/listing/194/7809/52425618-1977-ford-bronco-thumb.jpg', 'https://photos.classiccars.com/cc-temp/listing/194/7809/52425619-1977-ford-bronco-thumb.jpg', 'https://photos.classiccars.com/cc-temp/listing/194/7809/52425620-1977-ford-bronco-thumb.jpg', 'https://photos.classiccars.com/cc-temp/listing/194/7809/52425621-1977-ford-bronco-thumb.jpg', 'https://photos.classiccars.com/cc-temp/listing/194/7809/52425622-1977-ford-bronco-thumb.jpg', 'https://photos.classiccars.com/cc-temp/listing/194/7809/52425623-1977-ford-bronco-thumb.jpg', 'https://photos.classiccars.com/cc-temp/listing/194/7809/52425625-1977-ford-bronco-thumb.jpg', 'https://photos.classiccars.com/cc-temp/listing/194/7809/52425626-1977-ford-bronco-thumb.jpg', 'https://photos.classiccars.com/cc-temp/listing/194/7809/52425627-1977-ford-bronco-thumb.jpg', 'https://photos.classiccars.com/cc-temp/listing/194/7809/52425628-1977-ford-bronco-thumb.jpg', 'https://photos.classiccars.com/cc-temp/listing/194/7809/52425629-1977-ford-bronco-thumb.jpg']"
1978 Porsche 911SC,"$60,000 (OBO)",Black,Manual,,911SC,Porsche, - ,1978,"['https://photos.classiccars.com/cc-temp/listing/194/8223/52444155-1978-porsche-911sc-thumb.jpg', 'https://photos.classiccars.com/cc-temp/listing/194/8223/52444153-1978-porsche-911sc-thumb.jpg', 'https://photos.classiccars.com/cc-temp/listing/194/8223/52444154-1978-porsche-911sc-thumb.jpg']"
1965 Ford Mustang,"$30,500",Red,Manual,,Mustang,Ford, - ,1965,"['https://photos.classiccars.com/cc-temp/listing/193/3212/51468754-1965-ford-mustang-thumb.jpg', 'https://photos.classiccars.com/cc-temp/listing/193/3212/51468756-1965-ford-mustang-thumb.jpg', 'https://photos.classiccars.com/cc-temp/listing/193/3212/51468760-1965-ford-mustang-thumb.jpg', 'https://photos.classiccars.com/cc-temp/listing/193/3212/51468758-1965-ford-mustang-thumb.jpg', 'https://photos.classiccars.com/cc-temp/listing/193/3212/51468757-1965-ford-mustang-thumb.jpg', 'https://photos.classiccars.com/cc-temp/listing/193/3212/51468761-1965-ford-mustang-thumb.jpg', 'https://photos.classiccars.com/cc-temp/listing/193/3212/51468763-1965-ford-mustang-thumb.jpg', 'https://photos.classiccars.com/cc-temp/listing/193/3212/51468767-1965-ford-mustang-thumb.jpg', 'https://photos.classiccars.com/cc-temp/listing/193/3212/51468770-1965-ford-mustang-thumb.jpg', 'https://photos.classiccars.com/cc-temp/listing/193/3212/51468771-1965-ford-mustang-thumb.jpg', 'https://photos.classiccars.com/cc-temp/listing/193/3212/51468764-1965-ford-mustang-thumb.jpg', 'https://photos.classiccars.com/cc-temp/listing/193/3212/51468766-1965-ford-mustang-thumb.jpg', 'https://photos.classiccars.com/cc-temp/listing/193/3212/51468768-1965-ford-mustang-thumb.jpg', 'https://photos.classiccars.com/cc-temp/listing/193/3212/51468769-1965-ford-mustang-thumb.jpg', 'https://photos.classiccars.com/cc-temp/listing/193/3212/51468772-1965-ford-mustang-thumb.jpg', 'https://photos.classiccars.com/cc-temp/listing/193/3212/51468773-1965-ford-mustang-thumb.jpg', 'https://photos.classiccars.com/cc-temp/listing/193/3212/51468774-1965-ford-mustang-thumb.jpg', 'https://photos.classiccars.com/cc-temp/listing/193/3212/51468775-1965-ford-mustang-thumb.jpg', 'https://photos.classiccars.com/cc-temp/listing/193/3212/51468776-1965-ford-mustang-thumb.jpg', 'https://photos.classiccars.com/cc-temp/listing/193/3212/51468777-1965-ford-mustang-thumb.jpg', 'https://photos.classiccars.com/cc-temp/listing/193/3212/51468778-1965-ford-mustang-thumb.jpg', 'https://photos.classiccars.com/cc-temp/listing/193/3212/51468762-1965-ford-mustang-thumb.jpg', 'https://photos.classiccars.com/cc-temp/listing/193/3212/51468779-1965-ford-mustang-thumb.jpg', 'https://photos.classiccars.com/cc-temp/listing/193/3212/51468765-1965-ford-mustang-thumb.jpg']"
1957 Chevrolet Pickup,"$30,000",Green,Automatic,,Pickup,Chevrolet, - Running,1957,"['https://photos.classiccars.com/cc-temp/listing/194/4232/52229587-1957-chevrolet-pickup-thumb.jpg', 'https://photos.classiccars.com/cc-temp/listing/194/4232/52229632-1957-chevrolet-pickup-thumb.jpg', 'https://photos.classiccars.com/cc-temp/listing/194/4232/52229534-1957-chevrolet-pickup-thumb.jpg', 'https://photos.classiccars.com/cc-temp/listing/194/4232/52229588-1957-chevrolet-pickup-thumb.jpg', 'https://photos.classiccars.com/cc-temp/listing/194/4232/52229612-1957-chevrolet-pickup-thumb.jpg', 'https://photos.classiccars.com/cc-temp/listing/194/4232/52229535-1957-chevrolet-pickup-thumb.jpg', 'https://photos.classiccars.com/cc-temp/listing/194/4232/52229600-1957-chevrolet-pickup-thumb.jpg', 'https://photos.classiccars.com/cc-temp/listing/194/4232/52229630-1957-chevrolet-pickup-thumb.jpg', 'https://photos.classiccars.com/cc-temp/listing/194/4232/52229531-1957-chevrolet-pickup-thumb.jpg', 'https://photos.classiccars.com/cc-temp/listing/194/4232/52229584-1957-chevrolet-pickup-thumb.jpg', 'https://photos.classiccars.com/cc-temp/listing/194/4232/52229644-1957-chevrolet-pickup-thumb.jpg', 'https://photos.classiccars.com/cc-temp/listing/194/4232/52229537-1957-chevrolet-pickup-thumb.jpg', 'https://photos.classiccars.com/cc-temp/listing/194/4232/52229598-1957-chevrolet-pickup-thumb.jpg', 'https://photos.classiccars.com/cc-temp/listing/194/4232/52229638-1957-chevrolet-pickup-thumb.jpg', 'https://photos.classiccars.com/cc-temp/listing/194/4232/52229542-1957-chevrolet-pickup-thumb.jpg', 'https://photos.classiccars.com/cc-temp/listing/194/4232/52229578-1957-chevrolet-pickup-thumb.jpg', 'https://photos.classiccars.com/cc-temp/listing/194/4232/52229608-1957-chevrolet-pickup-thumb.jpg', 'https://photos.classiccars.com/cc-temp/listing/194/4232/52229569-1957-chevrolet-pickup-thumb.jpg', 'https://photos.classiccars.com/cc-temp/listing/194/4232/52229546-1957-chevrolet-pickup-thumb.jpg', 'https://photos.classiccars.com/cc-temp/listing/194/4232/52229530-1957-chevrolet-pickup-thumb.jpg', 'https://photos.classiccars.com/cc-temp/listing/194/4232/52229564-1957-chevrolet-pickup-thumb.jpg', 'https://photos.classiccars.com/cc-temp/listing/194/4232/52229605-1957-chevrolet-pickup-thumb.jpg', 'https://photos.classiccars.com/cc-temp/listing/194/4232/52229549-1957-chevrolet-pickup-thumb.jpg', 'https://photos.classiccars.com/cc-temp/listing/194/4232/52229595-1957-chevrolet-pickup-thumb.jpg', 'https://photos.classiccars.com/cc-temp/listing/194/4232/52229623-1957-chevrolet-pickup-thumb.jpg', 'https://photos.classiccars.com/cc-temp/listing/194/4232/52229533-1957-chevrolet-pickup-thumb.jpg', 'https://photos.classiccars.com/cc-temp/listing/194/4232/52229565-1957-chevrolet-pickup-thumb.jpg', 'https://photos.classiccars.com/cc-temp/listing/194/4232/52229607-1957-chevrolet-pickup-thumb.jpg', 'https://photos.classiccars.com/cc-temp/listing/194/4232/52229548-1957-chevrolet-pickup-thumb.jpg', 'https://photos.classiccars.com/cc-temp/listing/194/4232/52229594-1957-chevrolet-pickup-thumb.jpg', 'https://photos.classiccars.com/cc-temp/listing/194/4232/52229643-1957-chevrolet-pickup-thumb.jpg', 'https://photos.classiccars.com/cc-temp/listing/194/4232/52229532-1957-chevrolet-pickup-thumb.jpg', 'https://photos.classiccars.com/cc-temp/listing/194/4232/52229570-1957-chevrolet-pickup-thumb.jpg', 'https://photos.classiccars.com/cc-temp/listing/194/4232/52229619-1957-chevrolet-pickup-thumb.jpg', 'https://photos.classiccars.com/cc-temp/listing/194/4232/52229528-1957-chevrolet-pickup-thumb.jpg', 'https://photos.classiccars.com/cc-temp/listing/194/4232/52229573-1957-chevrolet-pickup-thumb.jpg', 'https://photos.classiccars.com/cc-temp/listing/194/4232/52229637-1957-chevrolet-pickup-thumb.jpg', 'https://photos.classiccars.com/cc-temp/listing/194/4232/52229539-1957-chevrolet-pickup-thumb.jpg', 'https://photos.classiccars.com/cc-temp/listing/194/4232/52229592-1957-chevrolet-pickup-thumb.jpg', 'https://photos.classiccars.com/cc-temp/listing/194/4232/52229639-1957-chevrolet-pickup-thumb.jpg', 'https://photos.classiccars.com/cc-temp/listing/194/4232/52229540-1957-chevrolet-pickup-thumb.jpg', 'https://photos.classiccars.com/cc-temp/listing/194/4232/52229566-1957-chevrolet-pickup-thumb.jpg', 'https://photos.classiccars.com/cc-temp/listing/194/4232/52229615-1957-chevrolet-pickup-thumb.jpg', 'https://photos.classiccars.com/cc-temp/listing/194/4232/52229543-1957-chevrolet-pickup-thumb.jpg', 'https://photos.classiccars.com/cc-temp/listing/194/4232/52229568-1957-chevrolet-pickup-thumb.jpg', 'https://photos.classiccars.com/cc-temp/listing/194/4232/52229617-1957-chevrolet-pickup-thumb.jpg', 'https://photos.classiccars.com/cc-temp/listing/194/4232/52229538-1957-chevrolet-pickup-thumb.jpg', 'https://photos.classiccars.com/cc-temp/listing/194/4232/52229590-1957-chevrolet-pickup-thumb.jpg', 'https://photos.classiccars.com/cc-temp/listing/194/4232/52229636-1957-chevrolet-pickup-thumb.jpg', 'https://photos.classiccars.com/cc-temp/listing/194/4232/52229541-1957-chevrolet-pickup-thumb.jpg', 'https://photos.classiccars.com/cc-temp/listing/194/4232/52229596-1957-chevrolet-pickup-thumb.jpg', 'https://photos.classiccars.com/cc-temp/listing/194/4232/52229646-1957-chevrolet-pickup-thumb.jpg', 'https://photos.classiccars.com/cc-temp/listing/194/4232/52229544-1957-chevrolet-pickup-thumb.jpg', 'https://photos.classiccars.com/cc-temp/listing/194/4232/52229580-1957-chevrolet-pickup-thumb.jpg', 'https://photos.classiccars.com/cc-temp/listing/194/4232/52229616-1957-chevrolet-pickup-thumb.jpg', 'https://photos.classiccars.com/cc-temp/listing/194/4232/52229536-1957-chevrolet-pickup-thumb.jpg', 'https://photos.classiccars.com/cc-temp/listing/194/4232/52229567-1957-chevrolet-pickup-thumb.jpg', 'https://photos.classiccars.com/cc-temp/listing/194/4232/52229613-1957-chevrolet-pickup-thumb.jpg', 'https://photos.classiccars.com/cc-temp/listing/194/4232/52229618-1957-chevrolet-pickup-thumb.jpg', 'https://photos.classiccars.com/cc-temp/listing/194/4232/52229651-1957-chevrolet-pickup-thumb.jpg', 'https://photos.classiccars.com/cc-temp/listing/194/4232/52229655-1957-chevrolet-pickup-thumb.jpg', 'https://photos.classiccars.com/cc-temp/listing/194/4232/52229649-1957-chevrolet-pickup-thumb.jpg']"
1970 Plymouth GTX,"$97,875 (OBO)",orange,Automatic,Fully Restored,GTX,Plymouth,Rebuilt - Running,1970,"['https://photos.classiccars.com/cc-temp/listing/191/929/50062164-1970-plymouth-gtx-thumb.jpg', 'https://photos.classiccars.com/cc-temp/listing/191/929/50062135-1970-plymouth-gtx-thumb.jpg', 'https://photos.classiccars.com/cc-temp/listing/191/929/50062145-1970-plymouth-gtx-thumb.jpg', 'https://photos.classiccars.com/cc-temp/listing/191/929/50062151-1970-plymouth-gtx-thumb.jpg', 'https://photos.classiccars.com/cc-temp/listing/191/929/50062168-1970-plymouth-gtx-thumb.jpg', 'https://photos.classiccars.com/cc-temp/listing/191/929/50062170-1970-plymouth-gtx-thumb.jpg', 'https://photos.classiccars.com/cc-temp/listing/191/929/50062172-1970-plymouth-gtx-thumb.jpg', 'https://photos.classiccars.com/cc-temp/listing/191/929/50062174-1970-plymouth-gtx-thumb.jpg', 'https://photos.classiccars.com/cc-temp/listing/191/929/50062137-1970-plymouth-gtx-thumb.jpg', 'https://photos.classiccars.com/cc-temp/listing/191/929/50062139-1970-plymouth-gtx-thumb.jpg', 'https://photos.classiccars.com/cc-temp/listing/191/929/50062143-1970-plymouth-gtx-thumb.jpg', 'https://photos.classiccars.com/cc-temp/listing/191/929/50062161-1970-plymouth-gtx-thumb.jpg', 'https://photos.classiccars.com/cc-temp/listing/191/929/50062141-1970-plymouth-gtx-thumb.jpg', 'https://photos.classiccars.com/cc-temp/listing/191/929/50062159-1970-plymouth-gtx-thumb.jpg', 'https://photos.classiccars.com/cc-temp/listing/191/929/50062154-1970-plymouth-gtx-thumb.jpg', 'https://photos.classiccars.com/cc-temp/listing/191/929/50062147-1970-plymouth-gtx-thumb.jpg', 'https://photos.classiccars.com/cc-temp/listing/191/929/50062149-1970-plymouth-gtx-thumb.jpg', 'https://photos.classiccars.com/cc-temp/listing/191/929/50062153-1970-plymouth-gtx-thumb.jpg', 'https://photos.classiccars.com/cc-temp/listing/191/929/50062156-1970-plymouth-gtx-thumb.jpg', 'https://photos.classiccars.com/cc-temp/listing/191/929/50062176-1970-plymouth-gtx-thumb.jpg']"
1968 Ford Mustang GT,"$132,500 (OBO)",Gulfstream Aqua,Automatic,Fully Restored,Mustang GT,Ford,Original - Running,1968,"['https://photos.classiccars.com/cc-temp/listing/189/9835/49434243-1968-ford-mustang-gt-thumb.jpg', 'https://photos.classiccars.com/cc-temp/listing/189/9835/49434309-1968-ford-mustang-gt-thumb.jpg', 'https://photos.classiccars.com/cc-temp/listing/189/9835/49434311-1968-ford-mustang-gt-thumb.jpg', 'https://photos.classiccars.com/cc-temp/listing/189/9835/49434308-1968-ford-mustang-gt-thumb.jpg', 'https://photos.classiccars.com/cc-temp/listing/189/9835/49434244-1968-ford-mustang-gt-thumb.jpg', 'https://photos.classiccars.com/cc-temp/listing/189/9835/49434307-1968-ford-mustang-gt-thumb.jpg', 'https://photos.classiccars.com/cc-temp/listing/189/9835/49434242-1968-ford-mustang-gt-thumb.jpg', 'https://photos.classiccars.com/cc-temp/listing/189/9835/49434306-1968-ford-mustang-gt-thumb.jpg', 'https://photos.classiccars.com/cc-temp/listing/189/9835/49434305-1968-ford-mustang-gt-thumb.jpg', 'https://photos.classiccars.com/cc-temp/listing/189/9835/49434269-1968-ford-mustang-gt-thumb.jpg', 'https://photos.classiccars.com/cc-temp/listing/189/9835/49434268-1968-ford-mustang-gt-thumb.jpg', 'https://photos.classiccars.com/cc-temp/listing/189/9835/49434267-1968-ford-mustang-gt-thumb.jpg', 'https://photos.classiccars.com/cc-temp/listing/189/9835/49434227-1968-ford-mustang-gt-thumb.jpg', 'https://photos.classiccars.com/cc-temp/listing/189/9835/49434304-1968-ford-mustang-gt-thumb.jpg', 'https://photos.classiccars.com/cc-temp/listing/189/9835/49434280-1968-ford-mustang-gt-thumb.jpg', 'https://photos.classiccars.com/cc-temp/listing/189/9835/49434279-1968-ford-mustang-gt-thumb.jpg', 'https://photos.classiccars.com/cc-temp/listing/189/9835/49434265-1968-ford-mustang-gt-thumb.jpg', 'https://photos.classiccars.com/cc-temp/listing/189/9835/49434266-1968-ford-mustang-gt-thumb.jpg', 'https://photos.classiccars.com/cc-temp/listing/189/9835/49434261-1968-ford-mustang-gt-thumb.jpg', 'https://photos.classiccars.com/cc-temp/listing/189/9835/49434262-1968-ford-mustang-gt-thumb.jpg', 'https://photos.classiccars.com/cc-temp/listing/189/9835/49434263-1968-ford-mustang-gt-thumb.jpg', 'https://photos.classiccars.com/cc-temp/listing/189/9835/49434259-1968-ford-mustang-gt-thumb.jpg', 'https://photos.classiccars.com/cc-temp/listing/189/9835/49434264-1968-ford-mustang-gt-thumb.jpg', 'https://photos.classiccars.com/cc-temp/listing/189/9835/49434258-1968-ford-mustang-gt-thumb.jpg', 'https://photos.classiccars.com/cc-temp/listing/189/9835/49434256-1968-ford-mustang-gt-thumb.jpg', 'https://photos.classiccars.com/cc-temp/listing/189/9835/49434257-1968-ford-mustang-gt-thumb.jpg', 'https://photos.classiccars.com/cc-temp/listing/189/9835/49434228-1968-ford-mustang-gt-thumb.jpg', 'https://photos.classiccars.com/cc-temp/listing/189/9835/49434229-1968-ford-mustang-gt-thumb.jpg', 'https://photos.classiccars.com/cc-temp/listing/189/9835/49434277-1968-ford-mustang-gt-thumb.jpg', 'https://photos.classiccars.com/cc-temp/listing/189/9835/49434278-1968-ford-mustang-gt-thumb.jpg', 'https://photos.classiccars.com/cc-temp/listing/189/9835/49434276-1968-ford-mustang-gt-thumb.jpg', 'https://photos.classiccars.com/cc-temp/listing/189/9835/49434273-1968-ford-mustang-gt-thumb.jpg', 'https://photos.classiccars.com/cc-temp/listing/189/9835/49434274-1968-ford-mustang-gt-thumb.jpg', 'https://photos.classiccars.com/cc-temp/listing/189/9835/49434275-1968-ford-mustang-gt-thumb.jpg', 'https://photos.classiccars.com/cc-temp/listing/189/9835/49434230-1968-ford-mustang-gt-thumb.jpg', 'https://photos.classiccars.com/cc-temp/listing/189/9835/49434231-1968-ford-mustang-gt-thumb.jpg', 'https://photos.classiccars.com/cc-temp/listing/189/9835/49434303-1968-ford-mustang-gt-thumb.jpg', 'https://photos.classiccars.com/cc-temp/listing/189/9835/49434302-1968-ford-mustang-gt-thumb.jpg', 'https://photos.classiccars.com/cc-temp/listing/189/9835/49434232-1968-ford-mustang-gt-thumb.jpg', 'https://photos.classiccars.com/cc-temp/listing/189/9835/49434314-1968-ford-mustang-gt-thumb.jpg', 'https://photos.classiccars.com/cc-temp/listing/189/9835/49434313-1968-ford-mustang-gt-thumb.jpg', 'https://photos.classiccars.com/cc-temp/listing/189/9835/49434312-1968-ford-mustang-gt-thumb.jpg', 'https://photos.classiccars.com/cc-temp/listing/189/9835/49434233-1968-ford-mustang-gt-thumb.jpg', 'https://photos.classiccars.com/cc-temp/listing/189/9835/49434234-1968-ford-mustang-gt-thumb.jpg', 'https://photos.classiccars.com/cc-temp/listing/189/9835/49434235-1968-ford-mustang-gt-thumb.jpg', 'https://photos.classiccars.com/cc-temp/listing/189/9835/49434236-1968-ford-mustang-gt-thumb.jpg', 'https://photos.classiccars.com/cc-temp/listing/189/9835/49434237-1968-ford-mustang-gt-thumb.jpg', 'https://photos.classiccars.com/cc-temp/listing/189/9835/49434238-1968-ford-mustang-gt-thumb.jpg', 'https://photos.classiccars.com/cc-temp/listing/189/9835/49434239-1968-ford-mustang-gt-thumb.jpg', 'https://photos.classiccars.com/cc-temp/listing/189/9835/49434240-1968-ford-mustang-gt-thumb.jpg', 'https://photos.classiccars.com/cc-temp/listing/189/9835/49434241-1968-ford-mustang-gt-thumb.jpg', 'https://photos.classiccars.com/cc-temp/listing/189/9835/49434245-1968-ford-mustang-gt-thumb.jpg', 'https://photos.classiccars.com/cc-temp/listing/189/9835/49434246-1968-ford-mustang-gt-thumb.jpg', 'https://photos.classiccars.com/cc-temp/listing/189/9835/49434247-1968-ford-mustang-gt-thumb.jpg', 'https://photos.classiccars.com/cc-temp/listing/189/9835/49434248-1968-ford-mustang-gt-thumb.jpg', 'https://photos.classiccars.com/cc-temp/listing/189/9835/49434249-1968-ford-mustang-gt-thumb.jpg', 'https://photos.classiccars.com/cc-temp/listing/189/9835/49434250-1968-ford-mustang-gt-thumb.jpg', 'https://photos.classiccars.com/cc-temp/listing/189/9835/49434251-1968-ford-mustang-gt-thumb.jpg', 'https://photos.classiccars.com/cc-temp/listing/189/9835/49434252-1968-ford-mustang-gt-thumb.jpg', 'https://photos.classiccars.com/cc-temp/listing/189/9835/49434253-1968-ford-mustang-gt-thumb.jpg', 'https://photos.classiccars.com/cc-temp/listing/189/9835/49434254-1968-ford-mustang-gt-thumb.jpg', 'https://photos.classiccars.com/cc-temp/listing/189/9835/49434255-1968-ford-mustang-gt-thumb.jpg', 'https://photos.classiccars.com/cc-temp/listing/189/9835/49434260-1968-ford-mustang-gt-thumb.jpg', 'https://photos.classiccars.com/cc-temp/listing/189/9835/49434270-1968-ford-mustang-gt-thumb.jpg', 'https://photos.classiccars.com/cc-temp/listing/189/9835/49434271-1968-ford-mustang-gt-thumb.jpg', 'https://photos.classiccars.com/cc-temp/listing/189/9835/49434272-1968-ford-mustang-gt-thumb.jpg', 'https://photos.classiccars.com/cc-temp/listing/189/9835/49434281-1968-ford-mustang-gt-thumb.jpg', 'https://photos.classiccars.com/cc-temp/listing/189/9835/49434282-1968-ford-mustang-gt-thumb.jpg', 'https://photos.classiccars.com/cc-temp/listing/189/9835/49434283-1968-ford-mustang-gt-thumb.jpg', 'https://photos.classiccars.com/cc-temp/listing/189/9835/49434284-1968-ford-mustang-gt-thumb.jpg', 'https://photos.classiccars.com/cc-temp/listing/189/9835/49434285-1968-ford-mustang-gt-thumb.jpg', 'https://photos.classiccars.com/cc-temp/listing/189/9835/49434286-1968-ford-mustang-gt-thumb.jpg', 'https://photos.classiccars.com/cc-temp/listing/189/9835/49434287-1968-ford-mustang-gt-thumb.jpg', 'https://photos.classiccars.com/cc-temp/listing/189/9835/49434288-1968-ford-mustang-gt-thumb.jpg', 'https://photos.classiccars.com/cc-temp/listing/189/9835/49434289-1968-ford-mustang-gt-thumb.jpg', 'https://photos.classiccars.com/cc-temp/listing/189/9835/49434290-1968-ford-mustang-gt-thumb.jpg', 'https://photos.classiccars.com/cc-temp/listing/189/9835/49434291-1968-ford-mustang-gt-thumb.jpg', 'https://photos.classiccars.com/cc-temp/listing/189/9835/49434292-1968-ford-mustang-gt-thumb.jpg', 'https://photos.classiccars.com/cc-temp/listing/189/9835/49434293-1968-ford-mustang-gt-thumb.jpg', 'https://photos.classiccars.com/cc-temp/listing/189/9835/49434294-1968-ford-mustang-gt-thumb.jpg', 'https://photos.classiccars.com/cc-temp/listing/189/9835/49434295-1968-ford-mustang-gt-thumb.jpg', 'https://photos.classiccars.com/cc-temp/listing/189/9835/49434296-1968-ford-mustang-gt-thumb.jpg', 'https://photos.classiccars.com/cc-temp/listing/189/9835/49434297-1968-ford-mustang-gt-thumb.jpg', 'https://photos.classiccars.com/cc-temp/listing/189/9835/49434298-1968-ford-mustang-gt-thumb.jpg', 'https://photos.classiccars.com/cc-temp/listing/189/9835/49434299-1968-ford-mustang-gt-thumb.jpg', 'https://photos.classiccars.com/cc-temp/listing/189/9835/49434300-1968-ford-mustang-gt-thumb.jpg', 'https://photos.classiccars.com/cc-temp/listing/189/9835/49434301-1968-ford-mustang-gt-thumb.jpg', 'https://photos.classiccars.com/cc-temp/listing/189/9835/49434315-1968-ford-mustang-gt-thumb.jpg', 'https://photos.classiccars.com/cc-temp/listing/189/9835/49434316-1968-ford-mustang-gt-thumb.jpg', 'https://photos.classiccars.com/cc-temp/listing/189/9835/49434317-1968-ford-mustang-gt-thumb.jpg', 'https://photos.classiccars.com/cc-temp/listing/189/9835/49434318-1968-ford-mustang-gt-thumb.jpg', 'https://photos.classiccars.com/cc-temp/listing/189/9835/49434319-1968-ford-mustang-gt-thumb.jpg', 'https://photos.classiccars.com/cc-temp/listing/189/9835/49434320-1968-ford-mustang-gt-thumb.jpg', 'https://photos.classiccars.com/cc-temp/listing/189/9835/49434321-1968-ford-mustang-gt-thumb.jpg', 'https://photos.classiccars.com/cc-temp/listing/189/9835/49434322-1968-ford-mustang-gt-thumb.jpg', 'https://photos.classiccars.com/cc-temp/listing/189/9835/49434323-1968-ford-mustang-gt-thumb.jpg', 'https://photos.classiccars.com/cc-temp/listing/189/9835/49434324-1968-ford-mustang-gt-thumb.jpg', 'https://photos.classiccars.com/cc-temp/listing/189/9835/49434325-1968-ford-mustang-gt-thumb.jpg']"
1964 Chevrolet Corvette Grand Sport,"$69,900 (OBO)",Black w Red Stripe,Manual,,Corvette Grand Sport,Chevrolet,Replaced - Running,1964,"['https://photos.classiccars.com/cc-temp/listing/186/4753/47399804-1964-chevrolet-corvette-grand-sport-thumb.jpg', 'https://photos.classiccars.com/cc-temp/listing/186/4753/47399799-1964-chevrolet-corvette-grand-sport-thumb.jpg', 'https://photos.classiccars.com/cc-temp/listing/186/4753/47399776-1964-chevrolet-corvette-grand-sport-thumb.jpg', 'https://photos.classiccars.com/cc-temp/listing/186/4753/47399787-1964-chevrolet-corvette-grand-sport-thumb.jpg', 'https://photos.classiccars.com/cc-temp/listing/186/4753/47399775-1964-chevrolet-corvette-grand-sport-thumb.jpg', 'https://photos.classiccars.com/cc-temp/listing/186/4753/47399798-1964-chevrolet-corvette-grand-sport-thumb.jpg', 'https://photos.classiccars.com/cc-temp/listing/186/4753/47399786-1964-chevrolet-corvette-grand-sport-thumb.jpg', 'https://photos.classiccars.com/cc-temp/listing/186/4753/47399792-1964-chevrolet-corvette-grand-sport-thumb.jpg', 'https://photos.classiccars.com/cc-temp/listing/186/4753/47399795-1964-chevrolet-corvette-grand-sport-thumb.jpg', 'https://photos.classiccars.com/cc-temp/listing/186/4753/47399779-1964-chevrolet-corvette-grand-sport-thumb.jpg', 'https://photos.classiccars.com/cc-temp/listing/186/4753/47399805-1964-chevrolet-corvette-grand-sport-thumb.jpg', 'https://photos.classiccars.com/cc-temp/listing/186/4753/47399802-1964-chevrolet-corvette-grand-sport-thumb.jpg', 'https://photos.classiccars.com/cc-temp/listing/186/4753/47399803-1964-chevrolet-corvette-grand-sport-thumb.jpg', 'https://photos.classiccars.com/cc-temp/listing/186/4753/47399797-1964-chevrolet-corvette-grand-sport-thumb.jpg', 'https://photos.classiccars.com/cc-temp/listing/186/4753/47399801-1964-chevrolet-corvette-grand-sport-thumb.jpg', 'https://photos.classiccars.com/cc-temp/listing/186/4753/47399773-1964-chevrolet-corvette-grand-sport-thumb.jpg']"
1977 Chevrolet Corvette,"$32,200",Black,Automatic,,Corvette,Chevrolet, - Running,1977,"['https://photos.classiccars.com/cc-temp/listing/193/9010/51795411-1977-chevrolet-corvette-thumb.jpg', 'https://photos.classiccars.com/cc-temp/listing/193/9010/51795430-1977-chevrolet-corvette-thumb.jpg', 'https://photos.classiccars.com/cc-temp/listing/193/9010/51795453-1977-chevrolet-corvette-thumb.jpg', 'https://photos.classiccars.com/cc-temp/listing/193/9010/51795369-1977-chevrolet-corvette-thumb.jpg', 'https://photos.classiccars.com/cc-temp/listing/193/9010/51795391-1977-chevrolet-corvette-thumb.jpg', 'https://photos.classiccars.com/cc-temp/listing/193/9010/51795423-1977-chevrolet-corvette-thumb.jpg', 'https://photos.classiccars.com/cc-temp/listing/193/9010/51795448-1977-chevrolet-corvette-thumb.jpg', 'https://photos.classiccars.com/cc-temp/listing/193/9010/51795377-1977-chevrolet-corvette-thumb.jpg', 'https://photos.classiccars.com/cc-temp/listing/193/9010/51795410-1977-chevrolet-corvette-thumb.jpg', 'https://photos.classiccars.com/cc-temp/listing/193/9010/51795440-1977-chevrolet-corvette-thumb.jpg', 'https://photos.classiccars.com/cc-temp/listing/193/9010/51795462-1977-chevrolet-corvette-thumb.jpg', 'https://photos.classiccars.com/cc-temp/listing/193/9010/51795376-1977-chevrolet-corvette-thumb.jpg', 'https://photos.classiccars.com/cc-temp/listing/193/9010/51795398-1977-chevrolet-corvette-thumb.jpg', 'https://photos.classiccars.com/cc-temp/listing/193/9010/51795424-1977-chevrolet-corvette-thumb.jpg', 'https://photos.classiccars.com/cc-temp/listing/193/9010/51795442-1977-chevrolet-corvette-thumb.jpg', 'https://photos.classiccars.com/cc-temp/listing/193/9010/51795386-1977-chevrolet-corvette-thumb.jpg', 'https://photos.classiccars.com/cc-temp/listing/193/9010/51795392-1977-chevrolet-corvette-thumb.jpg', 'https://photos.classiccars.com/cc-temp/listing/193/9010/51795420-1977-chevrolet-corvette-thumb.jpg', 'https://photos.classiccars.com/cc-temp/listing/193/9010/51795454-1977-chevrolet-corvette-thumb.jpg', 'https://photos.classiccars.com/cc-temp/listing/193/9010/51795387-1977-chevrolet-corvette-thumb.jpg', 'https://photos.classiccars.com/cc-temp/listing/193/9010/51795414-1977-chevrolet-corvette-thumb.jpg', 'https://photos.classiccars.com/cc-temp/listing/193/9010/51795436-1977-chevrolet-corvette-thumb.jpg', 'https://photos.classiccars.com/cc-temp/listing/193/9010/51795459-1977-chevrolet-corvette-thumb.jpg', 'https://photos.classiccars.com/cc-temp/listing/193/9010/51795370-1977-chevrolet-corvette-thumb.jpg', 'https://photos.classiccars.com/cc-temp/listing/193/9010/51795393-1977-chevrolet-corvette-thumb.jpg', 'https://photos.classiccars.com/cc-temp/listing/193/9010/51795421-1977-chevrolet-corvette-thumb.jpg', 'https://photos.classiccars.com/cc-temp/listing/193/9010/51795441-1977-chevrolet-corvette-thumb.jpg', 'https://photos.classiccars.com/cc-temp/listing/193/9010/51795372-1977-chevrolet-corvette-thumb.jpg', 'https://photos.classiccars.com/cc-temp/listing/193/9010/51795415-1977-chevrolet-corvette-thumb.jpg', 'https://photos.classiccars.com/cc-temp/listing/193/9010/51795444-1977-chevrolet-corvette-thumb.jpg', 'https://photos.classiccars.com/cc-temp/listing/193/9010/51795460-1977-chevrolet-corvette-thumb.jpg', 'https://photos.classiccars.com/cc-temp/listing/193/9010/51795371-1977-chevrolet-corvette-thumb.jpg', 'https://photos.classiccars.com/cc-temp/listing/193/9010/51795402-1977-chevrolet-corvette-thumb.jpg', 'https://photos.classiccars.com/cc-temp/listing/193/9010/51795426-1977-chevrolet-corvette-thumb.jpg', 'https://photos.classiccars.com/cc-temp/listing/193/9010/51795451-1977-chevrolet-corvette-thumb.jpg', 'https://photos.classiccars.com/cc-temp/listing/193/9010/51795373-1977-chevrolet-corvette-thumb.jpg', 'https://photos.classiccars.com/cc-temp/listing/193/9010/51795399-1977-chevrolet-corvette-thumb.jpg', 'https://photos.classiccars.com/cc-temp/listing/193/9010/51795433-1977-chevrolet-corvette-thumb.jpg', 'https://photos.classiccars.com/cc-temp/listing/193/9010/51795456-1977-chevrolet-corvette-thumb.jpg', 'https://photos.classiccars.com/cc-temp/listing/193/9010/51795374-1977-chevrolet-corvette-thumb.jpg', 'https://photos.classiccars.com/cc-temp/listing/193/9010/51795403-1977-chevrolet-corvette-thumb.jpg', 'https://photos.classiccars.com/cc-temp/listing/193/9010/51795438-1977-chevrolet-corvette-thumb.jpg', 'https://photos.classiccars.com/cc-temp/listing/193/9010/51795461-1977-chevrolet-corvette-thumb.jpg', 'https://photos.classiccars.com/cc-temp/listing/193/9010/51795383-1977-chevrolet-corvette-thumb.jpg', 'https://photos.classiccars.com/cc-temp/listing/193/9010/51795397-1977-chevrolet-corvette-thumb.jpg', 'https://photos.classiccars.com/cc-temp/listing/193/9010/51795427-1977-chevrolet-corvette-thumb.jpg', 'https://photos.classiccars.com/cc-temp/listing/193/9010/51795447-1977-chevrolet-corvette-thumb.jpg', 'https://photos.classiccars.com/cc-temp/listing/193/9010/51795380-1977-chevrolet-corvette-thumb.jpg', 'https://photos.classiccars.com/cc-temp/listing/193/9010/51795404-1977-chevrolet-corvette-thumb.jpg', 'https://photos.classiccars.com/cc-temp/listing/193/9010/51795413-1977-chevrolet-corvette-thumb.jpg', 'https://photos.classiccars.com/cc-temp/listing/193/9010/51795434-1977-chevrolet-corvette-thumb.jpg', 'https://photos.classiccars.com/cc-temp/listing/193/9010/51795388-1977-chevrolet-corvette-thumb.jpg', 'https://photos.classiccars.com/cc-temp/listing/193/9010/51795406-1977-chevrolet-corvette-thumb.jpg', 'https://photos.classiccars.com/cc-temp/listing/193/9010/51795422-1977-chevrolet-corvette-thumb.jpg', 'https://photos.classiccars.com/cc-temp/listing/193/9010/51795449-1977-chevrolet-corvette-thumb.jpg', 'https://photos.classiccars.com/cc-temp/listing/193/9010/51795384-1977-chevrolet-corvette-thumb.jpg', 'https://photos.classiccars.com/cc-temp/listing/193/9010/51795394-1977-chevrolet-corvette-thumb.jpg', 'https://photos.classiccars.com/cc-temp/listing/193/9010/51795429-1977-chevrolet-corvette-thumb.jpg', 'https://photos.classiccars.com/cc-temp/listing/193/9010/51795452-1977-chevrolet-corvette-thumb.jpg', 'https://photos.classiccars.com/cc-temp/listing/193/9010/51795385-1977-chevrolet-corvette-thumb.jpg', 'https://photos.classiccars.com/cc-temp/listing/193/9010/51795409-1977-chevrolet-corvette-thumb.jpg', 'https://photos.classiccars.com/cc-temp/listing/193/9010/51795435-1977-chevrolet-corvette-thumb.jpg', 'https://photos.classiccars.com/cc-temp/listing/193/9010/51795457-1977-chevrolet-corvette-thumb.jpg', 'https://photos.classiccars.com/cc-temp/listing/193/9010/51795382-1977-chevrolet-corvette-thumb.jpg', 'https://photos.classiccars.com/cc-temp/listing/193/9010/51795401-1977-chevrolet-corvette-thumb.jpg', 'https://photos.classiccars.com/cc-temp/listing/193/9010/51795425-1977-chevrolet-corvette-thumb.jpg', 'https://photos.classiccars.com/cc-temp/listing/193/9010/51795450-1977-chevrolet-corvette-thumb.jpg', 'https://photos.classiccars.com/cc-temp/listing/193/9010/51795378-1977-chevrolet-corvette-thumb.jpg', 'https://photos.classiccars.com/cc-temp/listing/193/9010/51795400-1977-chevrolet-corvette-thumb.jpg', 'https://photos.classiccars.com/cc-temp/listing/193/9010/51795428-1977-chevrolet-corvette-thumb.jpg', 'https://photos.classiccars.com/cc-temp/listing/193/9010/51795446-1977-chevrolet-corvette-thumb.jpg', 'https://photos.classiccars.com/cc-temp/listing/193/9010/51795379-1977-chevrolet-corvette-thumb.jpg', 'https://photos.classiccars.com/cc-temp/listing/193/9010/51795396-1977-chevrolet-corvette-thumb.jpg', 'https://photos.classiccars.com/cc-temp/listing/193/9010/51795412-1977-chevrolet-corvette-thumb.jpg', 'https://photos.classiccars.com/cc-temp/listing/193/9010/51795439-1977-chevrolet-corvette-thumb.jpg', 'https://photos.classiccars.com/cc-temp/listing/193/9010/51795381-1977-chevrolet-corvette-thumb.jpg', 'https://photos.classiccars.com/cc-temp/listing/193/9010/51795405-1977-chevrolet-corvette-thumb.jpg', 'https://photos.classiccars.com/cc-temp/listing/193/9010/51795432-1977-chevrolet-corvette-thumb.jpg', 'https://photos.classiccars.com/cc-temp/listing/193/9010/51795455-1977-chevrolet-corvette-thumb.jpg', 'https://photos.classiccars.com/cc-temp/listing/193/9010/51795458-1977-chevrolet-corvette-thumb.jpg', 'https://photos.classiccars.com/cc-temp/listing/193/9010/51795520-1977-chevrolet-corvette-thumb.jpg']"
1949 MG TC,"$64,000",Clipper Blue,Manual,Fully Restored,TC,MG,Rebuilt - Running,1949,"['https://photos.classiccars.com/cc-temp/listing/189/4341/49124478-1949-mg-tc-thumb.jpg', 'https://photos.classiccars.com/cc-temp/listing/189/4341/49124485-1949-mg-tc-thumb.jpg', 'https://photos.classiccars.com/cc-temp/listing/189/4341/49124479-1949-mg-tc-thumb.jpg', 'https://photos.classiccars.com/cc-temp/listing/189/4341/49124493-1949-mg-tc-thumb.jpg', 'https://photos.classiccars.com/cc-temp/listing/189/4341/49124486-1949-mg-tc-thumb.jpg', 'https://photos.classiccars.com/cc-temp/listing/189/4341/49124480-1949-mg-tc-thumb.jpg', 'https://photos.classiccars.com/cc-temp/listing/189/4341/49124484-1949-mg-tc-thumb.jpg', 'https://photos.classiccars.com/cc-temp/listing/189/4341/49124481-1949-mg-tc-thumb.jpg', 'https://photos.classiccars.com/cc-temp/listing/189/4341/49124482-1949-mg-tc-thumb.jpg', 'https://photos.classiccars.com/cc-temp/listing/189/4341/49124492-1949-mg-tc-thumb.jpg', 'https://photos.classiccars.com/cc-temp/listing/189/4341/49124494-1949-mg-tc-thumb.jpg', 'https://photos.classiccars.com/cc-temp/listing/189/4341/49124483-1949-mg-tc-thumb.jpg', 'https://photos.classiccars.com/cc-temp/listing/189/4341/49124495-1949-mg-tc-thumb.jpg', 'https://photos.classiccars.com/cc-temp/listing/189/4341/49124496-1949-mg-tc-thumb.jpg', 'https://photos.classiccars.com/cc-temp/listing/189/4341/49124487-1949-mg-tc-thumb.jpg', 'https://photos.classiccars.com/cc-temp/listing/189/4341/49124488-1949-mg-tc-thumb.jpg', 'https://photos.classiccars.com/cc-temp/listing/189/4341/49124489-1949-mg-tc-thumb.jpg', 'https://photos.classiccars.com/cc-temp/listing/189/4341/49124490-1949-mg-tc-thumb.jpg', 'https://photos.classiccars.com/cc-temp/listing/189/4341/49124491-1949-mg-tc-thumb.jpg']"
1932 Ford Roadster,"$62,900 (OBO)",Light Green,Automatic,Fully Restored,Roadster,Ford,Rebuilt - Running,1932,"['https://photos.classiccars.com/cc-temp/listing/191/2370/50150548-1932-ford-roadster-thumb.jpg', 'https://photos.classiccars.com/cc-temp/listing/191/2370/50150549-1932-ford-roadster-thumb.jpg', 'https://photos.classiccars.com/cc-temp/listing/191/2370/50150551-1932-ford-roadster-thumb.jpg', 'https://photos.classiccars.com/cc-temp/listing/191/2370/50150552-1932-ford-roadster-thumb.jpg', 'https://photos.classiccars.com/cc-temp/listing/191/2370/50150553-1932-ford-roadster-thumb.jpg', 'https://photos.classiccars.com/cc-temp/listing/191/2370/50150550-1932-ford-roadster-thumb.jpg', 'https://photos.classiccars.com/cc-temp/listing/191/2370/50150554-1932-ford-roadster-thumb.jpg', 'https://photos.classiccars.com/cc-temp/listing/191/2370/50150555-1932-ford-roadster-thumb.jpg', 'https://photos.classiccars.com/cc-temp/listing/191/2370/50150556-1932-ford-roadster-thumb.jpg', 'https://photos.classiccars.com/cc-temp/listing/191/2370/50150557-1932-ford-roadster-thumb.jpg', 'https://photos.classiccars.com/cc-temp/listing/191/2370/50159971-1932-ford-roadster-thumb.jpg', 'https://photos.classiccars.com/cc-temp/listing/191/2370/50159972-1932-ford-roadster-thumb.jpg', 'https://photos.classiccars.com/cc-temp/listing/191/2370/50159973-1932-ford-roadster-thumb.jpg', 'https://photos.classiccars.com/cc-temp/listing/191/2370/50159974-1932-ford-roadster-thumb.jpg', 'https://photos.classiccars.com/cc-temp/listing/191/2370/50159975-1932-ford-roadster-thumb.jpg', 'https://photos.classiccars.com/cc-temp/listing/191/2370/50159976-1932-ford-roadster-thumb.jpg', 'https://photos.classiccars.com/cc-temp/listing/191/2370/50159977-1932-ford-roadster-thumb.jpg', 'https://photos.classiccars.com/cc-temp/listing/191/2370/50159978-1932-ford-roadster-thumb.jpg', 'https://photos.classiccars.com/cc-temp/listing/191/2370/50159979-1932-ford-roadster-thumb.jpg', 'https://photos.classiccars.com/cc-temp/listing/191/2370/50159980-1932-ford-roadster-thumb.jpg', 'https://photos.classiccars.com/cc-temp/listing/191/2370/50159981-1932-ford-roadster-thumb.jpg', 'https://photos.classiccars.com/cc-temp/listing/191/2370/50159982-1932-ford-roadster-thumb.jpg', 'https://photos.classiccars.com/cc-temp/listing/191/2370/50159983-1932-ford-roadster-thumb.jpg', 'https://photos.classiccars.com/cc-temp/listing/191/2370/50159984-1932-ford-roadster-thumb.jpg', 'https://photos.classiccars.com/cc-temp/listing/191/2370/50159985-1932-ford-roadster-thumb.jpg', 'https://photos.classiccars.com/cc-temp/listing/191/2370/50159986-1932-ford-roadster-thumb.jpg', 'https://photos.classiccars.com/cc-temp/listing/191/2370/50159987-1932-ford-roadster-thumb.jpg', 'https://photos.classiccars.com/cc-temp/listing/191/2370/50159988-1932-ford-roadster-thumb.jpg', 'https://photos.classiccars.com/cc-temp/listing/191/2370/50159989-1932-ford-roadster-thumb.jpg', 'https://photos.classiccars.com/cc-temp/listing/191/2370/50159990-1932-ford-roadster-thumb.jpg', 'https://photos.classiccars.com/cc-temp/listing/191/2370/50159991-1932-ford-roadster-thumb.jpg', 'https://photos.classiccars.com/cc-temp/listing/191/2370/50159992-1932-ford-roadster-thumb.jpg', 'https://photos.classiccars.com/cc-temp/listing/191/2370/50159993-1932-ford-roadster-thumb.jpg', 'https://photos.classiccars.com/cc-temp/listing/191/2370/50159994-1932-ford-roadster-thumb.jpg', 'https://photos.classiccars.com/cc-temp/listing/191/2370/50159995-1932-ford-roadster-thumb.jpg', 'https://photos.classiccars.com/cc-temp/listing/191/2370/50159996-1932-ford-roadster-thumb.jpg', 'https://photos.classiccars.com/cc-temp/listing/191/2370/50159997-1932-ford-roadster-thumb.jpg', 'https://photos.classiccars.com/cc-temp/listing/191/2370/50159998-1932-ford-roadster-thumb.jpg', 'https://photos.classiccars.com/cc-temp/listing/191/2370/50159999-1932-ford-roadster-thumb.jpg', 'https://photos.classiccars.com/cc-temp/listing/191/2370/50160000-1932-ford-roadster-thumb.jpg']"
1956 Cadillac 60 Special,"$45,000 (OBO)",beige,Manual,,60 Special,Cadillac, - ,1956,"['https://photos.classiccars.com/cc-temp/listing/189/4226/49116865-1956-cadillac-60-special-thumb.jpg', 'https://photos.classiccars.com/cc-temp/listing/189/4226/49116866-1956-cadillac-60-special-thumb.jpg', 'https://photos.classiccars.com/cc-temp/listing/189/4226/49116864-1956-cadillac-60-special-thumb.jpg', 'https://photos.classiccars.com/cc-temp/listing/189/4226/49116868-1956-cadillac-60-special-thumb.jpg', 'https://photos.classiccars.com/cc-temp/listing/189/4226/49116869-1956-cadillac-60-special-thumb.jpg', 'https://photos.classiccars.com/cc-temp/listing/189/4226/49116870-1956-cadillac-60-special-thumb.jpg', 'https://photos.classiccars.com/cc-temp/listing/189/4226/49116871-1956-cadillac-60-special-thumb.jpg', 'https://photos.classiccars.com/cc-temp/listing/189/4226/49116872-1956-cadillac-60-special-thumb.jpg', 'https://photos.classiccars.com/cc-temp/listing/189/4226/49116855-1956-cadillac-60-special-thumb.jpg']"
1970 Land Rover Series IIA,"$80,000 (OBO)",Matte Black,Manual,,Series IIA,Land Rover,Rebuilt - Running,1970,"['https://photos.classiccars.com/cc-temp/listing/189/2750/49035220-1970-land-rover-series-iia-thumb.jpg', 'https://photos.classiccars.com/cc-temp/listing/189/2750/49035222-1970-land-rover-series-iia-thumb.jpg', 'https://photos.classiccars.com/cc-temp/listing/189/2750/49035230-1970-land-rover-series-iia-thumb.jpg', 'https://photos.classiccars.com/cc-temp/listing/189/2750/49035233-1970-land-rover-series-iia-thumb.jpg', 'https://photos.classiccars.com/cc-temp/listing/189/2750/49035226-1970-land-rover-series-iia-thumb.jpg', 'https://photos.classiccars.com/cc-temp/listing/189/2750/49035224-1970-land-rover-series-iia-thumb.jpg', 'https://photos.classiccars.com/cc-temp/listing/189/2750/49035227-1970-land-rover-series-iia-thumb.jpg', 'https://photos.classiccars.com/cc-temp/listing/189/2750/49035234-1970-land-rover-series-iia-thumb.jpg', 'https://photos.classiccars.com/cc-temp/listing/189/2750/49035218-1970-land-rover-series-iia-thumb.jpg', 'https://photos.classiccars.com/cc-temp/listing/189/2750/49035221-1970-land-rover-series-iia-thumb.jpg', 'https://photos.classiccars.com/cc-temp/listing/189/2750/49035229-1970-land-rover-series-iia-thumb.jpg', 'https://photos.classiccars.com/cc-temp/listing/189/2750/49035228-1970-land-rover-series-iia-thumb.jpg', 'https://photos.classiccars.com/cc-temp/listing/189/2750/49035231-1970-land-rover-series-iia-thumb.jpg', 'https://photos.classiccars.com/cc-temp/listing/189/2750/49035223-1970-land-rover-series-iia-thumb.jpg', 'https://photos.classiccars.com/cc-temp/listing/189/2750/49035235-1970-land-rover-series-iia-thumb.jpg']"
1967 Lola T-70,"$395,000 (OBO)",Blue,Manual,Fully Restored,T-70,Lola,Original - Running,1967,"['https://photos.classiccars.com/cc-temp/listing/104/5220/39077211-1967-lola-t-70-thumb.jpg', 'https://photos.classiccars.com/cc-temp/listing/104/5220/39077618-1967-lola-t-70-thumb.jpg', 'https://photos.classiccars.com/cc-temp/listing/104/5220/39077401-1967-lola-t-70-thumb.jpg', 'https://photos.classiccars.com/cc-temp/listing/104/5220/39077399-1967-lola-t-70-thumb.jpg', 'https://photos.classiccars.com/cc-temp/listing/104/5220/39077305-1967-lola-t-70-thumb.jpg', 'https://photos.classiccars.com/cc-temp/listing/104/5220/39077724-1967-lola-t-70-thumb.jpg', 'https://photos.classiccars.com/cc-temp/listing/104/5220/39077576-1967-lola-t-70-thumb.jpg', 'https://photos.classiccars.com/cc-temp/listing/104/5220/39076854-1967-lola-t-70-thumb.jpg', 'https://photos.classiccars.com/cc-temp/listing/104/5220/49937268-1967-lola-t-70-thumb.jpg', 'https://photos.classiccars.com/cc-temp/listing/104/5220/10359384-1967-lola-t-70-thumb.jpg', 'https://photos.classiccars.com/cc-temp/listing/104/5220/39078509-1967-lola-t-70-thumb.jpg', 'https://photos.classiccars.com/cc-temp/listing/104/5220/39078513-1967-lola-t-70-thumb.jpg', 'https://photos.classiccars.com/cc-temp/listing/104/5220/39078519-1967-lola-t-70-thumb.jpg', 'https://photos.classiccars.com/cc-temp/listing/104/5220/39078541-1967-lola-t-70-thumb.jpg', 'https://photos.classiccars.com/cc-temp/listing/104/5220/39079849-1967-lola-t-70-thumb.jpg', 'https://photos.classiccars.com/cc-temp/listing/104/5220/43397863-1967-lola-t-70-thumb.jpg', 'https://photos.classiccars.com/cc-temp/listing/104/5220/43397921-1967-lola-t-70-thumb.jpg', 'https://photos.classiccars.com/cc-temp/listing/104/5220/43397950-1967-lola-t-70-thumb.jpg', 'https://photos.classiccars.com/cc-temp/listing/104/5220/39079714-1967-lola-t-70-thumb.jpg', 'https://photos.classiccars.com/cc-temp/listing/104/5220/39079729-1967-lola-t-70-thumb.jpg', 'https://photos.classiccars.com/cc-temp/listing/104/5220/39079682-1967-lola-t-70-thumb.jpg', 'https://photos.classiccars.com/cc-temp/listing/104/5220/39079697-1967-lola-t-70-thumb.jpg', 'https://photos.classiccars.com/cc-temp/listing/104/5220/43398076-1967-lola-t-70-thumb.jpg', 'https://photos.classiccars.com/cc-temp/listing/104/5220/43398134-1967-lola-t-70-thumb.jpg', 'https://photos.classiccars.com/cc-temp/listing/104/5220/43398195-1967-lola-t-70-thumb.jpg', 'https://photos.classiccars.com/cc-temp/listing/104/5220/43398232-1967-lola-t-70-thumb.jpg', 'https://photos.classiccars.com/cc-temp/listing/104/5220/43398234-1967-lola-t-70-thumb.jpg', 'https://photos.classiccars.com/cc-temp/listing/104/5220/43398235-1967-lola-t-70-thumb.jpg', 'https://photos.classiccars.com/cc-temp/listing/104/5220/43398236-1967-lola-t-70-thumb.jpg', 'https://photos.classiccars.com/cc-temp/listing/104/5220/39078711-1967-lola-t-70-thumb.jpg', 'https://photos.classiccars.com/cc-temp/listing/104/5220/39078692-1967-lola-t-70-thumb.jpg', 'https://photos.classiccars.com/cc-temp/listing/104/5220/39078762-1967-lola-t-70-thumb.jpg', 'https://photos.classiccars.com/cc-temp/listing/104/5220/39078770-1967-lola-t-70-thumb.jpg', 'https://photos.classiccars.com/cc-temp/listing/104/5220/10359295-1967-lola-t-70-thumb.jpg', 'https://photos.classiccars.com/cc-temp/listing/104/5220/10359312-1967-lola-t-70-thumb.jpg', 'https://photos.classiccars.com/cc-temp/listing/104/5220/39078808-1967-lola-t-70-thumb.jpg', 'https://photos.classiccars.com/cc-temp/listing/104/5220/39078844-1967-lola-t-70-thumb.jpg', 'https://photos.classiccars.com/cc-temp/listing/104/5220/39078846-1967-lola-t-70-thumb.jpg', 'https://photos.classiccars.com/cc-temp/listing/104/5220/10359660-1967-lola-t-70-thumb.jpg', 'https://photos.classiccars.com/cc-temp/listing/104/5220/12182134-1967-lola-t-70-thumb.jpg', 'https://photos.classiccars.com/cc-temp/listing/104/5220/39079104-1967-lola-t-70-thumb.jpg', 'https://photos.classiccars.com/cc-temp/listing/104/5220/39079150-1967-lola-t-70-thumb.jpg', 'https://photos.classiccars.com/cc-temp/listing/104/5220/10359602-1967-lola-t-70-thumb.jpg', 'https://photos.classiccars.com/cc-temp/listing/104/5220/10359625-1967-lola-t-70-thumb.jpg', 'https://photos.classiccars.com/cc-temp/listing/104/5220/10359630-1967-lola-t-70-thumb.jpg', 'https://photos.classiccars.com/cc-temp/listing/104/5220/10359642-1967-lola-t-70-thumb.jpg', 'https://photos.classiccars.com/cc-temp/listing/104/5220/10359651-1967-lola-t-70-thumb.jpg', 'https://photos.classiccars.com/cc-temp/listing/104/5220/39079539-1967-lola-t-70-thumb.jpg', 'https://photos.classiccars.com/cc-temp/listing/104/5220/10360137-1967-lola-t-70-thumb.jpg', 'https://photos.classiccars.com/cc-temp/listing/104/5220/10360138-1967-lola-t-70-thumb.jpg', 'https://photos.classiccars.com/cc-temp/listing/104/5220/39079056-1967-lola-t-70-thumb.jpg', 'https://photos.classiccars.com/cc-temp/listing/104/5220/10360141-1967-lola-t-70-thumb.jpg', 'https://photos.classiccars.com/cc-temp/listing/104/5220/39079162-1967-lola-t-70-thumb.jpg', 'https://photos.classiccars.com/cc-temp/listing/104/5220/39079200-1967-lola-t-70-thumb.jpg', 'https://photos.classiccars.com/cc-temp/listing/104/5220/39079209-1967-lola-t-70-thumb.jpg', 'https://photos.classiccars.com/cc-temp/listing/104/5220/39079438-1967-lola-t-70-thumb.jpg', 'https://photos.classiccars.com/cc-temp/listing/104/5220/46546394-1967-lola-t-70-thumb.jpg']"
1966 Chevrolet Chevelle,"$72,500 (OBO)",SATIN BLACK,Automatic,,Chevelle,Chevrolet, - ,1966,"['https://photos.classiccars.com/cc-temp/listing/185/2375/52368612-1966-chevrolet-chevelle-thumb.jpg', 'https://photos.classiccars.com/cc-temp/listing/185/2375/52368614-1966-chevrolet-chevelle-thumb.jpg', 'https://photos.classiccars.com/cc-temp/listing/185/2375/52368615-1966-chevrolet-chevelle-thumb.jpg', 'https://photos.classiccars.com/cc-temp/listing/185/2375/50038098-1966-chevrolet-chevelle-thumb.jpg', 'https://photos.classiccars.com/cc-temp/listing/185/2375/52368610-1966-chevrolet-chevelle-thumb.jpg', 'https://photos.classiccars.com/cc-temp/listing/185/2375/52368618-1966-chevrolet-chevelle-thumb.jpg', 'https://photos.classiccars.com/cc-temp/listing/185/2375/50038069-1966-chevrolet-chevelle-thumb.jpg', 'https://photos.classiccars.com/cc-temp/listing/185/2375/52368616-1966-chevrolet-chevelle-thumb.jpg', 'https://photos.classiccars.com/cc-temp/listing/185/2375/52368617-1966-chevrolet-chevelle-thumb.jpg', 'https://photos.classiccars.com/cc-temp/listing/185/2375/52368611-1966-chevrolet-chevelle-thumb.jpg', 'https://photos.classiccars.com/cc-temp/listing/185/2375/52368620-1966-chevrolet-chevelle-thumb.jpg', 'https://photos.classiccars.com/cc-temp/listing/185/2375/52368619-1966-chevrolet-chevelle-thumb.jpg', 'https://photos.classiccars.com/cc-temp/listing/185/2375/52368622-1966-chevrolet-chevelle-thumb.jpg', 'https://photos.classiccars.com/cc-temp/listing/185/2375/50038071-1966-chevrolet-chevelle-thumb.jpg', 'https://photos.classiccars.com/cc-temp/listing/185/2375/50038075-1966-chevrolet-chevelle-thumb.jpg', 'https://photos.classiccars.com/cc-temp/listing/185/2375/52368621-1966-chevrolet-chevelle-thumb.jpg', 'https://photos.classiccars.com/cc-temp/listing/185/2375/50038076-1966-chevrolet-chevelle-thumb.jpg', 'https://photos.classiccars.com/cc-temp/listing/185/2375/50038077-1966-chevrolet-chevelle-thumb.jpg', 'https://photos.classiccars.com/cc-temp/listing/185/2375/50038078-1966-chevrolet-chevelle-thumb.jpg', 'https://photos.classiccars.com/cc-temp/listing/185/2375/50038079-1966-chevrolet-chevelle-thumb.jpg', 'https://photos.classiccars.com/cc-temp/listing/185/2375/50038087-1966-chevrolet-chevelle-thumb.jpg', 'https://photos.classiccars.com/cc-temp/listing/185/2375/50038082-1966-chevrolet-chevelle-thumb.jpg', 'https://photos.classiccars.com/cc-temp/listing/185/2375/50038083-1966-chevrolet-chevelle-thumb.jpg', 'https://photos.classiccars.com/cc-temp/listing/185/2375/50038086-1966-chevrolet-chevelle-thumb.jpg', 'https://photos.classiccars.com/cc-temp/listing/185/2375/50038088-1966-chevrolet-chevelle-thumb.jpg', 'https://photos.classiccars.com/cc-temp/listing/185/2375/50038090-1966-chevrolet-chevelle-thumb.jpg', 'https://photos.classiccars.com/cc-temp/listing/185/2375/50038091-1966-chevrolet-chevelle-thumb.jpg', 'https://photos.classiccars.com/cc-temp/listing/185/2375/50038092-1966-chevrolet-chevelle-thumb.jpg', 'https://photos.classiccars.com/cc-temp/listing/185/2375/50038093-1966-chevrolet-chevelle-thumb.jpg', 'https://photos.classiccars.com/cc-temp/listing/185/2375/50038094-1966-chevrolet-chevelle-thumb.jpg', 'https://photos.classiccars.com/cc-temp/listing/185/2375/50038095-1966-chevrolet-chevelle-thumb.jpg', 'https://photos.classiccars.com/cc-temp/listing/185/2375/50038124-1966-chevrolet-chevelle-thumb.jpg', 'https://photos.classiccars.com/cc-temp/listing/185/2375/50038125-1966-chevrolet-chevelle-thumb.jpg', 'https://photos.classiccars.com/cc-temp/listing/185/2375/50038126-1966-chevrolet-chevelle-thumb.jpg', 'https://photos.classiccars.com/cc-temp/listing/185/2375/50038127-1966-chevrolet-chevelle-thumb.jpg', 'https://photos.classiccars.com/cc-temp/listing/185/2375/50038128-1966-chevrolet-chevelle-thumb.jpg', 'https://photos.classiccars.com/cc-temp/listing/185/2375/50038129-1966-chevrolet-chevelle-thumb.jpg', 'https://photos.classiccars.com/cc-temp/listing/185/2375/50038130-1966-chevrolet-chevelle-thumb.jpg', 'https://photos.classiccars.com/cc-temp/listing/185/2375/50038131-1966-chevrolet-chevelle-thumb.jpg', 'https://photos.classiccars.com/cc-temp/listing/185/2375/50038136-1966-chevrolet-chevelle-thumb.jpg', 'https://photos.classiccars.com/cc-temp/listing/185/2375/50038132-1966-chevrolet-chevelle-thumb.jpg', 'https://photos.classiccars.com/cc-temp/listing/185/2375/50038133-1966-chevrolet-chevelle-thumb.jpg', 'https://photos.classiccars.com/cc-temp/listing/185/2375/50038134-1966-chevrolet-chevelle-thumb.jpg', 'https://photos.classiccars.com/cc-temp/listing/185/2375/50038135-1966-chevrolet-chevelle-thumb.jpg', 'https://photos.classiccars.com/cc-temp/listing/185/2375/50038137-1966-chevrolet-chevelle-thumb.jpg', 'https://photos.classiccars.com/cc-temp/listing/185/2375/50038138-1966-chevrolet-chevelle-thumb.jpg', 'https://photos.classiccars.com/cc-temp/listing/185/2375/50038139-1966-chevrolet-chevelle-thumb.jpg', 'https://photos.classiccars.com/cc-temp/listing/185/2375/50038140-1966-chevrolet-chevelle-thumb.jpg', 'https://photos.classiccars.com/cc-temp/listing/185/2375/50038141-1966-chevrolet-chevelle-thumb.jpg', 'https://photos.classiccars.com/cc-temp/listing/185/2375/50038142-1966-chevrolet-chevelle-thumb.jpg', 'https://photos.classiccars.com/cc-temp/listing/185/2375/50038143-1966-chevrolet-chevelle-thumb.jpg', 'https://photos.classiccars.com/cc-temp/listing/185/2375/50038144-1966-chevrolet-chevelle-thumb.jpg', 'https://photos.classiccars.com/cc-temp/listing/185/2375/50038145-1966-chevrolet-chevelle-thumb.jpg', 'https://photos.classiccars.com/cc-temp/listing/185/2375/50038146-1966-chevrolet-chevelle-thumb.jpg', 'https://photos.classiccars.com/cc-temp/listing/185/2375/50038147-1966-chevrolet-chevelle-thumb.jpg', 'https://photos.classiccars.com/cc-temp/listing/185/2375/50038148-1966-chevrolet-chevelle-thumb.jpg', 'https://photos.classiccars.com/cc-temp/listing/185/2375/50038149-1966-chevrolet-chevelle-thumb.jpg', 'https://photos.classiccars.com/cc-temp/listing/185/2375/50038150-1966-chevrolet-chevelle-thumb.jpg']"
1996 Land Rover Wolf 90,"$199,999 (OBO)",Military Green,Manual,,Wolf 90,Land Rover,Original - Running,1996,"['https://photos.classiccars.com/cc-temp/listing/193/1477/51350142-1996-land-rover-defender-thumb.jpg', 'https://photos.classiccars.com/cc-temp/listing/193/1477/51350162-1996-land-rover-defender-thumb.jpg', 'https://photos.classiccars.com/cc-temp/listing/193/1477/51349039-1996-land-rover-defender-thumb.jpg']"
1969 Chevrolet C10,"$57,000",Black,Automatic,,C10,Chevrolet,Original - Running,1969,"['https://photos.classiccars.com/cc-temp/listing/194/3209/52175611-1969-chevrolet-1-2-ton-shortbox-thumb.jpg', 'https://photos.classiccars.com/cc-temp/listing/194/3209/52175615-1969-chevrolet-1-2-ton-shortbox-thumb.jpg', 'https://photos.classiccars.com/cc-temp/listing/194/3209/52175617-1969-chevrolet-1-2-ton-shortbox-thumb.jpg', 'https://photos.classiccars.com/cc-temp/listing/194/3209/52175622-1969-chevrolet-1-2-ton-shortbox-thumb.jpg', 'https://photos.classiccars.com/cc-temp/listing/194/3209/52175624-1969-chevrolet-1-2-ton-shortbox-thumb.jpg', 'https://photos.classiccars.com/cc-temp/listing/194/3209/52175623-1969-chevrolet-1-2-ton-shortbox-thumb.jpg', 'https://photos.classiccars.com/cc-temp/listing/194/3209/52175618-1969-chevrolet-1-2-ton-shortbox-thumb.jpg', 'https://photos.classiccars.com/cc-temp/listing/194/3209/52175620-1969-chevrolet-1-2-ton-shortbox-thumb.jpg', 'https://photos.classiccars.com/cc-temp/listing/194/3209/52175621-1969-chevrolet-1-2-ton-shortbox-thumb.jpg', 'https://photos.classiccars.com/cc-temp/listing/194/3209/52175619-1969-chevrolet-1-2-ton-shortbox-thumb.jpg', 'https://photos.classiccars.com/cc-temp/listing/194/3209/52175613-1969-chevrolet-1-2-ton-shortbox-thumb.jpg', 'https://photos.classiccars.com/cc-temp/listing/194/3209/52175612-1969-chevrolet-1-2-ton-shortbox-thumb.jpg', 'https://photos.classiccars.com/cc-temp/listing/194/3209/52175614-1969-chevrolet-1-2-ton-shortbox-thumb.jpg', 'https://photos.classiccars.com/cc-temp/listing/194/3209/52175616-1969-chevrolet-1-2-ton-shortbox-thumb.jpg', 'https://photos.classiccars.com/cc-temp/listing/194/3209/52175625-1969-chevrolet-1-2-ton-shortbox-thumb.jpg', 'https://photos.classiccars.com/cc-temp/listing/194/3209/52175626-1969-chevrolet-1-2-ton-shortbox-thumb.jpg', 'https://photos.classiccars.com/cc-temp/listing/194/3209/52175636-1969-chevrolet-1-2-ton-shortbox-thumb.jpg', 'https://photos.classiccars.com/cc-temp/listing/194/3209/52175645-1969-chevrolet-1-2-ton-shortbox-thumb.jpg', 'https://photos.classiccars.com/cc-temp/listing/194/3209/52175654-1969-chevrolet-1-2-ton-shortbox-thumb.jpg', 'https://photos.classiccars.com/cc-temp/listing/194/3209/52175658-1969-chevrolet-1-2-ton-shortbox-thumb.jpg', 'https://photos.classiccars.com/cc-temp/listing/194/3209/52175659-1969-chevrolet-1-2-ton-shortbox-thumb.jpg']"
2003 Chevrolet Avalanche,"$6,500 (OBO)",Victory Red,Automatic,Unrestored,Avalanche,Chevrolet,Original - Running,2003,"['https://photos.classiccars.com/cc-temp/listing/187/9348/48234983-2003-chevrolet-avalanche-thumb.jpg', 'https://photos.classiccars.com/cc-temp/listing/187/9348/48234967-2003-chevrolet-avalanche-thumb.jpg', 'https://photos.classiccars.com/cc-temp/listing/187/9348/48234874-2003-chevrolet-avalanche-thumb.jpg', 'https://photos.classiccars.com/cc-temp/listing/187/9348/48234965-2003-chevrolet-avalanche-thumb.jpg', 'https://photos.classiccars.com/cc-temp/listing/187/9348/48234962-2003-chevrolet-avalanche-thumb.jpg', 'https://photos.classiccars.com/cc-temp/listing/187/9348/48234960-2003-chevrolet-avalanche-thumb.jpg', 'https://photos.classiccars.com/cc-temp/listing/187/9348/48234869-2003-chevrolet-avalanche-thumb.jpg', 'https://photos.classiccars.com/cc-temp/listing/187/9348/48234984-2003-chevrolet-avalanche-thumb.jpg', 'https://photos.classiccars.com/cc-temp/listing/187/9348/48234881-2003-chevrolet-avalanche-thumb.jpg', 'https://photos.classiccars.com/cc-temp/listing/187/9348/48234877-2003-chevrolet-avalanche-thumb.jpg', 'https://photos.classiccars.com/cc-temp/listing/187/9348/48234878-2003-chevrolet-avalanche-thumb.jpg', 'https://photos.classiccars.com/cc-temp/listing/187/9348/48234879-2003-chevrolet-avalanche-thumb.jpg', 'https://photos.classiccars.com/cc-temp/listing/187/9348/48234882-2003-chevrolet-avalanche-thumb.jpg', 'https://photos.classiccars.com/cc-temp/listing/187/9348/48234884-2003-chevrolet-avalanche-thumb.jpg', 'https://photos.classiccars.com/cc-temp/listing/187/9348/48234885-2003-chevrolet-avalanche-thumb.jpg', 'https://photos.classiccars.com/cc-temp/listing/187/9348/48234887-2003-chevrolet-avalanche-thumb.jpg', 'https://photos.classiccars.com/cc-temp/listing/187/9348/48234976-2003-chevrolet-avalanche-thumb.jpg', 'https://photos.classiccars.com/cc-temp/listing/187/9348/48234977-2003-chevrolet-avalanche-thumb.jpg', 'https://photos.classiccars.com/cc-temp/listing/187/9348/48234980-2003-chevrolet-avalanche-thumb.jpg', 'https://photos.classiccars.com/cc-temp/listing/187/9348/48234981-2003-chevrolet-avalanche-thumb.jpg', 'https://photos.classiccars.com/cc-temp/listing/187/9348/48234891-2003-chevrolet-avalanche-thumb.jpg', 'https://photos.classiccars.com/cc-temp/listing/187/9348/48234955-2003-chevrolet-avalanche-thumb.jpg', 'https://photos.classiccars.com/cc-temp/listing/187/9348/48234890-2003-chevrolet-avalanche-thumb.jpg', 'https://photos.classiccars.com/cc-temp/listing/187/9348/48234888-2003-chevrolet-avalanche-thumb.jpg', 'https://photos.classiccars.com/cc-temp/listing/187/9348/48234868-2003-chevrolet-avalanche-thumb.jpg', 'https://photos.classiccars.com/cc-temp/listing/187/9348/48234953-2003-chevrolet-avalanche-thumb.jpg', 'https://photos.classiccars.com/cc-temp/listing/187/9348/48234951-2003-chevrolet-avalanche-thumb.jpg']"
1972 Ford Mustang,"$28,800",Grabber Blue,Automatic,,Mustang,Ford,Original - Running,1972,"['https://photos.classiccars.com/cc-temp/listing/193/583/51291912-1972-ford-mustang-thumb.jpg', 'https://photos.classiccars.com/cc-temp/listing/193/583/51291913-1972-ford-mustang-thumb.jpg', 'https://photos.classiccars.com/cc-temp/listing/193/583/51291914-1972-ford-mustang-thumb.jpg', 'https://photos.classiccars.com/cc-temp/listing/193/583/51291915-1972-ford-mustang-thumb.jpg', 'https://photos.classiccars.com/cc-temp/listing/193/583/51291916-1972-ford-mustang-thumb.jpg', 'https://photos.classiccars.com/cc-temp/listing/193/583/51291917-1972-ford-mustang-thumb.jpg', 'https://photos.classiccars.com/cc-temp/listing/193/583/51291918-1972-ford-mustang-thumb.jpg', 'https://photos.classiccars.com/cc-temp/listing/193/583/51291919-1972-ford-mustang-thumb.jpg']"
1970 Oldsmobile 442 W-30,"$244,573",Black,Manual,,442 W-30,Oldsmobile,Rebuilt - Running,1970,"['https://photos.classiccars.com/cc-temp/listing/189/1137/48947849-1970-oldsmobile-442-w-30-thumb.jpg', 'https://photos.classiccars.com/cc-temp/listing/189/1137/48947877-1970-oldsmobile-442-w-30-thumb.jpg', 'https://photos.classiccars.com/cc-temp/listing/189/1137/48947901-1970-oldsmobile-442-w-30-thumb.jpg', 'https://photos.classiccars.com/cc-temp/listing/189/1137/48947904-1970-oldsmobile-442-w-30-thumb.jpg', 'https://photos.classiccars.com/cc-temp/listing/189/1137/48947928-1970-oldsmobile-442-w-30-thumb.jpg', 'https://photos.classiccars.com/cc-temp/listing/189/1137/48947941-1970-oldsmobile-442-w-30-thumb.jpg', 'https://photos.classiccars.com/cc-temp/listing/189/1137/48947956-1970-oldsmobile-442-w-30-thumb.jpg', 'https://photos.classiccars.com/cc-temp/listing/189/1137/48947965-1970-oldsmobile-442-w-30-thumb.jpg', 'https://photos.classiccars.com/cc-temp/listing/189/1137/49018533-1970-oldsmobile-442-w-30-thumb.jpg', 'https://photos.classiccars.com/cc-temp/listing/189/1137/49018534-1970-oldsmobile-442-w-30-thumb.jpg', 'https://photos.classiccars.com/cc-temp/listing/189/1137/49018535-1970-oldsmobile-442-w-30-thumb.jpg', 'https://photos.classiccars.com/cc-temp/listing/189/1137/49018536-1970-oldsmobile-442-w-30-thumb.jpg', 'https://photos.classiccars.com/cc-temp/listing/189/1137/49018537-1970-oldsmobile-442-w-30-thumb.jpg']"
1970 Chevrolet Chevelle SS,"$115,000 (OBO)",Green,Manual,,Chevelle SS,Chevrolet,Replaced - Running,1970,"['https://photos.classiccars.com/cc-temp/listing/187/7425/48139673-1970-chevrolet-chevelle-ss-thumb.jpg', 'https://photos.classiccars.com/cc-temp/listing/187/7425/48139676-1970-chevrolet-chevelle-ss-thumb.jpg', 'https://photos.classiccars.com/cc-temp/listing/187/7425/48139672-1970-chevrolet-chevelle-ss-thumb.jpg', 'https://photos.classiccars.com/cc-temp/listing/187/7425/48139685-1970-chevrolet-chevelle-ss-thumb.jpg', 'https://photos.classiccars.com/cc-temp/listing/187/7425/48139678-1970-chevrolet-chevelle-ss-thumb.jpg', 'https://photos.classiccars.com/cc-temp/listing/187/7425/48139682-1970-chevrolet-chevelle-ss-thumb.jpg', 'https://photos.classiccars.com/cc-temp/listing/187/7425/48139675-1970-chevrolet-chevelle-ss-thumb.jpg', 'https://photos.classiccars.com/cc-temp/listing/187/7425/48139683-1970-chevrolet-chevelle-ss-thumb.jpg', 'https://photos.classiccars.com/cc-temp/listing/187/7425/48139677-1970-chevrolet-chevelle-ss-thumb.jpg', 'https://photos.classiccars.com/cc-temp/listing/187/7425/48139680-1970-chevrolet-chevelle-ss-thumb.jpg', 'https://photos.classiccars.com/cc-temp/listing/187/7425/48139681-1970-chevrolet-chevelle-ss-thumb.jpg', 'https://photos.classiccars.com/cc-temp/listing/187/7425/48139679-1970-chevrolet-chevelle-ss-thumb.jpg', 'https://photos.classiccars.com/cc-temp/listing/187/7425/48139684-1970-chevrolet-chevelle-ss-thumb.jpg', 'https://photos.classiccars.com/cc-temp/listing/187/7425/48139686-1970-chevrolet-chevelle-ss-thumb.jpg', 'https://photos.classiccars.com/cc-temp/listing/187/7425/48141180-1970-chevrolet-chevelle-ss-thumb.jpg', 'https://photos.classiccars.com/cc-temp/listing/187/7425/48141181-1970-chevrolet-chevelle-ss-thumb.jpg', 'https://photos.classiccars.com/cc-temp/listing/187/7425/48141183-1970-chevrolet-chevelle-ss-thumb.jpg', 'https://photos.classiccars.com/cc-temp/listing/187/7425/48141184-1970-chevrolet-chevelle-ss-thumb.jpg', 'https://photos.classiccars.com/cc-temp/listing/187/7425/48141186-1970-chevrolet-chevelle-ss-thumb.jpg', 'https://photos.classiccars.com/cc-temp/listing/187/7425/48141187-1970-chevrolet-chevelle-ss-thumb.jpg', 'https://photos.classiccars.com/cc-temp/listing/187/7425/48141188-1970-chevrolet-chevelle-ss-thumb.jpg', 'https://photos.classiccars.com/cc-temp/listing/187/7425/48141193-1970-chevrolet-chevelle-ss-thumb.jpg', 'https://photos.classiccars.com/cc-temp/listing/187/7425/48141194-1970-chevrolet-chevelle-ss-thumb.jpg', 'https://photos.classiccars.com/cc-temp/listing/187/7425/48141195-1970-chevrolet-chevelle-ss-thumb.jpg', 'https://photos.classiccars.com/cc-temp/listing/187/7425/48141196-1970-chevrolet-chevelle-ss-thumb.jpg', 'https://photos.classiccars.com/cc-temp/listing/187/7425/48141197-1970-chevrolet-chevelle-ss-thumb.jpg', 'https://photos.classiccars.com/cc-temp/listing/187/7425/48141198-1970-chevrolet-chevelle-ss-thumb.jpg', 'https://photos.classiccars.com/cc-temp/listing/187/7425/48141199-1970-chevrolet-chevelle-ss-thumb.jpg', 'https://photos.classiccars.com/cc-temp/listing/187/7425/48141205-1970-chevrolet-chevelle-ss-thumb.jpg', 'https://photos.classiccars.com/cc-temp/listing/187/7425/48141206-1970-chevrolet-chevelle-ss-thumb.jpg', 'https://photos.classiccars.com/cc-temp/listing/187/7425/48141207-1970-chevrolet-chevelle-ss-thumb.jpg', 'https://photos.classiccars.com/cc-temp/listing/187/7425/48141208-1970-chevrolet-chevelle-ss-thumb.jpg', 'https://photos.classiccars.com/cc-temp/listing/187/7425/48141210-1970-chevrolet-chevelle-ss-thumb.jpg', 'https://photos.classiccars.com/cc-temp/listing/187/7425/48141222-1970-chevrolet-chevelle-ss-thumb.jpg', 'https://photos.classiccars.com/cc-temp/listing/187/7425/48141223-1970-chevrolet-chevelle-ss-thumb.jpg', 'https://photos.classiccars.com/cc-temp/listing/187/7425/48141224-1970-chevrolet-chevelle-ss-thumb.jpg', 'https://photos.classiccars.com/cc-temp/listing/187/7425/48141225-1970-chevrolet-chevelle-ss-thumb.jpg']"
1956 Ford Thunderbird,"$30,000",Colonial White,Automatic,Partially Restored,Thunderbird,Ford,Original - Running,1956,"['https://photos.classiccars.com/cc-temp/listing/192/1775/50753007-1956-ford-thunderbird-thumb.jpg', 'https://photos.classiccars.com/cc-temp/listing/192/1775/50753006-1956-ford-thunderbird-thumb.jpg', 'https://photos.classiccars.com/cc-temp/listing/192/1775/50753009-1956-ford-thunderbird-thumb.jpg', 'https://photos.classiccars.com/cc-temp/listing/192/1775/50753008-1956-ford-thunderbird-thumb.jpg', 'https://photos.classiccars.com/cc-temp/listing/192/1775/50753010-1956-ford-thunderbird-thumb.jpg', 'https://photos.classiccars.com/cc-temp/listing/192/1775/50753012-1956-ford-thunderbird-thumb.jpg', 'https://photos.classiccars.com/cc-temp/listing/192/1775/50753013-1956-ford-thunderbird-thumb.jpg', 'https://photos.classiccars.com/cc-temp/listing/192/1775/50753014-1956-ford-thunderbird-thumb.jpg', 'https://photos.classiccars.com/cc-temp/listing/192/1775/50753015-1956-ford-thunderbird-thumb.jpg', 'https://photos.classiccars.com/cc-temp/listing/192/1775/50753016-1956-ford-thunderbird-thumb.jpg', 'https://photos.classiccars.com/cc-temp/listing/192/1775/50753017-1956-ford-thunderbird-thumb.jpg', 'https://photos.classiccars.com/cc-temp/listing/192/1775/50753011-1956-ford-thunderbird-thumb.jpg', 'https://photos.classiccars.com/cc-temp/listing/192/1775/50753024-1956-ford-thunderbird-thumb.jpg', 'https://photos.classiccars.com/cc-temp/listing/192/1775/50753025-1956-ford-thunderbird-thumb.jpg', 'https://photos.classiccars.com/cc-temp/listing/192/1775/50753026-1956-ford-thunderbird-thumb.jpg', 'https://photos.classiccars.com/cc-temp/listing/192/1775/50753027-1956-ford-thunderbird-thumb.jpg', 'https://photos.classiccars.com/cc-temp/listing/192/1775/50753028-1956-ford-thunderbird-thumb.jpg', 'https://photos.classiccars.com/cc-temp/listing/192/1775/50753029-1956-ford-thunderbird-thumb.jpg', 'https://photos.classiccars.com/cc-temp/listing/192/1775/50753030-1956-ford-thunderbird-thumb.jpg', 'https://photos.classiccars.com/cc-temp/listing/192/1775/50753031-1956-ford-thunderbird-thumb.jpg', 'https://photos.classiccars.com/cc-temp/listing/192/1775/50753032-1956-ford-thunderbird-thumb.jpg', 'https://photos.classiccars.com/cc-temp/listing/192/1775/50753033-1956-ford-thunderbird-thumb.jpg', 'https://photos.classiccars.com/cc-temp/listing/192/1775/50753034-1956-ford-thunderbird-thumb.jpg', 'https://photos.classiccars.com/cc-temp/listing/192/1775/50753035-1956-ford-thunderbird-thumb.jpg', 'https://photos.classiccars.com/cc-temp/listing/192/1775/50753036-1956-ford-thunderbird-thumb.jpg', 'https://photos.classiccars.com/cc-temp/listing/192/1775/50753037-1956-ford-thunderbird-thumb.jpg', 'https://photos.classiccars.com/cc-temp/listing/192/1775/50753038-1956-ford-thunderbird-thumb.jpg']"
1985 Chevrolet Corvette C4,"$19,000",Black,Automatic,,Corvette C4,Chevrolet, - ,1985,"['https://photos.classiccars.com/cc-temp/listing/191/9232/50574640-1985-chevrolet-corvette-c4-thumb.jpg', 'https://photos.classiccars.com/cc-temp/listing/191/9232/50574646-1985-chevrolet-corvette-c4-thumb.jpg', 'https://photos.classiccars.com/cc-temp/listing/191/9232/50574641-1985-chevrolet-corvette-c4-thumb.jpg', 'https://photos.classiccars.com/cc-temp/listing/191/9232/50574642-1985-chevrolet-corvette-c4-thumb.jpg', 'https://photos.classiccars.com/cc-temp/listing/191/9232/50574644-1985-chevrolet-corvette-c4-thumb.jpg', 'https://photos.classiccars.com/cc-temp/listing/191/9232/50574652-1985-chevrolet-corvette-c4-thumb.jpg', 'https://photos.classiccars.com/cc-temp/listing/191/9232/50574643-1985-chevrolet-corvette-c4-thumb.jpg', 'https://photos.classiccars.com/cc-temp/listing/191/9232/50574645-1985-chevrolet-corvette-c4-thumb.jpg', 'https://photos.classiccars.com/cc-temp/listing/191/9232/50574647-1985-chevrolet-corvette-c4-thumb.jpg', 'https://photos.classiccars.com/cc-temp/listing/191/9232/50574648-1985-chevrolet-corvette-c4-thumb.jpg', 'https://photos.classiccars.com/cc-temp/listing/191/9232/50574649-1985-chevrolet-corvette-c4-thumb.jpg', 'https://photos.classiccars.com/cc-temp/listing/191/9232/50574650-1985-chevrolet-corvette-c4-thumb.jpg', 'https://photos.classiccars.com/cc-temp/listing/191/9232/50574651-1985-chevrolet-corvette-c4-thumb.jpg', 'https://photos.classiccars.com/cc-temp/listing/191/9232/50574653-1985-chevrolet-corvette-c4-thumb.jpg']"
1985 Buick Riviera,"$25,000 (OBO)",White,Automatic,,Riviera,Buick,Original - Running,1985,"['https://photos.classiccars.com/cc-temp/listing/194/7813/52425646-1985-buick-riviera-thumb.jpg', 'https://photos.classiccars.com/cc-temp/listing/194/7813/52425651-1985-buick-riviera-thumb.jpg', 'https://photos.classiccars.com/cc-temp/listing/194/7813/52425647-1985-buick-riviera-thumb.jpg']"
1957 Chevrolet Bel Air,"$70,000 (OBO)",Blue,,,Bel Air,Chevrolet,Replaced - Running,1957,"['https://photos.classiccars.com/cc-temp/listing/194/8370/52453365-1957-chevrolet-bel-air-thumb.jpg', 'https://photos.classiccars.com/cc-temp/listing/194/8370/52453279-1957-chevrolet-bel-air-thumb.jpg', 'https://photos.classiccars.com/cc-temp/listing/194/8370/52453355-1957-chevrolet-bel-air-thumb.jpg', 'https://photos.classiccars.com/cc-temp/listing/194/8370/52453199-1957-chevrolet-bel-air-thumb.jpg', 'https://photos.classiccars.com/cc-temp/listing/194/8370/52453371-1957-chevrolet-bel-air-thumb.jpg', 'https://photos.classiccars.com/cc-temp/listing/194/8370/52453216-1957-chevrolet-bel-air-thumb.jpg', 'https://photos.classiccars.com/cc-temp/listing/194/8370/52453299-1957-chevrolet-bel-air-thumb.jpg', 'https://photos.classiccars.com/cc-temp/listing/194/8370/52453272-1957-chevrolet-bel-air-thumb.jpg', 'https://photos.classiccars.com/cc-temp/listing/194/8370/52453217-1957-chevrolet-bel-air-thumb.jpg', 'https://photos.classiccars.com/cc-temp/listing/194/8370/52453309-1957-chevrolet-bel-air-thumb.jpg', 'https://photos.classiccars.com/cc-temp/listing/194/8370/52453398-1957-chevrolet-bel-air-thumb.jpg', 'https://photos.classiccars.com/cc-temp/listing/194/8370/52453203-1957-chevrolet-bel-air-thumb.jpg', 'https://photos.classiccars.com/cc-temp/listing/194/8370/52453285-1957-chevrolet-bel-air-thumb.jpg', 'https://photos.classiccars.com/cc-temp/listing/194/8370/52453381-1957-chevrolet-bel-air-thumb.jpg', 'https://photos.classiccars.com/cc-temp/listing/194/8370/52453207-1957-chevrolet-bel-air-thumb.jpg', 'https://photos.classiccars.com/cc-temp/listing/194/8370/52453291-1957-chevrolet-bel-air-thumb.jpg', 'https://photos.classiccars.com/cc-temp/listing/194/8370/52453361-1957-chevrolet-bel-air-thumb.jpg', 'https://photos.classiccars.com/cc-temp/listing/194/8370/52453206-1957-chevrolet-bel-air-thumb.jpg', 'https://photos.classiccars.com/cc-temp/listing/194/8370/52453301-1957-chevrolet-bel-air-thumb.jpg', 'https://photos.classiccars.com/cc-temp/listing/194/8370/52453369-1957-chevrolet-bel-air-thumb.jpg', 'https://photos.classiccars.com/cc-temp/listing/194/8370/52453215-1957-chevrolet-bel-air-thumb.jpg', 'https://photos.classiccars.com/cc-temp/listing/194/8370/52453282-1957-chevrolet-bel-air-thumb.jpg', 'https://photos.classiccars.com/cc-temp/listing/194/8370/52453374-1957-chevrolet-bel-air-thumb.jpg', 'https://photos.classiccars.com/cc-temp/listing/194/8370/52453200-1957-chevrolet-bel-air-thumb.jpg', 'https://photos.classiccars.com/cc-temp/listing/194/8370/52453308-1957-chevrolet-bel-air-thumb.jpg', 'https://photos.classiccars.com/cc-temp/listing/194/8370/52453391-1957-chevrolet-bel-air-thumb.jpg', 'https://photos.classiccars.com/cc-temp/listing/194/8370/52453211-1957-chevrolet-bel-air-thumb.jpg', 'https://photos.classiccars.com/cc-temp/listing/194/8370/52453302-1957-chevrolet-bel-air-thumb.jpg', 'https://photos.classiccars.com/cc-temp/listing/194/8370/52453392-1957-chevrolet-bel-air-thumb.jpg', 'https://photos.classiccars.com/cc-temp/listing/194/8370/52453210-1957-chevrolet-bel-air-thumb.jpg', 'https://photos.classiccars.com/cc-temp/listing/194/8370/52453316-1957-chevrolet-bel-air-thumb.jpg', 'https://photos.classiccars.com/cc-temp/listing/194/8370/52453380-1957-chevrolet-bel-air-thumb.jpg', 'https://photos.classiccars.com/cc-temp/listing/194/8370/52453212-1957-chevrolet-bel-air-thumb.jpg', 'https://photos.classiccars.com/cc-temp/listing/194/8370/52453290-1957-chevrolet-bel-air-thumb.jpg', 'https://photos.classiccars.com/cc-temp/listing/194/8370/52453377-1957-chevrolet-bel-air-thumb.jpg', 'https://photos.classiccars.com/cc-temp/listing/194/8370/52453213-1957-chevrolet-bel-air-thumb.jpg', 'https://photos.classiccars.com/cc-temp/listing/194/8370/52453277-1957-chevrolet-bel-air-thumb.jpg', 'https://photos.classiccars.com/cc-temp/listing/194/8370/52453359-1957-chevrolet-bel-air-thumb.jpg', 'https://photos.classiccars.com/cc-temp/listing/194/8370/52453218-1957-chevrolet-bel-air-thumb.jpg', 'https://photos.classiccars.com/cc-temp/listing/194/8370/52453267-1957-chevrolet-bel-air-thumb.jpg', 'https://photos.classiccars.com/cc-temp/listing/194/8370/52453351-1957-chevrolet-bel-air-thumb.jpg', 'https://photos.classiccars.com/cc-temp/listing/194/8370/52453202-1957-chevrolet-bel-air-thumb.jpg', 'https://photos.classiccars.com/cc-temp/listing/194/8370/52453310-1957-chevrolet-bel-air-thumb.jpg', 'https://photos.classiccars.com/cc-temp/listing/194/8370/52453353-1957-chevrolet-bel-air-thumb.jpg', 'https://photos.classiccars.com/cc-temp/listing/194/8370/52453205-1957-chevrolet-bel-air-thumb.jpg', 'https://photos.classiccars.com/cc-temp/listing/194/8370/52453294-1957-chevrolet-bel-air-thumb.jpg', 'https://photos.classiccars.com/cc-temp/listing/194/8370/52453384-1957-chevrolet-bel-air-thumb.jpg', 'https://photos.classiccars.com/cc-temp/listing/194/8370/52453201-1957-chevrolet-bel-air-thumb.jpg', 'https://photos.classiccars.com/cc-temp/listing/194/8370/52453261-1957-chevrolet-bel-air-thumb.jpg', 'https://photos.classiccars.com/cc-temp/listing/194/8370/52453337-1957-chevrolet-bel-air-thumb.jpg', 'https://photos.classiccars.com/cc-temp/listing/194/8370/52453209-1957-chevrolet-bel-air-thumb.jpg', 'https://photos.classiccars.com/cc-temp/listing/194/8370/52453305-1957-chevrolet-bel-air-thumb.jpg', 'https://photos.classiccars.com/cc-temp/listing/194/8370/52453375-1957-chevrolet-bel-air-thumb.jpg', 'https://photos.classiccars.com/cc-temp/listing/194/8370/52453208-1957-chevrolet-bel-air-thumb.jpg', 'https://photos.classiccars.com/cc-temp/listing/194/8370/52453287-1957-chevrolet-bel-air-thumb.jpg', 'https://photos.classiccars.com/cc-temp/listing/194/8370/52453364-1957-chevrolet-bel-air-thumb.jpg', 'https://photos.classiccars.com/cc-temp/listing/194/8370/52453214-1957-chevrolet-bel-air-thumb.jpg', 'https://photos.classiccars.com/cc-temp/listing/194/8370/52453314-1957-chevrolet-bel-air-thumb.jpg', 'https://photos.classiccars.com/cc-temp/listing/194/8370/52453395-1957-chevrolet-bel-air-thumb.jpg', 'https://photos.classiccars.com/cc-temp/listing/194/8370/52453424-1957-chevrolet-bel-air-thumb.jpg', 'https://photos.classiccars.com/cc-temp/listing/194/8370/52453484-1957-chevrolet-bel-air-thumb.jpg', 'https://photos.classiccars.com/cc-temp/listing/194/8370/52453541-1957-chevrolet-bel-air-thumb.jpg', 'https://photos.classiccars.com/cc-temp/listing/194/8370/52453426-1957-chevrolet-bel-air-thumb.jpg', 'https://photos.classiccars.com/cc-temp/listing/194/8370/52453471-1957-chevrolet-bel-air-thumb.jpg', 'https://photos.classiccars.com/cc-temp/listing/194/8370/52453534-1957-chevrolet-bel-air-thumb.jpg', 'https://photos.classiccars.com/cc-temp/listing/194/8370/52453429-1957-chevrolet-bel-air-thumb.jpg', 'https://photos.classiccars.com/cc-temp/listing/194/8370/52453486-1957-chevrolet-bel-air-thumb.jpg', 'https://photos.classiccars.com/cc-temp/listing/194/8370/52453542-1957-chevrolet-bel-air-thumb.jpg', 'https://photos.classiccars.com/cc-temp/listing/194/8370/52453432-1957-chevrolet-bel-air-thumb.jpg', 'https://photos.classiccars.com/cc-temp/listing/194/8370/52453489-1957-chevrolet-bel-air-thumb.jpg', 'https://photos.classiccars.com/cc-temp/listing/194/8370/52453543-1957-chevrolet-bel-air-thumb.jpg', 'https://photos.classiccars.com/cc-temp/listing/194/8370/52453437-1957-chevrolet-bel-air-thumb.jpg', 'https://photos.classiccars.com/cc-temp/listing/194/8370/52453491-1957-chevrolet-bel-air-thumb.jpg', 'https://photos.classiccars.com/cc-temp/listing/194/8370/52453544-1957-chevrolet-bel-air-thumb.jpg', 'https://photos.classiccars.com/cc-temp/listing/194/8370/52453438-1957-chevrolet-bel-air-thumb.jpg', 'https://photos.classiccars.com/cc-temp/listing/194/8370/52453483-1957-chevrolet-bel-air-thumb.jpg', 'https://photos.classiccars.com/cc-temp/listing/194/8370/52453545-1957-chevrolet-bel-air-thumb.jpg', 'https://photos.classiccars.com/cc-temp/listing/194/8370/52453439-1957-chevrolet-bel-air-thumb.jpg']"
1969 Chevrolet Chevelle SS,"$103,500 (OBO)",Hugger Orange,Manual,,Chevelle SS,Chevrolet,Replaced - Running,1969,"['https://photos.classiccars.com/cc-temp/listing/185/8025/46835669-1969-chevrolet-chevelle-ss-thumb.jpg', 'https://photos.classiccars.com/cc-temp/listing/185/8025/46835653-1969-chevrolet-chevelle-ss-thumb.jpg', 'https://photos.classiccars.com/cc-temp/listing/185/8025/46835663-1969-chevrolet-chevelle-ss-thumb.jpg', 'https://photos.classiccars.com/cc-temp/listing/185/8025/46835656-1969-chevrolet-chevelle-ss-thumb.jpg', 'https://photos.classiccars.com/cc-temp/listing/185/8025/46835659-1969-chevrolet-chevelle-ss-thumb.jpg', 'https://photos.classiccars.com/cc-temp/listing/185/8025/46835660-1969-chevrolet-chevelle-ss-thumb.jpg', 'https://photos.classiccars.com/cc-temp/listing/185/8025/46835661-1969-chevrolet-chevelle-ss-thumb.jpg', 'https://photos.classiccars.com/cc-temp/listing/185/8025/46835668-1969-chevrolet-chevelle-ss-thumb.jpg', 'https://photos.classiccars.com/cc-temp/listing/185/8025/46835670-1969-chevrolet-chevelle-ss-thumb.jpg', 'https://photos.classiccars.com/cc-temp/listing/185/8025/46835671-1969-chevrolet-chevelle-ss-thumb.jpg', 'https://photos.classiccars.com/cc-temp/listing/185/8025/46835682-1969-chevrolet-chevelle-ss-thumb.jpg', 'https://photos.classiccars.com/cc-temp/listing/185/8025/46835680-1969-chevrolet-chevelle-ss-thumb.jpg', 'https://photos.classiccars.com/cc-temp/listing/185/8025/46835681-1969-chevrolet-chevelle-ss-thumb.jpg', 'https://photos.classiccars.com/cc-temp/listing/185/8025/46835672-1969-chevrolet-chevelle-ss-thumb.jpg', 'https://photos.classiccars.com/cc-temp/listing/185/8025/46835675-1969-chevrolet-chevelle-ss-thumb.jpg', 'https://photos.classiccars.com/cc-temp/listing/185/8025/46835676-1969-chevrolet-chevelle-ss-thumb.jpg', 'https://photos.classiccars.com/cc-temp/listing/185/8025/46835677-1969-chevrolet-chevelle-ss-thumb.jpg', 'https://photos.classiccars.com/cc-temp/listing/185/8025/46835678-1969-chevrolet-chevelle-ss-thumb.jpg', 'https://photos.classiccars.com/cc-temp/listing/185/8025/46835679-1969-chevrolet-chevelle-ss-thumb.jpg', 'https://photos.classiccars.com/cc-temp/listing/185/8025/46835683-1969-chevrolet-chevelle-ss-thumb.jpg', 'https://photos.classiccars.com/cc-temp/listing/185/8025/46835684-1969-chevrolet-chevelle-ss-thumb.jpg', 'https://photos.classiccars.com/cc-temp/listing/185/8025/46835686-1969-chevrolet-chevelle-ss-thumb.jpg', 'https://photos.classiccars.com/cc-temp/listing/185/8025/46835687-1969-chevrolet-chevelle-ss-thumb.jpg', 'https://photos.classiccars.com/cc-temp/listing/185/8025/46835688-1969-chevrolet-chevelle-ss-thumb.jpg', 'https://photos.classiccars.com/cc-temp/listing/185/8025/46835655-1969-chevrolet-chevelle-ss-thumb.jpg', 'https://photos.classiccars.com/cc-temp/listing/185/8025/46835657-1969-chevrolet-chevelle-ss-thumb.jpg', 'https://photos.classiccars.com/cc-temp/listing/185/8025/46835654-1969-chevrolet-chevelle-ss-thumb.jpg', 'https://photos.classiccars.com/cc-temp/listing/185/8025/46835658-1969-chevrolet-chevelle-ss-thumb.jpg', 'https://photos.classiccars.com/cc-temp/listing/185/8025/46835665-1969-chevrolet-chevelle-ss-thumb.jpg', 'https://photos.classiccars.com/cc-temp/listing/185/8025/46835662-1969-chevrolet-chevelle-ss-thumb.jpg', 'https://photos.classiccars.com/cc-temp/listing/185/8025/46835666-1969-chevrolet-chevelle-ss-thumb.jpg', 'https://photos.classiccars.com/cc-temp/listing/185/8025/46835667-1969-chevrolet-chevelle-ss-thumb.jpg', 'https://photos.classiccars.com/cc-temp/listing/185/8025/46835664-1969-chevrolet-chevelle-ss-thumb.jpg', 'https://photos.classiccars.com/cc-temp/listing/185/8025/46835673-1969-chevrolet-chevelle-ss-thumb.jpg', 'https://photos.classiccars.com/cc-temp/listing/185/8025/46835674-1969-chevrolet-chevelle-ss-thumb.jpg']"
1990 Nissan Silvia,"$27,500 (OBO)",White,Manual,,Silvia,Nissan, - ,1990,"['https://photos.classiccars.com/cc-temp/listing/186/1467/47074072-1990-nissan-silvia-thumb.jpg', 'https://photos.classiccars.com/cc-temp/listing/186/1467/47074074-1990-nissan-silvia-thumb.jpg', 'https://photos.classiccars.com/cc-temp/listing/186/1467/47074076-1990-nissan-silvia-thumb.jpg', 'https://photos.classiccars.com/cc-temp/listing/186/1467/47074079-1990-nissan-silvia-thumb.jpg', 'https://photos.classiccars.com/cc-temp/listing/186/1467/47074081-1990-nissan-silvia-thumb.jpg', 'https://photos.classiccars.com/cc-temp/listing/186/1467/47074085-1990-nissan-silvia-thumb.jpg', 'https://photos.classiccars.com/cc-temp/listing/186/1467/47074087-1990-nissan-silvia-thumb.jpg', 'https://photos.classiccars.com/cc-temp/listing/186/1467/47074090-1990-nissan-silvia-thumb.jpg', 'https://photos.classiccars.com/cc-temp/listing/186/1467/47074093-1990-nissan-silvia-thumb.jpg', 'https://photos.classiccars.com/cc-temp/listing/186/1467/47074096-1990-nissan-silvia-thumb.jpg', 'https://photos.classiccars.com/cc-temp/listing/186/1467/47074099-1990-nissan-silvia-thumb.jpg', 'https://photos.classiccars.com/cc-temp/listing/186/1467/47074101-1990-nissan-silvia-thumb.jpg', 'https://photos.classiccars.com/cc-temp/listing/186/1467/47074104-1990-nissan-silvia-thumb.jpg', 'https://photos.classiccars.com/cc-temp/listing/186/1467/47074107-1990-nissan-silvia-thumb.jpg', 'https://photos.classiccars.com/cc-temp/listing/186/1467/47074110-1990-nissan-silvia-thumb.jpg', 'https://photos.classiccars.com/cc-temp/listing/186/1467/47074112-1990-nissan-silvia-thumb.jpg', 'https://photos.classiccars.com/cc-temp/listing/186/1467/47074115-1990-nissan-silvia-thumb.jpg', 'https://photos.classiccars.com/cc-temp/listing/186/1467/47074117-1990-nissan-silvia-thumb.jpg', 'https://photos.classiccars.com/cc-temp/listing/186/1467/47074119-1990-nissan-silvia-thumb.jpg', 'https://photos.classiccars.com/cc-temp/listing/186/1467/47074122-1990-nissan-silvia-thumb.jpg', 'https://photos.classiccars.com/cc-temp/listing/186/1467/47074124-1990-nissan-silvia-thumb.jpg', 'https://photos.classiccars.com/cc-temp/listing/186/1467/47074126-1990-nissan-silvia-thumb.jpg', 'https://photos.classiccars.com/cc-temp/listing/186/1467/47074128-1990-nissan-silvia-thumb.jpg', 'https://photos.classiccars.com/cc-temp/listing/186/1467/47074131-1990-nissan-silvia-thumb.jpg', 'https://photos.classiccars.com/cc-temp/listing/186/1467/47074132-1990-nissan-silvia-thumb.jpg', 'https://photos.classiccars.com/cc-temp/listing/186/1467/47074133-1990-nissan-silvia-thumb.jpg', 'https://photos.classiccars.com/cc-temp/listing/186/1467/47074134-1990-nissan-silvia-thumb.jpg', 'https://photos.classiccars.com/cc-temp/listing/186/1467/47074135-1990-nissan-silvia-thumb.jpg', 'https://photos.classiccars.com/cc-temp/listing/186/1467/47074136-1990-nissan-silvia-thumb.jpg', 'https://photos.classiccars.com/cc-temp/listing/186/1467/47074137-1990-nissan-silvia-thumb.jpg', 'https://photos.classiccars.com/cc-temp/listing/186/1467/47074138-1990-nissan-silvia-thumb.jpg', 'https://photos.classiccars.com/cc-temp/listing/186/1467/47074139-1990-nissan-silvia-thumb.jpg', 'https://photos.classiccars.com/cc-temp/listing/186/1467/47074140-1990-nissan-silvia-thumb.jpg', 'https://photos.classiccars.com/cc-temp/listing/186/1467/47074141-1990-nissan-silvia-thumb.jpg', 'https://photos.classiccars.com/cc-temp/listing/186/1467/47074143-1990-nissan-silvia-thumb.jpg', 'https://photos.classiccars.com/cc-temp/listing/186/1467/47074146-1990-nissan-silvia-thumb.jpg', 'https://photos.classiccars.com/cc-temp/listing/186/1467/47074148-1990-nissan-silvia-thumb.jpg', 'https://photos.classiccars.com/cc-temp/listing/186/1467/47074151-1990-nissan-silvia-thumb.jpg', 'https://photos.classiccars.com/cc-temp/listing/186/1467/47074153-1990-nissan-silvia-thumb.jpg']"
1974 Mercedes-Benz 450SLC,"$12,999 (OBO)",Black,Automatic,,450SLC,Mercedes-Benz,Original - Running,1974,"['https://photos.classiccars.com/cc-temp/listing/186/3087/47358782-1974-mercedes-benz-450slc-thumb.jpg', 'https://photos.classiccars.com/cc-temp/listing/186/3087/47358793-1974-mercedes-benz-450slc-thumb.jpg', 'https://photos.classiccars.com/cc-temp/listing/186/3087/47334225-1974-mercedes-benz-450slc-thumb.jpg', 'https://photos.classiccars.com/cc-temp/listing/186/3087/47257082-1974-mercedes-benz-450slc-thumb.jpg', 'https://photos.classiccars.com/cc-temp/listing/186/3087/47257089-1974-mercedes-benz-450slc-thumb.jpg', 'https://photos.classiccars.com/cc-temp/listing/186/3087/47257083-1974-mercedes-benz-450slc-thumb.jpg', 'https://photos.classiccars.com/cc-temp/listing/186/3087/47257086-1974-mercedes-benz-450slc-thumb.jpg', 'https://photos.classiccars.com/cc-temp/listing/186/3087/47334226-1974-mercedes-benz-450slc-thumb.jpg', 'https://photos.classiccars.com/cc-temp/listing/186/3087/47334227-1974-mercedes-benz-450slc-thumb.jpg', 'https://photos.classiccars.com/cc-temp/listing/186/3087/47334228-1974-mercedes-benz-450slc-thumb.jpg', 'https://photos.classiccars.com/cc-temp/listing/186/3087/47334229-1974-mercedes-benz-450slc-thumb.jpg', 'https://photos.classiccars.com/cc-temp/listing/186/3087/47334230-1974-mercedes-benz-450slc-thumb.jpg', 'https://photos.classiccars.com/cc-temp/listing/186/3087/47334231-1974-mercedes-benz-450slc-thumb.jpg', 'https://photos.classiccars.com/cc-temp/listing/186/3087/47334232-1974-mercedes-benz-450slc-thumb.jpg', 'https://photos.classiccars.com/cc-temp/listing/186/3087/47334233-1974-mercedes-benz-450slc-thumb.jpg', 'https://photos.classiccars.com/cc-temp/listing/186/3087/47334234-1974-mercedes-benz-450slc-thumb.jpg', 'https://photos.classiccars.com/cc-temp/listing/186/3087/47334235-1974-mercedes-benz-450slc-thumb.jpg', 'https://photos.classiccars.com/cc-temp/listing/186/3087/47334236-1974-mercedes-benz-450slc-thumb.jpg', 'https://photos.classiccars.com/cc-temp/listing/186/3087/47334237-1974-mercedes-benz-450slc-thumb.jpg', 'https://photos.classiccars.com/cc-temp/listing/186/3087/47334238-1974-mercedes-benz-450slc-thumb.jpg', 'https://photos.classiccars.com/cc-temp/listing/186/3087/47334239-1974-mercedes-benz-450slc-thumb.jpg', 'https://photos.classiccars.com/cc-temp/listing/186/3087/47334242-1974-mercedes-benz-450slc-thumb.jpg', 'https://photos.classiccars.com/cc-temp/listing/186/3087/47334244-1974-mercedes-benz-450slc-thumb.jpg', 'https://photos.classiccars.com/cc-temp/listing/186/3087/47358795-1974-mercedes-benz-450slc-thumb.jpg', 'https://photos.classiccars.com/cc-temp/listing/186/3087/47358816-1974-mercedes-benz-450slc-thumb.jpg']"
2005 Chrysler Crossfire,"$29,950 (OBO)",Royal Blue,Automatic,,Crossfire,Chrysler,Original - Running,2005,"['https://photos.classiccars.com/cc-temp/listing/191/460/50062251-2005-chrysler-crossfire-thumb.jpg', 'https://photos.classiccars.com/cc-temp/listing/191/460/50062249-2005-chrysler-crossfire-thumb.jpg', 'https://photos.classiccars.com/cc-temp/listing/191/460/50062248-2005-chrysler-crossfire-thumb.jpg', 'https://photos.classiccars.com/cc-temp/listing/191/460/50062262-2005-chrysler-crossfire-thumb.jpg', 'https://photos.classiccars.com/cc-temp/listing/191/460/50062261-2005-chrysler-crossfire-thumb.jpg', 'https://photos.classiccars.com/cc-temp/listing/191/460/50062260-2005-chrysler-crossfire-thumb.jpg', 'https://photos.classiccars.com/cc-temp/listing/191/460/50062258-2005-chrysler-crossfire-thumb.jpg', 'https://photos.classiccars.com/cc-temp/listing/191/460/50062259-2005-chrysler-crossfire-thumb.jpg', 'https://photos.classiccars.com/cc-temp/listing/191/460/50062257-2005-chrysler-crossfire-thumb.jpg', 'https://photos.classiccars.com/cc-temp/listing/191/460/50062256-2005-chrysler-crossfire-thumb.jpg', 'https://photos.classiccars.com/cc-temp/listing/191/460/50062255-2005-chrysler-crossfire-thumb.jpg', 'https://photos.classiccars.com/cc-temp/listing/191/460/50062254-2005-chrysler-crossfire-thumb.jpg', 'https://photos.classiccars.com/cc-temp/listing/191/460/50062252-2005-chrysler-crossfire-thumb.jpg', 'https://photos.classiccars.com/cc-temp/listing/191/460/50062253-2005-chrysler-crossfire-thumb.jpg', 'https://photos.classiccars.com/cc-temp/listing/191/460/50062263-2005-chrysler-crossfire-thumb.jpg', 'https://photos.classiccars.com/cc-temp/listing/191/460/50062264-2005-chrysler-crossfire-thumb.jpg', 'https://photos.classiccars.com/cc-temp/listing/191/460/50062265-2005-chrysler-crossfire-thumb.jpg', 'https://photos.classiccars.com/cc-temp/listing/191/460/50062266-2005-chrysler-crossfire-thumb.jpg', 'https://photos.classiccars.com/cc-temp/listing/191/460/50062247-2005-chrysler-crossfire-thumb.jpg', 'https://photos.classiccars.com/cc-temp/listing/191/460/50062267-2005-chrysler-crossfire-thumb.jpg', 'https://photos.classiccars.com/cc-temp/listing/191/460/50062268-2005-chrysler-crossfire-thumb.jpg', 'https://photos.classiccars.com/cc-temp/listing/191/460/50062269-2005-chrysler-crossfire-thumb.jpg', 'https://photos.classiccars.com/cc-temp/listing/191/460/50062270-2005-chrysler-crossfire-thumb.jpg', 'https://photos.classiccars.com/cc-temp/listing/191/460/50062271-2005-chrysler-crossfire-thumb.jpg', 'https://photos.classiccars.com/cc-temp/listing/191/460/50062272-2005-chrysler-crossfire-thumb.jpg', 'https://photos.classiccars.com/cc-temp/listing/191/460/50062273-2005-chrysler-crossfire-thumb.jpg', 'https://photos.classiccars.com/cc-temp/listing/191/460/50062274-2005-chrysler-crossfire-thumb.jpg', 'https://photos.classiccars.com/cc-temp/listing/191/460/50062275-2005-chrysler-crossfire-thumb.jpg']"
1965 Chevrolet Chevelle Malibu,"$49,900 (OBO)",Deep burgundy Metallic,Automatic,,Chevelle Malibu,Chevrolet, - Running,1965,"['https://photos.classiccars.com/cc-temp/listing/194/4223/52229021-1965-chevrolet-chevelle-malibu-thumb.jpg', 'https://photos.classiccars.com/cc-temp/listing/194/4223/52229005-1965-chevrolet-chevelle-malibu-thumb.jpg', 'https://photos.classiccars.com/cc-temp/listing/194/4223/52228981-1965-chevrolet-chevelle-malibu-thumb.jpg', 'https://photos.classiccars.com/cc-temp/listing/194/4223/52229056-1965-chevrolet-chevelle-malibu-thumb.jpg', 'https://photos.classiccars.com/cc-temp/listing/194/4223/52229038-1965-chevrolet-chevelle-malibu-thumb.jpg', 'https://photos.classiccars.com/cc-temp/listing/194/4223/52229040-1965-chevrolet-chevelle-malibu-thumb.jpg', 'https://photos.classiccars.com/cc-temp/listing/194/4223/52229008-1965-chevrolet-chevelle-malibu-thumb.jpg', 'https://photos.classiccars.com/cc-temp/listing/194/4223/52229019-1965-chevrolet-chevelle-malibu-thumb.jpg', 'https://photos.classiccars.com/cc-temp/listing/194/4223/52228993-1965-chevrolet-chevelle-malibu-thumb.jpg', 'https://photos.classiccars.com/cc-temp/listing/194/4223/52229023-1965-chevrolet-chevelle-malibu-thumb.jpg', 'https://photos.classiccars.com/cc-temp/listing/194/4223/52228979-1965-chevrolet-chevelle-malibu-thumb.jpg', 'https://photos.classiccars.com/cc-temp/listing/194/4223/52229031-1965-chevrolet-chevelle-malibu-thumb.jpg', 'https://photos.classiccars.com/cc-temp/listing/194/4223/52229059-1965-chevrolet-chevelle-malibu-thumb.jpg', 'https://photos.classiccars.com/cc-temp/listing/194/4223/52229034-1965-chevrolet-chevelle-malibu-thumb.jpg', 'https://photos.classiccars.com/cc-temp/listing/194/4223/52229045-1965-chevrolet-chevelle-malibu-thumb.jpg', 'https://photos.classiccars.com/cc-temp/listing/194/4223/52229007-1965-chevrolet-chevelle-malibu-thumb.jpg', 'https://photos.classiccars.com/cc-temp/listing/194/4223/52229011-1965-chevrolet-chevelle-malibu-thumb.jpg', 'https://photos.classiccars.com/cc-temp/listing/194/4223/52228986-1965-chevrolet-chevelle-malibu-thumb.jpg', 'https://photos.classiccars.com/cc-temp/listing/194/4223/52229042-1965-chevrolet-chevelle-malibu-thumb.jpg', 'https://photos.classiccars.com/cc-temp/listing/194/4223/52229050-1965-chevrolet-chevelle-malibu-thumb.jpg', 'https://photos.classiccars.com/cc-temp/listing/194/4223/52228987-1965-chevrolet-chevelle-malibu-thumb.jpg', 'https://photos.classiccars.com/cc-temp/listing/194/4223/52229001-1965-chevrolet-chevelle-malibu-thumb.jpg', 'https://photos.classiccars.com/cc-temp/listing/194/4223/52229051-1965-chevrolet-chevelle-malibu-thumb.jpg', 'https://photos.classiccars.com/cc-temp/listing/194/4223/52228978-1965-chevrolet-chevelle-malibu-thumb.jpg', 'https://photos.classiccars.com/cc-temp/listing/194/4223/52229003-1965-chevrolet-chevelle-malibu-thumb.jpg', 'https://photos.classiccars.com/cc-temp/listing/194/4223/52229027-1965-chevrolet-chevelle-malibu-thumb.jpg', 'https://photos.classiccars.com/cc-temp/listing/194/4223/52229047-1965-chevrolet-chevelle-malibu-thumb.jpg', 'https://photos.classiccars.com/cc-temp/listing/194/4223/52228995-1965-chevrolet-chevelle-malibu-thumb.jpg', 'https://photos.classiccars.com/cc-temp/listing/194/4223/52229016-1965-chevrolet-chevelle-malibu-thumb.jpg', 'https://photos.classiccars.com/cc-temp/listing/194/4223/52229026-1965-chevrolet-chevelle-malibu-thumb.jpg', 'https://photos.classiccars.com/cc-temp/listing/194/4223/52229043-1965-chevrolet-chevelle-malibu-thumb.jpg', 'https://photos.classiccars.com/cc-temp/listing/194/4223/52228990-1965-chevrolet-chevelle-malibu-thumb.jpg', 'https://photos.classiccars.com/cc-temp/listing/194/4223/52229000-1965-chevrolet-chevelle-malibu-thumb.jpg', 'https://photos.classiccars.com/cc-temp/listing/194/4223/52229022-1965-chevrolet-chevelle-malibu-thumb.jpg', 'https://photos.classiccars.com/cc-temp/listing/194/4223/52229035-1965-chevrolet-chevelle-malibu-thumb.jpg', 'https://photos.classiccars.com/cc-temp/listing/194/4223/52228994-1965-chevrolet-chevelle-malibu-thumb.jpg', 'https://photos.classiccars.com/cc-temp/listing/194/4223/52229014-1965-chevrolet-chevelle-malibu-thumb.jpg', 'https://photos.classiccars.com/cc-temp/listing/194/4223/52229033-1965-chevrolet-chevelle-malibu-thumb.jpg', 'https://photos.classiccars.com/cc-temp/listing/194/4223/52229052-1965-chevrolet-chevelle-malibu-thumb.jpg', 'https://photos.classiccars.com/cc-temp/listing/194/4223/52228992-1965-chevrolet-chevelle-malibu-thumb.jpg', 'https://photos.classiccars.com/cc-temp/listing/194/4223/52229013-1965-chevrolet-chevelle-malibu-thumb.jpg', 'https://photos.classiccars.com/cc-temp/listing/194/4223/52229041-1965-chevrolet-chevelle-malibu-thumb.jpg', 'https://photos.classiccars.com/cc-temp/listing/194/4223/52229054-1965-chevrolet-chevelle-malibu-thumb.jpg', 'https://photos.classiccars.com/cc-temp/listing/194/4223/52228996-1965-chevrolet-chevelle-malibu-thumb.jpg', 'https://photos.classiccars.com/cc-temp/listing/194/4223/52229015-1965-chevrolet-chevelle-malibu-thumb.jpg', 'https://photos.classiccars.com/cc-temp/listing/194/4223/52229028-1965-chevrolet-chevelle-malibu-thumb.jpg', 'https://photos.classiccars.com/cc-temp/listing/194/4223/52229049-1965-chevrolet-chevelle-malibu-thumb.jpg', 'https://photos.classiccars.com/cc-temp/listing/194/4223/52228985-1965-chevrolet-chevelle-malibu-thumb.jpg', 'https://photos.classiccars.com/cc-temp/listing/194/4223/52228998-1965-chevrolet-chevelle-malibu-thumb.jpg', 'https://photos.classiccars.com/cc-temp/listing/194/4223/52229009-1965-chevrolet-chevelle-malibu-thumb.jpg', 'https://photos.classiccars.com/cc-temp/listing/194/4223/52229018-1965-chevrolet-chevelle-malibu-thumb.jpg', 'https://photos.classiccars.com/cc-temp/listing/194/4223/52228984-1965-chevrolet-chevelle-malibu-thumb.jpg', 'https://photos.classiccars.com/cc-temp/listing/194/4223/52228997-1965-chevrolet-chevelle-malibu-thumb.jpg', 'https://photos.classiccars.com/cc-temp/listing/194/4223/52229017-1965-chevrolet-chevelle-malibu-thumb.jpg', 'https://photos.classiccars.com/cc-temp/listing/194/4223/52229037-1965-chevrolet-chevelle-malibu-thumb.jpg', 'https://photos.classiccars.com/cc-temp/listing/194/4223/52228989-1965-chevrolet-chevelle-malibu-thumb.jpg', 'https://photos.classiccars.com/cc-temp/listing/194/4223/52228999-1965-chevrolet-chevelle-malibu-thumb.jpg', 'https://photos.classiccars.com/cc-temp/listing/194/4223/52229029-1965-chevrolet-chevelle-malibu-thumb.jpg', 'https://photos.classiccars.com/cc-temp/listing/194/4223/52229039-1965-chevrolet-chevelle-malibu-thumb.jpg', 'https://photos.classiccars.com/cc-temp/listing/194/4223/52228991-1965-chevrolet-chevelle-malibu-thumb.jpg', 'https://photos.classiccars.com/cc-temp/listing/194/4223/52229010-1965-chevrolet-chevelle-malibu-thumb.jpg', 'https://photos.classiccars.com/cc-temp/listing/194/4223/52229030-1965-chevrolet-chevelle-malibu-thumb.jpg', 'https://photos.classiccars.com/cc-temp/listing/194/4223/52229044-1965-chevrolet-chevelle-malibu-thumb.jpg', 'https://photos.classiccars.com/cc-temp/listing/194/4223/52228983-1965-chevrolet-chevelle-malibu-thumb.jpg', 'https://photos.classiccars.com/cc-temp/listing/194/4223/52229006-1965-chevrolet-chevelle-malibu-thumb.jpg', 'https://photos.classiccars.com/cc-temp/listing/194/4223/52229025-1965-chevrolet-chevelle-malibu-thumb.jpg', 'https://photos.classiccars.com/cc-temp/listing/194/4223/52229036-1965-chevrolet-chevelle-malibu-thumb.jpg', 'https://photos.classiccars.com/cc-temp/listing/194/4223/52228982-1965-chevrolet-chevelle-malibu-thumb.jpg', 'https://photos.classiccars.com/cc-temp/listing/194/4223/52229002-1965-chevrolet-chevelle-malibu-thumb.jpg', 'https://photos.classiccars.com/cc-temp/listing/194/4223/52229024-1965-chevrolet-chevelle-malibu-thumb.jpg', 'https://photos.classiccars.com/cc-temp/listing/194/4223/52229048-1965-chevrolet-chevelle-malibu-thumb.jpg', 'https://photos.classiccars.com/cc-temp/listing/194/4223/52228980-1965-chevrolet-chevelle-malibu-thumb.jpg', 'https://photos.classiccars.com/cc-temp/listing/194/4223/52229004-1965-chevrolet-chevelle-malibu-thumb.jpg', 'https://photos.classiccars.com/cc-temp/listing/194/4223/52229020-1965-chevrolet-chevelle-malibu-thumb.jpg', 'https://photos.classiccars.com/cc-temp/listing/194/4223/52229046-1965-chevrolet-chevelle-malibu-thumb.jpg', 'https://photos.classiccars.com/cc-temp/listing/194/4223/52228988-1965-chevrolet-chevelle-malibu-thumb.jpg', 'https://photos.classiccars.com/cc-temp/listing/194/4223/52229012-1965-chevrolet-chevelle-malibu-thumb.jpg', 'https://photos.classiccars.com/cc-temp/listing/194/4223/52229032-1965-chevrolet-chevelle-malibu-thumb.jpg', 'https://photos.classiccars.com/cc-temp/listing/194/4223/52229053-1965-chevrolet-chevelle-malibu-thumb.jpg', 'https://photos.classiccars.com/cc-temp/listing/194/4223/52229055-1965-chevrolet-chevelle-malibu-thumb.jpg', 'https://photos.classiccars.com/cc-temp/listing/194/4223/52229063-1965-chevrolet-chevelle-malibu-thumb.jpg', 'https://photos.classiccars.com/cc-temp/listing/194/4223/52229067-1965-chevrolet-chevelle-malibu-thumb.jpg', 'https://photos.classiccars.com/cc-temp/listing/194/4223/52229071-1965-chevrolet-chevelle-malibu-thumb.jpg', 'https://photos.classiccars.com/cc-temp/listing/194/4223/52229057-1965-chevrolet-chevelle-malibu-thumb.jpg', 'https://photos.classiccars.com/cc-temp/listing/194/4223/52229064-1965-chevrolet-chevelle-malibu-thumb.jpg', 'https://photos.classiccars.com/cc-temp/listing/194/4223/52229066-1965-chevrolet-chevelle-malibu-thumb.jpg', 'https://photos.classiccars.com/cc-temp/listing/194/4223/52229069-1965-chevrolet-chevelle-malibu-thumb.jpg', 'https://photos.classiccars.com/cc-temp/listing/194/4223/52229058-1965-chevrolet-chevelle-malibu-thumb.jpg', 'https://photos.classiccars.com/cc-temp/listing/194/4223/52229065-1965-chevrolet-chevelle-malibu-thumb.jpg', 'https://photos.classiccars.com/cc-temp/listing/194/4223/52229068-1965-chevrolet-chevelle-malibu-thumb.jpg', 'https://photos.classiccars.com/cc-temp/listing/194/4223/52229072-1965-chevrolet-chevelle-malibu-thumb.jpg']"
1966 Ford Mustang,"$44,500",Metallic Silver,Automatic,,Mustang,Ford, - ,1966,"['https://photos.classiccars.com/cc-temp/listing/190/9365/49966750-1966-ford-mustang-thumb.jpg', 'https://photos.classiccars.com/cc-temp/listing/190/9365/49966765-1966-ford-mustang-thumb.jpg', 'https://photos.classiccars.com/cc-temp/listing/190/9365/49966766-1966-ford-mustang-thumb.jpg', 'https://photos.classiccars.com/cc-temp/listing/190/9365/49966773-1966-ford-mustang-thumb.jpg', 'https://photos.classiccars.com/cc-temp/listing/190/9365/49966746-1966-ford-mustang-thumb.jpg', 'https://photos.classiccars.com/cc-temp/listing/190/9365/49966767-1966-ford-mustang-thumb.jpg', 'https://photos.classiccars.com/cc-temp/listing/190/9365/49966748-1966-ford-mustang-thumb.jpg', 'https://photos.classiccars.com/cc-temp/listing/190/9365/49966770-1966-ford-mustang-thumb.jpg', 'https://photos.classiccars.com/cc-temp/listing/190/9365/49966761-1966-ford-mustang-thumb.jpg', 'https://photos.classiccars.com/cc-temp/listing/190/9365/49966759-1966-ford-mustang-thumb.jpg', 'https://photos.classiccars.com/cc-temp/listing/190/9365/49966758-1966-ford-mustang-thumb.jpg', 'https://photos.classiccars.com/cc-temp/listing/190/9365/49966755-1966-ford-mustang-thumb.jpg', 'https://photos.classiccars.com/cc-temp/listing/190/9365/49966752-1966-ford-mustang-thumb.jpg', 'https://photos.classiccars.com/cc-temp/listing/190/9365/49966753-1966-ford-mustang-thumb.jpg', 'https://photos.classiccars.com/cc-temp/listing/190/9365/49966760-1966-ford-mustang-thumb.jpg', 'https://photos.classiccars.com/cc-temp/listing/190/9365/49966754-1966-ford-mustang-thumb.jpg', 'https://photos.classiccars.com/cc-temp/listing/190/9365/49966756-1966-ford-mustang-thumb.jpg', 'https://photos.classiccars.com/cc-temp/listing/190/9365/49966769-1966-ford-mustang-thumb.jpg', 'https://photos.classiccars.com/cc-temp/listing/190/9365/49966764-1966-ford-mustang-thumb.jpg', 'https://photos.classiccars.com/cc-temp/listing/190/9365/49966762-1966-ford-mustang-thumb.jpg', 'https://photos.classiccars.com/cc-temp/listing/190/9365/49966763-1966-ford-mustang-thumb.jpg', 'https://photos.classiccars.com/cc-temp/listing/190/9365/49966749-1966-ford-mustang-thumb.jpg', 'https://photos.classiccars.com/cc-temp/listing/190/9365/49966747-1966-ford-mustang-thumb.jpg', 'https://photos.classiccars.com/cc-temp/listing/190/9365/49966771-1966-ford-mustang-thumb.jpg', 'https://photos.classiccars.com/cc-temp/listing/190/9365/49966772-1966-ford-mustang-thumb.jpg', 'https://photos.classiccars.com/cc-temp/listing/190/9365/49966751-1966-ford-mustang-thumb.jpg', 'https://photos.classiccars.com/cc-temp/listing/190/9365/49966757-1966-ford-mustang-thumb.jpg', 'https://photos.classiccars.com/cc-temp/listing/190/9365/52436367-1966-ford-mustang-thumb.jpg', 'https://photos.classiccars.com/cc-temp/listing/190/9365/52442391-1966-ford-mustang-thumb.jpg', 'https://photos.classiccars.com/cc-temp/listing/190/9365/52442392-1966-ford-mustang-thumb.jpg']"
1993 Lexus SC400,"$10,500",WHITE,Automatic,,SC400,Lexus,Original - Running,1993,"['https://photos.classiccars.com/cc-temp/listing/194/5497/52286899-1993-lexus-sc400-thumb.jpg', 'https://photos.classiccars.com/cc-temp/listing/194/5497/52286898-1993-lexus-sc400-thumb.jpg', 'https://photos.classiccars.com/cc-temp/listing/194/5497/52286897-1993-lexus-sc400-thumb.jpg', 'https://photos.classiccars.com/cc-temp/listing/194/5497/52286896-1993-lexus-sc400-thumb.jpg', 'https://photos.classiccars.com/cc-temp/listing/194/5497/52286921-1993-lexus-sc400-thumb.jpg', 'https://photos.classiccars.com/cc-temp/listing/194/5497/52286922-1993-lexus-sc400-thumb.jpg', 'https://photos.classiccars.com/cc-temp/listing/194/5497/52286913-1993-lexus-sc400-thumb.jpg', 'https://photos.classiccars.com/cc-temp/listing/194/5497/52286908-1993-lexus-sc400-thumb.jpg', 'https://photos.classiccars.com/cc-temp/listing/194/5497/52286919-1993-lexus-sc400-thumb.jpg', 'https://photos.classiccars.com/cc-temp/listing/194/5497/52286917-1993-lexus-sc400-thumb.jpg', 'https://photos.classiccars.com/cc-temp/listing/194/5497/52286902-1993-lexus-sc400-thumb.jpg', 'https://photos.classiccars.com/cc-temp/listing/194/5497/52286903-1993-lexus-sc400-thumb.jpg', 'https://photos.classiccars.com/cc-temp/listing/194/5497/52286905-1993-lexus-sc400-thumb.jpg', 'https://photos.classiccars.com/cc-temp/listing/194/5497/52286900-1993-lexus-sc400-thumb.jpg', 'https://photos.classiccars.com/cc-temp/listing/194/5497/52286901-1993-lexus-sc400-thumb.jpg', 'https://photos.classiccars.com/cc-temp/listing/194/5497/52286923-1993-lexus-sc400-thumb.jpg']"
1967 Chevrolet Chevelle,"$98,000 (OBO)",Blue,Manual,,Chevelle,Chevrolet, - ,1967,"['https://photos.classiccars.com/cc-temp/listing/192/7304/51098159-1967-chevrolet-chevelle-thumb.jpg', 'https://photos.classiccars.com/cc-temp/listing/192/7304/51098160-1967-chevrolet-chevelle-thumb.jpg', 'https://photos.classiccars.com/cc-temp/listing/192/7304/51098161-1967-chevrolet-chevelle-thumb.jpg', 'https://photos.classiccars.com/cc-temp/listing/192/7304/51098162-1967-chevrolet-chevelle-thumb.jpg', 'https://photos.classiccars.com/cc-temp/listing/192/7304/51098164-1967-chevrolet-chevelle-thumb.jpg', 'https://photos.classiccars.com/cc-temp/listing/192/7304/51098165-1967-chevrolet-chevelle-thumb.jpg', 'https://photos.classiccars.com/cc-temp/listing/192/7304/51098167-1967-chevrolet-chevelle-thumb.jpg', 'https://photos.classiccars.com/cc-temp/listing/192/7304/51098168-1967-chevrolet-chevelle-thumb.jpg']"
1974 Ford Bronco,"$98,000",White,Automatic,,Bronco,Ford,Replaced - Running,1974,"['https://photos.classiccars.com/cc-temp/listing/192/9955/51257198-1974-ford-bronco-thumb.jpg', 'https://photos.classiccars.com/cc-temp/listing/192/9955/51257206-1974-ford-bronco-thumb.jpg', 'https://photos.classiccars.com/cc-temp/listing/192/9955/51257208-1974-ford-bronco-thumb.jpg', 'https://photos.classiccars.com/cc-temp/listing/192/9955/51257209-1974-ford-bronco-thumb.jpg', 'https://photos.classiccars.com/cc-temp/listing/192/9955/51257470-1974-ford-bronco-thumb.jpg', 'https://photos.classiccars.com/cc-temp/listing/192/9955/51257196-1974-ford-bronco-thumb.jpg', 'https://photos.classiccars.com/cc-temp/listing/192/9955/51257194-1974-ford-bronco-thumb.jpg', 'https://photos.classiccars.com/cc-temp/listing/192/9955/51257195-1974-ford-bronco-thumb.jpg', 'https://photos.classiccars.com/cc-temp/listing/192/9955/51257226-1974-ford-bronco-thumb.jpg', 'https://photos.classiccars.com/cc-temp/listing/192/9955/51257364-1974-ford-bronco-thumb.jpg', 'https://photos.classiccars.com/cc-temp/listing/192/9955/51257215-1974-ford-bronco-thumb.jpg', 'https://photos.classiccars.com/cc-temp/listing/192/9955/51257207-1974-ford-bronco-thumb.jpg', 'https://photos.classiccars.com/cc-temp/listing/192/9955/51257212-1974-ford-bronco-thumb.jpg', 'https://photos.classiccars.com/cc-temp/listing/192/9955/51257197-1974-ford-bronco-thumb.jpg']"
1967 Chevrolet Malibu,"$55,000",white,Automatic,,Malibu,Chevrolet,Replaced - Running,1967,['https://photos.classiccars.com/cc-temp/listing/193/2549/51431748-1967-chevrolet-malibu-thumb.jpg']
1969 Ford Ranchero,"$26,500",Black/red stripe,Automatic,Fully Restored,Ranchero,Ford,Original - Running,1969,"['https://photos.classiccars.com/cc-temp/listing/193/7078/51690653-1969-ford-ranchero-gt-thumb.jpg', 'https://photos.classiccars.com/cc-temp/listing/193/7078/51690650-1969-ford-ranchero-gt-thumb.jpg', 'https://photos.classiccars.com/cc-temp/listing/193/7078/51690652-1969-ford-ranchero-gt-thumb.jpg', 'https://photos.classiccars.com/cc-temp/listing/193/7078/51690656-1969-ford-ranchero-gt-thumb.jpg', 'https://photos.classiccars.com/cc-temp/listing/193/7078/51690654-1969-ford-ranchero-gt-thumb.jpg', 'https://photos.classiccars.com/cc-temp/listing/193/7078/51690655-1969-ford-ranchero-gt-thumb.jpg', 'https://photos.classiccars.com/cc-temp/listing/193/7078/51690660-1969-ford-ranchero-gt-thumb.jpg', 'https://photos.classiccars.com/cc-temp/listing/193/7078/51690666-1969-ford-ranchero-gt-thumb.jpg', 'https://photos.classiccars.com/cc-temp/listing/193/7078/51690667-1969-ford-ranchero-gt-thumb.jpg', 'https://photos.classiccars.com/cc-temp/listing/193/7078/51690665-1969-ford-ranchero-gt-thumb.jpg', 'https://photos.classiccars.com/cc-temp/listing/193/7078/51690673-1969-ford-ranchero-gt-thumb.jpg', 'https://photos.classiccars.com/cc-temp/listing/193/7078/51690668-1969-ford-ranchero-gt-thumb.jpg', 'https://photos.classiccars.com/cc-temp/listing/193/7078/51690632-1969-ford-ranchero-gt-thumb.jpg', 'https://photos.classiccars.com/cc-temp/listing/193/7078/51690645-1969-ford-ranchero-gt-thumb.jpg', 'https://photos.classiccars.com/cc-temp/listing/193/7078/51690649-1969-ford-ranchero-gt-thumb.jpg', 'https://photos.classiccars.com/cc-temp/listing/193/7078/51690619-1969-ford-ranchero-gt-thumb.jpg', 'https://photos.classiccars.com/cc-temp/listing/193/7078/51690640-1969-ford-ranchero-gt-thumb.jpg', 'https://photos.classiccars.com/cc-temp/listing/193/7078/51690639-1969-ford-ranchero-gt-thumb.jpg', 'https://photos.classiccars.com/cc-temp/listing/193/7078/51690634-1969-ford-ranchero-gt-thumb.jpg', 'https://photos.classiccars.com/cc-temp/listing/193/7078/51690601-1969-ford-ranchero-gt-thumb.jpg', 'https://photos.classiccars.com/cc-temp/listing/193/7078/51690602-1969-ford-ranchero-gt-thumb.jpg', 'https://photos.classiccars.com/cc-temp/listing/193/7078/51690616-1969-ford-ranchero-gt-thumb.jpg', 'https://photos.classiccars.com/cc-temp/listing/193/7078/51690618-1969-ford-ranchero-gt-thumb.jpg', 'https://photos.classiccars.com/cc-temp/listing/193/7078/51690620-1969-ford-ranchero-gt-thumb.jpg', 'https://photos.classiccars.com/cc-temp/listing/193/7078/51690621-1969-ford-ranchero-gt-thumb.jpg', 'https://photos.classiccars.com/cc-temp/listing/193/7078/51690622-1969-ford-ranchero-gt-thumb.jpg', 'https://photos.classiccars.com/cc-temp/listing/193/7078/51690624-1969-ford-ranchero-gt-thumb.jpg', 'https://photos.classiccars.com/cc-temp/listing/193/7078/51690625-1969-ford-ranchero-gt-thumb.jpg', 'https://photos.classiccars.com/cc-temp/listing/193/7078/51690630-1969-ford-ranchero-gt-thumb.jpg', 'https://photos.classiccars.com/cc-temp/listing/193/7078/51690626-1969-ford-ranchero-gt-thumb.jpg', 'https://photos.classiccars.com/cc-temp/listing/193/7078/51690631-1969-ford-ranchero-gt-thumb.jpg', 'https://photos.classiccars.com/cc-temp/listing/193/7078/51690633-1969-ford-ranchero-gt-thumb.jpg', 'https://photos.classiccars.com/cc-temp/listing/193/7078/51690636-1969-ford-ranchero-gt-thumb.jpg', 'https://photos.classiccars.com/cc-temp/listing/193/7078/51690638-1969-ford-ranchero-gt-thumb.jpg', 'https://photos.classiccars.com/cc-temp/listing/193/7078/51690641-1969-ford-ranchero-gt-thumb.jpg', 'https://photos.classiccars.com/cc-temp/listing/193/7078/51690635-1969-ford-ranchero-gt-thumb.jpg', 'https://photos.classiccars.com/cc-temp/listing/193/7078/51690642-1969-ford-ranchero-gt-thumb.jpg', 'https://photos.classiccars.com/cc-temp/listing/193/7078/51690612-1969-ford-ranchero-gt-thumb.jpg', 'https://photos.classiccars.com/cc-temp/listing/193/7078/51690651-1969-ford-ranchero-gt-thumb.jpg', 'https://photos.classiccars.com/cc-temp/listing/193/7078/51690658-1969-ford-ranchero-gt-thumb.jpg', 'https://photos.classiccars.com/cc-temp/listing/193/7078/51690659-1969-ford-ranchero-gt-thumb.jpg', 'https://photos.classiccars.com/cc-temp/listing/193/7078/51690664-1969-ford-ranchero-gt-thumb.jpg', 'https://photos.classiccars.com/cc-temp/listing/193/7078/51690628-1969-ford-ranchero-gt-thumb.jpg', 'https://photos.classiccars.com/cc-temp/listing/193/7078/51690627-1969-ford-ranchero-gt-thumb.jpg', 'https://photos.classiccars.com/cc-temp/listing/193/7078/51690629-1969-ford-ranchero-gt-thumb.jpg', 'https://photos.classiccars.com/cc-temp/listing/193/7078/51690657-1969-ford-ranchero-gt-thumb.jpg', 'https://photos.classiccars.com/cc-temp/listing/193/7078/51690646-1969-ford-ranchero-gt-thumb.jpg', 'https://photos.classiccars.com/cc-temp/listing/193/7078/51690661-1969-ford-ranchero-gt-thumb.jpg', 'https://photos.classiccars.com/cc-temp/listing/193/7078/51690643-1969-ford-ranchero-gt-thumb.jpg', 'https://photos.classiccars.com/cc-temp/listing/193/7078/51690662-1969-ford-ranchero-gt-thumb.jpg', 'https://photos.classiccars.com/cc-temp/listing/193/7078/51690644-1969-ford-ranchero-gt-thumb.jpg', 'https://photos.classiccars.com/cc-temp/listing/193/7078/51690613-1969-ford-ranchero-gt-thumb.jpg', 'https://photos.classiccars.com/cc-temp/listing/193/7078/51690594-1969-ford-ranchero-gt-thumb.jpg', 'https://photos.classiccars.com/cc-temp/listing/193/7078/51690611-1969-ford-ranchero-gt-thumb.jpg', 'https://photos.classiccars.com/cc-temp/listing/193/7078/51690607-1969-ford-ranchero-gt-thumb.jpg', 'https://photos.classiccars.com/cc-temp/listing/193/7078/51690598-1969-ford-ranchero-gt-thumb.jpg', 'https://photos.classiccars.com/cc-temp/listing/193/7078/51690614-1969-ford-ranchero-gt-thumb.jpg', 'https://photos.classiccars.com/cc-temp/listing/193/7078/51690596-1969-ford-ranchero-gt-thumb.jpg', 'https://photos.classiccars.com/cc-temp/listing/193/7078/51690615-1969-ford-ranchero-gt-thumb.jpg', 'https://photos.classiccars.com/cc-temp/listing/193/7078/51690597-1969-ford-ranchero-gt-thumb.jpg', 'https://photos.classiccars.com/cc-temp/listing/193/7078/51690603-1969-ford-ranchero-gt-thumb.jpg', 'https://photos.classiccars.com/cc-temp/listing/193/7078/51690604-1969-ford-ranchero-gt-thumb.jpg', 'https://photos.classiccars.com/cc-temp/listing/193/7078/51690605-1969-ford-ranchero-gt-thumb.jpg', 'https://photos.classiccars.com/cc-temp/listing/193/7078/51690606-1969-ford-ranchero-gt-thumb.jpg', 'https://photos.classiccars.com/cc-temp/listing/193/7078/51690609-1969-ford-ranchero-gt-thumb.jpg', 'https://photos.classiccars.com/cc-temp/listing/193/7078/51690610-1969-ford-ranchero-gt-thumb.jpg', 'https://photos.classiccars.com/cc-temp/listing/193/7078/51690608-1969-ford-ranchero-gt-thumb.jpg', 'https://photos.classiccars.com/cc-temp/listing/193/7078/51690599-1969-ford-ranchero-gt-thumb.jpg', 'https://photos.classiccars.com/cc-temp/listing/193/7078/51690600-1969-ford-ranchero-gt-thumb.jpg', 'https://photos.classiccars.com/cc-temp/listing/193/7078/51690663-1969-ford-ranchero-gt-thumb.jpg', 'https://photos.classiccars.com/cc-temp/listing/193/7078/51690647-1969-ford-ranchero-gt-thumb.jpg', 'https://photos.classiccars.com/cc-temp/listing/193/7078/52545800-1969-ford-ranchero-thumb.jpg', 'https://photos.classiccars.com/cc-temp/listing/193/7078/52545799-1969-ford-ranchero-thumb.jpg', 'https://photos.classiccars.com/cc-temp/listing/193/7078/52545801-1969-ford-ranchero-thumb.jpg', 'https://photos.classiccars.com/cc-temp/listing/193/7078/52545802-1969-ford-ranchero-thumb.jpg', 'https://photos.classiccars.com/cc-temp/listing/193/7078/52545803-1969-ford-ranchero-thumb.jpg', 'https://photos.classiccars.com/cc-temp/listing/193/7078/52545804-1969-ford-ranchero-thumb.jpg']"
1980 Pontiac Firebird Trans Am,"$44,900",WHITE / GRAY,Automatic,,Firebird Trans Am,Pontiac,Original - Running,1980,"['https://photos.classiccars.com/cc-temp/listing/193/5185/51588310-1980-pontiac-firebird-trans-am-thumb.jpg', 'https://photos.classiccars.com/cc-temp/listing/193/5185/51588311-1980-pontiac-firebird-trans-am-thumb.jpg', 'https://photos.classiccars.com/cc-temp/listing/193/5185/51588336-1980-pontiac-firebird-trans-am-thumb.jpg', 'https://photos.classiccars.com/cc-temp/listing/193/5185/51588312-1980-pontiac-firebird-trans-am-thumb.jpg', 'https://photos.classiccars.com/cc-temp/listing/193/5185/51602069-1980-pontiac-firebird-trans-am-thumb.jpg', 'https://photos.classiccars.com/cc-temp/listing/193/5185/51602071-1980-pontiac-firebird-trans-am-thumb.jpg', 'https://photos.classiccars.com/cc-temp/listing/193/5185/51602072-1980-pontiac-firebird-trans-am-thumb.jpg', 'https://photos.classiccars.com/cc-temp/listing/193/5185/51602073-1980-pontiac-firebird-trans-am-thumb.jpg', 'https://photos.classiccars.com/cc-temp/listing/193/5185/51602074-1980-pontiac-firebird-trans-am-thumb.jpg', 'https://photos.classiccars.com/cc-temp/listing/193/5185/51602091-1980-pontiac-firebird-trans-am-thumb.jpg', 'https://photos.classiccars.com/cc-temp/listing/193/5185/51602096-1980-pontiac-firebird-trans-am-thumb.jpg', 'https://photos.classiccars.com/cc-temp/listing/193/5185/51602100-1980-pontiac-firebird-trans-am-thumb.jpg', 'https://photos.classiccars.com/cc-temp/listing/193/5185/51588337-1980-pontiac-firebird-trans-am-thumb.jpg', 'https://photos.classiccars.com/cc-temp/listing/193/5185/51602101-1980-pontiac-firebird-trans-am-thumb.jpg', 'https://photos.classiccars.com/cc-temp/listing/193/5185/51602102-1980-pontiac-firebird-trans-am-thumb.jpg', 'https://photos.classiccars.com/cc-temp/listing/193/5185/51602103-1980-pontiac-firebird-trans-am-thumb.jpg', 'https://photos.classiccars.com/cc-temp/listing/193/5185/51602107-1980-pontiac-firebird-trans-am-thumb.jpg', 'https://photos.classiccars.com/cc-temp/listing/193/5185/51602109-1980-pontiac-firebird-trans-am-thumb.jpg', 'https://photos.classiccars.com/cc-temp/listing/193/5185/51602111-1980-pontiac-firebird-trans-am-thumb.jpg', 'https://photos.classiccars.com/cc-temp/listing/193/5185/51602112-1980-pontiac-firebird-trans-am-thumb.jpg', 'https://photos.classiccars.com/cc-temp/listing/193/5185/51602133-1980-pontiac-firebird-trans-am-thumb.jpg', 'https://photos.classiccars.com/cc-temp/listing/193/5185/51602147-1980-pontiac-firebird-trans-am-thumb.jpg', 'https://photos.classiccars.com/cc-temp/listing/193/5185/51602202-1980-pontiac-firebird-trans-am-thumb.jpg', 'https://photos.classiccars.com/cc-temp/listing/193/5185/51602209-1980-pontiac-firebird-trans-am-thumb.jpg', 'https://photos.classiccars.com/cc-temp/listing/193/5185/51602219-1980-pontiac-firebird-trans-am-thumb.jpg', 'https://photos.classiccars.com/cc-temp/listing/193/5185/51602230-1980-pontiac-firebird-trans-am-thumb.jpg', 'https://photos.classiccars.com/cc-temp/listing/193/5185/51602232-1980-pontiac-firebird-trans-am-thumb.jpg', 'https://photos.classiccars.com/cc-temp/listing/193/5185/51602236-1980-pontiac-firebird-trans-am-thumb.jpg', 'https://photos.classiccars.com/cc-temp/listing/193/5185/51602238-1980-pontiac-firebird-trans-am-thumb.jpg', 'https://photos.classiccars.com/cc-temp/listing/193/5185/51602240-1980-pontiac-firebird-trans-am-thumb.jpg', 'https://photos.classiccars.com/cc-temp/listing/193/5185/51602243-1980-pontiac-firebird-trans-am-thumb.jpg', 'https://photos.classiccars.com/cc-temp/listing/193/5185/51602244-1980-pontiac-firebird-trans-am-thumb.jpg', 'https://photos.classiccars.com/cc-temp/listing/193/5185/51602247-1980-pontiac-firebird-trans-am-thumb.jpg', 'https://photos.classiccars.com/cc-temp/listing/193/5185/51602248-1980-pontiac-firebird-trans-am-thumb.jpg', 'https://photos.classiccars.com/cc-temp/listing/193/5185/51602249-1980-pontiac-firebird-trans-am-thumb.jpg', 'https://photos.classiccars.com/cc-temp/listing/193/5185/51602250-1980-pontiac-firebird-trans-am-thumb.jpg', 'https://photos.classiccars.com/cc-temp/listing/193/5185/51602251-1980-pontiac-firebird-trans-am-thumb.jpg', 'https://photos.classiccars.com/cc-temp/listing/193/5185/51602252-1980-pontiac-firebird-trans-am-thumb.jpg', 'https://photos.classiccars.com/cc-temp/listing/193/5185/51602253-1980-pontiac-firebird-trans-am-thumb.jpg', 'https://photos.classiccars.com/cc-temp/listing/193/5185/51602255-1980-pontiac-firebird-trans-am-thumb.jpg', 'https://photos.classiccars.com/cc-temp/listing/193/5185/51602257-1980-pontiac-firebird-trans-am-thumb.jpg', 'https://photos.classiccars.com/cc-temp/listing/193/5185/51602263-1980-pontiac-firebird-trans-am-thumb.jpg', 'https://photos.classiccars.com/cc-temp/listing/193/5185/51602262-1980-pontiac-firebird-trans-am-thumb.jpg', 'https://photos.classiccars.com/cc-temp/listing/193/5185/51602259-1980-pontiac-firebird-trans-am-thumb.jpg', 'https://photos.classiccars.com/cc-temp/listing/193/5185/51602264-1980-pontiac-firebird-trans-am-thumb.jpg', 'https://photos.classiccars.com/cc-temp/listing/193/5185/51602265-1980-pontiac-firebird-trans-am-thumb.jpg', 'https://photos.classiccars.com/cc-temp/listing/193/5185/51602258-1980-pontiac-firebird-trans-am-thumb.jpg', 'https://photos.classiccars.com/cc-temp/listing/193/5185/52186890-1980-pontiac-firebird-trans-am-thumb.jpg', 'https://photos.classiccars.com/cc-temp/listing/193/5185/51602261-1980-pontiac-firebird-trans-am-thumb.jpg', 'https://photos.classiccars.com/cc-temp/listing/193/5185/51602110-1980-pontiac-firebird-trans-am-thumb.jpg']"
1989 Mercury Grand Marquis,"$20,000 (OBO)",Maroon,Automatic,,Grand Marquis,Mercury, - ,1989,"['https://photos.classiccars.com/cc-temp/listing/189/9193/49460211-1989-mercury-grand-marquis-thumb.jpg', 'https://photos.classiccars.com/cc-temp/listing/189/9193/49460243-1989-mercury-grand-marquis-thumb.jpg', 'https://photos.classiccars.com/cc-temp/listing/189/9193/49460213-1989-mercury-grand-marquis-thumb.jpg', 'https://photos.classiccars.com/cc-temp/listing/189/9193/49460261-1989-mercury-grand-marquis-thumb.jpg', 'https://photos.classiccars.com/cc-temp/listing/189/9193/49460212-1989-mercury-grand-marquis-thumb.jpg', 'https://photos.classiccars.com/cc-temp/listing/189/9193/49460244-1989-mercury-grand-marquis-thumb.jpg', 'https://photos.classiccars.com/cc-temp/listing/189/9193/49460216-1989-mercury-grand-marquis-thumb.jpg', 'https://photos.classiccars.com/cc-temp/listing/189/9193/49460248-1989-mercury-grand-marquis-thumb.jpg', 'https://photos.classiccars.com/cc-temp/listing/189/9193/49460254-1989-mercury-grand-marquis-thumb.jpg', 'https://photos.classiccars.com/cc-temp/listing/189/9193/49460262-1989-mercury-grand-marquis-thumb.jpg', 'https://photos.classiccars.com/cc-temp/listing/189/9193/49467642-1989-mercury-grand-marquis-thumb.jpg', 'https://photos.classiccars.com/cc-temp/listing/189/9193/49467738-1989-mercury-grand-marquis-thumb.jpg', 'https://photos.classiccars.com/cc-temp/listing/189/9193/49467678-1989-mercury-grand-marquis-thumb.jpg', 'https://photos.classiccars.com/cc-temp/listing/189/9193/49467686-1989-mercury-grand-marquis-thumb.jpg', 'https://photos.classiccars.com/cc-temp/listing/189/9193/49467701-1989-mercury-grand-marquis-thumb.jpg', 'https://photos.classiccars.com/cc-temp/listing/189/9193/49467730-1989-mercury-grand-marquis-thumb.jpg', 'https://photos.classiccars.com/cc-temp/listing/189/9193/49467742-1989-mercury-grand-marquis-thumb.jpg', 'https://photos.classiccars.com/cc-temp/listing/189/9193/49467748-1989-mercury-grand-marquis-thumb.jpg', 'https://photos.classiccars.com/cc-temp/listing/189/9193/49467751-1989-mercury-grand-marquis-thumb.jpg', 'https://photos.classiccars.com/cc-temp/listing/189/9193/49467749-1989-mercury-grand-marquis-thumb.jpg', 'https://photos.classiccars.com/cc-temp/listing/189/9193/49467760-1989-mercury-grand-marquis-thumb.jpg', 'https://photos.classiccars.com/cc-temp/listing/189/9193/49467787-1989-mercury-grand-marquis-thumb.jpg', 'https://photos.classiccars.com/cc-temp/listing/189/9193/49460162-1989-mercury-grand-marquis-thumb.jpg', 'https://photos.classiccars.com/cc-temp/listing/189/9193/49467799-1989-mercury-grand-marquis-thumb.jpg', 'https://photos.classiccars.com/cc-temp/listing/189/9193/49467800-1989-mercury-grand-marquis-thumb.jpg', 'https://photos.classiccars.com/cc-temp/listing/189/9193/49467803-1989-mercury-grand-marquis-thumb.jpg', 'https://photos.classiccars.com/cc-temp/listing/189/9193/49467813-1989-mercury-grand-marquis-thumb.jpg', 'https://photos.classiccars.com/cc-temp/listing/189/9193/49467814-1989-mercury-grand-marquis-thumb.jpg', 'https://photos.classiccars.com/cc-temp/listing/189/9193/49467816-1989-mercury-grand-marquis-thumb.jpg', 'https://photos.classiccars.com/cc-temp/listing/189/9193/49467817-1989-mercury-grand-marquis-thumb.jpg', 'https://photos.classiccars.com/cc-temp/listing/189/9193/49467818-1989-mercury-grand-marquis-thumb.jpg', 'https://photos.classiccars.com/cc-temp/listing/189/9193/49467822-1989-mercury-grand-marquis-thumb.jpg', 'https://photos.classiccars.com/cc-temp/listing/189/9193/49467727-1989-mercury-grand-marquis-thumb.jpg', 'https://photos.classiccars.com/cc-temp/listing/189/9193/49467827-1989-mercury-grand-marquis-thumb.jpg', 'https://photos.classiccars.com/cc-temp/listing/189/9193/49467829-1989-mercury-grand-marquis-thumb.jpg', 'https://photos.classiccars.com/cc-temp/listing/189/9193/49467830-1989-mercury-grand-marquis-thumb.jpg', 'https://photos.classiccars.com/cc-temp/listing/189/9193/49467831-1989-mercury-grand-marquis-thumb.jpg', 'https://photos.classiccars.com/cc-temp/listing/189/9193/49467833-1989-mercury-grand-marquis-thumb.jpg', 'https://photos.classiccars.com/cc-temp/listing/189/9193/49467834-1989-mercury-grand-marquis-thumb.jpg', 'https://photos.classiccars.com/cc-temp/listing/189/9193/49467835-1989-mercury-grand-marquis-thumb.jpg', 'https://photos.classiccars.com/cc-temp/listing/189/9193/49396364-1989-mercury-grand-marquis-thumb.jpg', 'https://photos.classiccars.com/cc-temp/listing/189/9193/49467644-1989-mercury-grand-marquis-thumb.jpg', 'https://photos.classiccars.com/cc-temp/listing/189/9193/49467836-1989-mercury-grand-marquis-thumb.jpg', 'https://photos.classiccars.com/cc-temp/listing/189/9193/49467839-1989-mercury-grand-marquis-thumb.jpg', 'https://photos.classiccars.com/cc-temp/listing/189/9193/50371070-1989-mercury-grand-marquis-thumb.jpg']"
1965 Pontiac GTO,"$72,500 (OBO)",Blue charcoal,Manual,,GTO,Pontiac, - ,1965,"['https://photos.classiccars.com/cc-temp/listing/188/2785/48457482-1965-pontiac-gto-thumb.jpg', 'https://photos.classiccars.com/cc-temp/listing/188/2785/48457483-1965-pontiac-gto-thumb.jpg', 'https://photos.classiccars.com/cc-temp/listing/188/2785/48457484-1965-pontiac-gto-thumb.jpg', 'https://photos.classiccars.com/cc-temp/listing/188/2785/48457485-1965-pontiac-gto-thumb.jpg', 'https://photos.classiccars.com/cc-temp/listing/188/2785/48468391-1965-pontiac-gto-thumb.jpg', 'https://photos.classiccars.com/cc-temp/listing/188/2785/48468392-1965-pontiac-gto-thumb.jpg', 'https://photos.classiccars.com/cc-temp/listing/188/2785/49156407-1965-pontiac-gto-thumb.jpg', 'https://photos.classiccars.com/cc-temp/listing/188/2785/49156408-1965-pontiac-gto-thumb.jpg', 'https://photos.classiccars.com/cc-temp/listing/188/2785/49156409-1965-pontiac-gto-thumb.jpg', 'https://photos.classiccars.com/cc-temp/listing/188/2785/49156410-1965-pontiac-gto-thumb.jpg', 'https://photos.classiccars.com/cc-temp/listing/188/2785/49156411-1965-pontiac-gto-thumb.jpg', 'https://photos.classiccars.com/cc-temp/listing/188/2785/49156412-1965-pontiac-gto-thumb.jpg', 'https://photos.classiccars.com/cc-temp/listing/188/2785/49156413-1965-pontiac-gto-thumb.jpg', 'https://photos.classiccars.com/cc-temp/listing/188/2785/49156414-1965-pontiac-gto-thumb.jpg', 'https://photos.classiccars.com/cc-temp/listing/188/2785/49156415-1965-pontiac-gto-thumb.jpg', 'https://photos.classiccars.com/cc-temp/listing/188/2785/49156416-1965-pontiac-gto-thumb.jpg', 'https://photos.classiccars.com/cc-temp/listing/188/2785/49156417-1965-pontiac-gto-thumb.jpg', 'https://photos.classiccars.com/cc-temp/listing/188/2785/49156418-1965-pontiac-gto-thumb.jpg', 'https://photos.classiccars.com/cc-temp/listing/188/2785/49156436-1965-pontiac-gto-thumb.jpg', 'https://photos.classiccars.com/cc-temp/listing/188/2785/49156437-1965-pontiac-gto-thumb.jpg', 'https://photos.classiccars.com/cc-temp/listing/188/2785/49156438-1965-pontiac-gto-thumb.jpg', 'https://photos.classiccars.com/cc-temp/listing/188/2785/49156439-1965-pontiac-gto-thumb.jpg', 'https://photos.classiccars.com/cc-temp/listing/188/2785/49156440-1965-pontiac-gto-thumb.jpg', 'https://photos.classiccars.com/cc-temp/listing/188/2785/49156441-1965-pontiac-gto-thumb.jpg', 'https://photos.classiccars.com/cc-temp/listing/188/2785/49156442-1965-pontiac-gto-thumb.jpg', 'https://photos.classiccars.com/cc-temp/listing/188/2785/49156443-1965-pontiac-gto-thumb.jpg', 'https://photos.classiccars.com/cc-temp/listing/188/2785/49156444-1965-pontiac-gto-thumb.jpg', 'https://photos.classiccars.com/cc-temp/listing/188/2785/49156445-1965-pontiac-gto-thumb.jpg', 'https://photos.classiccars.com/cc-temp/listing/188/2785/49156446-1965-pontiac-gto-thumb.jpg', 'https://photos.classiccars.com/cc-temp/listing/188/2785/49156447-1965-pontiac-gto-thumb.jpg', 'https://photos.classiccars.com/cc-temp/listing/188/2785/49156448-1965-pontiac-gto-thumb.jpg', 'https://photos.classiccars.com/cc-temp/listing/188/2785/49156449-1965-pontiac-gto-thumb.jpg', 'https://photos.classiccars.com/cc-temp/listing/188/2785/49156450-1965-pontiac-gto-thumb.jpg', 'https://photos.classiccars.com/cc-temp/listing/188/2785/49156451-1965-pontiac-gto-thumb.jpg', 'https://photos.classiccars.com/cc-temp/listing/188/2785/49156452-1965-pontiac-gto-thumb.jpg', 'https://photos.classiccars.com/cc-temp/listing/188/2785/49156453-1965-pontiac-gto-thumb.jpg', 'https://photos.classiccars.com/cc-temp/listing/188/2785/49156460-1965-pontiac-gto-thumb.jpg', 'https://photos.classiccars.com/cc-temp/listing/188/2785/49156461-1965-pontiac-gto-thumb.jpg', 'https://photos.classiccars.com/cc-temp/listing/188/2785/49156463-1965-pontiac-gto-thumb.jpg', 'https://photos.classiccars.com/cc-temp/listing/188/2785/49156465-1965-pontiac-gto-thumb.jpg', 'https://photos.classiccars.com/cc-temp/listing/188/2785/49156466-1965-pontiac-gto-thumb.jpg', 'https://photos.classiccars.com/cc-temp/listing/188/2785/49156467-1965-pontiac-gto-thumb.jpg', 'https://photos.classiccars.com/cc-temp/listing/188/2785/49156468-1965-pontiac-gto-thumb.jpg', 'https://photos.classiccars.com/cc-temp/listing/188/2785/49156469-1965-pontiac-gto-thumb.jpg', 'https://photos.classiccars.com/cc-temp/listing/188/2785/49156470-1965-pontiac-gto-thumb.jpg', 'https://photos.classiccars.com/cc-temp/listing/188/2785/49156471-1965-pontiac-gto-thumb.jpg', 'https://photos.classiccars.com/cc-temp/listing/188/2785/49156472-1965-pontiac-gto-thumb.jpg']"
1974 Chevrolet Blazer,"$145,000 (OBO)",Blue,Automatic,Fully Restored,Blazer,Chevrolet,Rebuilt - Running,1974,"['https://photos.classiccars.com/cc-temp/listing/193/1572/51357659-1974-chevrolet-k5-blazer-thumb.jpg', 'https://photos.classiccars.com/cc-temp/listing/193/1572/51357660-1974-chevrolet-k5-blazer-thumb.jpg', 'https://photos.classiccars.com/cc-temp/listing/193/1572/51357661-1974-chevrolet-k5-blazer-thumb.jpg', 'https://photos.classiccars.com/cc-temp/listing/193/1572/51357662-1974-chevrolet-k5-blazer-thumb.jpg', 'https://photos.classiccars.com/cc-temp/listing/193/1572/51602268-1974-chevrolet-blazer-thumb.jpg', 'https://photos.classiccars.com/cc-temp/listing/193/1572/51602269-1974-chevrolet-blazer-thumb.jpg']"
1951 Chevrolet Deluxe,"$20,000 (OBO)",Gold,Automatic,,Deluxe,Chevrolet,Rebuilt - Running,1951,"['https://photos.classiccars.com/cc-temp/listing/190/7046/49840515-1951-chevrolet-2-dr-hardtop-thumb.jpg', 'https://photos.classiccars.com/cc-temp/listing/190/7046/49840517-1951-chevrolet-2-dr-hardtop-thumb.jpg', 'https://photos.classiccars.com/cc-temp/listing/190/7046/49840518-1951-chevrolet-2-dr-hardtop-thumb.jpg', 'https://photos.classiccars.com/cc-temp/listing/190/7046/49840519-1951-chevrolet-2-dr-hardtop-thumb.jpg']"
1985 BMW 635Csi,"$27,500 (OBO)",Red,Manual,,635csi,BMW, - ,1985,"['https://photos.classiccars.com/cc-temp/listing/193/6590/51662017-1985-bmw-635csi-thumb.jpg', 'https://photos.classiccars.com/cc-temp/listing/193/6590/51662018-1985-bmw-635csi-thumb.jpg', 'https://photos.classiccars.com/cc-temp/listing/193/6590/51662019-1985-bmw-635csi-thumb.jpg', 'https://photos.classiccars.com/cc-temp/listing/193/6590/51662020-1985-bmw-635csi-thumb.jpg', 'https://photos.classiccars.com/cc-temp/listing/193/6590/51662021-1985-bmw-635csi-thumb.jpg', 'https://photos.classiccars.com/cc-temp/listing/193/6590/51662022-1985-bmw-635csi-thumb.jpg', 'https://photos.classiccars.com/cc-temp/listing/193/6590/51662023-1985-bmw-635csi-thumb.jpg', 'https://photos.classiccars.com/cc-temp/listing/193/6590/51662024-1985-bmw-635csi-thumb.jpg', 'https://photos.classiccars.com/cc-temp/listing/193/6590/51662025-1985-bmw-635csi-thumb.jpg', 'https://photos.classiccars.com/cc-temp/listing/193/6590/51662026-1985-bmw-635csi-thumb.jpg', 'https://photos.classiccars.com/cc-temp/listing/193/6590/51662027-1985-bmw-635csi-thumb.jpg', 'https://photos.classiccars.com/cc-temp/listing/193/6590/51662028-1985-bmw-635csi-thumb.jpg', 'https://photos.classiccars.com/cc-temp/listing/193/6590/51662029-1985-bmw-635csi-thumb.jpg', 'https://photos.classiccars.com/cc-temp/listing/193/6590/51662030-1985-bmw-635csi-thumb.jpg', 'https://photos.classiccars.com/cc-temp/listing/193/6590/51662031-1985-bmw-635csi-thumb.jpg', 'https://photos.classiccars.com/cc-temp/listing/193/6590/51662032-1985-bmw-635csi-thumb.jpg', 'https://photos.classiccars.com/cc-temp/listing/193/6590/51662033-1985-bmw-635csi-thumb.jpg', 'https://photos.classiccars.com/cc-temp/listing/193/6590/51662034-1985-bmw-635csi-thumb.jpg', 'https://photos.classiccars.com/cc-temp/listing/193/6590/51662035-1985-bmw-635csi-thumb.jpg', 'https://photos.classiccars.com/cc-temp/listing/193/6590/51662036-1985-bmw-635csi-thumb.jpg', 'https://photos.classiccars.com/cc-temp/listing/193/6590/51662037-1985-bmw-635csi-thumb.jpg', 'https://photos.classiccars.com/cc-temp/listing/193/6590/51662038-1985-bmw-635csi-thumb.jpg', 'https://photos.classiccars.com/cc-temp/listing/193/6590/51662039-1985-bmw-635csi-thumb.jpg', 'https://photos.classiccars.com/cc-temp/listing/193/6590/51662040-1985-bmw-635csi-thumb.jpg', 'https://photos.classiccars.com/cc-temp/listing/193/6590/51662041-1985-bmw-635csi-thumb.jpg', 'https://photos.classiccars.com/cc-temp/listing/193/6590/51662042-1985-bmw-635csi-thumb.jpg', 'https://photos.classiccars.com/cc-temp/listing/193/6590/51662043-1985-bmw-635csi-thumb.jpg', 'https://photos.classiccars.com/cc-temp/listing/193/6590/51662044-1985-bmw-635csi-thumb.jpg', 'https://photos.classiccars.com/cc-temp/listing/193/6590/51662045-1985-bmw-635csi-thumb.jpg', 'https://photos.classiccars.com/cc-temp/listing/193/6590/51662046-1985-bmw-635csi-thumb.jpg', 'https://photos.classiccars.com/cc-temp/listing/193/6590/51662047-1985-bmw-635csi-thumb.jpg', 'https://photos.classiccars.com/cc-temp/listing/193/6590/51662048-1985-bmw-635csi-thumb.jpg', 'https://photos.classiccars.com/cc-temp/listing/193/6590/51662049-1985-bmw-635csi-thumb.jpg', 'https://photos.classiccars.com/cc-temp/listing/193/6590/51662050-1985-bmw-635csi-thumb.jpg', 'https://photos.classiccars.com/cc-temp/listing/193/6590/51662051-1985-bmw-635csi-thumb.jpg', 'https://photos.classiccars.com/cc-temp/listing/193/6590/51662052-1985-bmw-635csi-thumb.jpg', 'https://photos.classiccars.com/cc-temp/listing/193/6590/51662053-1985-bmw-635csi-thumb.jpg', 'https://photos.classiccars.com/cc-temp/listing/193/6590/51662054-1985-bmw-635csi-thumb.jpg', 'https://photos.classiccars.com/cc-temp/listing/193/6590/51662055-1985-bmw-635csi-thumb.jpg', 'https://photos.classiccars.com/cc-temp/listing/193/6590/51662056-1985-bmw-635csi-thumb.jpg', 'https://photos.classiccars.com/cc-temp/listing/193/6590/51662057-1985-bmw-635csi-thumb.jpg', 'https://photos.classiccars.com/cc-temp/listing/193/6590/51662058-1985-bmw-635csi-thumb.jpg', 'https://photos.classiccars.com/cc-temp/listing/193/6590/51662059-1985-bmw-635csi-thumb.jpg', 'https://photos.classiccars.com/cc-temp/listing/193/6590/51662060-1985-bmw-635csi-thumb.jpg']"
1975 Ford Bronco,"$59,000 (OBO)",Burnt orange,Automatic,,Bronco,Ford,Replaced - Running,1975,"['https://photos.classiccars.com/cc-temp/listing/193/7318/51703767-1975-ford-bronco-thumb.jpg', 'https://photos.classiccars.com/cc-temp/listing/193/7318/51703766-1975-ford-bronco-thumb.jpg', 'https://photos.classiccars.com/cc-temp/listing/193/7318/51703764-1975-ford-bronco-thumb.jpg', 'https://photos.classiccars.com/cc-temp/listing/193/7318/51703765-1975-ford-bronco-thumb.jpg', 'https://photos.classiccars.com/cc-temp/listing/193/7318/51704662-1975-ford-bronco-thumb.jpg', 'https://photos.classiccars.com/cc-temp/listing/193/7318/51704665-1975-ford-bronco-thumb.jpg', 'https://photos.classiccars.com/cc-temp/listing/193/7318/51704667-1975-ford-bronco-thumb.jpg', 'https://photos.classiccars.com/cc-temp/listing/193/7318/51704669-1975-ford-bronco-thumb.jpg', 'https://photos.classiccars.com/cc-temp/listing/193/7318/51704671-1975-ford-bronco-thumb.jpg', 'https://photos.classiccars.com/cc-temp/listing/193/7318/51704672-1975-ford-bronco-thumb.jpg', 'https://photos.classiccars.com/cc-temp/listing/193/7318/51704673-1975-ford-bronco-thumb.jpg', 'https://photos.classiccars.com/cc-temp/listing/193/7318/51704674-1975-ford-bronco-thumb.jpg', 'https://photos.classiccars.com/cc-temp/listing/193/7318/51704675-1975-ford-bronco-thumb.jpg', 'https://photos.classiccars.com/cc-temp/listing/193/7318/51704677-1975-ford-bronco-thumb.jpg', 'https://photos.classiccars.com/cc-temp/listing/193/7318/51704678-1975-ford-bronco-thumb.jpg', 'https://photos.classiccars.com/cc-temp/listing/193/7318/51704679-1975-ford-bronco-thumb.jpg']"
1975 Chevrolet Blazer,"$44,000",Red/white 2-tone,Automatic,,Blazer,Chevrolet, - Running,1975,"['https://photos.classiccars.com/cc-temp/listing/193/3362/51478420-1975-chevrolet-blazer-thumb.jpg', 'https://photos.classiccars.com/cc-temp/listing/193/3362/51478419-1975-chevrolet-blazer-thumb.jpg', 'https://photos.classiccars.com/cc-temp/listing/193/3362/51478438-1975-chevrolet-blazer-thumb.jpg', 'https://photos.classiccars.com/cc-temp/listing/193/3362/51478439-1975-chevrolet-blazer-thumb.jpg', 'https://photos.classiccars.com/cc-temp/listing/193/3362/51478397-1975-chevrolet-blazer-thumb.jpg', 'https://photos.classiccars.com/cc-temp/listing/193/3362/51478414-1975-chevrolet-blazer-thumb.jpg', 'https://photos.classiccars.com/cc-temp/listing/193/3362/51478434-1975-chevrolet-blazer-thumb.jpg', 'https://photos.classiccars.com/cc-temp/listing/193/3362/51478450-1975-chevrolet-blazer-thumb.jpg', 'https://photos.classiccars.com/cc-temp/listing/193/3362/51478470-1975-chevrolet-blazer-thumb.jpg', 'https://photos.classiccars.com/cc-temp/listing/193/3362/51478390-1975-chevrolet-blazer-thumb.jpg', 'https://photos.classiccars.com/cc-temp/listing/193/3362/51478406-1975-chevrolet-blazer-thumb.jpg', 'https://photos.classiccars.com/cc-temp/listing/193/3362/51478423-1975-chevrolet-blazer-thumb.jpg', 'https://photos.classiccars.com/cc-temp/listing/193/3362/51478451-1975-chevrolet-blazer-thumb.jpg', 'https://photos.classiccars.com/cc-temp/listing/193/3362/51478465-1975-chevrolet-blazer-thumb.jpg', 'https://photos.classiccars.com/cc-temp/listing/193/3362/51478381-1975-chevrolet-blazer-thumb.jpg', 'https://photos.classiccars.com/cc-temp/listing/193/3362/51478407-1975-chevrolet-blazer-thumb.jpg', 'https://photos.classiccars.com/cc-temp/listing/193/3362/51478424-1975-chevrolet-blazer-thumb.jpg', 'https://photos.classiccars.com/cc-temp/listing/193/3362/51478448-1975-chevrolet-blazer-thumb.jpg', 'https://photos.classiccars.com/cc-temp/listing/193/3362/51478469-1975-chevrolet-blazer-thumb.jpg', 'https://photos.classiccars.com/cc-temp/listing/193/3362/51478389-1975-chevrolet-blazer-thumb.jpg', 'https://photos.classiccars.com/cc-temp/listing/193/3362/51478416-1975-chevrolet-blazer-thumb.jpg', 'https://photos.classiccars.com/cc-temp/listing/193/3362/51478430-1975-chevrolet-blazer-thumb.jpg', 'https://photos.classiccars.com/cc-temp/listing/193/3362/51478444-1975-chevrolet-blazer-thumb.jpg', 'https://photos.classiccars.com/cc-temp/listing/193/3362/51478455-1975-chevrolet-blazer-thumb.jpg', 'https://photos.classiccars.com/cc-temp/listing/193/3362/51478396-1975-chevrolet-blazer-thumb.jpg', 'https://photos.classiccars.com/cc-temp/listing/193/3362/51478405-1975-chevrolet-blazer-thumb.jpg', 'https://photos.classiccars.com/cc-temp/listing/193/3362/51478425-1975-chevrolet-blazer-thumb.jpg', 'https://photos.classiccars.com/cc-temp/listing/193/3362/51478445-1975-chevrolet-blazer-thumb.jpg', 'https://photos.classiccars.com/cc-temp/listing/193/3362/51478463-1975-chevrolet-blazer-thumb.jpg', 'https://photos.classiccars.com/cc-temp/listing/193/3362/51478395-1975-chevrolet-blazer-thumb.jpg', 'https://photos.classiccars.com/cc-temp/listing/193/3362/51478403-1975-chevrolet-blazer-thumb.jpg', 'https://photos.classiccars.com/cc-temp/listing/193/3362/51478429-1975-chevrolet-blazer-thumb.jpg', 'https://photos.classiccars.com/cc-temp/listing/193/3362/51478461-1975-chevrolet-blazer-thumb.jpg', 'https://photos.classiccars.com/cc-temp/listing/193/3362/51478467-1975-chevrolet-blazer-thumb.jpg', 'https://photos.classiccars.com/cc-temp/listing/193/3362/51478385-1975-chevrolet-blazer-thumb.jpg', 'https://photos.classiccars.com/cc-temp/listing/193/3362/51478401-1975-chevrolet-blazer-thumb.jpg', 'https://photos.classiccars.com/cc-temp/listing/193/3362/51478426-1975-chevrolet-blazer-thumb.jpg', 'https://photos.classiccars.com/cc-temp/listing/193/3362/51478446-1975-chevrolet-blazer-thumb.jpg', 'https://photos.classiccars.com/cc-temp/listing/193/3362/51478460-1975-chevrolet-blazer-thumb.jpg', 'https://photos.classiccars.com/cc-temp/listing/193/3362/51478398-1975-chevrolet-blazer-thumb.jpg', 'https://photos.classiccars.com/cc-temp/listing/193/3362/51478415-1975-chevrolet-blazer-thumb.jpg', 'https://photos.classiccars.com/cc-temp/listing/193/3362/51478442-1975-chevrolet-blazer-thumb.jpg', 'https://photos.classiccars.com/cc-temp/listing/193/3362/51478459-1975-chevrolet-blazer-thumb.jpg', 'https://photos.classiccars.com/cc-temp/listing/193/3362/51478475-1975-chevrolet-blazer-thumb.jpg', 'https://photos.classiccars.com/cc-temp/listing/193/3362/51478388-1975-chevrolet-blazer-thumb.jpg', 'https://photos.classiccars.com/cc-temp/listing/193/3362/51478417-1975-chevrolet-blazer-thumb.jpg', 'https://photos.classiccars.com/cc-temp/listing/193/3362/51478436-1975-chevrolet-blazer-thumb.jpg', 'https://photos.classiccars.com/cc-temp/listing/193/3362/51478456-1975-chevrolet-blazer-thumb.jpg', 'https://photos.classiccars.com/cc-temp/listing/193/3362/51478476-1975-chevrolet-blazer-thumb.jpg', 'https://photos.classiccars.com/cc-temp/listing/193/3362/51478383-1975-chevrolet-blazer-thumb.jpg', 'https://photos.classiccars.com/cc-temp/listing/193/3362/51478421-1975-chevrolet-blazer-thumb.jpg', 'https://photos.classiccars.com/cc-temp/listing/193/3362/51478440-1975-chevrolet-blazer-thumb.jpg', 'https://photos.classiccars.com/cc-temp/listing/193/3362/51478454-1975-chevrolet-blazer-thumb.jpg', 'https://photos.classiccars.com/cc-temp/listing/193/3362/51478468-1975-chevrolet-blazer-thumb.jpg', 'https://photos.classiccars.com/cc-temp/listing/193/3362/51478392-1975-chevrolet-blazer-thumb.jpg', 'https://photos.classiccars.com/cc-temp/listing/193/3362/51478413-1975-chevrolet-blazer-thumb.jpg', 'https://photos.classiccars.com/cc-temp/listing/193/3362/51478433-1975-chevrolet-blazer-thumb.jpg', 'https://photos.classiccars.com/cc-temp/listing/193/3362/51478457-1975-chevrolet-blazer-thumb.jpg', 'https://photos.classiccars.com/cc-temp/listing/193/3362/51478477-1975-chevrolet-blazer-thumb.jpg', 'https://photos.classiccars.com/cc-temp/listing/193/3362/51478394-1975-chevrolet-blazer-thumb.jpg', 'https://photos.classiccars.com/cc-temp/listing/193/3362/51478410-1975-chevrolet-blazer-thumb.jpg', 'https://photos.classiccars.com/cc-temp/listing/193/3362/51478428-1975-chevrolet-blazer-thumb.jpg', 'https://photos.classiccars.com/cc-temp/listing/193/3362/51478453-1975-chevrolet-blazer-thumb.jpg', 'https://photos.classiccars.com/cc-temp/listing/193/3362/51478472-1975-chevrolet-blazer-thumb.jpg', 'https://photos.classiccars.com/cc-temp/listing/193/3362/51478393-1975-chevrolet-blazer-thumb.jpg', 'https://photos.classiccars.com/cc-temp/listing/193/3362/51478408-1975-chevrolet-blazer-thumb.jpg', 'https://photos.classiccars.com/cc-temp/listing/193/3362/51478431-1975-chevrolet-blazer-thumb.jpg', 'https://photos.classiccars.com/cc-temp/listing/193/3362/51478447-1975-chevrolet-blazer-thumb.jpg', 'https://photos.classiccars.com/cc-temp/listing/193/3362/51478464-1975-chevrolet-blazer-thumb.jpg', 'https://photos.classiccars.com/cc-temp/listing/193/3362/51478400-1975-chevrolet-blazer-thumb.jpg', 'https://photos.classiccars.com/cc-temp/listing/193/3362/51478404-1975-chevrolet-blazer-thumb.jpg', 'https://photos.classiccars.com/cc-temp/listing/193/3362/51478427-1975-chevrolet-blazer-thumb.jpg', 'https://photos.classiccars.com/cc-temp/listing/193/3362/51478449-1975-chevrolet-blazer-thumb.jpg', 'https://photos.classiccars.com/cc-temp/listing/193/3362/51478471-1975-chevrolet-blazer-thumb.jpg', 'https://photos.classiccars.com/cc-temp/listing/193/3362/51478382-1975-chevrolet-blazer-thumb.jpg', 'https://photos.classiccars.com/cc-temp/listing/193/3362/51478418-1975-chevrolet-blazer-thumb.jpg', 'https://photos.classiccars.com/cc-temp/listing/193/3362/51478437-1975-chevrolet-blazer-thumb.jpg', 'https://photos.classiccars.com/cc-temp/listing/193/3362/51478462-1975-chevrolet-blazer-thumb.jpg', 'https://photos.classiccars.com/cc-temp/listing/193/3362/51478474-1975-chevrolet-blazer-thumb.jpg', 'https://photos.classiccars.com/cc-temp/listing/193/3362/51478399-1975-chevrolet-blazer-thumb.jpg', 'https://photos.classiccars.com/cc-temp/listing/193/3362/51478411-1975-chevrolet-blazer-thumb.jpg', 'https://photos.classiccars.com/cc-temp/listing/193/3362/51478432-1975-chevrolet-blazer-thumb.jpg', 'https://photos.classiccars.com/cc-temp/listing/193/3362/51478452-1975-chevrolet-blazer-thumb.jpg', 'https://photos.classiccars.com/cc-temp/listing/193/3362/51478473-1975-chevrolet-blazer-thumb.jpg', 'https://photos.classiccars.com/cc-temp/listing/193/3362/51478386-1975-chevrolet-blazer-thumb.jpg', 'https://photos.classiccars.com/cc-temp/listing/193/3362/51478412-1975-chevrolet-blazer-thumb.jpg', 'https://photos.classiccars.com/cc-temp/listing/193/3362/51478384-1975-chevrolet-blazer-thumb.jpg', 'https://photos.classiccars.com/cc-temp/listing/193/3362/51478435-1975-chevrolet-blazer-thumb.jpg', 'https://photos.classiccars.com/cc-temp/listing/193/3362/51478466-1975-chevrolet-blazer-thumb.jpg', 'https://photos.classiccars.com/cc-temp/listing/193/3362/51478387-1975-chevrolet-blazer-thumb.jpg', 'https://photos.classiccars.com/cc-temp/listing/193/3362/51478402-1975-chevrolet-blazer-thumb.jpg', 'https://photos.classiccars.com/cc-temp/listing/193/3362/51478422-1975-chevrolet-blazer-thumb.jpg', 'https://photos.classiccars.com/cc-temp/listing/193/3362/51478443-1975-chevrolet-blazer-thumb.jpg', 'https://photos.classiccars.com/cc-temp/listing/193/3362/51478458-1975-chevrolet-blazer-thumb.jpg']"
1973 Ford Maverick,"$29,000 (OBO)",Ascot Gray,Manual,,Maverick,Ford, - ,1973,"['https://photos.classiccars.com/cc-temp/listing/194/3043/52163902-1973-ford-maverick-thumb.jpg', 'https://photos.classiccars.com/cc-temp/listing/194/3043/52163868-1973-ford-maverick-thumb.jpg', 'https://photos.classiccars.com/cc-temp/listing/194/3043/52163861-1973-ford-maverick-thumb.jpg', 'https://photos.classiccars.com/cc-temp/listing/194/3043/52164011-1973-ford-maverick-thumb.jpg', 'https://photos.classiccars.com/cc-temp/listing/194/3043/52163911-1973-ford-maverick-thumb.jpg', 'https://photos.classiccars.com/cc-temp/listing/194/3043/52163857-1973-ford-maverick-thumb.jpg', 'https://photos.classiccars.com/cc-temp/listing/194/3043/52163905-1973-ford-maverick-thumb.jpg', 'https://photos.classiccars.com/cc-temp/listing/194/3043/52164063-1973-ford-maverick-thumb.jpg', 'https://photos.classiccars.com/cc-temp/listing/194/3043/52163912-1973-ford-maverick-thumb.jpg', 'https://photos.classiccars.com/cc-temp/listing/194/3043/52163907-1973-ford-maverick-thumb.jpg', 'https://photos.classiccars.com/cc-temp/listing/194/3043/52163999-1973-ford-maverick-thumb.jpg', 'https://photos.classiccars.com/cc-temp/listing/194/3043/52164065-1973-ford-maverick-thumb.jpg', 'https://photos.classiccars.com/cc-temp/listing/194/3043/52163872-1973-ford-maverick-thumb.jpg', 'https://photos.classiccars.com/cc-temp/listing/194/3043/52164008-1973-ford-maverick-thumb.jpg', 'https://photos.classiccars.com/cc-temp/listing/194/3043/52164070-1973-ford-maverick-thumb.jpg', 'https://photos.classiccars.com/cc-temp/listing/194/3043/52163862-1973-ford-maverick-thumb.jpg', 'https://photos.classiccars.com/cc-temp/listing/194/3043/52163923-1973-ford-maverick-thumb.jpg', 'https://photos.classiccars.com/cc-temp/listing/194/3043/52164016-1973-ford-maverick-thumb.jpg', 'https://photos.classiccars.com/cc-temp/listing/194/3043/52164074-1973-ford-maverick-thumb.jpg', 'https://photos.classiccars.com/cc-temp/listing/194/3043/52163869-1973-ford-maverick-thumb.jpg', 'https://photos.classiccars.com/cc-temp/listing/194/3043/52163931-1973-ford-maverick-thumb.jpg', 'https://photos.classiccars.com/cc-temp/listing/194/3043/52164015-1973-ford-maverick-thumb.jpg', 'https://photos.classiccars.com/cc-temp/listing/194/3043/52164077-1973-ford-maverick-thumb.jpg', 'https://photos.classiccars.com/cc-temp/listing/194/3043/52163874-1973-ford-maverick-thumb.jpg', 'https://photos.classiccars.com/cc-temp/listing/194/3043/52163916-1973-ford-maverick-thumb.jpg', 'https://photos.classiccars.com/cc-temp/listing/194/3043/52163986-1973-ford-maverick-thumb.jpg', 'https://photos.classiccars.com/cc-temp/listing/194/3043/52163998-1973-ford-maverick-thumb.jpg', 'https://photos.classiccars.com/cc-temp/listing/194/3043/52163873-1973-ford-maverick-thumb.jpg', 'https://photos.classiccars.com/cc-temp/listing/194/3043/52163908-1973-ford-maverick-thumb.jpg', 'https://photos.classiccars.com/cc-temp/listing/194/3043/52163989-1973-ford-maverick-thumb.jpg', 'https://photos.classiccars.com/cc-temp/listing/194/3043/52164061-1973-ford-maverick-thumb.jpg', 'https://photos.classiccars.com/cc-temp/listing/194/3043/52163867-1973-ford-maverick-thumb.jpg', 'https://photos.classiccars.com/cc-temp/listing/194/3043/52163898-1973-ford-maverick-thumb.jpg', 'https://photos.classiccars.com/cc-temp/listing/194/3043/52163981-1973-ford-maverick-thumb.jpg', 'https://photos.classiccars.com/cc-temp/listing/194/3043/52164048-1973-ford-maverick-thumb.jpg', 'https://photos.classiccars.com/cc-temp/listing/194/3043/52163860-1973-ford-maverick-thumb.jpg', 'https://photos.classiccars.com/cc-temp/listing/194/3043/52163906-1973-ford-maverick-thumb.jpg', 'https://photos.classiccars.com/cc-temp/listing/194/3043/52164006-1973-ford-maverick-thumb.jpg', 'https://photos.classiccars.com/cc-temp/listing/194/3043/52164069-1973-ford-maverick-thumb.jpg', 'https://photos.classiccars.com/cc-temp/listing/194/3043/52163865-1973-ford-maverick-thumb.jpg', 'https://photos.classiccars.com/cc-temp/listing/194/3043/52163928-1973-ford-maverick-thumb.jpg', 'https://photos.classiccars.com/cc-temp/listing/194/3043/52164002-1973-ford-maverick-thumb.jpg', 'https://photos.classiccars.com/cc-temp/listing/194/3043/52164073-1973-ford-maverick-thumb.jpg', 'https://photos.classiccars.com/cc-temp/listing/194/3043/52163864-1973-ford-maverick-thumb.jpg', 'https://photos.classiccars.com/cc-temp/listing/194/3043/52163909-1973-ford-maverick-thumb.jpg', 'https://photos.classiccars.com/cc-temp/listing/194/3043/52163997-1973-ford-maverick-thumb.jpg', 'https://photos.classiccars.com/cc-temp/listing/194/3043/52164066-1973-ford-maverick-thumb.jpg', 'https://photos.classiccars.com/cc-temp/listing/194/3043/52163871-1973-ford-maverick-thumb.jpg', 'https://photos.classiccars.com/cc-temp/listing/194/3043/52163927-1973-ford-maverick-thumb.jpg', 'https://photos.classiccars.com/cc-temp/listing/194/3043/52164004-1973-ford-maverick-thumb.jpg', 'https://photos.classiccars.com/cc-temp/listing/194/3043/52163859-1973-ford-maverick-thumb.jpg', 'https://photos.classiccars.com/cc-temp/listing/194/3043/52163866-1973-ford-maverick-thumb.jpg', 'https://photos.classiccars.com/cc-temp/listing/194/3043/52163915-1973-ford-maverick-thumb.jpg', 'https://photos.classiccars.com/cc-temp/listing/194/3043/52164007-1973-ford-maverick-thumb.jpg', 'https://photos.classiccars.com/cc-temp/listing/194/3043/52164075-1973-ford-maverick-thumb.jpg', 'https://photos.classiccars.com/cc-temp/listing/194/3043/52163875-1973-ford-maverick-thumb.jpg', 'https://photos.classiccars.com/cc-temp/listing/194/3043/52163921-1973-ford-maverick-thumb.jpg', 'https://photos.classiccars.com/cc-temp/listing/194/3043/52163994-1973-ford-maverick-thumb.jpg', 'https://photos.classiccars.com/cc-temp/listing/194/3043/52164068-1973-ford-maverick-thumb.jpg', 'https://photos.classiccars.com/cc-temp/listing/194/3043/52163870-1973-ford-maverick-thumb.jpg', 'https://photos.classiccars.com/cc-temp/listing/194/3043/52163903-1973-ford-maverick-thumb.jpg', 'https://photos.classiccars.com/cc-temp/listing/194/3043/52163992-1973-ford-maverick-thumb.jpg', 'https://photos.classiccars.com/cc-temp/listing/194/3043/52164064-1973-ford-maverick-thumb.jpg', 'https://photos.classiccars.com/cc-temp/listing/194/3043/52163858-1973-ford-maverick-thumb.jpg', 'https://photos.classiccars.com/cc-temp/listing/194/3043/52163922-1973-ford-maverick-thumb.jpg', 'https://photos.classiccars.com/cc-temp/listing/194/3043/52164003-1973-ford-maverick-thumb.jpg', 'https://photos.classiccars.com/cc-temp/listing/194/3043/52164072-1973-ford-maverick-thumb.jpg', 'https://photos.classiccars.com/cc-temp/listing/194/3043/52163877-1973-ford-maverick-thumb.jpg', 'https://photos.classiccars.com/cc-temp/listing/194/3043/52163904-1973-ford-maverick-thumb.jpg', 'https://photos.classiccars.com/cc-temp/listing/194/3043/52163993-1973-ford-maverick-thumb.jpg', 'https://photos.classiccars.com/cc-temp/listing/194/3043/52164071-1973-ford-maverick-thumb.jpg', 'https://photos.classiccars.com/cc-temp/listing/194/3043/52163879-1973-ford-maverick-thumb.jpg', 'https://photos.classiccars.com/cc-temp/listing/194/3043/52163910-1973-ford-maverick-thumb.jpg', 'https://photos.classiccars.com/cc-temp/listing/194/3043/52163987-1973-ford-maverick-thumb.jpg', 'https://photos.classiccars.com/cc-temp/listing/194/3043/52164060-1973-ford-maverick-thumb.jpg', 'https://photos.classiccars.com/cc-temp/listing/194/3043/52164076-1973-ford-maverick-thumb.jpg', 'https://photos.classiccars.com/cc-temp/listing/194/3043/52164100-1973-ford-maverick-thumb.jpg', 'https://photos.classiccars.com/cc-temp/listing/194/3043/52164110-1973-ford-maverick-thumb.jpg', 'https://photos.classiccars.com/cc-temp/listing/194/3043/52164117-1973-ford-maverick-thumb.jpg', 'https://photos.classiccars.com/cc-temp/listing/194/3043/52164078-1973-ford-maverick-thumb.jpg']"
1962 Studebaker Lark,"$33,000 (OBO)",Red,Automatic,,Lark,Studebaker, - ,1962,"['https://photos.classiccars.com/cc-temp/listing/195/235/52551504-1962-studebaker-lark-thumb.jpg', 'https://photos.classiccars.com/cc-temp/listing/195/235/52551506-1962-studebaker-lark-thumb.jpg', 'https://photos.classiccars.com/cc-temp/listing/195/235/52551507-1962-studebaker-lark-thumb.jpg', 'https://photos.classiccars.com/cc-temp/listing/195/235/52551508-1962-studebaker-lark-thumb.jpg', 'https://photos.classiccars.com/cc-temp/listing/195/235/52551509-1962-studebaker-lark-thumb.jpg', 'https://photos.classiccars.com/cc-temp/listing/195/235/52551510-1962-studebaker-lark-thumb.jpg']"
1951 MG TD,"$18,000",Red,Automatic,,TD,MG, - ,1951,"['https://photos.classiccars.com/cc-temp/listing/194/8821/52477358-1951-mg-td-thumb.jpg', 'https://photos.classiccars.com/cc-temp/listing/194/8821/52477359-1951-mg-td-thumb.jpg']"
1966 Chevrolet Corvette,"$135,000",Nassau Blue,Automatic,Fully Restored,Corvette,Chevrolet,Rebuilt - Running,1966,"['https://photos.classiccars.com/cc-temp/listing/193/4915/51573711-1966-chevrolet-corvette-thumb.jpg', 'https://photos.classiccars.com/cc-temp/listing/193/4915/51573707-1966-chevrolet-corvette-thumb.jpg', 'https://photos.classiccars.com/cc-temp/listing/193/4915/51573708-1966-chevrolet-corvette-thumb.jpg', 'https://photos.classiccars.com/cc-temp/listing/193/4915/51573709-1966-chevrolet-corvette-thumb.jpg', 'https://photos.classiccars.com/cc-temp/listing/193/4915/51573710-1966-chevrolet-corvette-thumb.jpg', 'https://photos.classiccars.com/cc-temp/listing/193/4915/51573703-1966-chevrolet-corvette-thumb.jpg', 'https://photos.classiccars.com/cc-temp/listing/193/4915/51573704-1966-chevrolet-corvette-thumb.jpg', 'https://photos.classiccars.com/cc-temp/listing/193/4915/51573705-1966-chevrolet-corvette-thumb.jpg', 'https://photos.classiccars.com/cc-temp/listing/193/4915/51573706-1966-chevrolet-corvette-thumb.jpg', 'https://photos.classiccars.com/cc-temp/listing/193/4915/51573713-1966-chevrolet-corvette-thumb.jpg', 'https://photos.classiccars.com/cc-temp/listing/193/4915/51573714-1966-chevrolet-corvette-thumb.jpg', 'https://photos.classiccars.com/cc-temp/listing/193/4915/51573715-1966-chevrolet-corvette-thumb.jpg', 'https://photos.classiccars.com/cc-temp/listing/193/4915/51573717-1966-chevrolet-corvette-thumb.jpg', 'https://photos.classiccars.com/cc-temp/listing/193/4915/51573718-1966-chevrolet-corvette-thumb.jpg', 'https://photos.classiccars.com/cc-temp/listing/193/4915/51573719-1966-chevrolet-corvette-thumb.jpg', 'https://photos.classiccars.com/cc-temp/listing/193/4915/51573720-1966-chevrolet-corvette-thumb.jpg', 'https://photos.classiccars.com/cc-temp/listing/193/4915/51573721-1966-chevrolet-corvette-thumb.jpg', 'https://photos.classiccars.com/cc-temp/listing/193/4915/51573722-1966-chevrolet-corvette-thumb.jpg', 'https://photos.classiccars.com/cc-temp/listing/193/4915/51573723-1966-chevrolet-corvette-thumb.jpg', 'https://photos.classiccars.com/cc-temp/listing/193/4915/51573724-1966-chevrolet-corvette-thumb.jpg', 'https://photos.classiccars.com/cc-temp/listing/193/4915/51573725-1966-chevrolet-corvette-thumb.jpg', 'https://photos.classiccars.com/cc-temp/listing/193/4915/51573726-1966-chevrolet-corvette-thumb.jpg', 'https://photos.classiccars.com/cc-temp/listing/193/4915/51573727-1966-chevrolet-corvette-thumb.jpg', 'https://photos.classiccars.com/cc-temp/listing/193/4915/51573728-1966-chevrolet-corvette-thumb.jpg', 'https://photos.classiccars.com/cc-temp/listing/193/4915/51573729-1966-chevrolet-corvette-thumb.jpg', 'https://photos.classiccars.com/cc-temp/listing/193/4915/51573730-1966-chevrolet-corvette-thumb.jpg', 'https://photos.classiccars.com/cc-temp/listing/193/4915/51573731-1966-chevrolet-corvette-thumb.jpg', 'https://photos.classiccars.com/cc-temp/listing/193/4915/51573732-1966-chevrolet-corvette-thumb.jpg', 'https://photos.classiccars.com/cc-temp/listing/193/4915/51573733-1966-chevrolet-corvette-thumb.jpg', 'https://photos.classiccars.com/cc-temp/listing/193/4915/51573734-1966-chevrolet-corvette-thumb.jpg', 'https://photos.classiccars.com/cc-temp/listing/193/4915/51573735-1966-chevrolet-corvette-thumb.jpg', 'https://photos.classiccars.com/cc-temp/listing/193/4915/51573736-1966-chevrolet-corvette-thumb.jpg', 'https://photos.classiccars.com/cc-temp/listing/193/4915/51573737-1966-chevrolet-corvette-thumb.jpg', 'https://photos.classiccars.com/cc-temp/listing/193/4915/51573738-1966-chevrolet-corvette-thumb.jpg', 'https://photos.classiccars.com/cc-temp/listing/193/4915/51573739-1966-chevrolet-corvette-thumb.jpg', 'https://photos.classiccars.com/cc-temp/listing/193/4915/51573740-1966-chevrolet-corvette-thumb.jpg']"
1970 Plymouth Barracuda,"$125,000",Blue,Automatic,,Barracuda,Plymouth, - ,1970,"['https://photos.classiccars.com/cc-temp/listing/189/4961/49156977-1970-plymouth-barracuda-thumb.jpg', 'https://photos.classiccars.com/cc-temp/listing/189/4961/49156976-1970-plymouth-barracuda-thumb.jpg', 'https://photos.classiccars.com/cc-temp/listing/189/4961/49156979-1970-plymouth-barracuda-thumb.jpg', 'https://photos.classiccars.com/cc-temp/listing/189/4961/49156978-1970-plymouth-barracuda-thumb.jpg', 'https://photos.classiccars.com/cc-temp/listing/189/4961/49156973-1970-plymouth-barracuda-thumb.jpg', 'https://photos.classiccars.com/cc-temp/listing/189/4961/49156972-1970-plymouth-barracuda-thumb.jpg', 'https://photos.classiccars.com/cc-temp/listing/189/4961/49156980-1970-plymouth-barracuda-thumb.jpg', 'https://photos.classiccars.com/cc-temp/listing/189/4961/49156974-1970-plymouth-barracuda-thumb.jpg', 'https://photos.classiccars.com/cc-temp/listing/189/4961/49156964-1970-plymouth-barracuda-thumb.jpg', 'https://photos.classiccars.com/cc-temp/listing/189/4961/49156970-1970-plymouth-barracuda-thumb.jpg', 'https://photos.classiccars.com/cc-temp/listing/189/4961/49156966-1970-plymouth-barracuda-thumb.jpg', 'https://photos.classiccars.com/cc-temp/listing/189/4961/49156969-1970-plymouth-barracuda-thumb.jpg', 'https://photos.classiccars.com/cc-temp/listing/189/4961/49156968-1970-plymouth-barracuda-thumb.jpg', 'https://photos.classiccars.com/cc-temp/listing/189/4961/49156965-1970-plymouth-barracuda-thumb.jpg', 'https://photos.classiccars.com/cc-temp/listing/189/4961/49156963-1970-plymouth-barracuda-thumb.jpg', 'https://photos.classiccars.com/cc-temp/listing/189/4961/49156967-1970-plymouth-barracuda-thumb.jpg', 'https://photos.classiccars.com/cc-temp/listing/189/4961/49156971-1970-plymouth-barracuda-thumb.jpg', 'https://photos.classiccars.com/cc-temp/listing/189/4961/49156962-1970-plymouth-barracuda-thumb.jpg', 'https://photos.classiccars.com/cc-temp/listing/189/4961/49156961-1970-plymouth-barracuda-thumb.jpg', 'https://photos.classiccars.com/cc-temp/listing/189/4961/49156958-1970-plymouth-barracuda-thumb.jpg', 'https://photos.classiccars.com/cc-temp/listing/189/4961/49156959-1970-plymouth-barracuda-thumb.jpg', 'https://photos.classiccars.com/cc-temp/listing/189/4961/49156960-1970-plymouth-barracuda-thumb.jpg', 'https://photos.classiccars.com/cc-temp/listing/189/4961/49156975-1970-plymouth-barracuda-thumb.jpg']"
1968 Chevrolet Camaro SS,"$43,000 (OBO)",Corvette,Manual,Fully Restored,Camaro SS,Chevrolet,Replaced - Not Running,1968,"['https://photos.classiccars.com/cc-temp/listing/193/920/51310733-1968-chevrolet-camaro-ss-thumb.jpg', 'https://photos.classiccars.com/cc-temp/listing/193/920/51310734-1968-chevrolet-camaro-ss-thumb.jpg', 'https://photos.classiccars.com/cc-temp/listing/193/920/51310735-1968-chevrolet-camaro-ss-thumb.jpg', 'https://photos.classiccars.com/cc-temp/listing/193/920/51310736-1968-chevrolet-camaro-ss-thumb.jpg', 'https://photos.classiccars.com/cc-temp/listing/193/920/51310737-1968-chevrolet-camaro-ss-thumb.jpg', 'https://photos.classiccars.com/cc-temp/listing/193/920/51310738-1968-chevrolet-camaro-ss-thumb.jpg', 'https://photos.classiccars.com/cc-temp/listing/193/920/51310739-1968-chevrolet-camaro-ss-thumb.jpg', 'https://photos.classiccars.com/cc-temp/listing/193/920/51310740-1968-chevrolet-camaro-ss-thumb.jpg', 'https://photos.classiccars.com/cc-temp/listing/193/920/51310741-1968-chevrolet-camaro-ss-thumb.jpg', 'https://photos.classiccars.com/cc-temp/listing/193/920/51310742-1968-chevrolet-camaro-ss-thumb.jpg', 'https://photos.classiccars.com/cc-temp/listing/193/920/51310743-1968-chevrolet-camaro-ss-thumb.jpg', 'https://photos.classiccars.com/cc-temp/listing/193/920/51310744-1968-chevrolet-camaro-ss-thumb.jpg', 'https://photos.classiccars.com/cc-temp/listing/193/920/51310745-1968-chevrolet-camaro-ss-thumb.jpg', 'https://photos.classiccars.com/cc-temp/listing/193/920/51310746-1968-chevrolet-camaro-ss-thumb.jpg', 'https://photos.classiccars.com/cc-temp/listing/193/920/51310747-1968-chevrolet-camaro-ss-thumb.jpg', 'https://photos.classiccars.com/cc-temp/listing/193/920/51310748-1968-chevrolet-camaro-ss-thumb.jpg', 'https://photos.classiccars.com/cc-temp/listing/193/920/51310749-1968-chevrolet-camaro-ss-thumb.jpg', 'https://photos.classiccars.com/cc-temp/listing/193/920/51310750-1968-chevrolet-camaro-ss-thumb.jpg', 'https://photos.classiccars.com/cc-temp/listing/193/920/51310751-1968-chevrolet-camaro-ss-thumb.jpg', 'https://photos.classiccars.com/cc-temp/listing/193/920/51310752-1968-chevrolet-camaro-ss-thumb.jpg', 'https://photos.classiccars.com/cc-temp/listing/193/920/51310753-1968-chevrolet-camaro-ss-thumb.jpg', 'https://photos.classiccars.com/cc-temp/listing/193/920/51310754-1968-chevrolet-camaro-ss-thumb.jpg', 'https://photos.classiccars.com/cc-temp/listing/193/920/51310755-1968-chevrolet-camaro-ss-thumb.jpg', 'https://photos.classiccars.com/cc-temp/listing/193/920/51310756-1968-chevrolet-camaro-ss-thumb.jpg', 'https://photos.classiccars.com/cc-temp/listing/193/920/51310757-1968-chevrolet-camaro-ss-thumb.jpg', 'https://photos.classiccars.com/cc-temp/listing/193/920/51310758-1968-chevrolet-camaro-ss-thumb.jpg', 'https://photos.classiccars.com/cc-temp/listing/193/920/51310759-1968-chevrolet-camaro-ss-thumb.jpg', 'https://photos.classiccars.com/cc-temp/listing/193/920/51310760-1968-chevrolet-camaro-ss-thumb.jpg', 'https://photos.classiccars.com/cc-temp/listing/193/920/51310761-1968-chevrolet-camaro-ss-thumb.jpg', 'https://photos.classiccars.com/cc-temp/listing/193/920/51310762-1968-chevrolet-camaro-ss-thumb.jpg', 'https://photos.classiccars.com/cc-temp/listing/193/920/51310763-1968-chevrolet-camaro-ss-thumb.jpg']"
1928 Bentley 4-1/2 Litre,"$1,250,000",Green Matt,Manual,,4-1/2 Litre,Bentley, - ,1928,"['https://photos.classiccars.com/cc-temp/listing/192/8301/51165421-1928-bentley-4-1-2-litre-thumb.jpg', 'https://photos.classiccars.com/cc-temp/listing/192/8301/51163838-1928-bentley-4-1-2-litre-thumb.jpg', 'https://photos.classiccars.com/cc-temp/listing/192/8301/51165387-1928-bentley-4-1-2-litre-thumb.jpg', 'https://photos.classiccars.com/cc-temp/listing/192/8301/51163794-1928-bentley-4-1-2-litre-thumb.jpg', 'https://photos.classiccars.com/cc-temp/listing/192/8301/51165407-1928-bentley-4-1-2-litre-thumb.jpg', 'https://photos.classiccars.com/cc-temp/listing/192/8301/51165392-1928-bentley-4-1-2-litre-thumb.jpg', 'https://photos.classiccars.com/cc-temp/listing/192/8301/51163828-1928-bentley-4-1-2-litre-thumb.jpg', 'https://photos.classiccars.com/cc-temp/listing/192/8301/51165402-1928-bentley-4-1-2-litre-thumb.jpg', 'https://photos.classiccars.com/cc-temp/listing/192/8301/51165353-1928-bentley-4-1-2-litre-thumb.jpg', 'https://photos.classiccars.com/cc-temp/listing/192/8301/51165329-1928-bentley-4-1-2-litre-thumb.jpg', 'https://photos.classiccars.com/cc-temp/listing/192/8301/51165331-1928-bentley-4-1-2-litre-thumb.jpg', 'https://photos.classiccars.com/cc-temp/listing/192/8301/51165355-1928-bentley-4-1-2-litre-thumb.jpg', 'https://photos.classiccars.com/cc-temp/listing/192/8301/51165358-1928-bentley-4-1-2-litre-thumb.jpg']"
1976 Cadillac Eldorado,"$25,000 (OBO)",Beige,Automatic,Partially Restored,Eldorado,Cadillac,Original - Running,1976,"['https://photos.classiccars.com/cc-temp/listing/187/826/47787336-1976-cadillac-eldorado-thumb.jpg', 'https://photos.classiccars.com/cc-temp/listing/187/826/47787322-1976-cadillac-eldorado-thumb.jpg', 'https://photos.classiccars.com/cc-temp/listing/187/826/47787323-1976-cadillac-eldorado-thumb.jpg', 'https://photos.classiccars.com/cc-temp/listing/187/826/47787314-1976-cadillac-eldorado-thumb.jpg', 'https://photos.classiccars.com/cc-temp/listing/187/826/47787334-1976-cadillac-eldorado-thumb.jpg', 'https://photos.classiccars.com/cc-temp/listing/187/826/47787331-1976-cadillac-eldorado-thumb.jpg', 'https://photos.classiccars.com/cc-temp/listing/187/826/47787315-1976-cadillac-eldorado-thumb.jpg', 'https://photos.classiccars.com/cc-temp/listing/187/826/47787316-1976-cadillac-eldorado-thumb.jpg', 'https://photos.classiccars.com/cc-temp/listing/187/826/47787317-1976-cadillac-eldorado-thumb.jpg', 'https://photos.classiccars.com/cc-temp/listing/187/826/47787318-1976-cadillac-eldorado-thumb.jpg', 'https://photos.classiccars.com/cc-temp/listing/187/826/47787319-1976-cadillac-eldorado-thumb.jpg', 'https://photos.classiccars.com/cc-temp/listing/187/826/47787320-1976-cadillac-eldorado-thumb.jpg', 'https://photos.classiccars.com/cc-temp/listing/187/826/47787321-1976-cadillac-eldorado-thumb.jpg', 'https://photos.classiccars.com/cc-temp/listing/187/826/47787324-1976-cadillac-eldorado-thumb.jpg', 'https://photos.classiccars.com/cc-temp/listing/187/826/47787325-1976-cadillac-eldorado-thumb.jpg', 'https://photos.classiccars.com/cc-temp/listing/187/826/47787326-1976-cadillac-eldorado-thumb.jpg', 'https://photos.classiccars.com/cc-temp/listing/187/826/47787327-1976-cadillac-eldorado-thumb.jpg', 'https://photos.classiccars.com/cc-temp/listing/187/826/47787329-1976-cadillac-eldorado-thumb.jpg', 'https://photos.classiccars.com/cc-temp/listing/187/826/47787330-1976-cadillac-eldorado-thumb.jpg', 'https://photos.classiccars.com/cc-temp/listing/187/826/47787332-1976-cadillac-eldorado-thumb.jpg', 'https://photos.classiccars.com/cc-temp/listing/187/826/47787333-1976-cadillac-eldorado-thumb.jpg']"
1997 Ford Mustang Cobra,"$20,500",Black,Manual,,Mustang Cobra,Ford,Original - Running,1997,"['https://photos.classiccars.com/cc-temp/listing/189/4954/49156893-1997-ford-mustang-cobra-thumb.jpg', 'https://photos.classiccars.com/cc-temp/listing/189/4954/49156892-1997-ford-mustang-cobra-thumb.jpg', 'https://photos.classiccars.com/cc-temp/listing/189/4954/49156900-1997-ford-mustang-cobra-thumb.jpg']"
1970 Ford Torino,"$50,000 (OBO)",Calypso Coral,Manual,,Torino,Ford, - Running,1970,"['https://photos.classiccars.com/cc-temp/listing/112/8599/32171156-1970-ford-torino-thumb.jpg', 'https://photos.classiccars.com/cc-temp/listing/112/8599/32171141-1970-ford-torino-thumb.jpg', 'https://photos.classiccars.com/cc-temp/listing/112/8599/32171146-1970-ford-torino-thumb.jpg', 'https://photos.classiccars.com/cc-temp/listing/112/8599/12874203-1970-ford-torino-cobra-thumb.jpg', 'https://photos.classiccars.com/cc-temp/listing/112/8599/32171157-1970-ford-torino-thumb.jpg', 'https://photos.classiccars.com/cc-temp/listing/112/8599/32171143-1970-ford-torino-thumb.jpg', 'https://photos.classiccars.com/cc-temp/listing/112/8599/32171142-1970-ford-torino-thumb.jpg', 'https://photos.classiccars.com/cc-temp/listing/112/8599/32171144-1970-ford-torino-thumb.jpg', 'https://photos.classiccars.com/cc-temp/listing/112/8599/32171145-1970-ford-torino-thumb.jpg', 'https://photos.classiccars.com/cc-temp/listing/112/8599/32171158-1970-ford-torino-thumb.jpg', 'https://photos.classiccars.com/cc-temp/listing/112/8599/32171159-1970-ford-torino-thumb.jpg', 'https://photos.classiccars.com/cc-temp/listing/112/8599/32171160-1970-ford-torino-thumb.jpg', 'https://photos.classiccars.com/cc-temp/listing/112/8599/32171161-1970-ford-torino-thumb.jpg', 'https://photos.classiccars.com/cc-temp/listing/112/8599/32171148-1970-ford-torino-thumb.jpg', 'https://photos.classiccars.com/cc-temp/listing/112/8599/32171149-1970-ford-torino-thumb.jpg', 'https://photos.classiccars.com/cc-temp/listing/112/8599/32171152-1970-ford-torino-thumb.jpg', 'https://photos.classiccars.com/cc-temp/listing/112/8599/32171150-1970-ford-torino-thumb.jpg', 'https://photos.classiccars.com/cc-temp/listing/112/8599/12874204-1970-ford-torino-cobra-thumb.jpg', 'https://photos.classiccars.com/cc-temp/listing/112/8599/32171151-1970-ford-torino-thumb.jpg', 'https://photos.classiccars.com/cc-temp/listing/112/8599/12874205-1970-ford-torino-cobra-thumb.jpg', 'https://photos.classiccars.com/cc-temp/listing/112/8599/12874207-1970-ford-torino-cobra-thumb.jpg', 'https://photos.classiccars.com/cc-temp/listing/112/8599/32171140-1970-ford-torino-thumb.jpg', 'https://photos.classiccars.com/cc-temp/listing/112/8599/12874206-1970-ford-torino-cobra-thumb.jpg', 'https://photos.classiccars.com/cc-temp/listing/112/8599/32171154-1970-ford-torino-thumb.jpg', 'https://photos.classiccars.com/cc-temp/listing/112/8599/32171155-1970-ford-torino-thumb.jpg', 'https://photos.classiccars.com/cc-temp/listing/112/8599/32171153-1970-ford-torino-thumb.jpg', 'https://photos.classiccars.com/cc-temp/listing/112/8599/39210152-1970-ford-torino-thumb.jpg']"
1973 Buick Custom,"$9,600 (OBO)",Yellow,Automatic,Unrestored,Custom,Buick,Original - Running,1973,"['https://photos.classiccars.com/cc-temp/listing/188/2778/48639483-1973-buick-custom-thumb.jpg', 'https://photos.classiccars.com/cc-temp/listing/188/2778/48639484-1973-buick-custom-thumb.jpg', 'https://photos.classiccars.com/cc-temp/listing/188/2778/48639485-1973-buick-custom-thumb.jpg', 'https://photos.classiccars.com/cc-temp/listing/188/2778/48639486-1973-buick-custom-thumb.jpg', 'https://photos.classiccars.com/cc-temp/listing/188/2778/48639487-1973-buick-custom-thumb.jpg', 'https://photos.classiccars.com/cc-temp/listing/188/2778/48639488-1973-buick-custom-thumb.jpg', 'https://photos.classiccars.com/cc-temp/listing/188/2778/48639489-1973-buick-custom-thumb.jpg', 'https://photos.classiccars.com/cc-temp/listing/188/2778/48639490-1973-buick-custom-thumb.jpg', 'https://photos.classiccars.com/cc-temp/listing/188/2778/48639491-1973-buick-custom-thumb.jpg', 'https://photos.classiccars.com/cc-temp/listing/188/2778/48639492-1973-buick-custom-thumb.jpg', 'https://photos.classiccars.com/cc-temp/listing/188/2778/49501540-1973-buick-custom-thumb.jpg', 'https://photos.classiccars.com/cc-temp/listing/188/2778/49501542-1973-buick-custom-thumb.jpg', 'https://photos.classiccars.com/cc-temp/listing/188/2778/49501541-1973-buick-custom-thumb.jpg', 'https://photos.classiccars.com/cc-temp/listing/188/2778/49501543-1973-buick-custom-thumb.jpg', 'https://photos.classiccars.com/cc-temp/listing/188/2778/49501544-1973-buick-custom-thumb.jpg', 'https://photos.classiccars.com/cc-temp/listing/188/2778/49501545-1973-buick-custom-thumb.jpg']"
1941 Chevrolet Pickup,"$30,000 (OBO)",Dark Green,Manual,,Pickup,Chevrolet, - ,1941,"['https://photos.classiccars.com/cc-temp/listing/193/3679/51495879-1941-chevrolet-pickup-thumb.jpg', 'https://photos.classiccars.com/cc-temp/listing/193/3679/51495880-1941-chevrolet-pickup-thumb.jpg', 'https://photos.classiccars.com/cc-temp/listing/193/3679/51495882-1941-chevrolet-pickup-thumb.jpg', 'https://photos.classiccars.com/cc-temp/listing/193/3679/51495881-1941-chevrolet-pickup-thumb.jpg', 'https://photos.classiccars.com/cc-temp/listing/193/3679/51495883-1941-chevrolet-pickup-thumb.jpg', 'https://photos.classiccars.com/cc-temp/listing/193/3679/51495884-1941-chevrolet-pickup-thumb.jpg', 'https://photos.classiccars.com/cc-temp/listing/193/3679/51495886-1941-chevrolet-pickup-thumb.jpg', 'https://photos.classiccars.com/cc-temp/listing/193/3679/51495885-1941-chevrolet-pickup-thumb.jpg', 'https://photos.classiccars.com/cc-temp/listing/193/3679/51495887-1941-chevrolet-pickup-thumb.jpg', 'https://photos.classiccars.com/cc-temp/listing/193/3679/51495888-1941-chevrolet-pickup-thumb.jpg', 'https://photos.classiccars.com/cc-temp/listing/193/3679/51495889-1941-chevrolet-pickup-thumb.jpg', 'https://photos.classiccars.com/cc-temp/listing/193/3679/51495890-1941-chevrolet-pickup-thumb.jpg', 'https://photos.classiccars.com/cc-temp/listing/193/3679/51495891-1941-chevrolet-pickup-thumb.jpg', 'https://photos.classiccars.com/cc-temp/listing/193/3679/51495892-1941-chevrolet-pickup-thumb.jpg', 'https://photos.classiccars.com/cc-temp/listing/193/3679/51495893-1941-chevrolet-pickup-thumb.jpg', 'https://photos.classiccars.com/cc-temp/listing/193/3679/51495894-1941-chevrolet-pickup-thumb.jpg', 'https://photos.classiccars.com/cc-temp/listing/193/3679/51495895-1941-chevrolet-pickup-thumb.jpg', 'https://photos.classiccars.com/cc-temp/listing/193/3679/51495896-1941-chevrolet-pickup-thumb.jpg', 'https://photos.classiccars.com/cc-temp/listing/193/3679/51495897-1941-chevrolet-pickup-thumb.jpg', 'https://photos.classiccars.com/cc-temp/listing/193/3679/51495898-1941-chevrolet-pickup-thumb.jpg', 'https://photos.classiccars.com/cc-temp/listing/193/3679/51495899-1941-chevrolet-pickup-thumb.jpg', 'https://photos.classiccars.com/cc-temp/listing/193/3679/51495900-1941-chevrolet-pickup-thumb.jpg', 'https://photos.classiccars.com/cc-temp/listing/193/3679/51495901-1941-chevrolet-pickup-thumb.jpg', 'https://photos.classiccars.com/cc-temp/listing/193/3679/51495902-1941-chevrolet-pickup-thumb.jpg']"
1956 Buick Roadmaster,"$39,000 (OBO)",Green,Automatic,,Roadmaster,Buick, - ,1956,"['https://photos.classiccars.com/cc-temp/listing/192/7830/51134100-1956-buick-roadmaster-thumb.jpg', 'https://photos.classiccars.com/cc-temp/listing/192/7830/51134116-1956-buick-roadmaster-thumb.jpg', 'https://photos.classiccars.com/cc-temp/listing/192/7830/51134099-1956-buick-roadmaster-thumb.jpg', 'https://photos.classiccars.com/cc-temp/listing/192/7830/51134101-1956-buick-roadmaster-thumb.jpg', 'https://photos.classiccars.com/cc-temp/listing/192/7830/51134102-1956-buick-roadmaster-thumb.jpg', 'https://photos.classiccars.com/cc-temp/listing/192/7830/51134103-1956-buick-roadmaster-thumb.jpg', 'https://photos.classiccars.com/cc-temp/listing/192/7830/51134106-1956-buick-roadmaster-thumb.jpg', 'https://photos.classiccars.com/cc-temp/listing/192/7830/51134105-1956-buick-roadmaster-thumb.jpg', 'https://photos.classiccars.com/cc-temp/listing/192/7830/51134111-1956-buick-roadmaster-thumb.jpg', 'https://photos.classiccars.com/cc-temp/listing/192/7830/51134107-1956-buick-roadmaster-thumb.jpg', 'https://photos.classiccars.com/cc-temp/listing/192/7830/51134108-1956-buick-roadmaster-thumb.jpg', 'https://photos.classiccars.com/cc-temp/listing/192/7830/51134109-1956-buick-roadmaster-thumb.jpg', 'https://photos.classiccars.com/cc-temp/listing/192/7830/51134112-1956-buick-roadmaster-thumb.jpg', 'https://photos.classiccars.com/cc-temp/listing/192/7830/51134110-1956-buick-roadmaster-thumb.jpg', 'https://photos.classiccars.com/cc-temp/listing/192/7830/51134113-1956-buick-roadmaster-thumb.jpg', 'https://photos.classiccars.com/cc-temp/listing/192/7830/51134114-1956-buick-roadmaster-thumb.jpg', 'https://photos.classiccars.com/cc-temp/listing/192/7830/51134115-1956-buick-roadmaster-thumb.jpg', 'https://photos.classiccars.com/cc-temp/listing/192/7830/51579980-1956-buick-roadmaster-thumb.jpg', 'https://photos.classiccars.com/cc-temp/listing/192/7830/51580001-1956-buick-roadmaster-thumb.jpg', 'https://photos.classiccars.com/cc-temp/listing/192/7830/51580003-1956-buick-roadmaster-thumb.jpg', 'https://photos.classiccars.com/cc-temp/listing/192/7830/51580004-1956-buick-roadmaster-thumb.jpg', 'https://photos.classiccars.com/cc-temp/listing/192/7830/51580008-1956-buick-roadmaster-thumb.jpg', 'https://photos.classiccars.com/cc-temp/listing/192/7830/51580014-1956-buick-roadmaster-thumb.jpg', 'https://photos.classiccars.com/cc-temp/listing/192/7830/51580022-1956-buick-roadmaster-thumb.jpg', 'https://photos.classiccars.com/cc-temp/listing/192/7830/51580034-1956-buick-roadmaster-thumb.jpg', 'https://photos.classiccars.com/cc-temp/listing/192/7830/51580049-1956-buick-roadmaster-thumb.jpg']"
1967 Chevrolet Nova,"$129,000 (OBO)",Black,Manual,,Nova,Chevrolet, - ,1967,"['https://photos.classiccars.com/cc-temp/listing/141/1067/22529506-1967-chevrolet-nova-thumb.jpg', 'https://photos.classiccars.com/cc-temp/listing/141/1067/22529584-1967-chevrolet-nova-thumb.jpg', 'https://photos.classiccars.com/cc-temp/listing/141/1067/22529541-1967-chevrolet-nova-thumb.jpg', 'https://photos.classiccars.com/cc-temp/listing/141/1067/22529528-1967-chevrolet-nova-thumb.jpg', 'https://photos.classiccars.com/cc-temp/listing/141/1067/22529532-1967-chevrolet-nova-thumb.jpg', 'https://photos.classiccars.com/cc-temp/listing/141/1067/22529515-1967-chevrolet-nova-thumb.jpg', 'https://photos.classiccars.com/cc-temp/listing/141/1067/22529517-1967-chevrolet-nova-thumb.jpg', 'https://photos.classiccars.com/cc-temp/listing/141/1067/22529544-1967-chevrolet-nova-thumb.jpg', 'https://photos.classiccars.com/cc-temp/listing/141/1067/22529543-1967-chevrolet-nova-thumb.jpg', 'https://photos.classiccars.com/cc-temp/listing/141/1067/22529500-1967-chevrolet-nova-thumb.jpg', 'https://photos.classiccars.com/cc-temp/listing/141/1067/22529563-1967-chevrolet-nova-thumb.jpg', 'https://photos.classiccars.com/cc-temp/listing/141/1067/22529508-1967-chevrolet-nova-thumb.jpg', 'https://photos.classiccars.com/cc-temp/listing/141/1067/22529591-1967-chevrolet-nova-thumb.jpg', 'https://photos.classiccars.com/cc-temp/listing/141/1067/22529582-1967-chevrolet-nova-thumb.jpg', 'https://photos.classiccars.com/cc-temp/listing/141/1067/22529556-1967-chevrolet-nova-thumb.jpg', 'https://photos.classiccars.com/cc-temp/listing/141/1067/22529592-1967-chevrolet-nova-thumb.jpg', 'https://photos.classiccars.com/cc-temp/listing/141/1067/22529507-1967-chevrolet-nova-thumb.jpg', 'https://photos.classiccars.com/cc-temp/listing/141/1067/22529518-1967-chevrolet-nova-thumb.jpg', 'https://photos.classiccars.com/cc-temp/listing/141/1067/22529552-1967-chevrolet-nova-thumb.jpg', 'https://photos.classiccars.com/cc-temp/listing/141/1067/22529585-1967-chevrolet-nova-thumb.jpg', 'https://photos.classiccars.com/cc-temp/listing/141/1067/22529529-1967-chevrolet-nova-thumb.jpg', 'https://photos.classiccars.com/cc-temp/listing/141/1067/22529553-1967-chevrolet-nova-thumb.jpg', 'https://photos.classiccars.com/cc-temp/listing/141/1067/22529558-1967-chevrolet-nova-thumb.jpg', 'https://photos.classiccars.com/cc-temp/listing/141/1067/22529587-1967-chevrolet-nova-thumb.jpg', 'https://photos.classiccars.com/cc-temp/listing/141/1067/22529501-1967-chevrolet-nova-thumb.jpg', 'https://photos.classiccars.com/cc-temp/listing/141/1067/22529511-1967-chevrolet-nova-thumb.jpg', 'https://photos.classiccars.com/cc-temp/listing/141/1067/22529512-1967-chevrolet-nova-thumb.jpg', 'https://photos.classiccars.com/cc-temp/listing/141/1067/22529524-1967-chevrolet-nova-thumb.jpg', 'https://photos.classiccars.com/cc-temp/listing/141/1067/22529559-1967-chevrolet-nova-thumb.jpg', 'https://photos.classiccars.com/cc-temp/listing/141/1067/22529557-1967-chevrolet-nova-thumb.jpg', 'https://photos.classiccars.com/cc-temp/listing/141/1067/22529574-1967-chevrolet-nova-thumb.jpg', 'https://photos.classiccars.com/cc-temp/listing/141/1067/22529579-1967-chevrolet-nova-thumb.jpg', 'https://photos.classiccars.com/cc-temp/listing/141/1067/22529581-1967-chevrolet-nova-thumb.jpg', 'https://photos.classiccars.com/cc-temp/listing/141/1067/22529575-1967-chevrolet-nova-thumb.jpg', 'https://photos.classiccars.com/cc-temp/listing/141/1067/22529561-1967-chevrolet-nova-thumb.jpg', 'https://photos.classiccars.com/cc-temp/listing/141/1067/22529583-1967-chevrolet-nova-thumb.jpg', 'https://photos.classiccars.com/cc-temp/listing/141/1067/22529576-1967-chevrolet-nova-thumb.jpg', 'https://photos.classiccars.com/cc-temp/listing/141/1067/22529522-1967-chevrolet-nova-thumb.jpg', 'https://photos.classiccars.com/cc-temp/listing/141/1067/22529594-1967-chevrolet-nova-thumb.jpg', 'https://photos.classiccars.com/cc-temp/listing/141/1067/22529547-1967-chevrolet-nova-thumb.jpg', 'https://photos.classiccars.com/cc-temp/listing/141/1067/22529549-1967-chevrolet-nova-thumb.jpg', 'https://photos.classiccars.com/cc-temp/listing/141/1067/22529595-1967-chevrolet-nova-thumb.jpg', 'https://photos.classiccars.com/cc-temp/listing/141/1067/22529588-1967-chevrolet-nova-thumb.jpg', 'https://photos.classiccars.com/cc-temp/listing/141/1067/22529590-1967-chevrolet-nova-thumb.jpg', 'https://photos.classiccars.com/cc-temp/listing/141/1067/22529551-1967-chevrolet-nova-thumb.jpg', 'https://photos.classiccars.com/cc-temp/listing/141/1067/22529554-1967-chevrolet-nova-thumb.jpg', 'https://photos.classiccars.com/cc-temp/listing/141/1067/22529497-1967-chevrolet-nova-thumb.jpg', 'https://photos.classiccars.com/cc-temp/listing/141/1067/22529530-1967-chevrolet-nova-thumb.jpg', 'https://photos.classiccars.com/cc-temp/listing/141/1067/22529564-1967-chevrolet-nova-thumb.jpg', 'https://photos.classiccars.com/cc-temp/listing/141/1067/22529570-1967-chevrolet-nova-thumb.jpg', 'https://photos.classiccars.com/cc-temp/listing/141/1067/22529499-1967-chevrolet-nova-thumb.jpg', 'https://photos.classiccars.com/cc-temp/listing/141/1067/22529586-1967-chevrolet-nova-thumb.jpg', 'https://photos.classiccars.com/cc-temp/listing/141/1067/22529510-1967-chevrolet-nova-thumb.jpg', 'https://photos.classiccars.com/cc-temp/listing/141/1067/22529573-1967-chevrolet-nova-thumb.jpg', 'https://photos.classiccars.com/cc-temp/listing/141/1067/22529526-1967-chevrolet-nova-thumb.jpg', 'https://photos.classiccars.com/cc-temp/listing/141/1067/22529502-1967-chevrolet-nova-thumb.jpg', 'https://photos.classiccars.com/cc-temp/listing/141/1067/22529503-1967-chevrolet-nova-thumb.jpg', 'https://photos.classiccars.com/cc-temp/listing/141/1067/22529504-1967-chevrolet-nova-thumb.jpg', 'https://photos.classiccars.com/cc-temp/listing/141/1067/22529505-1967-chevrolet-nova-thumb.jpg', 'https://photos.classiccars.com/cc-temp/listing/141/1067/22529509-1967-chevrolet-nova-thumb.jpg', 'https://photos.classiccars.com/cc-temp/listing/141/1067/22529513-1967-chevrolet-nova-thumb.jpg', 'https://photos.classiccars.com/cc-temp/listing/141/1067/22529514-1967-chevrolet-nova-thumb.jpg', 'https://photos.classiccars.com/cc-temp/listing/141/1067/22529516-1967-chevrolet-nova-thumb.jpg', 'https://photos.classiccars.com/cc-temp/listing/141/1067/22529523-1967-chevrolet-nova-thumb.jpg', 'https://photos.classiccars.com/cc-temp/listing/141/1067/22529525-1967-chevrolet-nova-thumb.jpg', 'https://photos.classiccars.com/cc-temp/listing/141/1067/22529527-1967-chevrolet-nova-thumb.jpg', 'https://photos.classiccars.com/cc-temp/listing/141/1067/22529539-1967-chevrolet-nova-thumb.jpg', 'https://photos.classiccars.com/cc-temp/listing/141/1067/22529540-1967-chevrolet-nova-thumb.jpg', 'https://photos.classiccars.com/cc-temp/listing/141/1067/22529542-1967-chevrolet-nova-thumb.jpg', 'https://photos.classiccars.com/cc-temp/listing/141/1067/22529545-1967-chevrolet-nova-thumb.jpg', 'https://photos.classiccars.com/cc-temp/listing/141/1067/22529546-1967-chevrolet-nova-thumb.jpg', 'https://photos.classiccars.com/cc-temp/listing/141/1067/22529548-1967-chevrolet-nova-thumb.jpg', 'https://photos.classiccars.com/cc-temp/listing/141/1067/22529555-1967-chevrolet-nova-thumb.jpg', 'https://photos.classiccars.com/cc-temp/listing/141/1067/22529560-1967-chevrolet-nova-thumb.jpg', 'https://photos.classiccars.com/cc-temp/listing/141/1067/22529562-1967-chevrolet-nova-thumb.jpg', 'https://photos.classiccars.com/cc-temp/listing/141/1067/22529565-1967-chevrolet-nova-thumb.jpg', 'https://photos.classiccars.com/cc-temp/listing/141/1067/22529566-1967-chevrolet-nova-thumb.jpg', 'https://photos.classiccars.com/cc-temp/listing/141/1067/22529568-1967-chevrolet-nova-thumb.jpg', 'https://photos.classiccars.com/cc-temp/listing/141/1067/22529569-1967-chevrolet-nova-thumb.jpg', 'https://photos.classiccars.com/cc-temp/listing/141/1067/22529571-1967-chevrolet-nova-thumb.jpg', 'https://photos.classiccars.com/cc-temp/listing/141/1067/22529572-1967-chevrolet-nova-thumb.jpg', 'https://photos.classiccars.com/cc-temp/listing/141/1067/22529577-1967-chevrolet-nova-thumb.jpg', 'https://photos.classiccars.com/cc-temp/listing/141/1067/22529580-1967-chevrolet-nova-thumb.jpg', 'https://photos.classiccars.com/cc-temp/listing/141/1067/22529531-1967-chevrolet-nova-thumb.jpg', 'https://photos.classiccars.com/cc-temp/listing/141/1067/22529589-1967-chevrolet-nova-thumb.jpg', 'https://photos.classiccars.com/cc-temp/listing/141/1067/22529593-1967-chevrolet-nova-thumb.jpg', 'https://photos.classiccars.com/cc-temp/listing/141/1067/22529550-1967-chevrolet-nova-thumb.jpg', 'https://photos.classiccars.com/cc-temp/listing/141/1067/22529521-1967-chevrolet-nova-thumb.jpg']"
1973 BMW 3.0CS,"$105,500 (OBO)",Verona Red,Manual,,3.0CS,BMW, - ,1973,"['https://photos.classiccars.com/cc-temp/listing/193/1402/51800236-1973-bmw-3-0cs-thumb.jpg', 'https://photos.classiccars.com/cc-temp/listing/193/1402/51800230-1973-bmw-3-0cs-thumb.jpg', 'https://photos.classiccars.com/cc-temp/listing/193/1402/51800231-1973-bmw-3-0cs-thumb.jpg', 'https://photos.classiccars.com/cc-temp/listing/193/1402/51800227-1973-bmw-3-0cs-thumb.jpg', 'https://photos.classiccars.com/cc-temp/listing/193/1402/51800241-1973-bmw-3-0cs-thumb.jpg', 'https://photos.classiccars.com/cc-temp/listing/193/1402/51800242-1973-bmw-3-0cs-thumb.jpg', 'https://photos.classiccars.com/cc-temp/listing/193/1402/51800243-1973-bmw-3-0cs-thumb.jpg', 'https://photos.classiccars.com/cc-temp/listing/193/1402/51800244-1973-bmw-3-0cs-thumb.jpg', 'https://photos.classiccars.com/cc-temp/listing/193/1402/51800234-1973-bmw-3-0cs-thumb.jpg', 'https://photos.classiccars.com/cc-temp/listing/193/1402/51800237-1973-bmw-3-0cs-thumb.jpg', 'https://photos.classiccars.com/cc-temp/listing/193/1402/51800229-1973-bmw-3-0cs-thumb.jpg', 'https://photos.classiccars.com/cc-temp/listing/193/1402/51800233-1973-bmw-3-0cs-thumb.jpg', 'https://photos.classiccars.com/cc-temp/listing/193/1402/51800228-1973-bmw-3-0cs-thumb.jpg', 'https://photos.classiccars.com/cc-temp/listing/193/1402/51800245-1973-bmw-3-0cs-thumb.jpg', 'https://photos.classiccars.com/cc-temp/listing/193/1402/51800238-1973-bmw-3-0cs-thumb.jpg', 'https://photos.classiccars.com/cc-temp/listing/193/1402/51800239-1973-bmw-3-0cs-thumb.jpg', 'https://photos.classiccars.com/cc-temp/listing/193/1402/51800240-1973-bmw-3-0cs-thumb.jpg', 'https://photos.classiccars.com/cc-temp/listing/193/1402/51800232-1973-bmw-3-0cs-thumb.jpg', 'https://photos.classiccars.com/cc-temp/listing/193/1402/51800247-1973-bmw-3-0cs-thumb.jpg', 'https://photos.classiccars.com/cc-temp/listing/193/1402/51800248-1973-bmw-3-0cs-thumb.jpg', 'https://photos.classiccars.com/cc-temp/listing/193/1402/51800256-1973-bmw-3-0cs-thumb.jpg', 'https://photos.classiccars.com/cc-temp/listing/193/1402/51800257-1973-bmw-3-0cs-thumb.jpg', 'https://photos.classiccars.com/cc-temp/listing/193/1402/51800246-1973-bmw-3-0cs-thumb.jpg', 'https://photos.classiccars.com/cc-temp/listing/193/1402/51800249-1973-bmw-3-0cs-thumb.jpg', 'https://photos.classiccars.com/cc-temp/listing/193/1402/51800255-1973-bmw-3-0cs-thumb.jpg', 'https://photos.classiccars.com/cc-temp/listing/193/1402/51800250-1973-bmw-3-0cs-thumb.jpg', 'https://photos.classiccars.com/cc-temp/listing/193/1402/51800252-1973-bmw-3-0cs-thumb.jpg', 'https://photos.classiccars.com/cc-temp/listing/193/1402/51800253-1973-bmw-3-0cs-thumb.jpg', 'https://photos.classiccars.com/cc-temp/listing/193/1402/51800258-1973-bmw-3-0cs-thumb.jpg', 'https://photos.classiccars.com/cc-temp/listing/193/1402/51800259-1973-bmw-3-0cs-thumb.jpg', 'https://photos.classiccars.com/cc-temp/listing/193/1402/51800260-1973-bmw-3-0cs-thumb.jpg', 'https://photos.classiccars.com/cc-temp/listing/193/1402/51800262-1973-bmw-3-0cs-thumb.jpg', 'https://photos.classiccars.com/cc-temp/listing/193/1402/51800263-1973-bmw-3-0cs-thumb.jpg', 'https://photos.classiccars.com/cc-temp/listing/193/1402/51800226-1973-bmw-3-0cs-thumb.jpg']"
1967 Ford Mustang GT,"$64,500",Wimbledon White,Automatic,,Mustang GT,Ford, - Running,1967,"['https://photos.classiccars.com/cc-temp/listing/192/3570/50863421-1967-ford-mustang-gt-thumb.jpg', 'https://photos.classiccars.com/cc-temp/listing/192/3570/50863423-1967-ford-mustang-gt-thumb.jpg', 'https://photos.classiccars.com/cc-temp/listing/192/3570/50863420-1967-ford-mustang-gt-thumb.jpg', 'https://photos.classiccars.com/cc-temp/listing/192/3570/50863425-1967-ford-mustang-gt-thumb.jpg', 'https://photos.classiccars.com/cc-temp/listing/192/3570/50863424-1967-ford-mustang-gt-thumb.jpg', 'https://photos.classiccars.com/cc-temp/listing/192/3570/50863426-1967-ford-mustang-gt-thumb.jpg', 'https://photos.classiccars.com/cc-temp/listing/192/3570/50863419-1967-ford-mustang-gt-thumb.jpg', 'https://photos.classiccars.com/cc-temp/listing/192/3570/50863427-1967-ford-mustang-gt-thumb.jpg', 'https://photos.classiccars.com/cc-temp/listing/192/3570/50863428-1967-ford-mustang-gt-thumb.jpg', 'https://photos.classiccars.com/cc-temp/listing/192/3570/50863429-1967-ford-mustang-gt-thumb.jpg', 'https://photos.classiccars.com/cc-temp/listing/192/3570/50863430-1967-ford-mustang-gt-thumb.jpg', 'https://photos.classiccars.com/cc-temp/listing/192/3570/50863431-1967-ford-mustang-gt-thumb.jpg', 'https://photos.classiccars.com/cc-temp/listing/192/3570/50863432-1967-ford-mustang-gt-thumb.jpg', 'https://photos.classiccars.com/cc-temp/listing/192/3570/50863433-1967-ford-mustang-gt-thumb.jpg', 'https://photos.classiccars.com/cc-temp/listing/192/3570/50863434-1967-ford-mustang-gt-thumb.jpg', 'https://photos.classiccars.com/cc-temp/listing/192/3570/50863435-1967-ford-mustang-gt-thumb.jpg']"
1997 Jaguar XK8,"$15,995",Sapphire Blue,Automatic,,XK8,Jaguar, - ,1997,"['https://photos.classiccars.com/cc-temp/listing/187/9052/48217138-1997-jaguar-xk8-thumb.jpg', 'https://photos.classiccars.com/cc-temp/listing/187/9052/48217144-1997-jaguar-xk8-thumb.jpg', 'https://photos.classiccars.com/cc-temp/listing/187/9052/48217134-1997-jaguar-xk8-thumb.jpg', 'https://photos.classiccars.com/cc-temp/listing/187/9052/48217169-1997-jaguar-xk8-thumb.jpg', 'https://photos.classiccars.com/cc-temp/listing/187/9052/48217172-1997-jaguar-xk8-thumb.jpg', 'https://photos.classiccars.com/cc-temp/listing/187/9052/48217130-1997-jaguar-xk8-thumb.jpg', 'https://photos.classiccars.com/cc-temp/listing/187/9052/48217148-1997-jaguar-xk8-thumb.jpg', 'https://photos.classiccars.com/cc-temp/listing/187/9052/48217151-1997-jaguar-xk8-thumb.jpg', 'https://photos.classiccars.com/cc-temp/listing/187/9052/48217157-1997-jaguar-xk8-thumb.jpg', 'https://photos.classiccars.com/cc-temp/listing/187/9052/48217124-1997-jaguar-xk8-thumb.jpg', 'https://photos.classiccars.com/cc-temp/listing/187/9052/48217165-1997-jaguar-xk8-thumb.jpg', 'https://photos.classiccars.com/cc-temp/listing/187/9052/48217121-1997-jaguar-xk8-thumb.jpg', 'https://photos.classiccars.com/cc-temp/listing/187/9052/48217127-1997-jaguar-xk8-thumb.jpg', 'https://photos.classiccars.com/cc-temp/listing/187/9052/48217159-1997-jaguar-xk8-thumb.jpg', 'https://photos.classiccars.com/cc-temp/listing/187/9052/48217162-1997-jaguar-xk8-thumb.jpg', 'https://photos.classiccars.com/cc-temp/listing/187/9052/48217175-1997-jaguar-xk8-thumb.jpg', 'https://photos.classiccars.com/cc-temp/listing/187/9052/48217178-1997-jaguar-xk8-thumb.jpg', 'https://photos.classiccars.com/cc-temp/listing/187/9052/48217181-1997-jaguar-xk8-thumb.jpg', 'https://photos.classiccars.com/cc-temp/listing/187/9052/48217187-1997-jaguar-xk8-thumb.jpg', 'https://photos.classiccars.com/cc-temp/listing/187/9052/48217190-1997-jaguar-xk8-thumb.jpg', 'https://photos.classiccars.com/cc-temp/listing/187/9052/48217194-1997-jaguar-xk8-thumb.jpg', 'https://photos.classiccars.com/cc-temp/listing/187/9052/48217198-1997-jaguar-xk8-thumb.jpg', 'https://photos.classiccars.com/cc-temp/listing/187/9052/48217201-1997-jaguar-xk8-thumb.jpg', 'https://photos.classiccars.com/cc-temp/listing/187/9052/48217204-1997-jaguar-xk8-thumb.jpg', 'https://photos.classiccars.com/cc-temp/listing/187/9052/48217207-1997-jaguar-xk8-thumb.jpg', 'https://photos.classiccars.com/cc-temp/listing/187/9052/48217210-1997-jaguar-xk8-thumb.jpg', 'https://photos.classiccars.com/cc-temp/listing/187/9052/48217215-1997-jaguar-xk8-thumb.jpg', 'https://photos.classiccars.com/cc-temp/listing/187/9052/48217218-1997-jaguar-xk8-thumb.jpg', 'https://photos.classiccars.com/cc-temp/listing/187/9052/48217221-1997-jaguar-xk8-thumb.jpg']"
1957 Chevrolet Bel Air,"$79,900",Dusk Pearl,Manual,Fully Restored,Bel Air,Chevrolet,Replaced - Running,1957,"['https://photos.classiccars.com/cc-temp/listing/185/4024/51356942-1957-chevrolet-bel-air-thumb.jpg', 'https://photos.classiccars.com/cc-temp/listing/185/4024/48992072-1957-chevrolet-2-dr-hardtop-thumb.jpg', 'https://photos.classiccars.com/cc-temp/listing/185/4024/51356900-1957-chevrolet-bel-air-thumb.jpg', 'https://photos.classiccars.com/cc-temp/listing/185/4024/51356718-1957-chevrolet-bel-air-thumb.jpg', 'https://photos.classiccars.com/cc-temp/listing/185/4024/51356720-1957-chevrolet-bel-air-thumb.jpg', 'https://photos.classiccars.com/cc-temp/listing/185/4024/51356917-1957-chevrolet-bel-air-thumb.jpg', 'https://photos.classiccars.com/cc-temp/listing/185/4024/51356937-1957-chevrolet-bel-air-thumb.jpg', 'https://photos.classiccars.com/cc-temp/listing/185/4024/51356713-1957-chevrolet-bel-air-thumb.jpg', 'https://photos.classiccars.com/cc-temp/listing/185/4024/51356914-1957-chevrolet-bel-air-thumb.jpg', 'https://photos.classiccars.com/cc-temp/listing/185/4024/51356922-1957-chevrolet-bel-air-thumb.jpg', 'https://photos.classiccars.com/cc-temp/listing/185/4024/51356940-1957-chevrolet-bel-air-thumb.jpg', 'https://photos.classiccars.com/cc-temp/listing/185/4024/51356886-1957-chevrolet-bel-air-thumb.jpg', 'https://photos.classiccars.com/cc-temp/listing/185/4024/51356938-1957-chevrolet-bel-air-thumb.jpg', 'https://photos.classiccars.com/cc-temp/listing/185/4024/51356676-1957-chevrolet-bel-air-thumb.jpg', 'https://photos.classiccars.com/cc-temp/listing/185/4024/51356924-1957-chevrolet-bel-air-thumb.jpg', 'https://photos.classiccars.com/cc-temp/listing/185/4024/51356927-1957-chevrolet-bel-air-thumb.jpg', 'https://photos.classiccars.com/cc-temp/listing/185/4024/51356928-1957-chevrolet-bel-air-thumb.jpg', 'https://photos.classiccars.com/cc-temp/listing/185/4024/51356939-1957-chevrolet-bel-air-thumb.jpg', 'https://photos.classiccars.com/cc-temp/listing/185/4024/51356941-1957-chevrolet-bel-air-thumb.jpg', 'https://photos.classiccars.com/cc-temp/listing/185/4024/51356929-1957-chevrolet-bel-air-thumb.jpg', 'https://photos.classiccars.com/cc-temp/listing/185/4024/51356925-1957-chevrolet-bel-air-thumb.jpg', 'https://photos.classiccars.com/cc-temp/listing/185/4024/51356934-1957-chevrolet-bel-air-thumb.jpg', 'https://photos.classiccars.com/cc-temp/listing/185/4024/51356935-1957-chevrolet-bel-air-thumb.jpg', 'https://photos.classiccars.com/cc-temp/listing/185/4024/51356936-1957-chevrolet-bel-air-thumb.jpg', 'https://photos.classiccars.com/cc-temp/listing/185/4024/51356926-1957-chevrolet-bel-air-thumb.jpg', 'https://photos.classiccars.com/cc-temp/listing/185/4024/51356719-1957-chevrolet-bel-air-thumb.jpg', 'https://photos.classiccars.com/cc-temp/listing/185/4024/51356931-1957-chevrolet-bel-air-thumb.jpg']"
1964 Rambler Classic,"$23,500 (OBO)",White,Automatic,,Classic,Rambler, - ,1964,"['https://photos.classiccars.com/cc-temp/listing/185/2814/46392889-1964-rambler-classic-thumb.jpg', 'https://photos.classiccars.com/cc-temp/listing/185/2814/46392886-1964-rambler-classic-thumb.jpg', 'https://photos.classiccars.com/cc-temp/listing/185/2814/46392888-1964-rambler-classic-thumb.jpg', 'https://photos.classiccars.com/cc-temp/listing/185/2814/46392891-1964-rambler-classic-thumb.jpg', 'https://photos.classiccars.com/cc-temp/listing/185/2814/46391960-1964-rambler-classic-thumb.jpg', 'https://photos.classiccars.com/cc-temp/listing/185/2814/46391801-1964-rambler-classic-thumb.jpg', 'https://photos.classiccars.com/cc-temp/listing/185/2814/46391803-1964-rambler-classic-thumb.jpg', 'https://photos.classiccars.com/cc-temp/listing/185/2814/46391536-1964-rambler-classic-thumb.jpg', 'https://photos.classiccars.com/cc-temp/listing/185/2814/46391808-1964-rambler-classic-thumb.jpg', 'https://photos.classiccars.com/cc-temp/listing/185/2814/46391786-1964-rambler-classic-thumb.jpg', 'https://photos.classiccars.com/cc-temp/listing/185/2814/46391792-1964-rambler-classic-thumb.jpg', 'https://photos.classiccars.com/cc-temp/listing/185/2814/46391782-1964-rambler-classic-thumb.jpg', 'https://photos.classiccars.com/cc-temp/listing/185/2814/46391799-1964-rambler-classic-thumb.jpg', 'https://photos.classiccars.com/cc-temp/listing/185/2814/46391496-1964-rambler-classic-thumb.jpg', 'https://photos.classiccars.com/cc-temp/listing/185/2814/46391499-1964-rambler-classic-thumb.jpg', 'https://photos.classiccars.com/cc-temp/listing/185/2814/46391501-1964-rambler-classic-thumb.jpg', 'https://photos.classiccars.com/cc-temp/listing/185/2814/46391503-1964-rambler-classic-thumb.jpg', 'https://photos.classiccars.com/cc-temp/listing/185/2814/46391506-1964-rambler-classic-thumb.jpg', 'https://photos.classiccars.com/cc-temp/listing/185/2814/46391511-1964-rambler-classic-thumb.jpg', 'https://photos.classiccars.com/cc-temp/listing/185/2814/46391513-1964-rambler-classic-thumb.jpg', 'https://photos.classiccars.com/cc-temp/listing/185/2814/46391516-1964-rambler-classic-thumb.jpg', 'https://photos.classiccars.com/cc-temp/listing/185/2814/46391521-1964-rambler-classic-thumb.jpg', 'https://photos.classiccars.com/cc-temp/listing/185/2814/46391525-1964-rambler-classic-thumb.jpg', 'https://photos.classiccars.com/cc-temp/listing/185/2814/46391528-1964-rambler-classic-thumb.jpg', 'https://photos.classiccars.com/cc-temp/listing/185/2814/46391531-1964-rambler-classic-thumb.jpg', 'https://photos.classiccars.com/cc-temp/listing/185/2814/46391534-1964-rambler-classic-thumb.jpg', 'https://photos.classiccars.com/cc-temp/listing/185/2814/46391539-1964-rambler-classic-thumb.jpg', 'https://photos.classiccars.com/cc-temp/listing/185/2814/46391541-1964-rambler-classic-thumb.jpg', 'https://photos.classiccars.com/cc-temp/listing/185/2814/46391546-1964-rambler-classic-thumb.jpg', 'https://photos.classiccars.com/cc-temp/listing/185/2814/46391966-1964-rambler-classic-thumb.jpg', 'https://photos.classiccars.com/cc-temp/listing/185/2814/46391787-1964-rambler-classic-thumb.jpg', 'https://photos.classiccars.com/cc-temp/listing/185/2814/46391794-1964-rambler-classic-thumb.jpg', 'https://photos.classiccars.com/cc-temp/listing/185/2814/46391790-1964-rambler-classic-thumb.jpg', 'https://photos.classiccars.com/cc-temp/listing/185/2814/46391805-1964-rambler-classic-thumb.jpg', 'https://photos.classiccars.com/cc-temp/listing/185/2814/46392109-1964-rambler-classic-thumb.jpg', 'https://photos.classiccars.com/cc-temp/listing/185/2814/46391962-1964-rambler-classic-thumb.jpg', 'https://photos.classiccars.com/cc-temp/listing/185/2814/46391964-1964-rambler-classic-thumb.jpg', 'https://photos.classiccars.com/cc-temp/listing/185/2814/46391965-1964-rambler-classic-thumb.jpg', 'https://photos.classiccars.com/cc-temp/listing/185/2814/46392080-1964-rambler-classic-thumb.jpg', 'https://photos.classiccars.com/cc-temp/listing/185/2814/46392081-1964-rambler-classic-thumb.jpg', 'https://photos.classiccars.com/cc-temp/listing/185/2814/46392083-1964-rambler-classic-thumb.jpg', 'https://photos.classiccars.com/cc-temp/listing/185/2814/46392092-1964-rambler-classic-thumb.jpg', 'https://photos.classiccars.com/cc-temp/listing/185/2814/46392100-1964-rambler-classic-thumb.jpg', 'https://photos.classiccars.com/cc-temp/listing/185/2814/46392107-1964-rambler-classic-thumb.jpg', 'https://photos.classiccars.com/cc-temp/listing/185/2814/46392108-1964-rambler-classic-thumb.jpg', 'https://photos.classiccars.com/cc-temp/listing/185/2814/46391796-1964-rambler-classic-thumb.jpg', 'https://photos.classiccars.com/cc-temp/listing/185/2814/46392110-1964-rambler-classic-thumb.jpg', 'https://photos.classiccars.com/cc-temp/listing/185/2814/46392111-1964-rambler-classic-thumb.jpg', 'https://photos.classiccars.com/cc-temp/listing/185/2814/46392113-1964-rambler-classic-thumb.jpg', 'https://photos.classiccars.com/cc-temp/listing/185/2814/46392796-1964-rambler-classic-thumb.jpg', 'https://photos.classiccars.com/cc-temp/listing/185/2814/46392885-1964-rambler-classic-thumb.jpg', 'https://photos.classiccars.com/cc-temp/listing/185/2814/46392893-1964-rambler-classic-thumb.jpg', 'https://photos.classiccars.com/cc-temp/listing/185/2814/46392894-1964-rambler-classic-thumb.jpg', 'https://photos.classiccars.com/cc-temp/listing/185/2814/46392895-1964-rambler-classic-thumb.jpg', 'https://photos.classiccars.com/cc-temp/listing/185/2814/46392896-1964-rambler-classic-thumb.jpg', 'https://photos.classiccars.com/cc-temp/listing/185/2814/46392897-1964-rambler-classic-thumb.jpg', 'https://photos.classiccars.com/cc-temp/listing/185/2814/46983398-1964-rambler-classic-thumb.jpg']"
1972 Volkswagen Bus,"$44,500",Yellow/White,Manual,,Bus,Volkswagen, - ,1972,"['https://photos.classiccars.com/cc-temp/listing/190/1204/52457036-1972-volkswagen-bus-thumb.jpg', 'https://photos.classiccars.com/cc-temp/listing/190/1204/52457037-1972-volkswagen-bus-thumb.jpg', 'https://photos.classiccars.com/cc-temp/listing/190/1204/52457038-1972-volkswagen-bus-thumb.jpg', 'https://photos.classiccars.com/cc-temp/listing/190/1204/52457039-1972-volkswagen-bus-thumb.jpg', 'https://photos.classiccars.com/cc-temp/listing/190/1204/52457040-1972-volkswagen-bus-thumb.jpg', 'https://photos.classiccars.com/cc-temp/listing/190/1204/52457041-1972-volkswagen-bus-thumb.jpg', 'https://photos.classiccars.com/cc-temp/listing/190/1204/52457042-1972-volkswagen-bus-thumb.jpg', 'https://photos.classiccars.com/cc-temp/listing/190/1204/52457043-1972-volkswagen-bus-thumb.jpg', 'https://photos.classiccars.com/cc-temp/listing/190/1204/52457044-1972-volkswagen-bus-thumb.jpg', 'https://photos.classiccars.com/cc-temp/listing/190/1204/52457045-1972-volkswagen-bus-thumb.jpg', 'https://photos.classiccars.com/cc-temp/listing/190/1204/52457046-1972-volkswagen-bus-thumb.jpg', 'https://photos.classiccars.com/cc-temp/listing/190/1204/52457047-1972-volkswagen-bus-thumb.jpg', 'https://photos.classiccars.com/cc-temp/listing/190/1204/52457048-1972-volkswagen-bus-thumb.jpg', 'https://photos.classiccars.com/cc-temp/listing/190/1204/52457049-1972-volkswagen-bus-thumb.jpg', 'https://photos.classiccars.com/cc-temp/listing/190/1204/52457050-1972-volkswagen-bus-thumb.jpg', 'https://photos.classiccars.com/cc-temp/listing/190/1204/52457051-1972-volkswagen-bus-thumb.jpg', 'https://photos.classiccars.com/cc-temp/listing/190/1204/52457052-1972-volkswagen-bus-thumb.jpg', 'https://photos.classiccars.com/cc-temp/listing/190/1204/52457053-1972-volkswagen-bus-thumb.jpg', 'https://photos.classiccars.com/cc-temp/listing/190/1204/52457054-1972-volkswagen-bus-thumb.jpg', 'https://photos.classiccars.com/cc-temp/listing/190/1204/52457055-1972-volkswagen-bus-thumb.jpg']"
1989 Mercedes-Benz 560SL,"$44,500",Black,Automatic,Unrestored,560SL,Mercedes-Benz,Original - Running,1989,"['https://photos.classiccars.com/cc-temp/listing/151/1805/51602355-1989-mercedes-benz-560sl-thumb.jpg', 'https://photos.classiccars.com/cc-temp/listing/151/1805/51602354-1989-mercedes-benz-560sl-thumb.jpg', 'https://photos.classiccars.com/cc-temp/listing/151/1805/51623719-1989-mercedes-benz-560sl-thumb.jpg', 'https://photos.classiccars.com/cc-temp/listing/151/1805/51623720-1989-mercedes-benz-560sl-thumb.jpg', 'https://photos.classiccars.com/cc-temp/listing/151/1805/51623721-1989-mercedes-benz-560sl-thumb.jpg', 'https://photos.classiccars.com/cc-temp/listing/151/1805/51623718-1989-mercedes-benz-560sl-thumb.jpg', 'https://photos.classiccars.com/cc-temp/listing/151/1805/51623717-1989-mercedes-benz-560sl-thumb.jpg', 'https://photos.classiccars.com/cc-temp/listing/151/1805/51602357-1989-mercedes-benz-560sl-thumb.jpg', 'https://photos.classiccars.com/cc-temp/listing/151/1805/51602356-1989-mercedes-benz-560sl-thumb.jpg', 'https://photos.classiccars.com/cc-temp/listing/151/1805/51602358-1989-mercedes-benz-560sl-thumb.jpg', 'https://photos.classiccars.com/cc-temp/listing/151/1805/51602359-1989-mercedes-benz-560sl-thumb.jpg', 'https://photos.classiccars.com/cc-temp/listing/151/1805/51602360-1989-mercedes-benz-560sl-thumb.jpg', 'https://photos.classiccars.com/cc-temp/listing/151/1805/51602361-1989-mercedes-benz-560sl-thumb.jpg', 'https://photos.classiccars.com/cc-temp/listing/151/1805/51602362-1989-mercedes-benz-560sl-thumb.jpg', 'https://photos.classiccars.com/cc-temp/listing/151/1805/51623715-1989-mercedes-benz-560sl-thumb.jpg', 'https://photos.classiccars.com/cc-temp/listing/151/1805/51623716-1989-mercedes-benz-560sl-thumb.jpg', 'https://photos.classiccars.com/cc-temp/listing/151/1805/52546026-1989-mercedes-benz-560sl-thumb.jpg']"
2024 Chevrolet Camaro ZL1,"$130,000",Panther Black,Manual,,Camaro ZL1,Chevrolet, - ,2024,"['https://photos.classiccars.com/cc-temp/listing/191/4021/50251460-2024-chevrolet-camaro-zl1-thumb.jpg', 'https://photos.classiccars.com/cc-temp/listing/191/4021/50251462-2024-chevrolet-camaro-zl1-thumb.jpg', 'https://photos.classiccars.com/cc-temp/listing/191/4021/50251463-2024-chevrolet-camaro-zl1-thumb.jpg', 'https://photos.classiccars.com/cc-temp/listing/191/4021/50251464-2024-chevrolet-camaro-zl1-thumb.jpg', 'https://photos.classiccars.com/cc-temp/listing/191/4021/50251465-2024-chevrolet-camaro-zl1-thumb.jpg', 'https://photos.classiccars.com/cc-temp/listing/191/4021/50251466-2024-chevrolet-camaro-zl1-thumb.jpg', 'https://photos.classiccars.com/cc-temp/listing/191/4021/50251467-2024-chevrolet-camaro-zl1-thumb.jpg', 'https://photos.classiccars.com/cc-temp/listing/191/4021/50251468-2024-chevrolet-camaro-zl1-thumb.jpg']"
1955 Packard Patrician,"$29,900",Blue and White,Automatic,,Patrician,Packard,Rebuilt - Running,1955,"['https://photos.classiccars.com/cc-temp/listing/186/6111/47459249-1955-packard-patrician-thumb.jpg', 'https://photos.classiccars.com/cc-temp/listing/186/6111/47459290-1955-packard-patrician-thumb.jpg', 'https://photos.classiccars.com/cc-temp/listing/186/6111/47459332-1955-packard-patrician-thumb.jpg', 'https://photos.classiccars.com/cc-temp/listing/186/6111/47459283-1955-packard-patrician-thumb.jpg', 'https://photos.classiccars.com/cc-temp/listing/186/6111/47459339-1955-packard-patrician-thumb.jpg', 'https://photos.classiccars.com/cc-temp/listing/186/6111/47459328-1955-packard-patrician-thumb.jpg', 'https://photos.classiccars.com/cc-temp/listing/186/6111/47459340-1955-packard-patrician-thumb.jpg', 'https://photos.classiccars.com/cc-temp/listing/186/6111/47459337-1955-packard-patrician-thumb.jpg']"
1970 Plymouth Road Runner,"$120,000",Candy Brandy Wine,Automatic,,Road Runner,Plymouth,Replaced - Running,1970,"['https://photos.classiccars.com/cc-temp/listing/192/9911/51256366-1970-plymouth-road-runner-thumb.jpg', 'https://photos.classiccars.com/cc-temp/listing/192/9911/51256367-1970-plymouth-road-runner-thumb.jpg', 'https://photos.classiccars.com/cc-temp/listing/192/9911/51257168-1970-plymouth-road-runner-thumb.jpg', 'https://photos.classiccars.com/cc-temp/listing/192/9911/51256368-1970-plymouth-road-runner-thumb.jpg', 'https://photos.classiccars.com/cc-temp/listing/192/9911/51257167-1970-plymouth-road-runner-thumb.jpg', 'https://photos.classiccars.com/cc-temp/listing/192/9911/51256369-1970-plymouth-road-runner-thumb.jpg', 'https://photos.classiccars.com/cc-temp/listing/192/9911/51325125-1970-plymouth-road-runner-thumb.jpg', 'https://photos.classiccars.com/cc-temp/listing/192/9911/51325124-1970-plymouth-road-runner-thumb.jpg', 'https://photos.classiccars.com/cc-temp/listing/192/9911/51256370-1970-plymouth-road-runner-thumb.jpg', 'https://photos.classiccars.com/cc-temp/listing/192/9911/51256371-1970-plymouth-road-runner-thumb.jpg', 'https://photos.classiccars.com/cc-temp/listing/192/9911/51256372-1970-plymouth-road-runner-thumb.jpg', 'https://photos.classiccars.com/cc-temp/listing/192/9911/51256373-1970-plymouth-road-runner-thumb.jpg', 'https://photos.classiccars.com/cc-temp/listing/192/9911/51256375-1970-plymouth-road-runner-thumb.jpg', 'https://photos.classiccars.com/cc-temp/listing/192/9911/51324822-1970-plymouth-road-runner-thumb.jpg', 'https://photos.classiccars.com/cc-temp/listing/192/9911/51256377-1970-plymouth-road-runner-thumb.jpg', 'https://photos.classiccars.com/cc-temp/listing/192/9911/51256409-1970-plymouth-road-runner-thumb.jpg', 'https://photos.classiccars.com/cc-temp/listing/192/9911/51256374-1970-plymouth-road-runner-thumb.jpg', 'https://photos.classiccars.com/cc-temp/listing/192/9911/51256376-1970-plymouth-road-runner-thumb.jpg', 'https://photos.classiccars.com/cc-temp/listing/192/9911/51256439-1970-plymouth-road-runner-thumb.jpg', 'https://photos.classiccars.com/cc-temp/listing/192/9911/51256388-1970-plymouth-road-runner-thumb.jpg', 'https://photos.classiccars.com/cc-temp/listing/192/9911/51324959-1970-plymouth-road-runner-thumb.jpg', 'https://photos.classiccars.com/cc-temp/listing/192/9911/51256397-1970-plymouth-road-runner-thumb.jpg', 'https://photos.classiccars.com/cc-temp/listing/192/9911/51256378-1970-plymouth-road-runner-thumb.jpg', 'https://photos.classiccars.com/cc-temp/listing/192/9911/51256429-1970-plymouth-road-runner-thumb.jpg']"
1989 AC Cobra,"$45,900 (OBO)",Red,Manual,,Cobra,AC, - Running,1989,"['https://photos.classiccars.com/cc-temp/listing/193/9093/51800080-1989-ac-cobra-thumb.jpg', 'https://photos.classiccars.com/cc-temp/listing/193/9093/51800083-1989-ac-cobra-thumb.jpg', 'https://photos.classiccars.com/cc-temp/listing/193/9093/51800084-1989-ac-cobra-thumb.jpg', 'https://photos.classiccars.com/cc-temp/listing/193/9093/51800086-1989-ac-cobra-thumb.jpg', 'https://photos.classiccars.com/cc-temp/listing/193/9093/51800088-1989-ac-cobra-thumb.jpg', 'https://photos.classiccars.com/cc-temp/listing/193/9093/51800121-1989-ac-cobra-thumb.jpg', 'https://photos.classiccars.com/cc-temp/listing/193/9093/51800123-1989-ac-cobra-thumb.jpg', 'https://photos.classiccars.com/cc-temp/listing/193/9093/51800091-1989-ac-cobra-thumb.jpg', 'https://photos.classiccars.com/cc-temp/listing/193/9093/51800098-1989-ac-cobra-thumb.jpg', 'https://photos.classiccars.com/cc-temp/listing/193/9093/51800103-1989-ac-cobra-thumb.jpg', 'https://photos.classiccars.com/cc-temp/listing/193/9093/51800101-1989-ac-cobra-thumb.jpg', 'https://photos.classiccars.com/cc-temp/listing/193/9093/51800105-1989-ac-cobra-thumb.jpg', 'https://photos.classiccars.com/cc-temp/listing/193/9093/51800102-1989-ac-cobra-thumb.jpg', 'https://photos.classiccars.com/cc-temp/listing/193/9093/51800107-1989-ac-cobra-thumb.jpg', 'https://photos.classiccars.com/cc-temp/listing/193/9093/51800110-1989-ac-cobra-thumb.jpg', 'https://photos.classiccars.com/cc-temp/listing/193/9093/51800095-1989-ac-cobra-thumb.jpg', 'https://photos.classiccars.com/cc-temp/listing/193/9093/51800092-1989-ac-cobra-thumb.jpg', 'https://photos.classiccars.com/cc-temp/listing/193/9093/51800117-1989-ac-cobra-thumb.jpg', 'https://photos.classiccars.com/cc-temp/listing/193/9093/51800118-1989-ac-cobra-thumb.jpg', 'https://photos.classiccars.com/cc-temp/listing/193/9093/51800126-1989-ac-cobra-thumb.jpg', 'https://photos.classiccars.com/cc-temp/listing/193/9093/51800129-1989-ac-cobra-thumb.jpg', 'https://photos.classiccars.com/cc-temp/listing/193/9093/51800125-1989-ac-cobra-thumb.jpg', 'https://photos.classiccars.com/cc-temp/listing/193/9093/51800130-1989-ac-cobra-thumb.jpg', 'https://photos.classiccars.com/cc-temp/listing/193/9093/51800132-1989-ac-cobra-thumb.jpg', 'https://photos.classiccars.com/cc-temp/listing/193/9093/51800133-1989-ac-cobra-thumb.jpg', 'https://photos.classiccars.com/cc-temp/listing/193/9093/51800134-1989-ac-cobra-thumb.jpg', 'https://photos.classiccars.com/cc-temp/listing/193/9093/51800135-1989-ac-cobra-thumb.jpg', 'https://photos.classiccars.com/cc-temp/listing/193/9093/51800136-1989-ac-cobra-thumb.jpg', 'https://photos.classiccars.com/cc-temp/listing/193/9093/51800137-1989-ac-cobra-thumb.jpg', 'https://photos.classiccars.com/cc-temp/listing/193/9093/51800138-1989-ac-cobra-thumb.jpg', 'https://photos.classiccars.com/cc-temp/listing/193/9093/51800139-1989-ac-cobra-thumb.jpg', 'https://photos.classiccars.com/cc-temp/listing/193/9093/51800140-1989-ac-cobra-thumb.jpg', 'https://photos.classiccars.com/cc-temp/listing/193/9093/51800142-1989-ac-cobra-thumb.jpg', 'https://photos.classiccars.com/cc-temp/listing/193/9093/51800144-1989-ac-cobra-thumb.jpg', 'https://photos.classiccars.com/cc-temp/listing/193/9093/51800150-1989-ac-cobra-thumb.jpg', 'https://photos.classiccars.com/cc-temp/listing/193/9093/51800153-1989-ac-cobra-thumb.jpg', 'https://photos.classiccars.com/cc-temp/listing/193/9093/51800155-1989-ac-cobra-thumb.jpg', 'https://photos.classiccars.com/cc-temp/listing/193/9093/51800156-1989-ac-cobra-thumb.jpg', 'https://photos.classiccars.com/cc-temp/listing/193/9093/51800157-1989-ac-cobra-thumb.jpg', 'https://photos.classiccars.com/cc-temp/listing/193/9093/51800158-1989-ac-cobra-thumb.jpg', 'https://photos.classiccars.com/cc-temp/listing/193/9093/51800159-1989-ac-cobra-thumb.jpg', 'https://photos.classiccars.com/cc-temp/listing/193/9093/51800160-1989-ac-cobra-thumb.jpg', 'https://photos.classiccars.com/cc-temp/listing/193/9093/51800161-1989-ac-cobra-thumb.jpg', 'https://photos.classiccars.com/cc-temp/listing/193/9093/51800162-1989-ac-cobra-thumb.jpg', 'https://photos.classiccars.com/cc-temp/listing/193/9093/51800113-1989-ac-cobra-thumb.jpg', 'https://photos.classiccars.com/cc-temp/listing/193/9093/51800114-1989-ac-cobra-thumb.jpg', 'https://photos.classiccars.com/cc-temp/listing/193/9093/51800115-1989-ac-cobra-thumb.jpg', 'https://photos.classiccars.com/cc-temp/listing/193/9093/51800116-1989-ac-cobra-thumb.jpg']"
1963 Ford Falcon,"$25,000 (OBO)",Gold,Automatic,,Falcon,Ford, - ,1963,"['https://photos.classiccars.com/cc-temp/listing/193/6585/51661802-1963-ford-falcon-squire-thumb.jpg', 'https://photos.classiccars.com/cc-temp/listing/193/6585/51661803-1963-ford-falcon-squire-thumb.jpg', 'https://photos.classiccars.com/cc-temp/listing/193/6585/51661808-1963-ford-falcon-squire-thumb.jpg', 'https://photos.classiccars.com/cc-temp/listing/193/6585/51661807-1963-ford-falcon-squire-thumb.jpg', 'https://photos.classiccars.com/cc-temp/listing/193/6585/51661805-1963-ford-falcon-squire-thumb.jpg', 'https://photos.classiccars.com/cc-temp/listing/193/6585/51661806-1963-ford-falcon-squire-thumb.jpg', 'https://photos.classiccars.com/cc-temp/listing/193/6585/51661809-1963-ford-falcon-squire-thumb.jpg', 'https://photos.classiccars.com/cc-temp/listing/193/6585/51661804-1963-ford-falcon-squire-thumb.jpg', 'https://photos.classiccars.com/cc-temp/listing/193/6585/51661810-1963-ford-falcon-squire-thumb.jpg', 'https://photos.classiccars.com/cc-temp/listing/193/6585/51661811-1963-ford-falcon-squire-thumb.jpg']"
1964 Ford Galaxie 500 XL,"$23,000",Off White,Automatic,,Galaxie 500 XL,Ford,Original - Running,1964,"['https://photos.classiccars.com/cc-temp/listing/186/8904/47621426-1964-ford-galaxie-500-xl-thumb.jpg', 'https://photos.classiccars.com/cc-temp/listing/186/8904/47621417-1964-ford-galaxie-500-xl-thumb.jpg', 'https://photos.classiccars.com/cc-temp/listing/186/8904/47621617-1964-ford-galaxie-500-xl-thumb.jpg', 'https://photos.classiccars.com/cc-temp/listing/186/8904/47621609-1964-ford-galaxie-500-xl-thumb.jpg', 'https://photos.classiccars.com/cc-temp/listing/186/8904/47621428-1964-ford-galaxie-500-xl-thumb.jpg', 'https://photos.classiccars.com/cc-temp/listing/186/8904/47621429-1964-ford-galaxie-500-xl-thumb.jpg', 'https://photos.classiccars.com/cc-temp/listing/186/8904/47621418-1964-ford-galaxie-500-xl-thumb.jpg', 'https://photos.classiccars.com/cc-temp/listing/186/8904/47621419-1964-ford-galaxie-500-xl-thumb.jpg', 'https://photos.classiccars.com/cc-temp/listing/186/8904/47621421-1964-ford-galaxie-500-xl-thumb.jpg', 'https://photos.classiccars.com/cc-temp/listing/186/8904/47621423-1964-ford-galaxie-500-xl-thumb.jpg', 'https://photos.classiccars.com/cc-temp/listing/186/8904/47621425-1964-ford-galaxie-500-xl-thumb.jpg', 'https://photos.classiccars.com/cc-temp/listing/186/8904/47621597-1964-ford-galaxie-500-xl-thumb.jpg', 'https://photos.classiccars.com/cc-temp/listing/186/8904/47621613-1964-ford-galaxie-500-xl-thumb.jpg', 'https://photos.classiccars.com/cc-temp/listing/186/8904/47621627-1964-ford-galaxie-500-xl-thumb.jpg', 'https://photos.classiccars.com/cc-temp/listing/186/8904/47621632-1964-ford-galaxie-500-xl-thumb.jpg', 'https://photos.classiccars.com/cc-temp/listing/186/8904/47621648-1964-ford-galaxie-500-xl-thumb.jpg', 'https://photos.classiccars.com/cc-temp/listing/186/8904/47621434-1964-ford-galaxie-500-xl-thumb.jpg', 'https://photos.classiccars.com/cc-temp/listing/186/8904/47621443-1964-ford-galaxie-500-xl-thumb.jpg', 'https://photos.classiccars.com/cc-temp/listing/186/8904/47621439-1964-ford-galaxie-500-xl-thumb.jpg', 'https://photos.classiccars.com/cc-temp/listing/186/8904/47621437-1964-ford-galaxie-500-xl-thumb.jpg', 'https://photos.classiccars.com/cc-temp/listing/186/8904/47621435-1964-ford-galaxie-500-xl-thumb.jpg', 'https://photos.classiccars.com/cc-temp/listing/186/8904/47621433-1964-ford-galaxie-500-xl-thumb.jpg', 'https://photos.classiccars.com/cc-temp/listing/186/8904/47621432-1964-ford-galaxie-500-xl-thumb.jpg', 'https://photos.classiccars.com/cc-temp/listing/186/8904/47621431-1964-ford-galaxie-500-xl-thumb.jpg', 'https://photos.classiccars.com/cc-temp/listing/186/8904/47621653-1964-ford-galaxie-500-xl-thumb.jpg', 'https://photos.classiccars.com/cc-temp/listing/186/8904/47621571-1964-ford-galaxie-500-xl-thumb.jpg', 'https://photos.classiccars.com/cc-temp/listing/186/8904/47621576-1964-ford-galaxie-500-xl-thumb.jpg']"
1971 GMC C/K 10,"$9,000 (OBO)",Primer,Automatic,,C/K 10,GMC,Replaced - Running,1971,"['https://photos.classiccars.com/cc-temp/listing/186/9948/47672199-1971-gmc-c10-thumb.jpg', 'https://photos.classiccars.com/cc-temp/listing/186/9948/47672202-1971-gmc-c10-thumb.jpg', 'https://photos.classiccars.com/cc-temp/listing/186/9948/47672205-1971-gmc-c10-thumb.jpg', 'https://photos.classiccars.com/cc-temp/listing/186/9948/47672201-1971-gmc-c10-thumb.jpg', 'https://photos.classiccars.com/cc-temp/listing/186/9948/47672203-1971-gmc-c10-thumb.jpg', 'https://photos.classiccars.com/cc-temp/listing/186/9948/47672204-1971-gmc-c10-thumb.jpg', 'https://photos.classiccars.com/cc-temp/listing/186/9948/47672207-1971-gmc-c10-thumb.jpg', 'https://photos.classiccars.com/cc-temp/listing/186/9948/47672208-1971-gmc-c10-thumb.jpg', 'https://photos.classiccars.com/cc-temp/listing/186/9948/47672206-1971-gmc-c10-thumb.jpg']"
1965 Ford Thunderbird,"$29,000",Vintage Burgundy,Automatic,Partially Restored,Thunderbird,Ford,Original - Running,1965,"['https://photos.classiccars.com/cc-temp/listing/189/1296/48957510-1965-ford-thunderbird-thumb.jpg', 'https://photos.classiccars.com/cc-temp/listing/189/1296/48957506-1965-ford-thunderbird-thumb.jpg', 'https://photos.classiccars.com/cc-temp/listing/189/1296/48957507-1965-ford-thunderbird-thumb.jpg', 'https://photos.classiccars.com/cc-temp/listing/189/1296/48957508-1965-ford-thunderbird-thumb.jpg', 'https://photos.classiccars.com/cc-temp/listing/189/1296/48957509-1965-ford-thunderbird-thumb.jpg', 'https://photos.classiccars.com/cc-temp/listing/189/1296/48957511-1965-ford-thunderbird-thumb.jpg', 'https://photos.classiccars.com/cc-temp/listing/189/1296/48957512-1965-ford-thunderbird-thumb.jpg', 'https://photos.classiccars.com/cc-temp/listing/189/1296/48957996-1965-ford-thunderbird-thumb.jpg', 'https://photos.classiccars.com/cc-temp/listing/189/1296/48957997-1965-ford-thunderbird-thumb.jpg', 'https://photos.classiccars.com/cc-temp/listing/189/1296/48957998-1965-ford-thunderbird-thumb.jpg', 'https://photos.classiccars.com/cc-temp/listing/189/1296/48957999-1965-ford-thunderbird-thumb.jpg', 'https://photos.classiccars.com/cc-temp/listing/189/1296/48958000-1965-ford-thunderbird-thumb.jpg', 'https://photos.classiccars.com/cc-temp/listing/189/1296/48958001-1965-ford-thunderbird-thumb.jpg', 'https://photos.classiccars.com/cc-temp/listing/189/1296/48958002-1965-ford-thunderbird-thumb.jpg', 'https://photos.classiccars.com/cc-temp/listing/189/1296/48958003-1965-ford-thunderbird-thumb.jpg', 'https://photos.classiccars.com/cc-temp/listing/189/1296/48958004-1965-ford-thunderbird-thumb.jpg', 'https://photos.classiccars.com/cc-temp/listing/189/1296/48958005-1965-ford-thunderbird-thumb.jpg', 'https://photos.classiccars.com/cc-temp/listing/189/1296/48958007-1965-ford-thunderbird-thumb.jpg']"
1962 Ford Thunderbird M Type,"$24,900",Red,Automatic,Unrestored,Thunderbird M Type,Ford,Original - Running,1962,"['https://photos.classiccars.com/cc-temp/listing/141/9781/30405091-1962-ford-thunderbird-thumb.jpg', 'https://photos.classiccars.com/cc-temp/listing/141/9781/30405149-1962-ford-thunderbird-thumb.jpg', 'https://photos.classiccars.com/cc-temp/listing/141/9781/30405097-1962-ford-thunderbird-thumb.jpg', 'https://photos.classiccars.com/cc-temp/listing/141/9781/30405087-1962-ford-thunderbird-thumb.jpg', 'https://photos.classiccars.com/cc-temp/listing/141/9781/30405092-1962-ford-thunderbird-thumb.jpg', 'https://photos.classiccars.com/cc-temp/listing/141/9781/30405094-1962-ford-thunderbird-thumb.jpg', 'https://photos.classiccars.com/cc-temp/listing/141/9781/30405088-1962-ford-thunderbird-thumb.jpg', 'https://photos.classiccars.com/cc-temp/listing/141/9781/30405078-1962-ford-thunderbird-thumb.jpg', 'https://photos.classiccars.com/cc-temp/listing/141/9781/30405067-1962-ford-thunderbird-thumb.jpg', 'https://photos.classiccars.com/cc-temp/listing/141/9781/30405156-1962-ford-thunderbird-thumb.jpg', 'https://photos.classiccars.com/cc-temp/listing/141/9781/30405069-1962-ford-thunderbird-thumb.jpg', 'https://photos.classiccars.com/cc-temp/listing/141/9781/30405158-1962-ford-thunderbird-thumb.jpg', 'https://photos.classiccars.com/cc-temp/listing/141/9781/30405076-1962-ford-thunderbird-thumb.jpg', 'https://photos.classiccars.com/cc-temp/listing/141/9781/22980746-1962-ford-thunderbird-thumb.jpg', 'https://photos.classiccars.com/cc-temp/listing/141/9781/30405066-1962-ford-thunderbird-thumb.jpg', 'https://photos.classiccars.com/cc-temp/listing/141/9781/22980751-1962-ford-thunderbird-thumb.jpg', 'https://photos.classiccars.com/cc-temp/listing/141/9781/30405074-1962-ford-thunderbird-thumb.jpg', 'https://photos.classiccars.com/cc-temp/listing/141/9781/30405126-1962-ford-thunderbird-thumb.jpg', 'https://photos.classiccars.com/cc-temp/listing/141/9781/30405129-1962-ford-thunderbird-thumb.jpg', 'https://photos.classiccars.com/cc-temp/listing/141/9781/30405142-1962-ford-thunderbird-thumb.jpg', 'https://photos.classiccars.com/cc-temp/listing/141/9781/30405161-1962-ford-thunderbird-thumb.jpg', 'https://photos.classiccars.com/cc-temp/listing/141/9781/30405095-1962-ford-thunderbird-thumb.jpg', 'https://photos.classiccars.com/cc-temp/listing/141/9781/30405082-1962-ford-thunderbird-thumb.jpg', 'https://photos.classiccars.com/cc-temp/listing/141/9781/30405137-1962-ford-thunderbird-thumb.jpg', 'https://photos.classiccars.com/cc-temp/listing/141/9781/22980745-1962-ford-thunderbird-thumb.jpg', 'https://photos.classiccars.com/cc-temp/listing/141/9781/30405139-1962-ford-thunderbird-thumb.jpg', 'https://photos.classiccars.com/cc-temp/listing/141/9781/30405075-1962-ford-thunderbird-thumb.jpg', 'https://photos.classiccars.com/cc-temp/listing/141/9781/30405084-1962-ford-thunderbird-thumb.jpg', 'https://photos.classiccars.com/cc-temp/listing/141/9781/22980752-1962-ford-thunderbird-thumb.jpg', 'https://photos.classiccars.com/cc-temp/listing/141/9781/22980753-1962-ford-thunderbird-thumb.jpg', 'https://photos.classiccars.com/cc-temp/listing/141/9781/30405065-1962-ford-thunderbird-thumb.jpg', 'https://photos.classiccars.com/cc-temp/listing/141/9781/30405144-1962-ford-thunderbird-thumb.jpg', 'https://photos.classiccars.com/cc-temp/listing/141/9781/30405153-1962-ford-thunderbird-thumb.jpg', 'https://photos.classiccars.com/cc-temp/listing/141/9781/30405080-1962-ford-thunderbird-thumb.jpg', 'https://photos.classiccars.com/cc-temp/listing/141/9781/30405096-1962-ford-thunderbird-thumb.jpg', 'https://photos.classiccars.com/cc-temp/listing/141/9781/30405099-1962-ford-thunderbird-thumb.jpg', 'https://photos.classiccars.com/cc-temp/listing/141/9781/30405101-1962-ford-thunderbird-thumb.jpg', 'https://photos.classiccars.com/cc-temp/listing/141/9781/30405127-1962-ford-thunderbird-thumb.jpg', 'https://photos.classiccars.com/cc-temp/listing/141/9781/30405128-1962-ford-thunderbird-thumb.jpg', 'https://photos.classiccars.com/cc-temp/listing/141/9781/30405135-1962-ford-thunderbird-thumb.jpg', 'https://photos.classiccars.com/cc-temp/listing/141/9781/30405136-1962-ford-thunderbird-thumb.jpg', 'https://photos.classiccars.com/cc-temp/listing/141/9781/30405141-1962-ford-thunderbird-thumb.jpg', 'https://photos.classiccars.com/cc-temp/listing/141/9781/30405155-1962-ford-thunderbird-thumb.jpg', 'https://photos.classiccars.com/cc-temp/listing/141/9781/30405165-1962-ford-thunderbird-thumb.jpg', 'https://photos.classiccars.com/cc-temp/listing/141/9781/30405166-1962-ford-thunderbird-thumb.jpg', 'https://photos.classiccars.com/cc-temp/listing/141/9781/30405090-1962-ford-thunderbird-thumb.jpg', 'https://photos.classiccars.com/cc-temp/listing/141/9781/30405152-1962-ford-thunderbird-thumb.jpg', 'https://photos.classiccars.com/cc-temp/listing/141/9781/30405098-1962-ford-thunderbird-thumb.jpg', 'https://photos.classiccars.com/cc-temp/listing/141/9781/30405086-1962-ford-thunderbird-thumb.jpg', 'https://photos.classiccars.com/cc-temp/listing/141/9781/30405157-1962-ford-thunderbird-thumb.jpg', 'https://photos.classiccars.com/cc-temp/listing/141/9781/30405079-1962-ford-thunderbird-thumb.jpg', 'https://photos.classiccars.com/cc-temp/listing/141/9781/30405083-1962-ford-thunderbird-thumb.jpg', 'https://photos.classiccars.com/cc-temp/listing/141/9781/30405168-1962-ford-thunderbird-thumb.jpg', 'https://photos.classiccars.com/cc-temp/listing/141/9781/30405133-1962-ford-thunderbird-thumb.jpg', 'https://photos.classiccars.com/cc-temp/listing/141/9781/30405151-1962-ford-thunderbird-thumb.jpg', 'https://photos.classiccars.com/cc-temp/listing/141/9781/30405167-1962-ford-thunderbird-thumb.jpg', 'https://photos.classiccars.com/cc-temp/listing/141/9781/30405100-1962-ford-thunderbird-thumb.jpg', 'https://photos.classiccars.com/cc-temp/listing/141/9781/30405081-1962-ford-thunderbird-thumb.jpg', 'https://photos.classiccars.com/cc-temp/listing/141/9781/30405073-1962-ford-thunderbird-thumb.jpg', 'https://photos.classiccars.com/cc-temp/listing/141/9781/30405072-1962-ford-thunderbird-thumb.jpg', 'https://photos.classiccars.com/cc-temp/listing/141/9781/30405134-1962-ford-thunderbird-thumb.jpg', 'https://photos.classiccars.com/cc-temp/listing/141/9781/30405068-1962-ford-thunderbird-thumb.jpg', 'https://photos.classiccars.com/cc-temp/listing/141/9781/30405170-1962-ford-thunderbird-thumb.jpg', 'https://photos.classiccars.com/cc-temp/listing/141/9781/30405140-1962-ford-thunderbird-thumb.jpg', 'https://photos.classiccars.com/cc-temp/listing/141/9781/30405071-1962-ford-thunderbird-thumb.jpg', 'https://photos.classiccars.com/cc-temp/listing/141/9781/30405148-1962-ford-thunderbird-thumb.jpg', 'https://photos.classiccars.com/cc-temp/listing/141/9781/30405159-1962-ford-thunderbird-thumb.jpg', 'https://photos.classiccars.com/cc-temp/listing/141/9781/30405160-1962-ford-thunderbird-thumb.jpg', 'https://photos.classiccars.com/cc-temp/listing/141/9781/30405085-1962-ford-thunderbird-thumb.jpg', 'https://photos.classiccars.com/cc-temp/listing/141/9781/30405093-1962-ford-thunderbird-thumb.jpg', 'https://photos.classiccars.com/cc-temp/listing/141/9781/22980749-1962-ford-thunderbird-thumb.jpg', 'https://photos.classiccars.com/cc-temp/listing/141/9781/22980747-1962-ford-thunderbird-thumb.jpg', 'https://photos.classiccars.com/cc-temp/listing/141/9781/22980748-1962-ford-thunderbird-thumb.jpg', 'https://photos.classiccars.com/cc-temp/listing/141/9781/30405164-1962-ford-thunderbird-thumb.jpg', 'https://photos.classiccars.com/cc-temp/listing/141/9781/30405103-1962-ford-thunderbird-thumb.jpg', 'https://photos.classiccars.com/cc-temp/listing/141/9781/22980744-1962-ford-thunderbird-thumb.jpg', 'https://photos.classiccars.com/cc-temp/listing/141/9781/30405143-1962-ford-thunderbird-thumb.jpg', 'https://photos.classiccars.com/cc-temp/listing/141/9781/30405102-1962-ford-thunderbird-thumb.jpg', 'https://photos.classiccars.com/cc-temp/listing/141/9781/30405146-1962-ford-thunderbird-thumb.jpg', 'https://photos.classiccars.com/cc-temp/listing/141/9781/30405147-1962-ford-thunderbird-thumb.jpg', 'https://photos.classiccars.com/cc-temp/listing/141/9781/30405163-1962-ford-thunderbird-thumb.jpg', 'https://photos.classiccars.com/cc-temp/listing/141/9781/22980750-1962-ford-thunderbird-thumb.jpg', 'https://photos.classiccars.com/cc-temp/listing/141/9781/30405070-1962-ford-thunderbird-thumb.jpg']"
1968 Ford Mustang,"$150,000",METALIC GREEN,Manual,Fully Restored,Mustang,Ford,Replaced - Running,1968,"['https://photos.classiccars.com/cc-temp/listing/189/915/48934413-1968-ford-mustang-thumb.jpg', 'https://photos.classiccars.com/cc-temp/listing/189/915/48934412-1968-ford-mustang-thumb.jpg', 'https://photos.classiccars.com/cc-temp/listing/189/915/48934410-1968-ford-mustang-thumb.jpg', 'https://photos.classiccars.com/cc-temp/listing/189/915/48934411-1968-ford-mustang-thumb.jpg', 'https://photos.classiccars.com/cc-temp/listing/189/915/48934406-1968-ford-mustang-thumb.jpg', 'https://photos.classiccars.com/cc-temp/listing/189/915/48934660-1968-ford-mustang-thumb.jpg', 'https://photos.classiccars.com/cc-temp/listing/189/915/48934670-1968-ford-mustang-thumb.jpg', 'https://photos.classiccars.com/cc-temp/listing/189/915/48934654-1968-ford-mustang-thumb.jpg', 'https://photos.classiccars.com/cc-temp/listing/189/915/48934409-1968-ford-mustang-thumb.jpg', 'https://photos.classiccars.com/cc-temp/listing/189/915/48934417-1968-ford-mustang-thumb.jpg', 'https://photos.classiccars.com/cc-temp/listing/189/915/48934416-1968-ford-mustang-thumb.jpg', 'https://photos.classiccars.com/cc-temp/listing/189/915/48934408-1968-ford-mustang-thumb.jpg', 'https://photos.classiccars.com/cc-temp/listing/189/915/48934415-1968-ford-mustang-thumb.jpg', 'https://photos.classiccars.com/cc-temp/listing/189/915/48934414-1968-ford-mustang-thumb.jpg', 'https://photos.classiccars.com/cc-temp/listing/189/915/48934423-1968-ford-mustang-thumb.jpg', 'https://photos.classiccars.com/cc-temp/listing/189/915/48934419-1968-ford-mustang-thumb.jpg', 'https://photos.classiccars.com/cc-temp/listing/189/915/48934420-1968-ford-mustang-thumb.jpg', 'https://photos.classiccars.com/cc-temp/listing/189/915/48934421-1968-ford-mustang-thumb.jpg', 'https://photos.classiccars.com/cc-temp/listing/189/915/48934425-1968-ford-mustang-thumb.jpg', 'https://photos.classiccars.com/cc-temp/listing/189/915/48934418-1968-ford-mustang-thumb.jpg', 'https://photos.classiccars.com/cc-temp/listing/189/915/48934422-1968-ford-mustang-thumb.jpg', 'https://photos.classiccars.com/cc-temp/listing/189/915/48934424-1968-ford-mustang-thumb.jpg', 'https://photos.classiccars.com/cc-temp/listing/189/915/48934426-1968-ford-mustang-thumb.jpg', 'https://photos.classiccars.com/cc-temp/listing/189/915/48934427-1968-ford-mustang-thumb.jpg', 'https://photos.classiccars.com/cc-temp/listing/189/915/48934428-1968-ford-mustang-thumb.jpg', 'https://photos.classiccars.com/cc-temp/listing/189/915/48934429-1968-ford-mustang-thumb.jpg', 'https://photos.classiccars.com/cc-temp/listing/189/915/48934430-1968-ford-mustang-thumb.jpg', 'https://photos.classiccars.com/cc-temp/listing/189/915/48934431-1968-ford-mustang-thumb.jpg', 'https://photos.classiccars.com/cc-temp/listing/189/915/48934432-1968-ford-mustang-thumb.jpg', 'https://photos.classiccars.com/cc-temp/listing/189/915/48934433-1968-ford-mustang-thumb.jpg', 'https://photos.classiccars.com/cc-temp/listing/189/915/48934434-1968-ford-mustang-thumb.jpg', 'https://photos.classiccars.com/cc-temp/listing/189/915/48934435-1968-ford-mustang-thumb.jpg', 'https://photos.classiccars.com/cc-temp/listing/189/915/48934436-1968-ford-mustang-thumb.jpg', 'https://photos.classiccars.com/cc-temp/listing/189/915/48934437-1968-ford-mustang-thumb.jpg', 'https://photos.classiccars.com/cc-temp/listing/189/915/48934438-1968-ford-mustang-thumb.jpg', 'https://photos.classiccars.com/cc-temp/listing/189/915/48934439-1968-ford-mustang-thumb.jpg', 'https://photos.classiccars.com/cc-temp/listing/189/915/48934440-1968-ford-mustang-thumb.jpg', 'https://photos.classiccars.com/cc-temp/listing/189/915/48934441-1968-ford-mustang-thumb.jpg', 'https://photos.classiccars.com/cc-temp/listing/189/915/48934442-1968-ford-mustang-thumb.jpg', 'https://photos.classiccars.com/cc-temp/listing/189/915/48934443-1968-ford-mustang-thumb.jpg', 'https://photos.classiccars.com/cc-temp/listing/189/915/48934444-1968-ford-mustang-thumb.jpg', 'https://photos.classiccars.com/cc-temp/listing/189/915/48934445-1968-ford-mustang-thumb.jpg', 'https://photos.classiccars.com/cc-temp/listing/189/915/48934446-1968-ford-mustang-thumb.jpg', 'https://photos.classiccars.com/cc-temp/listing/189/915/48934447-1968-ford-mustang-thumb.jpg', 'https://photos.classiccars.com/cc-temp/listing/189/915/48934557-1968-ford-mustang-thumb.jpg', 'https://photos.classiccars.com/cc-temp/listing/189/915/48934558-1968-ford-mustang-thumb.jpg', 'https://photos.classiccars.com/cc-temp/listing/189/915/48934559-1968-ford-mustang-thumb.jpg']"
1969 Chevrolet Chevelle SS,"$59,900 (OBO)",Black Forest Green,Automatic,,Chevelle SS,Chevrolet, - ,1969,"['https://photos.classiccars.com/cc-temp/listing/186/1952/47128634-1969-chevrolet-chevelle-ss-thumb.jpg', 'https://photos.classiccars.com/cc-temp/listing/186/1952/47128629-1969-chevrolet-chevelle-ss-thumb.jpg', 'https://photos.classiccars.com/cc-temp/listing/186/1952/47128640-1969-chevrolet-chevelle-ss-thumb.jpg', 'https://photos.classiccars.com/cc-temp/listing/186/1952/47128684-1969-chevrolet-chevelle-ss-thumb.jpg', 'https://photos.classiccars.com/cc-temp/listing/186/1952/47128643-1969-chevrolet-chevelle-ss-thumb.jpg', 'https://photos.classiccars.com/cc-temp/listing/186/1952/47128845-1969-chevrolet-chevelle-ss-thumb.jpg', 'https://photos.classiccars.com/cc-temp/listing/186/1952/47128685-1969-chevrolet-chevelle-ss-thumb.jpg', 'https://photos.classiccars.com/cc-temp/listing/186/1952/47128631-1969-chevrolet-chevelle-ss-thumb.jpg', 'https://photos.classiccars.com/cc-temp/listing/186/1952/47128686-1969-chevrolet-chevelle-ss-thumb.jpg', 'https://photos.classiccars.com/cc-temp/listing/186/1952/47128635-1969-chevrolet-chevelle-ss-thumb.jpg', 'https://photos.classiccars.com/cc-temp/listing/186/1952/47128844-1969-chevrolet-chevelle-ss-thumb.jpg', 'https://photos.classiccars.com/cc-temp/listing/186/1952/47128687-1969-chevrolet-chevelle-ss-thumb.jpg', 'https://photos.classiccars.com/cc-temp/listing/186/1952/47128857-1969-chevrolet-chevelle-ss-thumb.jpg', 'https://photos.classiccars.com/cc-temp/listing/186/1952/47128688-1969-chevrolet-chevelle-ss-thumb.jpg', 'https://photos.classiccars.com/cc-temp/listing/186/1952/47128689-1969-chevrolet-chevelle-ss-thumb.jpg', 'https://photos.classiccars.com/cc-temp/listing/186/1952/49720624-1969-chevrolet-chevelle-ss-thumb.jpg', 'https://photos.classiccars.com/cc-temp/listing/186/1952/49720625-1969-chevrolet-chevelle-ss-thumb.jpg', 'https://photos.classiccars.com/cc-temp/listing/186/1952/49720626-1969-chevrolet-chevelle-ss-thumb.jpg', 'https://photos.classiccars.com/cc-temp/listing/186/1952/49720627-1969-chevrolet-chevelle-ss-thumb.jpg', 'https://photos.classiccars.com/cc-temp/listing/186/1952/49720628-1969-chevrolet-chevelle-ss-thumb.jpg', 'https://photos.classiccars.com/cc-temp/listing/186/1952/49720629-1969-chevrolet-chevelle-ss-thumb.jpg', 'https://photos.classiccars.com/cc-temp/listing/186/1952/49720630-1969-chevrolet-chevelle-ss-thumb.jpg', 'https://photos.classiccars.com/cc-temp/listing/186/1952/49720631-1969-chevrolet-chevelle-ss-thumb.jpg', 'https://photos.classiccars.com/cc-temp/listing/186/1952/49720632-1969-chevrolet-chevelle-ss-thumb.jpg', 'https://photos.classiccars.com/cc-temp/listing/186/1952/49720633-1969-chevrolet-chevelle-ss-thumb.jpg', 'https://photos.classiccars.com/cc-temp/listing/186/1952/49720634-1969-chevrolet-chevelle-ss-thumb.jpg', 'https://photos.classiccars.com/cc-temp/listing/186/1952/49720635-1969-chevrolet-chevelle-ss-thumb.jpg', 'https://photos.classiccars.com/cc-temp/listing/186/1952/49720636-1969-chevrolet-chevelle-ss-thumb.jpg', 'https://photos.classiccars.com/cc-temp/listing/186/1952/49720637-1969-chevrolet-chevelle-ss-thumb.jpg', 'https://photos.classiccars.com/cc-temp/listing/186/1952/49720638-1969-chevrolet-chevelle-ss-thumb.jpg', 'https://photos.classiccars.com/cc-temp/listing/186/1952/49720639-1969-chevrolet-chevelle-ss-thumb.jpg']"
1959 Chevrolet Apache,"$95,000",Indian Tourquoise,Manual,,Apache,Chevrolet, - ,1959,"['https://photos.classiccars.com/cc-temp/listing/193/6672/51666088-1959-chevrolet-apache-thumb.jpg', 'https://photos.classiccars.com/cc-temp/listing/193/6672/51666884-1959-chevrolet-apache-thumb.jpg', 'https://photos.classiccars.com/cc-temp/listing/193/6672/51666896-1959-chevrolet-apache-thumb.jpg', 'https://photos.classiccars.com/cc-temp/listing/193/6672/51666905-1959-chevrolet-apache-thumb.jpg', 'https://photos.classiccars.com/cc-temp/listing/193/6672/51666902-1959-chevrolet-apache-thumb.jpg', 'https://photos.classiccars.com/cc-temp/listing/193/6672/51666904-1959-chevrolet-apache-thumb.jpg', 'https://photos.classiccars.com/cc-temp/listing/193/6672/51666927-1959-chevrolet-apache-thumb.jpg', 'https://photos.classiccars.com/cc-temp/listing/193/6672/51666089-1959-chevrolet-apache-thumb.jpg', 'https://photos.classiccars.com/cc-temp/listing/193/6672/51667428-1959-chevrolet-apache-thumb.jpg', 'https://photos.classiccars.com/cc-temp/listing/193/6672/51666952-1959-chevrolet-apache-thumb.jpg', 'https://photos.classiccars.com/cc-temp/listing/193/6672/51666981-1959-chevrolet-apache-thumb.jpg', 'https://photos.classiccars.com/cc-temp/listing/193/6672/51666982-1959-chevrolet-apache-thumb.jpg', 'https://photos.classiccars.com/cc-temp/listing/193/6672/51666986-1959-chevrolet-apache-thumb.jpg', 'https://photos.classiccars.com/cc-temp/listing/193/6672/51666929-1959-chevrolet-apache-thumb.jpg', 'https://photos.classiccars.com/cc-temp/listing/193/6672/51667001-1959-chevrolet-apache-thumb.jpg', 'https://photos.classiccars.com/cc-temp/listing/193/6672/51667005-1959-chevrolet-apache-thumb.jpg', 'https://photos.classiccars.com/cc-temp/listing/193/6672/51666951-1959-chevrolet-apache-thumb.jpg', 'https://photos.classiccars.com/cc-temp/listing/193/6672/51666933-1959-chevrolet-apache-thumb.jpg', 'https://photos.classiccars.com/cc-temp/listing/193/6672/51667153-1959-chevrolet-apache-thumb.jpg', 'https://photos.classiccars.com/cc-temp/listing/193/6672/51667159-1959-chevrolet-apache-thumb.jpg', 'https://photos.classiccars.com/cc-temp/listing/193/6672/51667158-1959-chevrolet-apache-thumb.jpg', 'https://photos.classiccars.com/cc-temp/listing/193/6672/51666826-1959-chevrolet-apache-thumb.jpg', 'https://photos.classiccars.com/cc-temp/listing/193/6672/51666833-1959-chevrolet-apache-thumb.jpg', 'https://photos.classiccars.com/cc-temp/listing/193/6672/51666835-1959-chevrolet-apache-thumb.jpg', 'https://photos.classiccars.com/cc-temp/listing/193/6672/51666849-1959-chevrolet-apache-thumb.jpg', 'https://photos.classiccars.com/cc-temp/listing/193/6672/51666968-1959-chevrolet-apache-thumb.jpg', 'https://photos.classiccars.com/cc-temp/listing/193/6672/51666855-1959-chevrolet-apache-thumb.jpg', 'https://photos.classiccars.com/cc-temp/listing/193/6672/51666831-1959-chevrolet-apache-thumb.jpg', 'https://photos.classiccars.com/cc-temp/listing/193/6672/51666859-1959-chevrolet-apache-thumb.jpg', 'https://photos.classiccars.com/cc-temp/listing/193/6672/51667006-1959-chevrolet-apache-thumb.jpg', 'https://photos.classiccars.com/cc-temp/listing/193/6672/51667007-1959-chevrolet-apache-thumb.jpg', 'https://photos.classiccars.com/cc-temp/listing/193/6672/51667009-1959-chevrolet-apache-thumb.jpg', 'https://photos.classiccars.com/cc-temp/listing/193/6672/51667028-1959-chevrolet-apache-thumb.jpg', 'https://photos.classiccars.com/cc-temp/listing/193/6672/51667040-1959-chevrolet-apache-thumb.jpg', 'https://photos.classiccars.com/cc-temp/listing/193/6672/51667043-1959-chevrolet-apache-thumb.jpg', 'https://photos.classiccars.com/cc-temp/listing/193/6672/51667048-1959-chevrolet-apache-thumb.jpg', 'https://photos.classiccars.com/cc-temp/listing/193/6672/51667054-1959-chevrolet-apache-thumb.jpg', 'https://photos.classiccars.com/cc-temp/listing/193/6672/51667072-1959-chevrolet-apache-thumb.jpg', 'https://photos.classiccars.com/cc-temp/listing/193/6672/51667081-1959-chevrolet-apache-thumb.jpg', 'https://photos.classiccars.com/cc-temp/listing/193/6672/51667084-1959-chevrolet-apache-thumb.jpg', 'https://photos.classiccars.com/cc-temp/listing/193/6672/51667088-1959-chevrolet-apache-thumb.jpg', 'https://photos.classiccars.com/cc-temp/listing/193/6672/51667089-1959-chevrolet-apache-thumb.jpg', 'https://photos.classiccars.com/cc-temp/listing/193/6672/51667106-1959-chevrolet-apache-thumb.jpg', 'https://photos.classiccars.com/cc-temp/listing/193/6672/51667108-1959-chevrolet-apache-thumb.jpg', 'https://photos.classiccars.com/cc-temp/listing/193/6672/51667110-1959-chevrolet-apache-thumb.jpg', 'https://photos.classiccars.com/cc-temp/listing/193/6672/51667111-1959-chevrolet-apache-thumb.jpg', 'https://photos.classiccars.com/cc-temp/listing/193/6672/51667118-1959-chevrolet-apache-thumb.jpg', 'https://photos.classiccars.com/cc-temp/listing/193/6672/51667127-1959-chevrolet-apache-thumb.jpg', 'https://photos.classiccars.com/cc-temp/listing/193/6672/51667132-1959-chevrolet-apache-thumb.jpg', 'https://photos.classiccars.com/cc-temp/listing/193/6672/51667134-1959-chevrolet-apache-thumb.jpg', 'https://photos.classiccars.com/cc-temp/listing/193/6672/51667136-1959-chevrolet-apache-thumb.jpg', 'https://photos.classiccars.com/cc-temp/listing/193/6672/51667137-1959-chevrolet-apache-thumb.jpg', 'https://photos.classiccars.com/cc-temp/listing/193/6672/51667161-1959-chevrolet-apache-thumb.jpg', 'https://photos.classiccars.com/cc-temp/listing/193/6672/51667162-1959-chevrolet-apache-thumb.jpg', 'https://photos.classiccars.com/cc-temp/listing/193/6672/51667163-1959-chevrolet-apache-thumb.jpg', 'https://photos.classiccars.com/cc-temp/listing/193/6672/51667177-1959-chevrolet-apache-thumb.jpg', 'https://photos.classiccars.com/cc-temp/listing/193/6672/51667185-1959-chevrolet-apache-thumb.jpg', 'https://photos.classiccars.com/cc-temp/listing/193/6672/51667186-1959-chevrolet-apache-thumb.jpg', 'https://photos.classiccars.com/cc-temp/listing/193/6672/51667187-1959-chevrolet-apache-thumb.jpg', 'https://photos.classiccars.com/cc-temp/listing/193/6672/51667189-1959-chevrolet-apache-thumb.jpg', 'https://photos.classiccars.com/cc-temp/listing/193/6672/51667201-1959-chevrolet-apache-thumb.jpg', 'https://photos.classiccars.com/cc-temp/listing/193/6672/51667210-1959-chevrolet-apache-thumb.jpg', 'https://photos.classiccars.com/cc-temp/listing/193/6672/51667211-1959-chevrolet-apache-thumb.jpg', 'https://photos.classiccars.com/cc-temp/listing/193/6672/51667212-1959-chevrolet-apache-thumb.jpg', 'https://photos.classiccars.com/cc-temp/listing/193/6672/51667217-1959-chevrolet-apache-thumb.jpg', 'https://photos.classiccars.com/cc-temp/listing/193/6672/51667229-1959-chevrolet-apache-thumb.jpg', 'https://photos.classiccars.com/cc-temp/listing/193/6672/51667236-1959-chevrolet-apache-thumb.jpg', 'https://photos.classiccars.com/cc-temp/listing/193/6672/51667237-1959-chevrolet-apache-thumb.jpg', 'https://photos.classiccars.com/cc-temp/listing/193/6672/51667243-1959-chevrolet-apache-thumb.jpg', 'https://photos.classiccars.com/cc-temp/listing/193/6672/51667252-1959-chevrolet-apache-thumb.jpg', 'https://photos.classiccars.com/cc-temp/listing/193/6672/51667260-1959-chevrolet-apache-thumb.jpg', 'https://photos.classiccars.com/cc-temp/listing/193/6672/51667261-1959-chevrolet-apache-thumb.jpg', 'https://photos.classiccars.com/cc-temp/listing/193/6672/51667262-1959-chevrolet-apache-thumb.jpg', 'https://photos.classiccars.com/cc-temp/listing/193/6672/51667271-1959-chevrolet-apache-thumb.jpg', 'https://photos.classiccars.com/cc-temp/listing/193/6672/51667280-1959-chevrolet-apache-thumb.jpg', 'https://photos.classiccars.com/cc-temp/listing/193/6672/51667285-1959-chevrolet-apache-thumb.jpg', 'https://photos.classiccars.com/cc-temp/listing/193/6672/51667286-1959-chevrolet-apache-thumb.jpg', 'https://photos.classiccars.com/cc-temp/listing/193/6672/51667287-1959-chevrolet-apache-thumb.jpg', 'https://photos.classiccars.com/cc-temp/listing/193/6672/51667288-1959-chevrolet-apache-thumb.jpg', 'https://photos.classiccars.com/cc-temp/listing/193/6672/51667309-1959-chevrolet-apache-thumb.jpg', 'https://photos.classiccars.com/cc-temp/listing/193/6672/51667310-1959-chevrolet-apache-thumb.jpg', 'https://photos.classiccars.com/cc-temp/listing/193/6672/51667311-1959-chevrolet-apache-thumb.jpg', 'https://photos.classiccars.com/cc-temp/listing/193/6672/51667312-1959-chevrolet-apache-thumb.jpg', 'https://photos.classiccars.com/cc-temp/listing/193/6672/51667315-1959-chevrolet-apache-thumb.jpg', 'https://photos.classiccars.com/cc-temp/listing/193/6672/51666925-1959-chevrolet-apache-thumb.jpg', 'https://photos.classiccars.com/cc-temp/listing/193/6672/51667337-1959-chevrolet-apache-thumb.jpg', 'https://photos.classiccars.com/cc-temp/listing/193/6672/51667339-1959-chevrolet-apache-thumb.jpg', 'https://photos.classiccars.com/cc-temp/listing/193/6672/51667344-1959-chevrolet-apache-thumb.jpg', 'https://photos.classiccars.com/cc-temp/listing/193/6672/51667144-1959-chevrolet-apache-thumb.jpg', 'https://photos.classiccars.com/cc-temp/listing/193/6672/51667424-1959-chevrolet-apache-thumb.jpg', 'https://photos.classiccars.com/cc-temp/listing/193/6672/51906270-1959-chevrolet-apache-thumb.jpg', 'https://photos.classiccars.com/cc-temp/listing/193/6672/51906340-1959-chevrolet-apache-thumb.jpg', 'https://photos.classiccars.com/cc-temp/listing/193/6672/51906343-1959-chevrolet-apache-thumb.jpg', 'https://photos.classiccars.com/cc-temp/listing/193/6672/51906344-1959-chevrolet-apache-thumb.jpg', 'https://photos.classiccars.com/cc-temp/listing/193/6672/51906455-1959-chevrolet-apache-thumb.jpg']"
1963 Ford Fairlane,"$13,750 (OBO)",Cream white,Automatic,,Fairlane,Ford, - ,1963,"['https://photos.classiccars.com/cc-temp/listing/191/3394/50214870-1966-ford-fairlane-thumb.jpg', 'https://photos.classiccars.com/cc-temp/listing/191/3394/50214871-1966-ford-fairlane-thumb.jpg', 'https://photos.classiccars.com/cc-temp/listing/191/3394/50214872-1966-ford-fairlane-thumb.jpg', 'https://photos.classiccars.com/cc-temp/listing/191/3394/50214873-1966-ford-fairlane-thumb.jpg', 'https://photos.classiccars.com/cc-temp/listing/191/3394/50214874-1966-ford-fairlane-thumb.jpg', 'https://photos.classiccars.com/cc-temp/listing/191/3394/50214875-1966-ford-fairlane-thumb.jpg', 'https://photos.classiccars.com/cc-temp/listing/191/3394/50214876-1966-ford-fairlane-thumb.jpg', 'https://photos.classiccars.com/cc-temp/listing/191/3394/50214877-1966-ford-fairlane-thumb.jpg', 'https://photos.classiccars.com/cc-temp/listing/191/3394/50214878-1966-ford-fairlane-thumb.jpg', 'https://photos.classiccars.com/cc-temp/listing/191/3394/50214879-1966-ford-fairlane-thumb.jpg', 'https://photos.classiccars.com/cc-temp/listing/191/3394/50214880-1966-ford-fairlane-thumb.jpg', 'https://photos.classiccars.com/cc-temp/listing/191/3394/50214881-1966-ford-fairlane-thumb.jpg']"
1968 Chevrolet Chevelle SS,"$65,500 (OBO)",Island Teal,Automatic,Fully Restored,Chevelle SS,Chevrolet,Rebuilt - Running,1968,"['https://photos.classiccars.com/cc-temp/listing/188/2189/49227144-1968-chevrolet-chevelle-ss-thumb.jpg', 'https://photos.classiccars.com/cc-temp/listing/188/2189/49227145-1968-chevrolet-chevelle-ss-thumb.jpg', 'https://photos.classiccars.com/cc-temp/listing/188/2189/49227146-1968-chevrolet-chevelle-ss-thumb.jpg', 'https://photos.classiccars.com/cc-temp/listing/188/2189/49227147-1968-chevrolet-chevelle-ss-thumb.jpg', 'https://photos.classiccars.com/cc-temp/listing/188/2189/49227148-1968-chevrolet-chevelle-ss-thumb.jpg', 'https://photos.classiccars.com/cc-temp/listing/188/2189/48446392-1968-chevrolet-chevelle-ss-thumb.jpg', 'https://photos.classiccars.com/cc-temp/listing/188/2189/48446390-1968-chevrolet-chevelle-ss-thumb.jpg', 'https://photos.classiccars.com/cc-temp/listing/188/2189/48446391-1968-chevrolet-chevelle-ss-thumb.jpg', 'https://photos.classiccars.com/cc-temp/listing/188/2189/48446371-1968-chevrolet-chevelle-ss-thumb.jpg', 'https://photos.classiccars.com/cc-temp/listing/188/2189/48446396-1968-chevrolet-chevelle-ss-thumb.jpg', 'https://photos.classiccars.com/cc-temp/listing/188/2189/48446398-1968-chevrolet-chevelle-ss-thumb.jpg', 'https://photos.classiccars.com/cc-temp/listing/188/2189/48446399-1968-chevrolet-chevelle-ss-thumb.jpg', 'https://photos.classiccars.com/cc-temp/listing/188/2189/48446400-1968-chevrolet-chevelle-ss-thumb.jpg', 'https://photos.classiccars.com/cc-temp/listing/188/2189/48446401-1968-chevrolet-chevelle-ss-thumb.jpg', 'https://photos.classiccars.com/cc-temp/listing/188/2189/48446402-1968-chevrolet-chevelle-ss-thumb.jpg', 'https://photos.classiccars.com/cc-temp/listing/188/2189/48446403-1968-chevrolet-chevelle-ss-thumb.jpg', 'https://photos.classiccars.com/cc-temp/listing/188/2189/48446404-1968-chevrolet-chevelle-ss-thumb.jpg', 'https://photos.classiccars.com/cc-temp/listing/188/2189/48446405-1968-chevrolet-chevelle-ss-thumb.jpg', 'https://photos.classiccars.com/cc-temp/listing/188/2189/48446406-1968-chevrolet-chevelle-ss-thumb.jpg', 'https://photos.classiccars.com/cc-temp/listing/188/2189/48446407-1968-chevrolet-chevelle-ss-thumb.jpg', 'https://photos.classiccars.com/cc-temp/listing/188/2189/48446408-1968-chevrolet-chevelle-ss-thumb.jpg', 'https://photos.classiccars.com/cc-temp/listing/188/2189/48446409-1968-chevrolet-chevelle-ss-thumb.jpg', 'https://photos.classiccars.com/cc-temp/listing/188/2189/48446410-1968-chevrolet-chevelle-ss-thumb.jpg', 'https://photos.classiccars.com/cc-temp/listing/188/2189/48446411-1968-chevrolet-chevelle-ss-thumb.jpg', 'https://photos.classiccars.com/cc-temp/listing/188/2189/48446412-1968-chevrolet-chevelle-ss-thumb.jpg', 'https://photos.classiccars.com/cc-temp/listing/188/2189/48446413-1968-chevrolet-chevelle-ss-thumb.jpg', 'https://photos.classiccars.com/cc-temp/listing/188/2189/48446414-1968-chevrolet-chevelle-ss-thumb.jpg', 'https://photos.classiccars.com/cc-temp/listing/188/2189/48446375-1968-chevrolet-chevelle-ss-thumb.jpg', 'https://photos.classiccars.com/cc-temp/listing/188/2189/48446376-1968-chevrolet-chevelle-ss-thumb.jpg', 'https://photos.classiccars.com/cc-temp/listing/188/2189/48446378-1968-chevrolet-chevelle-ss-thumb.jpg', 'https://photos.classiccars.com/cc-temp/listing/188/2189/48446373-1968-chevrolet-chevelle-ss-thumb.jpg', 'https://photos.classiccars.com/cc-temp/listing/188/2189/48446415-1968-chevrolet-chevelle-ss-thumb.jpg', 'https://photos.classiccars.com/cc-temp/listing/188/2189/48446416-1968-chevrolet-chevelle-ss-thumb.jpg', 'https://photos.classiccars.com/cc-temp/listing/188/2189/48446383-1968-chevrolet-chevelle-ss-thumb.jpg', 'https://photos.classiccars.com/cc-temp/listing/188/2189/48446379-1968-chevrolet-chevelle-ss-thumb.jpg', 'https://photos.classiccars.com/cc-temp/listing/188/2189/48446381-1968-chevrolet-chevelle-ss-thumb.jpg', 'https://photos.classiccars.com/cc-temp/listing/188/2189/48446385-1968-chevrolet-chevelle-ss-thumb.jpg', 'https://photos.classiccars.com/cc-temp/listing/188/2189/48446417-1968-chevrolet-chevelle-ss-thumb.jpg', 'https://photos.classiccars.com/cc-temp/listing/188/2189/48446418-1968-chevrolet-chevelle-ss-thumb.jpg', 'https://photos.classiccars.com/cc-temp/listing/188/2189/48446384-1968-chevrolet-chevelle-ss-thumb.jpg', 'https://photos.classiccars.com/cc-temp/listing/188/2189/48446419-1968-chevrolet-chevelle-ss-thumb.jpg', 'https://photos.classiccars.com/cc-temp/listing/188/2189/48446420-1968-chevrolet-chevelle-ss-thumb.jpg', 'https://photos.classiccars.com/cc-temp/listing/188/2189/48446386-1968-chevrolet-chevelle-ss-thumb.jpg', 'https://photos.classiccars.com/cc-temp/listing/188/2189/48446421-1968-chevrolet-chevelle-ss-thumb.jpg', 'https://photos.classiccars.com/cc-temp/listing/188/2189/48446422-1968-chevrolet-chevelle-ss-thumb.jpg']"
1969 Chevrolet Camaro,"$90,000",Black,Manual,,Camaro,Chevrolet, - ,1969,"['https://photos.classiccars.com/cc-temp/listing/189/4219/49116722-1969-chevrolet-camaro-thumb.jpg', 'https://photos.classiccars.com/cc-temp/listing/189/4219/49116723-1969-chevrolet-camaro-thumb.jpg', 'https://photos.classiccars.com/cc-temp/listing/189/4219/49116724-1969-chevrolet-camaro-thumb.jpg', 'https://photos.classiccars.com/cc-temp/listing/189/4219/49116725-1969-chevrolet-camaro-thumb.jpg', 'https://photos.classiccars.com/cc-temp/listing/189/4219/49116726-1969-chevrolet-camaro-thumb.jpg', 'https://photos.classiccars.com/cc-temp/listing/189/4219/49116727-1969-chevrolet-camaro-thumb.jpg', 'https://photos.classiccars.com/cc-temp/listing/189/4219/49116728-1969-chevrolet-camaro-thumb.jpg', 'https://photos.classiccars.com/cc-temp/listing/189/4219/49116729-1969-chevrolet-camaro-thumb.jpg', 'https://photos.classiccars.com/cc-temp/listing/189/4219/49116730-1969-chevrolet-camaro-thumb.jpg', 'https://photos.classiccars.com/cc-temp/listing/189/4219/49116731-1969-chevrolet-camaro-thumb.jpg', 'https://photos.classiccars.com/cc-temp/listing/189/4219/49116732-1969-chevrolet-camaro-thumb.jpg', 'https://photos.classiccars.com/cc-temp/listing/189/4219/49116733-1969-chevrolet-camaro-thumb.jpg', 'https://photos.classiccars.com/cc-temp/listing/189/4219/49116734-1969-chevrolet-camaro-thumb.jpg', 'https://photos.classiccars.com/cc-temp/listing/189/4219/49116735-1969-chevrolet-camaro-thumb.jpg', 'https://photos.classiccars.com/cc-temp/listing/189/4219/49116736-1969-chevrolet-camaro-thumb.jpg', 'https://photos.classiccars.com/cc-temp/listing/189/4219/49227267-1969-chevrolet-camaro-thumb.jpg', 'https://photos.classiccars.com/cc-temp/listing/189/4219/49227270-1969-chevrolet-camaro-thumb.jpg', 'https://photos.classiccars.com/cc-temp/listing/189/4219/49227271-1969-chevrolet-camaro-thumb.jpg', 'https://photos.classiccars.com/cc-temp/listing/189/4219/49227272-1969-chevrolet-camaro-thumb.jpg', 'https://photos.classiccars.com/cc-temp/listing/189/4219/49274938-1969-chevrolet-camaro-thumb.jpg', 'https://photos.classiccars.com/cc-temp/listing/189/4219/49274939-1969-chevrolet-camaro-thumb.jpg', 'https://photos.classiccars.com/cc-temp/listing/189/4219/51626279-1969-chevrolet-camaro-thumb.jpg', 'https://photos.classiccars.com/cc-temp/listing/189/4219/51626280-1969-chevrolet-camaro-thumb.jpg', 'https://photos.classiccars.com/cc-temp/listing/189/4219/51626281-1969-chevrolet-camaro-thumb.jpg', 'https://photos.classiccars.com/cc-temp/listing/189/4219/51626282-1969-chevrolet-camaro-thumb.jpg', 'https://photos.classiccars.com/cc-temp/listing/189/4219/51626283-1969-chevrolet-camaro-thumb.jpg', 'https://photos.classiccars.com/cc-temp/listing/189/4219/51626278-1969-chevrolet-camaro-thumb.jpg', 'https://photos.classiccars.com/cc-temp/listing/189/4219/51626287-1969-chevrolet-camaro-thumb.jpg', 'https://photos.classiccars.com/cc-temp/listing/189/4219/51626284-1969-chevrolet-camaro-thumb.jpg', 'https://photos.classiccars.com/cc-temp/listing/189/4219/51626285-1969-chevrolet-camaro-thumb.jpg', 'https://photos.classiccars.com/cc-temp/listing/189/4219/51626286-1969-chevrolet-camaro-thumb.jpg']"
1947 Lincoln Continental,"$18,000",Red,Automatic,,Continental,Lincoln,Replaced - Running,1947,"['https://photos.classiccars.com/cc-temp/listing/186/3395/47270869-1947-lincoln-continental-thumb.jpg', 'https://photos.classiccars.com/cc-temp/listing/186/3395/47270871-1947-lincoln-continental-thumb.jpg', 'https://photos.classiccars.com/cc-temp/listing/186/3395/47270870-1947-lincoln-continental-thumb.jpg', 'https://photos.classiccars.com/cc-temp/listing/186/3395/47270868-1947-lincoln-continental-thumb.jpg', 'https://photos.classiccars.com/cc-temp/listing/186/3395/47270875-1947-lincoln-continental-thumb.jpg', 'https://photos.classiccars.com/cc-temp/listing/186/3395/47270883-1947-lincoln-continental-thumb.jpg', 'https://photos.classiccars.com/cc-temp/listing/186/3395/47270866-1947-lincoln-continental-thumb.jpg', 'https://photos.classiccars.com/cc-temp/listing/186/3395/47270881-1947-lincoln-continental-thumb.jpg', 'https://photos.classiccars.com/cc-temp/listing/186/3395/47270882-1947-lincoln-continental-thumb.jpg', 'https://photos.classiccars.com/cc-temp/listing/186/3395/47270884-1947-lincoln-continental-thumb.jpg', 'https://photos.classiccars.com/cc-temp/listing/186/3395/47270877-1947-lincoln-continental-thumb.jpg', 'https://photos.classiccars.com/cc-temp/listing/186/3395/47270876-1947-lincoln-continental-thumb.jpg', 'https://photos.classiccars.com/cc-temp/listing/186/3395/47270874-1947-lincoln-continental-thumb.jpg', 'https://photos.classiccars.com/cc-temp/listing/186/3395/47270879-1947-lincoln-continental-thumb.jpg', 'https://photos.classiccars.com/cc-temp/listing/186/3395/47270873-1947-lincoln-continental-thumb.jpg', 'https://photos.classiccars.com/cc-temp/listing/186/3395/47270872-1947-lincoln-continental-thumb.jpg', 'https://photos.classiccars.com/cc-temp/listing/186/3395/47270878-1947-lincoln-continental-thumb.jpg']"
1966 Ford Galaxie 500,"$39,000 (OBO)",Burgundy,Manual,Partially Restored,Galaxie 500,Ford,Original - Running,1966,"['https://photos.classiccars.com/cc-temp/listing/191/5529/50371071-1966-ford-galaxie-500-thumb.jpg', 'https://photos.classiccars.com/cc-temp/listing/191/5529/50456568-1966-ford-galaxie-500-thumb.jpg', 'https://photos.classiccars.com/cc-temp/listing/191/5529/50371073-1966-ford-galaxie-500-thumb.jpg', 'https://photos.classiccars.com/cc-temp/listing/191/5529/50371074-1966-ford-galaxie-500-thumb.jpg', 'https://photos.classiccars.com/cc-temp/listing/191/5529/50456562-1966-ford-galaxie-500-thumb.jpg', 'https://photos.classiccars.com/cc-temp/listing/191/5529/50456563-1966-ford-galaxie-500-thumb.jpg', 'https://photos.classiccars.com/cc-temp/listing/191/5529/50600989-1966-ford-galaxie-500-thumb.jpg', 'https://photos.classiccars.com/cc-temp/listing/191/5529/51035280-1966-ford-galaxie-500-thumb.jpg', 'https://photos.classiccars.com/cc-temp/listing/191/5529/51035281-1966-ford-galaxie-500-thumb.jpg', 'https://photos.classiccars.com/cc-temp/listing/191/5529/51035282-1966-ford-galaxie-500-thumb.jpg', 'https://photos.classiccars.com/cc-temp/listing/191/5529/51035283-1966-ford-galaxie-500-thumb.jpg', 'https://photos.classiccars.com/cc-temp/listing/191/5529/51035284-1966-ford-galaxie-500-thumb.jpg']"
1970 Ford Mustang Mach 1,"$52,500 (OBO)",Red,Manual,,Mustang Mach 1,Ford, - ,1970,"['https://photos.classiccars.com/cc-temp/listing/193/3099/51461515-1970-ford-mustang-mach-1-thumb.jpg', 'https://photos.classiccars.com/cc-temp/listing/193/3099/51461513-1970-ford-mustang-mach-1-thumb.jpg', 'https://photos.classiccars.com/cc-temp/listing/193/3099/51461545-1970-ford-mustang-mach-1-thumb.jpg', 'https://photos.classiccars.com/cc-temp/listing/193/3099/51461520-1970-ford-mustang-mach-1-thumb.jpg', 'https://photos.classiccars.com/cc-temp/listing/193/3099/51461519-1970-ford-mustang-mach-1-thumb.jpg', 'https://photos.classiccars.com/cc-temp/listing/193/3099/51461538-1970-ford-mustang-mach-1-thumb.jpg', 'https://photos.classiccars.com/cc-temp/listing/193/3099/51461517-1970-ford-mustang-mach-1-thumb.jpg', 'https://photos.classiccars.com/cc-temp/listing/193/3099/51461518-1970-ford-mustang-mach-1-thumb.jpg', 'https://photos.classiccars.com/cc-temp/listing/193/3099/51461533-1970-ford-mustang-mach-1-thumb.jpg', 'https://photos.classiccars.com/cc-temp/listing/193/3099/51461539-1970-ford-mustang-mach-1-thumb.jpg', 'https://photos.classiccars.com/cc-temp/listing/193/3099/51461536-1970-ford-mustang-mach-1-thumb.jpg', 'https://photos.classiccars.com/cc-temp/listing/193/3099/51461537-1970-ford-mustang-mach-1-thumb.jpg', 'https://photos.classiccars.com/cc-temp/listing/193/3099/51461532-1970-ford-mustang-mach-1-thumb.jpg', 'https://photos.classiccars.com/cc-temp/listing/193/3099/51461534-1970-ford-mustang-mach-1-thumb.jpg', 'https://photos.classiccars.com/cc-temp/listing/193/3099/51461524-1970-ford-mustang-mach-1-thumb.jpg', 'https://photos.classiccars.com/cc-temp/listing/193/3099/51461525-1970-ford-mustang-mach-1-thumb.jpg', 'https://photos.classiccars.com/cc-temp/listing/193/3099/51461535-1970-ford-mustang-mach-1-thumb.jpg', 'https://photos.classiccars.com/cc-temp/listing/193/3099/51461526-1970-ford-mustang-mach-1-thumb.jpg', 'https://photos.classiccars.com/cc-temp/listing/193/3099/51461523-1970-ford-mustang-mach-1-thumb.jpg', 'https://photos.classiccars.com/cc-temp/listing/193/3099/51461522-1970-ford-mustang-mach-1-thumb.jpg', 'https://photos.classiccars.com/cc-temp/listing/193/3099/51461528-1970-ford-mustang-mach-1-thumb.jpg', 'https://photos.classiccars.com/cc-temp/listing/193/3099/51461527-1970-ford-mustang-mach-1-thumb.jpg', 'https://photos.classiccars.com/cc-temp/listing/193/3099/51461521-1970-ford-mustang-mach-1-thumb.jpg', 'https://photos.classiccars.com/cc-temp/listing/193/3099/51461529-1970-ford-mustang-mach-1-thumb.jpg', 'https://photos.classiccars.com/cc-temp/listing/193/3099/51461512-1970-ford-mustang-mach-1-thumb.jpg', 'https://photos.classiccars.com/cc-temp/listing/193/3099/51461540-1970-ford-mustang-mach-1-thumb.jpg', 'https://photos.classiccars.com/cc-temp/listing/193/3099/51461541-1970-ford-mustang-mach-1-thumb.jpg', 'https://photos.classiccars.com/cc-temp/listing/193/3099/51461542-1970-ford-mustang-mach-1-thumb.jpg', 'https://photos.classiccars.com/cc-temp/listing/193/3099/51461543-1970-ford-mustang-mach-1-thumb.jpg', 'https://photos.classiccars.com/cc-temp/listing/193/3099/51461544-1970-ford-mustang-mach-1-thumb.jpg', 'https://photos.classiccars.com/cc-temp/listing/193/3099/51461514-1970-ford-mustang-mach-1-thumb.jpg', 'https://photos.classiccars.com/cc-temp/listing/193/3099/51461530-1970-ford-mustang-mach-1-thumb.jpg', 'https://photos.classiccars.com/cc-temp/listing/193/3099/51461531-1970-ford-mustang-mach-1-thumb.jpg']"
1984 Chevrolet El Camino,"$13,400 (OBO)",light royal blue met,Automatic,,El Camino,Chevrolet,Original - Running,1984,"['https://photos.classiccars.com/cc-temp/listing/187/5178/47995494-1984-chevrolet-el-camino-thumb.jpg', 'https://photos.classiccars.com/cc-temp/listing/187/5178/47995492-1984-chevrolet-el-camino-thumb.jpg', 'https://photos.classiccars.com/cc-temp/listing/187/5178/47995493-1984-chevrolet-el-camino-thumb.jpg', 'https://photos.classiccars.com/cc-temp/listing/187/5178/47995499-1984-chevrolet-el-camino-thumb.jpg', 'https://photos.classiccars.com/cc-temp/listing/187/5178/47995496-1984-chevrolet-el-camino-thumb.jpg', 'https://photos.classiccars.com/cc-temp/listing/187/5178/47995491-1984-chevrolet-el-camino-thumb.jpg', 'https://photos.classiccars.com/cc-temp/listing/187/5178/47995495-1984-chevrolet-el-camino-thumb.jpg', 'https://photos.classiccars.com/cc-temp/listing/187/5178/47995497-1984-chevrolet-el-camino-thumb.jpg']"
1948 Ford F5,"$125,000",Grey,Automatic,,F5,Ford, - ,1948,"['https://photos.classiccars.com/cc-temp/listing/195/746/52584169-1948-ford-f5-thumb.jpg', 'https://photos.classiccars.com/cc-temp/listing/195/746/52584170-1948-ford-f5-thumb.jpg', 'https://photos.classiccars.com/cc-temp/listing/195/746/52584171-1948-ford-f5-thumb.jpg', 'https://photos.classiccars.com/cc-temp/listing/195/746/52584172-1948-ford-f5-thumb.jpg', 'https://photos.classiccars.com/cc-temp/listing/195/746/52584173-1948-ford-f5-thumb.jpg', 'https://photos.classiccars.com/cc-temp/listing/195/746/52584174-1948-ford-f5-thumb.jpg', 'https://photos.classiccars.com/cc-temp/listing/195/746/52584175-1948-ford-f5-thumb.jpg', 'https://photos.classiccars.com/cc-temp/listing/195/746/52584176-1948-ford-f5-thumb.jpg', 'https://photos.classiccars.com/cc-temp/listing/195/746/52584177-1948-ford-f5-thumb.jpg', 'https://photos.classiccars.com/cc-temp/listing/195/746/52584178-1948-ford-f5-thumb.jpg', 'https://photos.classiccars.com/cc-temp/listing/195/746/52584179-1948-ford-f5-thumb.jpg']"
1975 Ford F250,"$25,000",Red / White,Automatic,,F250,Ford,Rebuilt - Running,1975,"['https://photos.classiccars.com/cc-temp/listing/185/7768/46821113-1975-ford-f250-thumb.jpg', 'https://photos.classiccars.com/cc-temp/listing/185/7768/46821107-1975-ford-f250-thumb.jpg', 'https://photos.classiccars.com/cc-temp/listing/185/7768/46821108-1975-ford-f250-thumb.jpg', 'https://photos.classiccars.com/cc-temp/listing/185/7768/46821112-1975-ford-f250-thumb.jpg', 'https://photos.classiccars.com/cc-temp/listing/185/7768/46821111-1975-ford-f250-thumb.jpg', 'https://photos.classiccars.com/cc-temp/listing/185/7768/46821109-1975-ford-f250-thumb.jpg', 'https://photos.classiccars.com/cc-temp/listing/185/7768/46821110-1975-ford-f250-thumb.jpg', 'https://photos.classiccars.com/cc-temp/listing/185/7768/46821106-1975-ford-f250-thumb.jpg', 'https://photos.classiccars.com/cc-temp/listing/185/7768/46821114-1975-ford-f250-thumb.jpg', 'https://photos.classiccars.com/cc-temp/listing/185/7768/46857546-1975-ford-f250-thumb.jpg', 'https://photos.classiccars.com/cc-temp/listing/185/7768/46857555-1975-ford-f250-thumb.jpg', 'https://photos.classiccars.com/cc-temp/listing/185/7768/46857568-1975-ford-f250-thumb.jpg', 'https://photos.classiccars.com/cc-temp/listing/185/7768/46857574-1975-ford-f250-thumb.jpg']"
1972 Pontiac Firebird,"$105,000 (OBO)",Brewster Green PC48,Manual,Fully Restored,Firebird,Pontiac,Replaced - Running,1972,"['https://photos.classiccars.com/cc-temp/listing/191/8058/50508093-1972-pontiac-firebird-thumb.jpg', 'https://photos.classiccars.com/cc-temp/listing/191/8058/50508078-1972-pontiac-firebird-thumb.jpg', 'https://photos.classiccars.com/cc-temp/listing/191/8058/50508100-1972-pontiac-firebird-thumb.jpg', 'https://photos.classiccars.com/cc-temp/listing/191/8058/50508080-1972-pontiac-firebird-thumb.jpg', 'https://photos.classiccars.com/cc-temp/listing/191/8058/50508081-1972-pontiac-firebird-thumb.jpg', 'https://photos.classiccars.com/cc-temp/listing/191/8058/50508065-1972-pontiac-firebird-thumb.jpg', 'https://photos.classiccars.com/cc-temp/listing/191/8058/50508064-1972-pontiac-firebird-thumb.jpg', 'https://photos.classiccars.com/cc-temp/listing/191/8058/50508106-1972-pontiac-firebird-thumb.jpg', 'https://photos.classiccars.com/cc-temp/listing/191/8058/50508069-1972-pontiac-firebird-thumb.jpg', 'https://photos.classiccars.com/cc-temp/listing/191/8058/50508070-1972-pontiac-firebird-thumb.jpg', 'https://photos.classiccars.com/cc-temp/listing/191/8058/50508094-1972-pontiac-firebird-thumb.jpg', 'https://photos.classiccars.com/cc-temp/listing/191/8058/50508101-1972-pontiac-firebird-thumb.jpg', 'https://photos.classiccars.com/cc-temp/listing/191/8058/50508091-1972-pontiac-firebird-thumb.jpg', 'https://photos.classiccars.com/cc-temp/listing/191/8058/50508079-1972-pontiac-firebird-thumb.jpg', 'https://photos.classiccars.com/cc-temp/listing/191/8058/50508068-1972-pontiac-firebird-thumb.jpg', 'https://photos.classiccars.com/cc-temp/listing/191/8058/50508104-1972-pontiac-firebird-thumb.jpg', 'https://photos.classiccars.com/cc-temp/listing/191/8058/50508076-1972-pontiac-firebird-thumb.jpg', 'https://photos.classiccars.com/cc-temp/listing/191/8058/50508098-1972-pontiac-firebird-thumb.jpg', 'https://photos.classiccars.com/cc-temp/listing/191/8058/50508103-1972-pontiac-firebird-thumb.jpg', 'https://photos.classiccars.com/cc-temp/listing/191/8058/50508097-1972-pontiac-firebird-thumb.jpg', 'https://photos.classiccars.com/cc-temp/listing/191/8058/50508087-1972-pontiac-firebird-thumb.jpg', 'https://photos.classiccars.com/cc-temp/listing/191/8058/50508090-1972-pontiac-firebird-thumb.jpg', 'https://photos.classiccars.com/cc-temp/listing/191/8058/50508092-1972-pontiac-firebird-thumb.jpg', 'https://photos.classiccars.com/cc-temp/listing/191/8058/50508099-1972-pontiac-firebird-thumb.jpg', 'https://photos.classiccars.com/cc-temp/listing/191/8058/50508071-1972-pontiac-firebird-thumb.jpg', 'https://photos.classiccars.com/cc-temp/listing/191/8058/50508084-1972-pontiac-firebird-thumb.jpg', 'https://photos.classiccars.com/cc-temp/listing/191/8058/50508072-1972-pontiac-firebird-thumb.jpg', 'https://photos.classiccars.com/cc-temp/listing/191/8058/50508085-1972-pontiac-firebird-thumb.jpg', 'https://photos.classiccars.com/cc-temp/listing/191/8058/50508109-1972-pontiac-firebird-thumb.jpg', 'https://photos.classiccars.com/cc-temp/listing/191/8058/50508073-1972-pontiac-firebird-thumb.jpg', 'https://photos.classiccars.com/cc-temp/listing/191/8058/50508110-1972-pontiac-firebird-thumb.jpg', 'https://photos.classiccars.com/cc-temp/listing/191/8058/50508095-1972-pontiac-firebird-thumb.jpg', 'https://photos.classiccars.com/cc-temp/listing/191/8058/50508083-1972-pontiac-firebird-thumb.jpg', 'https://photos.classiccars.com/cc-temp/listing/191/8058/50508096-1972-pontiac-firebird-thumb.jpg', 'https://photos.classiccars.com/cc-temp/listing/191/8058/50508102-1972-pontiac-firebird-thumb.jpg', 'https://photos.classiccars.com/cc-temp/listing/191/8058/50508066-1972-pontiac-firebird-thumb.jpg', 'https://photos.classiccars.com/cc-temp/listing/191/8058/50508108-1972-pontiac-firebird-thumb.jpg', 'https://photos.classiccars.com/cc-temp/listing/191/8058/50508107-1972-pontiac-firebird-thumb.jpg', 'https://photos.classiccars.com/cc-temp/listing/191/8058/50508074-1972-pontiac-firebird-thumb.jpg', 'https://photos.classiccars.com/cc-temp/listing/191/8058/50508086-1972-pontiac-firebird-thumb.jpg', 'https://photos.classiccars.com/cc-temp/listing/191/8058/50508075-1972-pontiac-firebird-thumb.jpg', 'https://photos.classiccars.com/cc-temp/listing/191/8058/50508067-1972-pontiac-firebird-thumb.jpg', 'https://photos.classiccars.com/cc-temp/listing/191/8058/50508089-1972-pontiac-firebird-thumb.jpg', 'https://photos.classiccars.com/cc-temp/listing/191/8058/50508077-1972-pontiac-firebird-thumb.jpg', 'https://photos.classiccars.com/cc-temp/listing/191/8058/51256474-1972-pontiac-firebird-thumb.jpg', 'https://photos.classiccars.com/cc-temp/listing/191/8058/51256475-1972-pontiac-firebird-thumb.jpg', 'https://photos.classiccars.com/cc-temp/listing/191/8058/51256476-1972-pontiac-firebird-thumb.jpg', 'https://photos.classiccars.com/cc-temp/listing/191/8058/51256477-1972-pontiac-firebird-thumb.jpg', 'https://photos.classiccars.com/cc-temp/listing/191/8058/51256478-1972-pontiac-firebird-thumb.jpg', 'https://photos.classiccars.com/cc-temp/listing/191/8058/51256479-1972-pontiac-firebird-thumb.jpg', 'https://photos.classiccars.com/cc-temp/listing/191/8058/51256480-1972-pontiac-firebird-thumb.jpg', 'https://photos.classiccars.com/cc-temp/listing/191/8058/51256482-1972-pontiac-firebird-thumb.jpg', 'https://photos.classiccars.com/cc-temp/listing/191/8058/51256483-1972-pontiac-firebird-thumb.jpg', 'https://photos.classiccars.com/cc-temp/listing/191/8058/51256484-1972-pontiac-firebird-thumb.jpg', 'https://photos.classiccars.com/cc-temp/listing/191/8058/51256485-1972-pontiac-firebird-thumb.jpg', 'https://photos.classiccars.com/cc-temp/listing/191/8058/51256486-1972-pontiac-firebird-thumb.jpg', 'https://photos.classiccars.com/cc-temp/listing/191/8058/51256487-1972-pontiac-firebird-thumb.jpg', 'https://photos.classiccars.com/cc-temp/listing/191/8058/51256488-1972-pontiac-firebird-thumb.jpg', 'https://photos.classiccars.com/cc-temp/listing/191/8058/51256489-1972-pontiac-firebird-thumb.jpg', 'https://photos.classiccars.com/cc-temp/listing/191/8058/51256490-1972-pontiac-firebird-thumb.jpg', 'https://photos.classiccars.com/cc-temp/listing/191/8058/51256491-1972-pontiac-firebird-thumb.jpg', 'https://photos.classiccars.com/cc-temp/listing/191/8058/51256492-1972-pontiac-firebird-thumb.jpg', 'https://photos.classiccars.com/cc-temp/listing/191/8058/51256493-1972-pontiac-firebird-thumb.jpg', 'https://photos.classiccars.com/cc-temp/listing/191/8058/52368623-1972-pontiac-firebird-thumb.jpg', 'https://photos.classiccars.com/cc-temp/listing/191/8058/52368624-1972-pontiac-firebird-thumb.jpg', 'https://photos.classiccars.com/cc-temp/listing/191/8058/52368625-1972-pontiac-firebird-thumb.jpg', 'https://photos.classiccars.com/cc-temp/listing/191/8058/52368626-1972-pontiac-firebird-thumb.jpg', 'https://photos.classiccars.com/cc-temp/listing/191/8058/52368627-1972-pontiac-firebird-thumb.jpg', 'https://photos.classiccars.com/cc-temp/listing/191/8058/52368628-1972-pontiac-firebird-thumb.jpg', 'https://photos.classiccars.com/cc-temp/listing/191/8058/52532929-1972-pontiac-firebird-thumb.jpg', 'https://photos.classiccars.com/cc-temp/listing/191/8058/52532930-1972-pontiac-firebird-thumb.jpg', 'https://photos.classiccars.com/cc-temp/listing/191/8058/52532932-1972-pontiac-firebird-thumb.jpg', 'https://photos.classiccars.com/cc-temp/listing/191/8058/52532931-1972-pontiac-firebird-thumb.jpg', 'https://photos.classiccars.com/cc-temp/listing/191/8058/52532933-1972-pontiac-firebird-thumb.jpg', 'https://photos.classiccars.com/cc-temp/listing/191/8058/52532934-1972-pontiac-firebird-thumb.jpg']"
1969 Toyota Land Cruiser FJ40,"$40,000 (OBO)",White,Manual,Partially Restored,Land Cruiser FJ40,Toyota,Replaced - Running,1969,"['https://photos.classiccars.com/cc-temp/listing/186/1122/47051979-1969-toyota-land-cruiser-fj40-thumb.jpg', 'https://photos.classiccars.com/cc-temp/listing/186/1122/47052010-1969-toyota-land-cruiser-fj40-thumb.jpg', 'https://photos.classiccars.com/cc-temp/listing/186/1122/47052022-1969-toyota-land-cruiser-fj40-thumb.jpg', 'https://photos.classiccars.com/cc-temp/listing/186/1122/47052024-1969-toyota-land-cruiser-fj40-thumb.jpg', 'https://photos.classiccars.com/cc-temp/listing/186/1122/47052030-1969-toyota-land-cruiser-fj40-thumb.jpg', 'https://photos.classiccars.com/cc-temp/listing/186/1122/47052103-1969-toyota-land-cruiser-fj40-thumb.jpg', 'https://photos.classiccars.com/cc-temp/listing/186/1122/47052074-1969-toyota-land-cruiser-fj40-thumb.jpg', 'https://photos.classiccars.com/cc-temp/listing/186/1122/47052050-1969-toyota-land-cruiser-fj40-thumb.jpg', 'https://photos.classiccars.com/cc-temp/listing/186/1122/47052070-1969-toyota-land-cruiser-fj40-thumb.jpg', 'https://photos.classiccars.com/cc-temp/listing/186/1122/47052514-1969-toyota-land-cruiser-fj40-thumb.jpg', 'https://photos.classiccars.com/cc-temp/listing/186/1122/47052518-1969-toyota-land-cruiser-fj40-thumb.jpg', 'https://photos.classiccars.com/cc-temp/listing/186/1122/47052121-1969-toyota-land-cruiser-fj40-thumb.jpg', 'https://photos.classiccars.com/cc-temp/listing/186/1122/47052129-1969-toyota-land-cruiser-fj40-thumb.jpg', 'https://photos.classiccars.com/cc-temp/listing/186/1122/47052134-1969-toyota-land-cruiser-fj40-thumb.jpg', 'https://photos.classiccars.com/cc-temp/listing/186/1122/47052138-1969-toyota-land-cruiser-fj40-thumb.jpg', 'https://photos.classiccars.com/cc-temp/listing/186/1122/47052155-1969-toyota-land-cruiser-fj40-thumb.jpg', 'https://photos.classiccars.com/cc-temp/listing/186/1122/47052159-1969-toyota-land-cruiser-fj40-thumb.jpg', 'https://photos.classiccars.com/cc-temp/listing/186/1122/47052166-1969-toyota-land-cruiser-fj40-thumb.jpg', 'https://photos.classiccars.com/cc-temp/listing/186/1122/47052169-1969-toyota-land-cruiser-fj40-thumb.jpg', 'https://photos.classiccars.com/cc-temp/listing/186/1122/47052195-1969-toyota-land-cruiser-fj40-thumb.jpg', 'https://photos.classiccars.com/cc-temp/listing/186/1122/47052206-1969-toyota-land-cruiser-fj40-thumb.jpg', 'https://photos.classiccars.com/cc-temp/listing/186/1122/47052226-1969-toyota-land-cruiser-fj40-thumb.jpg', 'https://photos.classiccars.com/cc-temp/listing/186/1122/47052244-1969-toyota-land-cruiser-fj40-thumb.jpg', 'https://photos.classiccars.com/cc-temp/listing/186/1122/47052252-1969-toyota-land-cruiser-fj40-thumb.jpg', 'https://photos.classiccars.com/cc-temp/listing/186/1122/47052270-1969-toyota-land-cruiser-fj40-thumb.jpg', 'https://photos.classiccars.com/cc-temp/listing/186/1122/47052287-1969-toyota-land-cruiser-fj40-thumb.jpg', 'https://photos.classiccars.com/cc-temp/listing/186/1122/47052310-1969-toyota-land-cruiser-fj40-thumb.jpg', 'https://photos.classiccars.com/cc-temp/listing/186/1122/47052320-1969-toyota-land-cruiser-fj40-thumb.jpg', 'https://photos.classiccars.com/cc-temp/listing/186/1122/47052338-1969-toyota-land-cruiser-fj40-thumb.jpg', 'https://photos.classiccars.com/cc-temp/listing/186/1122/47052357-1969-toyota-land-cruiser-fj40-thumb.jpg', 'https://photos.classiccars.com/cc-temp/listing/186/1122/47052386-1969-toyota-land-cruiser-fj40-thumb.jpg', 'https://photos.classiccars.com/cc-temp/listing/186/1122/47052406-1969-toyota-land-cruiser-fj40-thumb.jpg', 'https://photos.classiccars.com/cc-temp/listing/186/1122/47052413-1969-toyota-land-cruiser-fj40-thumb.jpg', 'https://photos.classiccars.com/cc-temp/listing/186/1122/47052418-1969-toyota-land-cruiser-fj40-thumb.jpg', 'https://photos.classiccars.com/cc-temp/listing/186/1122/47052440-1969-toyota-land-cruiser-fj40-thumb.jpg', 'https://photos.classiccars.com/cc-temp/listing/186/1122/47052443-1969-toyota-land-cruiser-fj40-thumb.jpg', 'https://photos.classiccars.com/cc-temp/listing/186/1122/47052447-1969-toyota-land-cruiser-fj40-thumb.jpg', 'https://photos.classiccars.com/cc-temp/listing/186/1122/47052470-1969-toyota-land-cruiser-fj40-thumb.jpg', 'https://photos.classiccars.com/cc-temp/listing/186/1122/47052471-1969-toyota-land-cruiser-fj40-thumb.jpg', 'https://photos.classiccars.com/cc-temp/listing/186/1122/47052494-1969-toyota-land-cruiser-fj40-thumb.jpg']"
1985 Honda Prelude,"$13,900 (OBO)",White,Automatic,,Prelude,Honda,Original - Running,1985,"['https://photos.classiccars.com/cc-temp/listing/187/6416/48063529-1985-honda-prelude-thumb.jpg', 'https://photos.classiccars.com/cc-temp/listing/187/6416/48063527-1985-honda-prelude-thumb.jpg', 'https://photos.classiccars.com/cc-temp/listing/187/6416/48063530-1985-honda-prelude-thumb.jpg', 'https://photos.classiccars.com/cc-temp/listing/187/6416/48063546-1985-honda-prelude-thumb.jpg', 'https://photos.classiccars.com/cc-temp/listing/187/6416/48063571-1985-honda-prelude-thumb.jpg', 'https://photos.classiccars.com/cc-temp/listing/187/6416/48063570-1985-honda-prelude-thumb.jpg', 'https://photos.classiccars.com/cc-temp/listing/187/6416/48063569-1985-honda-prelude-thumb.jpg', 'https://photos.classiccars.com/cc-temp/listing/187/6416/48063568-1985-honda-prelude-thumb.jpg', 'https://photos.classiccars.com/cc-temp/listing/187/6416/48063534-1985-honda-prelude-thumb.jpg', 'https://photos.classiccars.com/cc-temp/listing/187/6416/48063531-1985-honda-prelude-thumb.jpg', 'https://photos.classiccars.com/cc-temp/listing/187/6416/48063532-1985-honda-prelude-thumb.jpg', 'https://photos.classiccars.com/cc-temp/listing/187/6416/48063533-1985-honda-prelude-thumb.jpg', 'https://photos.classiccars.com/cc-temp/listing/187/6416/48063535-1985-honda-prelude-thumb.jpg', 'https://photos.classiccars.com/cc-temp/listing/187/6416/48063536-1985-honda-prelude-thumb.jpg', 'https://photos.classiccars.com/cc-temp/listing/187/6416/48063537-1985-honda-prelude-thumb.jpg', 'https://photos.classiccars.com/cc-temp/listing/187/6416/48063538-1985-honda-prelude-thumb.jpg', 'https://photos.classiccars.com/cc-temp/listing/187/6416/48063539-1985-honda-prelude-thumb.jpg', 'https://photos.classiccars.com/cc-temp/listing/187/6416/48063540-1985-honda-prelude-thumb.jpg', 'https://photos.classiccars.com/cc-temp/listing/187/6416/48063541-1985-honda-prelude-thumb.jpg', 'https://photos.classiccars.com/cc-temp/listing/187/6416/48063542-1985-honda-prelude-thumb.jpg', 'https://photos.classiccars.com/cc-temp/listing/187/6416/48063543-1985-honda-prelude-thumb.jpg', 'https://photos.classiccars.com/cc-temp/listing/187/6416/48063544-1985-honda-prelude-thumb.jpg', 'https://photos.classiccars.com/cc-temp/listing/187/6416/48063545-1985-honda-prelude-thumb.jpg', 'https://photos.classiccars.com/cc-temp/listing/187/6416/48063547-1985-honda-prelude-thumb.jpg', 'https://photos.classiccars.com/cc-temp/listing/187/6416/48063567-1985-honda-prelude-thumb.jpg']"
1967 Chevrolet El Camino,"$42,000 (OBO)",Black,Manual,,El Camino,Chevrolet, - ,1967,"['https://photos.classiccars.com/cc-temp/listing/193/3238/51469384-1967-chevrolet-el-camino-thumb.jpg', 'https://photos.classiccars.com/cc-temp/listing/193/3238/51469383-1967-chevrolet-el-camino-thumb.jpg', 'https://photos.classiccars.com/cc-temp/listing/193/3238/51469380-1967-chevrolet-el-camino-thumb.jpg', 'https://photos.classiccars.com/cc-temp/listing/193/3238/51469379-1967-chevrolet-el-camino-thumb.jpg', 'https://photos.classiccars.com/cc-temp/listing/193/3238/51469381-1967-chevrolet-el-camino-thumb.jpg', 'https://photos.classiccars.com/cc-temp/listing/193/3238/51469387-1967-chevrolet-el-camino-thumb.jpg', 'https://photos.classiccars.com/cc-temp/listing/193/3238/51469388-1967-chevrolet-el-camino-thumb.jpg', 'https://photos.classiccars.com/cc-temp/listing/193/3238/51469385-1967-chevrolet-el-camino-thumb.jpg', 'https://photos.classiccars.com/cc-temp/listing/193/3238/51469386-1967-chevrolet-el-camino-thumb.jpg', 'https://photos.classiccars.com/cc-temp/listing/193/3238/51469389-1967-chevrolet-el-camino-thumb.jpg', 'https://photos.classiccars.com/cc-temp/listing/193/3238/51469378-1967-chevrolet-el-camino-thumb.jpg']"
1931 Ford 5-Window Coupe,"$43,000 (OBO)",California Petina,Automatic,,5-Window Coupe,Ford, - ,1931,"['https://photos.classiccars.com/cc-temp/listing/194/8139/52442780-1931-ford-5-window-coupe-thumb.jpg', 'https://photos.classiccars.com/cc-temp/listing/194/8139/52442788-1931-ford-5-window-coupe-thumb.jpg', 'https://photos.classiccars.com/cc-temp/listing/194/8139/52442822-1931-ford-5-window-coupe-thumb.jpg', 'https://photos.classiccars.com/cc-temp/listing/194/8139/52442823-1931-ford-5-window-coupe-thumb.jpg']"
1963 Mercedes-Benz 190SL,"$169,000 (OBO)",Red,Manual,,190SL,Mercedes-Benz, - Running,1963,"['https://photos.classiccars.com/cc-temp/listing/193/9453/51825866-1963-mercedes-benz-190sl-thumb.jpg', 'https://photos.classiccars.com/cc-temp/listing/193/9453/51825880-1963-mercedes-benz-190sl-thumb.jpg', 'https://photos.classiccars.com/cc-temp/listing/193/9453/52606031-1963-mercedes-benz-190sl-thumb.jpg', 'https://photos.classiccars.com/cc-temp/listing/193/9453/52606032-1963-mercedes-benz-190sl-thumb.jpg', 'https://photos.classiccars.com/cc-temp/listing/193/9453/52606033-1963-mercedes-benz-190sl-thumb.jpg']"
1985 Mercedes-Benz 190E 2.3-16,"$20,000 (OBO)",Black,Manual,,190E 2.3-16,Mercedes-Benz,Rebuilt - Running,1985,"['https://photos.classiccars.com/cc-temp/listing/190/2138/49563430-1985-mercedes-benz-190e-2-3-16-thumb.jpg', 'https://photos.classiccars.com/cc-temp/listing/190/2138/49563439-1985-mercedes-benz-190e-2-3-16-thumb.jpg', 'https://photos.classiccars.com/cc-temp/listing/190/2138/49563429-1985-mercedes-benz-190e-2-3-16-thumb.jpg', 'https://photos.classiccars.com/cc-temp/listing/190/2138/49563443-1985-mercedes-benz-190e-2-3-16-thumb.jpg', 'https://photos.classiccars.com/cc-temp/listing/190/2138/49563438-1985-mercedes-benz-190e-2-3-16-thumb.jpg', 'https://photos.classiccars.com/cc-temp/listing/190/2138/49563425-1985-mercedes-benz-190e-2-3-16-thumb.jpg', 'https://photos.classiccars.com/cc-temp/listing/190/2138/49563427-1985-mercedes-benz-190e-2-3-16-thumb.jpg', 'https://photos.classiccars.com/cc-temp/listing/190/2138/49563428-1985-mercedes-benz-190e-2-3-16-thumb.jpg', 'https://photos.classiccars.com/cc-temp/listing/190/2138/49563441-1985-mercedes-benz-190e-2-3-16-thumb.jpg', 'https://photos.classiccars.com/cc-temp/listing/190/2138/49563431-1985-mercedes-benz-190e-2-3-16-thumb.jpg', 'https://photos.classiccars.com/cc-temp/listing/190/2138/49563440-1985-mercedes-benz-190e-2-3-16-thumb.jpg', 'https://photos.classiccars.com/cc-temp/listing/190/2138/49563442-1985-mercedes-benz-190e-2-3-16-thumb.jpg']"
1985 Volkswagen Vanagon,"$20,000 (OBO)",Cream,Automatic,Partially Restored,Vanagon,Volkswagen,Original - Running,1985,"['https://photos.classiccars.com/cc-temp/listing/188/7011/50110376-1985-volkswagen-vanagon-thumb.jpg', 'https://photos.classiccars.com/cc-temp/listing/188/7011/50110377-1985-volkswagen-vanagon-thumb.jpg', 'https://photos.classiccars.com/cc-temp/listing/188/7011/50110465-1985-volkswagen-vanagon-thumb.jpg', 'https://photos.classiccars.com/cc-temp/listing/188/7011/50110466-1985-volkswagen-vanagon-thumb.jpg', 'https://photos.classiccars.com/cc-temp/listing/188/7011/50110378-1985-volkswagen-vanagon-thumb.jpg', 'https://photos.classiccars.com/cc-temp/listing/188/7011/50110379-1985-volkswagen-vanagon-thumb.jpg', 'https://photos.classiccars.com/cc-temp/listing/188/7011/50110458-1985-volkswagen-vanagon-thumb.jpg', 'https://photos.classiccars.com/cc-temp/listing/188/7011/50110459-1985-volkswagen-vanagon-thumb.jpg', 'https://photos.classiccars.com/cc-temp/listing/188/7011/50110460-1985-volkswagen-vanagon-thumb.jpg', 'https://photos.classiccars.com/cc-temp/listing/188/7011/50110461-1985-volkswagen-vanagon-thumb.jpg', 'https://photos.classiccars.com/cc-temp/listing/188/7011/50110462-1985-volkswagen-vanagon-thumb.jpg', 'https://photos.classiccars.com/cc-temp/listing/188/7011/50110463-1985-volkswagen-vanagon-thumb.jpg', 'https://photos.classiccars.com/cc-temp/listing/188/7011/50110464-1985-volkswagen-vanagon-thumb.jpg', 'https://photos.classiccars.com/cc-temp/listing/188/7011/50110467-1985-volkswagen-vanagon-thumb.jpg', 'https://photos.classiccars.com/cc-temp/listing/188/7011/50110468-1985-volkswagen-vanagon-thumb.jpg', 'https://photos.classiccars.com/cc-temp/listing/188/7011/50110469-1985-volkswagen-vanagon-thumb.jpg', 'https://photos.classiccars.com/cc-temp/listing/188/7011/50110494-1985-volkswagen-vanagon-thumb.jpg', 'https://photos.classiccars.com/cc-temp/listing/188/7011/50110495-1985-volkswagen-vanagon-thumb.jpg', 'https://photos.classiccars.com/cc-temp/listing/188/7011/50110497-1985-volkswagen-vanagon-thumb.jpg', 'https://photos.classiccars.com/cc-temp/listing/188/7011/50110498-1985-volkswagen-vanagon-thumb.jpg', 'https://photos.classiccars.com/cc-temp/listing/188/7011/50110500-1985-volkswagen-vanagon-thumb.jpg', 'https://photos.classiccars.com/cc-temp/listing/188/7011/50110501-1985-volkswagen-vanagon-thumb.jpg', 'https://photos.classiccars.com/cc-temp/listing/188/7011/50110502-1985-volkswagen-vanagon-thumb.jpg', 'https://photos.classiccars.com/cc-temp/listing/188/7011/50110504-1985-volkswagen-vanagon-thumb.jpg', 'https://photos.classiccars.com/cc-temp/listing/188/7011/50110505-1985-volkswagen-vanagon-thumb.jpg', 'https://photos.classiccars.com/cc-temp/listing/188/7011/50110515-1985-volkswagen-vanagon-thumb.jpg', 'https://photos.classiccars.com/cc-temp/listing/188/7011/50110517-1985-volkswagen-vanagon-thumb.jpg', 'https://photos.classiccars.com/cc-temp/listing/188/7011/50110518-1985-volkswagen-vanagon-thumb.jpg', 'https://photos.classiccars.com/cc-temp/listing/188/7011/50110519-1985-volkswagen-vanagon-thumb.jpg', 'https://photos.classiccars.com/cc-temp/listing/188/7011/50110521-1985-volkswagen-vanagon-thumb.jpg', 'https://photos.classiccars.com/cc-temp/listing/188/7011/50110522-1985-volkswagen-vanagon-thumb.jpg']"
1997 Ford Mustang (Saleen),"$18,000",White,Manual,Unrestored,Mustang (Saleen),Ford,Original - Running,1997,"['https://photos.classiccars.com/cc-temp/listing/190/1234/49519067-1997-ford-mustang-saleen-thumb.jpg', 'https://photos.classiccars.com/cc-temp/listing/190/1234/49519068-1997-ford-mustang-saleen-thumb.jpg', 'https://photos.classiccars.com/cc-temp/listing/190/1234/49518980-1997-ford-mustang-saleen-thumb.jpg', 'https://photos.classiccars.com/cc-temp/listing/190/1234/49519014-1997-ford-mustang-saleen-thumb.jpg', 'https://photos.classiccars.com/cc-temp/listing/190/1234/49519015-1997-ford-mustang-saleen-thumb.jpg', 'https://photos.classiccars.com/cc-temp/listing/190/1234/49684935-1997-ford-mustang-saleen-thumb.jpg', 'https://photos.classiccars.com/cc-temp/listing/190/1234/49684937-1997-ford-mustang-saleen-thumb.jpg', 'https://photos.classiccars.com/cc-temp/listing/190/1234/49684938-1997-ford-mustang-saleen-thumb.jpg']"
2006 Bentley Flying Spur,"$26,999 (OBO)",Black,Automatic,,Flying Spur,Bentley, - ,2006,"['https://photos.classiccars.com/cc-temp/listing/192/2502/50802711-2006-bentley-flying-spur-thumb.jpg', 'https://photos.classiccars.com/cc-temp/listing/192/2502/50802666-2006-bentley-flying-spur-thumb.jpg', 'https://photos.classiccars.com/cc-temp/listing/192/2502/50802667-2006-bentley-flying-spur-thumb.jpg', 'https://photos.classiccars.com/cc-temp/listing/192/2502/50802669-2006-bentley-flying-spur-thumb.jpg', 'https://photos.classiccars.com/cc-temp/listing/192/2502/50802670-2006-bentley-flying-spur-thumb.jpg', 'https://photos.classiccars.com/cc-temp/listing/192/2502/50802672-2006-bentley-flying-spur-thumb.jpg', 'https://photos.classiccars.com/cc-temp/listing/192/2502/50802673-2006-bentley-flying-spur-thumb.jpg', 'https://photos.classiccars.com/cc-temp/listing/192/2502/50802675-2006-bentley-flying-spur-thumb.jpg', 'https://photos.classiccars.com/cc-temp/listing/192/2502/50802676-2006-bentley-flying-spur-thumb.jpg', 'https://photos.classiccars.com/cc-temp/listing/192/2502/50802677-2006-bentley-flying-spur-thumb.jpg', 'https://photos.classiccars.com/cc-temp/listing/192/2502/50802678-2006-bentley-flying-spur-thumb.jpg', 'https://photos.classiccars.com/cc-temp/listing/192/2502/50802679-2006-bentley-flying-spur-thumb.jpg', 'https://photos.classiccars.com/cc-temp/listing/192/2502/50802680-2006-bentley-flying-spur-thumb.jpg', 'https://photos.classiccars.com/cc-temp/listing/192/2502/50802681-2006-bentley-flying-spur-thumb.jpg', 'https://photos.classiccars.com/cc-temp/listing/192/2502/50802682-2006-bentley-flying-spur-thumb.jpg', 'https://photos.classiccars.com/cc-temp/listing/192/2502/50802683-2006-bentley-flying-spur-thumb.jpg', 'https://photos.classiccars.com/cc-temp/listing/192/2502/50802684-2006-bentley-flying-spur-thumb.jpg', 'https://photos.classiccars.com/cc-temp/listing/192/2502/50802685-2006-bentley-flying-spur-thumb.jpg', 'https://photos.classiccars.com/cc-temp/listing/192/2502/50802686-2006-bentley-flying-spur-thumb.jpg', 'https://photos.classiccars.com/cc-temp/listing/192/2502/50802687-2006-bentley-flying-spur-thumb.jpg', 'https://photos.classiccars.com/cc-temp/listing/192/2502/50802688-2006-bentley-flying-spur-thumb.jpg', 'https://photos.classiccars.com/cc-temp/listing/192/2502/50802689-2006-bentley-flying-spur-thumb.jpg', 'https://photos.classiccars.com/cc-temp/listing/192/2502/50802690-2006-bentley-flying-spur-thumb.jpg', 'https://photos.classiccars.com/cc-temp/listing/192/2502/50802691-2006-bentley-flying-spur-thumb.jpg', 'https://photos.classiccars.com/cc-temp/listing/192/2502/50802692-2006-bentley-flying-spur-thumb.jpg', 'https://photos.classiccars.com/cc-temp/listing/192/2502/50802693-2006-bentley-flying-spur-thumb.jpg', 'https://photos.classiccars.com/cc-temp/listing/192/2502/50802694-2006-bentley-flying-spur-thumb.jpg', 'https://photos.classiccars.com/cc-temp/listing/192/2502/50802695-2006-bentley-flying-spur-thumb.jpg', 'https://photos.classiccars.com/cc-temp/listing/192/2502/50802696-2006-bentley-flying-spur-thumb.jpg', 'https://photos.classiccars.com/cc-temp/listing/192/2502/50802697-2006-bentley-flying-spur-thumb.jpg', 'https://photos.classiccars.com/cc-temp/listing/192/2502/50802698-2006-bentley-flying-spur-thumb.jpg', 'https://photos.classiccars.com/cc-temp/listing/192/2502/50802699-2006-bentley-flying-spur-thumb.jpg', 'https://photos.classiccars.com/cc-temp/listing/192/2502/50802700-2006-bentley-flying-spur-thumb.jpg', 'https://photos.classiccars.com/cc-temp/listing/192/2502/50802701-2006-bentley-flying-spur-thumb.jpg', 'https://photos.classiccars.com/cc-temp/listing/192/2502/50802702-2006-bentley-flying-spur-thumb.jpg', 'https://photos.classiccars.com/cc-temp/listing/192/2502/50802703-2006-bentley-flying-spur-thumb.jpg', 'https://photos.classiccars.com/cc-temp/listing/192/2502/50802704-2006-bentley-flying-spur-thumb.jpg', 'https://photos.classiccars.com/cc-temp/listing/192/2502/50802705-2006-bentley-flying-spur-thumb.jpg', 'https://photos.classiccars.com/cc-temp/listing/192/2502/50802706-2006-bentley-flying-spur-thumb.jpg', 'https://photos.classiccars.com/cc-temp/listing/192/2502/50802707-2006-bentley-flying-spur-thumb.jpg', 'https://photos.classiccars.com/cc-temp/listing/192/2502/50802708-2006-bentley-flying-spur-thumb.jpg', 'https://photos.classiccars.com/cc-temp/listing/192/2502/50802709-2006-bentley-flying-spur-thumb.jpg', 'https://photos.classiccars.com/cc-temp/listing/192/2502/50802710-2006-bentley-flying-spur-thumb.jpg', 'https://photos.classiccars.com/cc-temp/listing/192/2502/50802712-2006-bentley-flying-spur-thumb.jpg', 'https://photos.classiccars.com/cc-temp/listing/192/2502/50802713-2006-bentley-flying-spur-thumb.jpg', 'https://photos.classiccars.com/cc-temp/listing/192/2502/50802714-2006-bentley-flying-spur-thumb.jpg', 'https://photos.classiccars.com/cc-temp/listing/192/2502/50802715-2006-bentley-flying-spur-thumb.jpg', 'https://photos.classiccars.com/cc-temp/listing/192/2502/50802716-2006-bentley-flying-spur-thumb.jpg', 'https://photos.classiccars.com/cc-temp/listing/192/2502/50802717-2006-bentley-flying-spur-thumb.jpg', 'https://photos.classiccars.com/cc-temp/listing/192/2502/50802718-2006-bentley-flying-spur-thumb.jpg', 'https://photos.classiccars.com/cc-temp/listing/192/2502/50802719-2006-bentley-flying-spur-thumb.jpg']"
1967 Chevrolet Camaro SS,"$59,500",Red,Automatic,,Camaro SS,Chevrolet,Replaced - Running,1967,"['https://photos.classiccars.com/cc-temp/listing/193/6043/51638552-1967-chevrolet-camaro-ss-thumb.jpg', 'https://photos.classiccars.com/cc-temp/listing/193/6043/51638554-1967-chevrolet-camaro-ss-thumb.jpg', 'https://photos.classiccars.com/cc-temp/listing/193/6043/51638553-1967-chevrolet-camaro-ss-thumb.jpg', 'https://photos.classiccars.com/cc-temp/listing/193/6043/51638555-1967-chevrolet-camaro-ss-thumb.jpg', 'https://photos.classiccars.com/cc-temp/listing/193/6043/51638569-1967-chevrolet-camaro-ss-thumb.jpg', 'https://photos.classiccars.com/cc-temp/listing/193/6043/51638557-1967-chevrolet-camaro-ss-thumb.jpg', 'https://photos.classiccars.com/cc-temp/listing/193/6043/51638560-1967-chevrolet-camaro-ss-thumb.jpg', 'https://photos.classiccars.com/cc-temp/listing/193/6043/51638561-1967-chevrolet-camaro-ss-thumb.jpg', 'https://photos.classiccars.com/cc-temp/listing/193/6043/51638562-1967-chevrolet-camaro-ss-thumb.jpg', 'https://photos.classiccars.com/cc-temp/listing/193/6043/51638563-1967-chevrolet-camaro-ss-thumb.jpg', 'https://photos.classiccars.com/cc-temp/listing/193/6043/51638564-1967-chevrolet-camaro-ss-thumb.jpg', 'https://photos.classiccars.com/cc-temp/listing/193/6043/51638556-1967-chevrolet-camaro-ss-thumb.jpg', 'https://photos.classiccars.com/cc-temp/listing/193/6043/51638559-1967-chevrolet-camaro-ss-thumb.jpg', 'https://photos.classiccars.com/cc-temp/listing/193/6043/51638558-1967-chevrolet-camaro-ss-thumb.jpg', 'https://photos.classiccars.com/cc-temp/listing/193/6043/51638565-1967-chevrolet-camaro-ss-thumb.jpg', 'https://photos.classiccars.com/cc-temp/listing/193/6043/51638566-1967-chevrolet-camaro-ss-thumb.jpg', 'https://photos.classiccars.com/cc-temp/listing/193/6043/51638567-1967-chevrolet-camaro-ss-thumb.jpg', 'https://photos.classiccars.com/cc-temp/listing/193/6043/51638568-1967-chevrolet-camaro-ss-thumb.jpg']"
1971 Chevrolet C20,"$10,500 (OBO)",Red,Automatic,,C20,Chevrolet,Rebuilt - Running,1971,"['https://photos.classiccars.com/cc-temp/listing/192/50/50645002-1971-chevrolet-c20-thumb.jpg', 'https://photos.classiccars.com/cc-temp/listing/192/50/50645003-1971-chevrolet-c20-thumb.jpg', 'https://photos.classiccars.com/cc-temp/listing/192/50/50880556-1971-chevrolet-c20-thumb.jpg', 'https://photos.classiccars.com/cc-temp/listing/192/50/50880557-1971-chevrolet-c20-thumb.jpg', 'https://photos.classiccars.com/cc-temp/listing/192/50/50880558-1971-chevrolet-c20-thumb.jpg', 'https://photos.classiccars.com/cc-temp/listing/192/50/50880560-1971-chevrolet-c20-thumb.jpg', 'https://photos.classiccars.com/cc-temp/listing/192/50/50880561-1971-chevrolet-c20-thumb.jpg', 'https://photos.classiccars.com/cc-temp/listing/192/50/50880562-1971-chevrolet-c20-thumb.jpg', 'https://photos.classiccars.com/cc-temp/listing/192/50/50880563-1971-chevrolet-c20-thumb.jpg', 'https://photos.classiccars.com/cc-temp/listing/192/50/50880565-1971-chevrolet-c20-thumb.jpg', 'https://photos.classiccars.com/cc-temp/listing/192/50/50880566-1971-chevrolet-c20-thumb.jpg', 'https://photos.classiccars.com/cc-temp/listing/192/50/50880567-1971-chevrolet-c20-thumb.jpg', 'https://photos.classiccars.com/cc-temp/listing/192/50/50880568-1971-chevrolet-c20-thumb.jpg', 'https://photos.classiccars.com/cc-temp/listing/192/50/50880569-1971-chevrolet-c20-thumb.jpg', 'https://photos.classiccars.com/cc-temp/listing/192/50/50880570-1971-chevrolet-c20-thumb.jpg', 'https://photos.classiccars.com/cc-temp/listing/192/50/50880564-1971-chevrolet-c20-thumb.jpg']"
1972 Chevrolet Chevelle,"$32,500 (OBO)",maroon,Automatic,,Chevelle,Chevrolet,Replaced - Running,1972,"['https://photos.classiccars.com/cc-temp/listing/194/4641/52240409-1972-chevrolet-chevelle-thumb.jpg', 'https://photos.classiccars.com/cc-temp/listing/194/4641/52240407-1972-chevrolet-chevelle-thumb.jpg', 'https://photos.classiccars.com/cc-temp/listing/194/4641/52240402-1972-chevrolet-chevelle-thumb.jpg', 'https://photos.classiccars.com/cc-temp/listing/194/4641/52240403-1972-chevrolet-chevelle-thumb.jpg', 'https://photos.classiccars.com/cc-temp/listing/194/4641/52240404-1972-chevrolet-chevelle-thumb.jpg', 'https://photos.classiccars.com/cc-temp/listing/194/4641/52240410-1972-chevrolet-chevelle-thumb.jpg', 'https://photos.classiccars.com/cc-temp/listing/194/4641/52240411-1972-chevrolet-chevelle-thumb.jpg', 'https://photos.classiccars.com/cc-temp/listing/194/4641/52240413-1972-chevrolet-chevelle-thumb.jpg', 'https://photos.classiccars.com/cc-temp/listing/194/4641/52240406-1972-chevrolet-chevelle-thumb.jpg', 'https://photos.classiccars.com/cc-temp/listing/194/4641/52240412-1972-chevrolet-chevelle-thumb.jpg', 'https://photos.classiccars.com/cc-temp/listing/194/4641/52240414-1972-chevrolet-chevelle-thumb.jpg', 'https://photos.classiccars.com/cc-temp/listing/194/4641/52240415-1972-chevrolet-chevelle-thumb.jpg', 'https://photos.classiccars.com/cc-temp/listing/194/4641/52240416-1972-chevrolet-chevelle-thumb.jpg']"
1979 Chevrolet Corvette,"$75,000 (OBO)",Blue,Automatic,,Corvette,Chevrolet,Original - Running,1979,"['https://photos.classiccars.com/cc-temp/listing/187/4388/47954842-1979-chevrolet-corvette-thumb.jpg', 'https://photos.classiccars.com/cc-temp/listing/187/4388/47954840-1979-chevrolet-corvette-thumb.jpg', 'https://photos.classiccars.com/cc-temp/listing/187/4388/47954839-1979-chevrolet-corvette-thumb.jpg', 'https://photos.classiccars.com/cc-temp/listing/187/4388/47954836-1979-chevrolet-corvette-thumb.jpg', 'https://photos.classiccars.com/cc-temp/listing/187/4388/47954838-1979-chevrolet-corvette-thumb.jpg', 'https://photos.classiccars.com/cc-temp/listing/187/4388/47954837-1979-chevrolet-corvette-thumb.jpg', 'https://photos.classiccars.com/cc-temp/listing/187/4388/47954843-1979-chevrolet-corvette-thumb.jpg', 'https://photos.classiccars.com/cc-temp/listing/187/4388/47954844-1979-chevrolet-corvette-thumb.jpg']"
2000 Land Rover Range Rover,"$18,000 (OBO)",White,Automatic,,Range Rover,Land Rover,Original - Running,2000,"['https://photos.classiccars.com/cc-temp/listing/192/5962/51012401-2000-land-rover-range-rover-thumb.jpg', 'https://photos.classiccars.com/cc-temp/listing/192/5962/51012397-2000-land-rover-range-rover-thumb.jpg', 'https://photos.classiccars.com/cc-temp/listing/192/5962/51012398-2000-land-rover-range-rover-thumb.jpg', 'https://photos.classiccars.com/cc-temp/listing/192/5962/51012390-2000-land-rover-range-rover-thumb.jpg', 'https://photos.classiccars.com/cc-temp/listing/192/5962/51012396-2000-land-rover-range-rover-thumb.jpg', 'https://photos.classiccars.com/cc-temp/listing/192/5962/51012402-2000-land-rover-range-rover-thumb.jpg', 'https://photos.classiccars.com/cc-temp/listing/192/5962/51012393-2000-land-rover-range-rover-thumb.jpg', 'https://photos.classiccars.com/cc-temp/listing/192/5962/51012392-2000-land-rover-range-rover-thumb.jpg', 'https://photos.classiccars.com/cc-temp/listing/192/5962/51012379-2000-land-rover-range-rover-thumb.jpg', 'https://photos.classiccars.com/cc-temp/listing/192/5962/51012380-2000-land-rover-range-rover-thumb.jpg', 'https://photos.classiccars.com/cc-temp/listing/192/5962/51012400-2000-land-rover-range-rover-thumb.jpg', 'https://photos.classiccars.com/cc-temp/listing/192/5962/51012381-2000-land-rover-range-rover-thumb.jpg', 'https://photos.classiccars.com/cc-temp/listing/192/5962/51012382-2000-land-rover-range-rover-thumb.jpg', 'https://photos.classiccars.com/cc-temp/listing/192/5962/51012383-2000-land-rover-range-rover-thumb.jpg', 'https://photos.classiccars.com/cc-temp/listing/192/5962/51012384-2000-land-rover-range-rover-thumb.jpg', 'https://photos.classiccars.com/cc-temp/listing/192/5962/51012385-2000-land-rover-range-rover-thumb.jpg', 'https://photos.classiccars.com/cc-temp/listing/192/5962/51012386-2000-land-rover-range-rover-thumb.jpg', 'https://photos.classiccars.com/cc-temp/listing/192/5962/51012387-2000-land-rover-range-rover-thumb.jpg', 'https://photos.classiccars.com/cc-temp/listing/192/5962/51012388-2000-land-rover-range-rover-thumb.jpg', 'https://photos.classiccars.com/cc-temp/listing/192/5962/51012389-2000-land-rover-range-rover-thumb.jpg', 'https://photos.classiccars.com/cc-temp/listing/192/5962/51012394-2000-land-rover-range-rover-thumb.jpg', 'https://photos.classiccars.com/cc-temp/listing/192/5962/51012395-2000-land-rover-range-rover-thumb.jpg', 'https://photos.classiccars.com/cc-temp/listing/192/5962/51012391-2000-land-rover-range-rover-thumb.jpg']"
1968 Ford Mustang,"$230,000",White,Manual,,Mustang,Ford, - ,1968,"['https://photos.classiccars.com/cc-temp/listing/193/9530/51833923-1968-ford-mustang-thumb.jpg', 'https://photos.classiccars.com/cc-temp/listing/193/9530/51841836-1968-ford-mustang-thumb.jpg', 'https://photos.classiccars.com/cc-temp/listing/193/9530/51841843-1968-ford-mustang-thumb.jpg', 'https://photos.classiccars.com/cc-temp/listing/193/9530/51841850-1968-ford-mustang-thumb.jpg', 'https://photos.classiccars.com/cc-temp/listing/193/9530/51841853-1968-ford-mustang-thumb.jpg', 'https://photos.classiccars.com/cc-temp/listing/193/9530/51841861-1968-ford-mustang-thumb.jpg', 'https://photos.classiccars.com/cc-temp/listing/193/9530/51841862-1968-ford-mustang-thumb.jpg', 'https://photos.classiccars.com/cc-temp/listing/193/9530/51841864-1968-ford-mustang-thumb.jpg', 'https://photos.classiccars.com/cc-temp/listing/193/9530/51841867-1968-ford-mustang-thumb.jpg', 'https://photos.classiccars.com/cc-temp/listing/193/9530/51841884-1968-ford-mustang-thumb.jpg', 'https://photos.classiccars.com/cc-temp/listing/193/9530/51841885-1968-ford-mustang-thumb.jpg', 'https://photos.classiccars.com/cc-temp/listing/193/9530/51841886-1968-ford-mustang-thumb.jpg', 'https://photos.classiccars.com/cc-temp/listing/193/9530/51841901-1968-ford-mustang-thumb.jpg', 'https://photos.classiccars.com/cc-temp/listing/193/9530/51841906-1968-ford-mustang-thumb.jpg', 'https://photos.classiccars.com/cc-temp/listing/193/9530/51841908-1968-ford-mustang-thumb.jpg', 'https://photos.classiccars.com/cc-temp/listing/193/9530/51841909-1968-ford-mustang-thumb.jpg', 'https://photos.classiccars.com/cc-temp/listing/193/9530/51841929-1968-ford-mustang-thumb.jpg', 'https://photos.classiccars.com/cc-temp/listing/193/9530/51841931-1968-ford-mustang-thumb.jpg', 'https://photos.classiccars.com/cc-temp/listing/193/9530/51841933-1968-ford-mustang-thumb.jpg', 'https://photos.classiccars.com/cc-temp/listing/193/9530/51841934-1968-ford-mustang-thumb.jpg', 'https://photos.classiccars.com/cc-temp/listing/193/9530/51841936-1968-ford-mustang-thumb.jpg']"
1973 Chevrolet Nova,"$17,500 (OBO)",Red,Automatic,Partially Restored,Nova,Chevrolet,Replaced - Running,1973,"['https://photos.classiccars.com/cc-temp/listing/194/8251/52444800-1973-chevrolet-nova-thumb.jpg', 'https://photos.classiccars.com/cc-temp/listing/194/8251/52444806-1973-chevrolet-nova-thumb.jpg', 'https://photos.classiccars.com/cc-temp/listing/194/8251/52444807-1973-chevrolet-nova-thumb.jpg', 'https://photos.classiccars.com/cc-temp/listing/194/8251/52444808-1973-chevrolet-nova-thumb.jpg', 'https://photos.classiccars.com/cc-temp/listing/194/8251/52444809-1973-chevrolet-nova-thumb.jpg', 'https://photos.classiccars.com/cc-temp/listing/194/8251/52444810-1973-chevrolet-nova-thumb.jpg', 'https://photos.classiccars.com/cc-temp/listing/194/8251/52444811-1973-chevrolet-nova-thumb.jpg', 'https://photos.classiccars.com/cc-temp/listing/194/8251/52444812-1973-chevrolet-nova-thumb.jpg', 'https://photos.classiccars.com/cc-temp/listing/194/8251/52444813-1973-chevrolet-nova-thumb.jpg', 'https://photos.classiccars.com/cc-temp/listing/194/8251/52444814-1973-chevrolet-nova-thumb.jpg', 'https://photos.classiccars.com/cc-temp/listing/194/8251/52444815-1973-chevrolet-nova-thumb.jpg', 'https://photos.classiccars.com/cc-temp/listing/194/8251/52444816-1973-chevrolet-nova-thumb.jpg', 'https://photos.classiccars.com/cc-temp/listing/194/8251/52444817-1973-chevrolet-nova-thumb.jpg', 'https://photos.classiccars.com/cc-temp/listing/194/8251/52444818-1973-chevrolet-nova-thumb.jpg', 'https://photos.classiccars.com/cc-temp/listing/194/8251/52444825-1973-chevrolet-nova-thumb.jpg', 'https://photos.classiccars.com/cc-temp/listing/194/8251/52444826-1973-chevrolet-nova-thumb.jpg', 'https://photos.classiccars.com/cc-temp/listing/194/8251/52444827-1973-chevrolet-nova-thumb.jpg', 'https://photos.classiccars.com/cc-temp/listing/194/8251/52444828-1973-chevrolet-nova-thumb.jpg', 'https://photos.classiccars.com/cc-temp/listing/194/8251/52444829-1973-chevrolet-nova-thumb.jpg', 'https://photos.classiccars.com/cc-temp/listing/194/8251/52444830-1973-chevrolet-nova-thumb.jpg', 'https://photos.classiccars.com/cc-temp/listing/194/8251/52444831-1973-chevrolet-nova-thumb.jpg', 'https://photos.classiccars.com/cc-temp/listing/194/8251/52444832-1973-chevrolet-nova-thumb.jpg', 'https://photos.classiccars.com/cc-temp/listing/194/8251/52444833-1973-chevrolet-nova-thumb.jpg', 'https://photos.classiccars.com/cc-temp/listing/194/8251/52444834-1973-chevrolet-nova-thumb.jpg', 'https://photos.classiccars.com/cc-temp/listing/194/8251/52444835-1973-chevrolet-nova-thumb.jpg', 'https://photos.classiccars.com/cc-temp/listing/194/8251/52444836-1973-chevrolet-nova-thumb.jpg', 'https://photos.classiccars.com/cc-temp/listing/194/8251/52444837-1973-chevrolet-nova-thumb.jpg', 'https://photos.classiccars.com/cc-temp/listing/194/8251/52444838-1973-chevrolet-nova-thumb.jpg', 'https://photos.classiccars.com/cc-temp/listing/194/8251/52444839-1973-chevrolet-nova-thumb.jpg', 'https://photos.classiccars.com/cc-temp/listing/194/8251/52444840-1973-chevrolet-nova-thumb.jpg', 'https://photos.classiccars.com/cc-temp/listing/194/8251/52444841-1973-chevrolet-nova-thumb.jpg', 'https://photos.classiccars.com/cc-temp/listing/194/8251/52444843-1973-chevrolet-nova-thumb.jpg', 'https://photos.classiccars.com/cc-temp/listing/194/8251/52444844-1973-chevrolet-nova-thumb.jpg']"
1933 Ford 2-Dr Coupe,"$397,000",Black,Manual,,2-Dr Coupe,Ford, - ,1933,"['https://photos.classiccars.com/cc-temp/listing/193/4035/51574630-1933-ford-2-dr-coupe-thumb.jpg', 'https://photos.classiccars.com/cc-temp/listing/193/4035/51574628-1933-ford-2-dr-coupe-thumb.jpg', 'https://photos.classiccars.com/cc-temp/listing/193/4035/51574627-1933-ford-2-dr-coupe-thumb.jpg', 'https://photos.classiccars.com/cc-temp/listing/193/4035/51574629-1933-ford-2-dr-coupe-thumb.jpg', 'https://photos.classiccars.com/cc-temp/listing/193/4035/51574623-1933-ford-2-dr-coupe-thumb.jpg', 'https://photos.classiccars.com/cc-temp/listing/193/4035/51574624-1933-ford-2-dr-coupe-thumb.jpg', 'https://photos.classiccars.com/cc-temp/listing/193/4035/51574625-1933-ford-2-dr-coupe-thumb.jpg', 'https://photos.classiccars.com/cc-temp/listing/193/4035/51574626-1933-ford-2-dr-coupe-thumb.jpg']"
1942 Jeep Military,"$30,000",Army Green,Manual,,Military,Jeep,Rebuilt - Running,1942,"['https://photos.classiccars.com/cc-temp/listing/193/4013/51517478-1942-jeep-military-thumb.jpg', 'https://photos.classiccars.com/cc-temp/listing/193/4013/51517475-1942-jeep-military-thumb.jpg', 'https://photos.classiccars.com/cc-temp/listing/193/4013/51517477-1942-jeep-military-thumb.jpg', 'https://photos.classiccars.com/cc-temp/listing/193/4013/51517476-1942-jeep-military-thumb.jpg', 'https://photos.classiccars.com/cc-temp/listing/193/4013/51517479-1942-jeep-military-thumb.jpg']"
1969 Chevrolet Camaro RS Z28,"$68,500",Hugger Orange,Manual,,Camaro RS Z28,Chevrolet, - ,1969,"['https://photos.classiccars.com/cc-temp/listing/190/9538/49978097-1969-chevrolet-camaro-rs-z28-thumb.jpg', 'https://photos.classiccars.com/cc-temp/listing/190/9538/49978118-1969-chevrolet-camaro-rs-z28-thumb.jpg', 'https://photos.classiccars.com/cc-temp/listing/190/9538/49978100-1969-chevrolet-camaro-rs-z28-thumb.jpg', 'https://photos.classiccars.com/cc-temp/listing/190/9538/49978098-1969-chevrolet-camaro-rs-z28-thumb.jpg', 'https://photos.classiccars.com/cc-temp/listing/190/9538/49978101-1969-chevrolet-camaro-rs-z28-thumb.jpg', 'https://photos.classiccars.com/cc-temp/listing/190/9538/49978099-1969-chevrolet-camaro-rs-z28-thumb.jpg', 'https://photos.classiccars.com/cc-temp/listing/190/9538/49978135-1969-chevrolet-camaro-rs-z28-thumb.jpg', 'https://photos.classiccars.com/cc-temp/listing/190/9538/49978133-1969-chevrolet-camaro-rs-z28-thumb.jpg', 'https://photos.classiccars.com/cc-temp/listing/190/9538/50038256-1969-chevrolet-camaro-rs-z28-thumb.jpg', 'https://photos.classiccars.com/cc-temp/listing/190/9538/50038257-1969-chevrolet-camaro-rs-z28-thumb.jpg', 'https://photos.classiccars.com/cc-temp/listing/190/9538/50038258-1969-chevrolet-camaro-rs-z28-thumb.jpg', 'https://photos.classiccars.com/cc-temp/listing/190/9538/50079458-1969-chevrolet-camaro-rs-z28-thumb.jpg', 'https://photos.classiccars.com/cc-temp/listing/190/9538/50079459-1969-chevrolet-camaro-rs-z28-thumb.jpg', 'https://photos.classiccars.com/cc-temp/listing/190/9538/50079460-1969-chevrolet-camaro-rs-z28-thumb.jpg', 'https://photos.classiccars.com/cc-temp/listing/190/9538/50079461-1969-chevrolet-camaro-rs-z28-thumb.jpg', 'https://photos.classiccars.com/cc-temp/listing/190/9538/50079462-1969-chevrolet-camaro-rs-z28-thumb.jpg', 'https://photos.classiccars.com/cc-temp/listing/190/9538/50079463-1969-chevrolet-camaro-rs-z28-thumb.jpg', 'https://photos.classiccars.com/cc-temp/listing/190/9538/50079464-1969-chevrolet-camaro-rs-z28-thumb.jpg', 'https://photos.classiccars.com/cc-temp/listing/190/9538/50079465-1969-chevrolet-camaro-rs-z28-thumb.jpg', 'https://photos.classiccars.com/cc-temp/listing/190/9538/50079466-1969-chevrolet-camaro-rs-z28-thumb.jpg', 'https://photos.classiccars.com/cc-temp/listing/190/9538/50079467-1969-chevrolet-camaro-rs-z28-thumb.jpg', 'https://photos.classiccars.com/cc-temp/listing/190/9538/50079468-1969-chevrolet-camaro-rs-z28-thumb.jpg', 'https://photos.classiccars.com/cc-temp/listing/190/9538/50079469-1969-chevrolet-camaro-rs-z28-thumb.jpg', 'https://photos.classiccars.com/cc-temp/listing/190/9538/50079470-1969-chevrolet-camaro-rs-z28-thumb.jpg', 'https://photos.classiccars.com/cc-temp/listing/190/9538/50079471-1969-chevrolet-camaro-rs-z28-thumb.jpg', 'https://photos.classiccars.com/cc-temp/listing/190/9538/50079472-1969-chevrolet-camaro-rs-z28-thumb.jpg', 'https://photos.classiccars.com/cc-temp/listing/190/9538/50079473-1969-chevrolet-camaro-rs-z28-thumb.jpg', 'https://photos.classiccars.com/cc-temp/listing/190/9538/50079474-1969-chevrolet-camaro-rs-z28-thumb.jpg', 'https://photos.classiccars.com/cc-temp/listing/190/9538/50079475-1969-chevrolet-camaro-rs-z28-thumb.jpg', 'https://photos.classiccars.com/cc-temp/listing/190/9538/50079476-1969-chevrolet-camaro-rs-z28-thumb.jpg', 'https://photos.classiccars.com/cc-temp/listing/190/9538/50079477-1969-chevrolet-camaro-rs-z28-thumb.jpg', 'https://photos.classiccars.com/cc-temp/listing/190/9538/50079478-1969-chevrolet-camaro-rs-z28-thumb.jpg', 'https://photos.classiccars.com/cc-temp/listing/190/9538/50079479-1969-chevrolet-camaro-rs-z28-thumb.jpg', 'https://photos.classiccars.com/cc-temp/listing/190/9538/50079480-1969-chevrolet-camaro-rs-z28-thumb.jpg', 'https://photos.classiccars.com/cc-temp/listing/190/9538/50079481-1969-chevrolet-camaro-rs-z28-thumb.jpg', 'https://photos.classiccars.com/cc-temp/listing/190/9538/50079482-1969-chevrolet-camaro-rs-z28-thumb.jpg', 'https://photos.classiccars.com/cc-temp/listing/190/9538/50079483-1969-chevrolet-camaro-rs-z28-thumb.jpg']"
1955 Chevrolet Bel Air,"$85,000",Orange / White,Automatic,,Bel Air,Chevrolet,Replaced - Running,1955,"['https://photos.classiccars.com/cc-temp/listing/193/3434/51481820-1955-chevrolet-bel-air-thumb.jpg', 'https://photos.classiccars.com/cc-temp/listing/193/3434/51481896-1955-chevrolet-bel-air-thumb.jpg', 'https://photos.classiccars.com/cc-temp/listing/193/3434/51481818-1955-chevrolet-bel-air-thumb.jpg', 'https://photos.classiccars.com/cc-temp/listing/193/3434/51481819-1955-chevrolet-bel-air-thumb.jpg', 'https://photos.classiccars.com/cc-temp/listing/193/3434/51481821-1955-chevrolet-bel-air-thumb.jpg', 'https://photos.classiccars.com/cc-temp/listing/193/3434/51481822-1955-chevrolet-bel-air-thumb.jpg', 'https://photos.classiccars.com/cc-temp/listing/193/3434/51481823-1955-chevrolet-bel-air-thumb.jpg', 'https://photos.classiccars.com/cc-temp/listing/193/3434/51481824-1955-chevrolet-bel-air-thumb.jpg', 'https://photos.classiccars.com/cc-temp/listing/193/3434/51482265-1955-chevrolet-bel-air-thumb.jpg', 'https://photos.classiccars.com/cc-temp/listing/193/3434/51482266-1955-chevrolet-bel-air-thumb.jpg', 'https://photos.classiccars.com/cc-temp/listing/193/3434/51482267-1955-chevrolet-bel-air-thumb.jpg', 'https://photos.classiccars.com/cc-temp/listing/193/3434/51482268-1955-chevrolet-bel-air-thumb.jpg', 'https://photos.classiccars.com/cc-temp/listing/193/3434/51482269-1955-chevrolet-bel-air-thumb.jpg', 'https://photos.classiccars.com/cc-temp/listing/193/3434/51482270-1955-chevrolet-bel-air-thumb.jpg', 'https://photos.classiccars.com/cc-temp/listing/193/3434/51728427-1955-chevrolet-bel-air-thumb.jpg', 'https://photos.classiccars.com/cc-temp/listing/193/3434/51728536-1955-chevrolet-bel-air-thumb.jpg', 'https://photos.classiccars.com/cc-temp/listing/193/3434/51728563-1955-chevrolet-bel-air-thumb.jpg', 'https://photos.classiccars.com/cc-temp/listing/193/3434/51732394-1955-chevrolet-bel-air-thumb.jpg', 'https://photos.classiccars.com/cc-temp/listing/193/3434/51732397-1955-chevrolet-bel-air-thumb.jpg', 'https://photos.classiccars.com/cc-temp/listing/193/3434/51732414-1955-chevrolet-bel-air-thumb.jpg']"
1965 Shelby Cobra,"$129,900 (OBO)",Merlot Red/Silver,Manual,,Cobra,Shelby, - ,1965,"['https://photos.classiccars.com/cc-temp/listing/193/7070/51690371-1965-shelby-cobra-thumb.jpg', 'https://photos.classiccars.com/cc-temp/listing/193/7070/51690376-1965-shelby-cobra-thumb.jpg', 'https://photos.classiccars.com/cc-temp/listing/193/7070/51690364-1965-shelby-cobra-thumb.jpg', 'https://photos.classiccars.com/cc-temp/listing/193/7070/51690369-1965-shelby-cobra-thumb.jpg', 'https://photos.classiccars.com/cc-temp/listing/193/7070/51690372-1965-shelby-cobra-thumb.jpg', 'https://photos.classiccars.com/cc-temp/listing/193/7070/51690370-1965-shelby-cobra-thumb.jpg', 'https://photos.classiccars.com/cc-temp/listing/193/7070/51690373-1965-shelby-cobra-thumb.jpg', 'https://photos.classiccars.com/cc-temp/listing/193/7070/51690374-1965-shelby-cobra-thumb.jpg', 'https://photos.classiccars.com/cc-temp/listing/193/7070/51690375-1965-shelby-cobra-thumb.jpg']"
1976 Triumph TR6,"$22,995 (OBO)",British Maple,Manual,,TR6,Triumph,Original - Running,1976,"['https://photos.classiccars.com/cc-temp/listing/193/7344/51704691-1976-triumph-tr6-thumb.jpg', 'https://photos.classiccars.com/cc-temp/listing/193/7344/51704689-1976-triumph-tr6-thumb.jpg', 'https://photos.classiccars.com/cc-temp/listing/193/7344/51704690-1976-triumph-tr6-thumb.jpg', 'https://photos.classiccars.com/cc-temp/listing/193/7344/51704681-1976-triumph-tr6-thumb.jpg', 'https://photos.classiccars.com/cc-temp/listing/193/7344/51704683-1976-triumph-tr6-thumb.jpg', 'https://photos.classiccars.com/cc-temp/listing/193/7344/51704692-1976-triumph-tr6-thumb.jpg', 'https://photos.classiccars.com/cc-temp/listing/193/7344/51704685-1976-triumph-tr6-thumb.jpg', 'https://photos.classiccars.com/cc-temp/listing/193/7344/51704693-1976-triumph-tr6-thumb.jpg', 'https://photos.classiccars.com/cc-temp/listing/193/7344/51704694-1976-triumph-tr6-thumb.jpg', 'https://photos.classiccars.com/cc-temp/listing/193/7344/51704695-1976-triumph-tr6-thumb.jpg', 'https://photos.classiccars.com/cc-temp/listing/193/7344/51704696-1976-triumph-tr6-thumb.jpg', 'https://photos.classiccars.com/cc-temp/listing/193/7344/51704697-1976-triumph-tr6-thumb.jpg', 'https://photos.classiccars.com/cc-temp/listing/193/7344/51704698-1976-triumph-tr6-thumb.jpg', 'https://photos.classiccars.com/cc-temp/listing/193/7344/51704699-1976-triumph-tr6-thumb.jpg', 'https://photos.classiccars.com/cc-temp/listing/193/7344/51704700-1976-triumph-tr6-thumb.jpg', 'https://photos.classiccars.com/cc-temp/listing/193/7344/51704701-1976-triumph-tr6-thumb.jpg', 'https://photos.classiccars.com/cc-temp/listing/193/7344/51704702-1976-triumph-tr6-thumb.jpg', 'https://photos.classiccars.com/cc-temp/listing/193/7344/51704703-1976-triumph-tr6-thumb.jpg', 'https://photos.classiccars.com/cc-temp/listing/193/7344/51704704-1976-triumph-tr6-thumb.jpg', 'https://photos.classiccars.com/cc-temp/listing/193/7344/51704705-1976-triumph-tr6-thumb.jpg']"
1995 Land Rover Defender,"$69,999 (OBO)",Red,Manual,Unrestored,Defender,Land Rover,Original - Running,1995,"['https://photos.classiccars.com/cc-temp/listing/189/9176/49395947-1995-land-rover-defender-90-thumb.jpg', 'https://photos.classiccars.com/cc-temp/listing/189/9176/49395934-1995-land-rover-defender-90-thumb.jpg', 'https://photos.classiccars.com/cc-temp/listing/189/9176/49395999-1995-land-rover-defender-90-thumb.jpg', 'https://photos.classiccars.com/cc-temp/listing/189/9176/49396017-1995-land-rover-defender-90-thumb.jpg', 'https://photos.classiccars.com/cc-temp/listing/189/9176/49396035-1995-land-rover-defender-90-thumb.jpg', 'https://photos.classiccars.com/cc-temp/listing/189/9176/49396038-1995-land-rover-defender-90-thumb.jpg', 'https://photos.classiccars.com/cc-temp/listing/189/9176/49395938-1995-land-rover-defender-90-thumb.jpg', 'https://photos.classiccars.com/cc-temp/listing/189/9176/49951931-1995-land-rover-defender-thumb.jpg', 'https://photos.classiccars.com/cc-temp/listing/189/9176/49951932-1995-land-rover-defender-thumb.jpg', 'https://photos.classiccars.com/cc-temp/listing/189/9176/49951933-1995-land-rover-defender-thumb.jpg', 'https://photos.classiccars.com/cc-temp/listing/189/9176/49951979-1995-land-rover-defender-thumb.jpg', 'https://photos.classiccars.com/cc-temp/listing/189/9176/49951980-1995-land-rover-defender-thumb.jpg', 'https://photos.classiccars.com/cc-temp/listing/189/9176/49951981-1995-land-rover-defender-thumb.jpg', 'https://photos.classiccars.com/cc-temp/listing/189/9176/49951983-1995-land-rover-defender-thumb.jpg', 'https://photos.classiccars.com/cc-temp/listing/189/9176/49951984-1995-land-rover-defender-thumb.jpg', 'https://photos.classiccars.com/cc-temp/listing/189/9176/49951985-1995-land-rover-defender-thumb.jpg', 'https://photos.classiccars.com/cc-temp/listing/189/9176/49951986-1995-land-rover-defender-thumb.jpg', 'https://photos.classiccars.com/cc-temp/listing/189/9176/49951988-1995-land-rover-defender-thumb.jpg', 'https://photos.classiccars.com/cc-temp/listing/189/9176/49951989-1995-land-rover-defender-thumb.jpg', 'https://photos.classiccars.com/cc-temp/listing/189/9176/49951990-1995-land-rover-defender-thumb.jpg', 'https://photos.classiccars.com/cc-temp/listing/189/9176/49951991-1995-land-rover-defender-thumb.jpg', 'https://photos.classiccars.com/cc-temp/listing/189/9176/49951992-1995-land-rover-defender-thumb.jpg', 'https://photos.classiccars.com/cc-temp/listing/189/9176/49951993-1995-land-rover-defender-thumb.jpg', 'https://photos.classiccars.com/cc-temp/listing/189/9176/49951994-1995-land-rover-defender-thumb.jpg', 'https://photos.classiccars.com/cc-temp/listing/189/9176/49951995-1995-land-rover-defender-thumb.jpg', 'https://photos.classiccars.com/cc-temp/listing/189/9176/49951996-1995-land-rover-defender-thumb.jpg', 'https://photos.classiccars.com/cc-temp/listing/189/9176/49951997-1995-land-rover-defender-thumb.jpg', 'https://photos.classiccars.com/cc-temp/listing/189/9176/49951998-1995-land-rover-defender-thumb.jpg', 'https://photos.classiccars.com/cc-temp/listing/189/9176/49951999-1995-land-rover-defender-thumb.jpg', 'https://photos.classiccars.com/cc-temp/listing/189/9176/49952000-1995-land-rover-defender-thumb.jpg', 'https://photos.classiccars.com/cc-temp/listing/189/9176/49952001-1995-land-rover-defender-thumb.jpg', 'https://photos.classiccars.com/cc-temp/listing/189/9176/49952002-1995-land-rover-defender-thumb.jpg', 'https://photos.classiccars.com/cc-temp/listing/189/9176/49952003-1995-land-rover-defender-thumb.jpg', 'https://photos.classiccars.com/cc-temp/listing/189/9176/49952004-1995-land-rover-defender-thumb.jpg', 'https://photos.classiccars.com/cc-temp/listing/189/9176/49952005-1995-land-rover-defender-thumb.jpg', 'https://photos.classiccars.com/cc-temp/listing/189/9176/49952006-1995-land-rover-defender-thumb.jpg', 'https://photos.classiccars.com/cc-temp/listing/189/9176/49952007-1995-land-rover-defender-thumb.jpg']"
1973 Dodge Charger,"$35,000",Bronze,Automatic,Unrestored,Charger,Dodge,Rebuilt - Running,1973,"['https://photos.classiccars.com/cc-temp/listing/160/2628/32360673-1973-dodge-charger-thumb.jpg', 'https://photos.classiccars.com/cc-temp/listing/160/2628/32360674-1973-dodge-charger-thumb.jpg', 'https://photos.classiccars.com/cc-temp/listing/160/2628/32360675-1973-dodge-charger-thumb.jpg', 'https://photos.classiccars.com/cc-temp/listing/160/2628/32360676-1973-dodge-charger-thumb.jpg', 'https://photos.classiccars.com/cc-temp/listing/160/2628/32360666-1973-dodge-charger-thumb.jpg', 'https://photos.classiccars.com/cc-temp/listing/160/2628/32192715-1973-dodge-charger-thumb.jpg', 'https://photos.classiccars.com/cc-temp/listing/160/2628/32360669-1973-dodge-charger-thumb.jpg', 'https://photos.classiccars.com/cc-temp/listing/160/2628/32360668-1973-dodge-charger-thumb.jpg', 'https://photos.classiccars.com/cc-temp/listing/160/2628/32360667-1973-dodge-charger-thumb.jpg', 'https://photos.classiccars.com/cc-temp/listing/160/2628/32360670-1973-dodge-charger-thumb.jpg', 'https://photos.classiccars.com/cc-temp/listing/160/2628/32360671-1973-dodge-charger-thumb.jpg', 'https://photos.classiccars.com/cc-temp/listing/160/2628/32360672-1973-dodge-charger-thumb.jpg', 'https://photos.classiccars.com/cc-temp/listing/160/2628/32192716-1973-dodge-charger-thumb.jpg', 'https://photos.classiccars.com/cc-temp/listing/160/2628/32192717-1973-dodge-charger-thumb.jpg', 'https://photos.classiccars.com/cc-temp/listing/160/2628/32192723-1973-dodge-charger-thumb.jpg', 'https://photos.classiccars.com/cc-temp/listing/160/2628/32360647-1973-dodge-charger-thumb.jpg', 'https://photos.classiccars.com/cc-temp/listing/160/2628/32360646-1973-dodge-charger-thumb.jpg', 'https://photos.classiccars.com/cc-temp/listing/160/2628/32360645-1973-dodge-charger-thumb.jpg', 'https://photos.classiccars.com/cc-temp/listing/160/2628/32360649-1973-dodge-charger-thumb.jpg', 'https://photos.classiccars.com/cc-temp/listing/160/2628/32192719-1973-dodge-charger-thumb.jpg', 'https://photos.classiccars.com/cc-temp/listing/160/2628/32192720-1973-dodge-charger-thumb.jpg', 'https://photos.classiccars.com/cc-temp/listing/160/2628/32192721-1973-dodge-charger-thumb.jpg', 'https://photos.classiccars.com/cc-temp/listing/160/2628/32192713-1973-dodge-charger-thumb.jpg', 'https://photos.classiccars.com/cc-temp/listing/160/2628/32360648-1973-dodge-charger-thumb.jpg', 'https://photos.classiccars.com/cc-temp/listing/160/2628/32360650-1973-dodge-charger-thumb.jpg', 'https://photos.classiccars.com/cc-temp/listing/160/2628/32360651-1973-dodge-charger-thumb.jpg', 'https://photos.classiccars.com/cc-temp/listing/160/2628/32360652-1973-dodge-charger-thumb.jpg', 'https://photos.classiccars.com/cc-temp/listing/160/2628/32360653-1973-dodge-charger-thumb.jpg', 'https://photos.classiccars.com/cc-temp/listing/160/2628/32360654-1973-dodge-charger-thumb.jpg', 'https://photos.classiccars.com/cc-temp/listing/160/2628/32192722-1973-dodge-charger-thumb.jpg', 'https://photos.classiccars.com/cc-temp/listing/160/2628/32360655-1973-dodge-charger-thumb.jpg', 'https://photos.classiccars.com/cc-temp/listing/160/2628/32360656-1973-dodge-charger-thumb.jpg', 'https://photos.classiccars.com/cc-temp/listing/160/2628/32360657-1973-dodge-charger-thumb.jpg', 'https://photos.classiccars.com/cc-temp/listing/160/2628/32360658-1973-dodge-charger-thumb.jpg', 'https://photos.classiccars.com/cc-temp/listing/160/2628/32360659-1973-dodge-charger-thumb.jpg', 'https://photos.classiccars.com/cc-temp/listing/160/2628/32192718-1973-dodge-charger-thumb.jpg', 'https://photos.classiccars.com/cc-temp/listing/160/2628/32360660-1973-dodge-charger-thumb.jpg', 'https://photos.classiccars.com/cc-temp/listing/160/2628/32360661-1973-dodge-charger-thumb.jpg', 'https://photos.classiccars.com/cc-temp/listing/160/2628/32360662-1973-dodge-charger-thumb.jpg', 'https://photos.classiccars.com/cc-temp/listing/160/2628/32360663-1973-dodge-charger-thumb.jpg', 'https://photos.classiccars.com/cc-temp/listing/160/2628/32360664-1973-dodge-charger-thumb.jpg', 'https://photos.classiccars.com/cc-temp/listing/160/2628/32360665-1973-dodge-charger-thumb.jpg']"
1986 GMC Sierra,"$36,500 (OBO)",Red,Automatic,,Sierra,GMC,Replaced - Running,1986,"['https://photos.classiccars.com/cc-temp/listing/191/5813/50391768-1986-gmc-sierra-thumb.jpg', 'https://photos.classiccars.com/cc-temp/listing/191/5813/50391762-1986-gmc-sierra-thumb.jpg', 'https://photos.classiccars.com/cc-temp/listing/191/5813/50391765-1986-gmc-sierra-thumb.jpg', 'https://photos.classiccars.com/cc-temp/listing/191/5813/50391782-1986-gmc-sierra-thumb.jpg', 'https://photos.classiccars.com/cc-temp/listing/191/5813/50391778-1986-gmc-sierra-thumb.jpg', 'https://photos.classiccars.com/cc-temp/listing/191/5813/50391763-1986-gmc-sierra-thumb.jpg', 'https://photos.classiccars.com/cc-temp/listing/191/5813/50391764-1986-gmc-sierra-thumb.jpg', 'https://photos.classiccars.com/cc-temp/listing/191/5813/50391780-1986-gmc-sierra-thumb.jpg', 'https://photos.classiccars.com/cc-temp/listing/191/5813/50391779-1986-gmc-sierra-thumb.jpg', 'https://photos.classiccars.com/cc-temp/listing/191/5813/50391781-1986-gmc-sierra-thumb.jpg', 'https://photos.classiccars.com/cc-temp/listing/191/5813/50391777-1986-gmc-sierra-thumb.jpg', 'https://photos.classiccars.com/cc-temp/listing/191/5813/50391774-1986-gmc-sierra-thumb.jpg', 'https://photos.classiccars.com/cc-temp/listing/191/5813/50391773-1986-gmc-sierra-thumb.jpg', 'https://photos.classiccars.com/cc-temp/listing/191/5813/50391771-1986-gmc-sierra-thumb.jpg', 'https://photos.classiccars.com/cc-temp/listing/191/5813/50391772-1986-gmc-sierra-thumb.jpg', 'https://photos.classiccars.com/cc-temp/listing/191/5813/50391770-1986-gmc-sierra-thumb.jpg', 'https://photos.classiccars.com/cc-temp/listing/191/5813/50391769-1986-gmc-sierra-thumb.jpg', 'https://photos.classiccars.com/cc-temp/listing/191/5813/50391792-1986-gmc-sierra-thumb.jpg', 'https://photos.classiccars.com/cc-temp/listing/191/5813/50391793-1986-gmc-sierra-thumb.jpg', 'https://photos.classiccars.com/cc-temp/listing/191/5813/50391790-1986-gmc-sierra-thumb.jpg', 'https://photos.classiccars.com/cc-temp/listing/191/5813/50391791-1986-gmc-sierra-thumb.jpg', 'https://photos.classiccars.com/cc-temp/listing/191/5813/50391800-1986-gmc-sierra-thumb.jpg', 'https://photos.classiccars.com/cc-temp/listing/191/5813/50391783-1986-gmc-sierra-thumb.jpg', 'https://photos.classiccars.com/cc-temp/listing/191/5813/50391784-1986-gmc-sierra-thumb.jpg', 'https://photos.classiccars.com/cc-temp/listing/191/5813/50391785-1986-gmc-sierra-thumb.jpg', 'https://photos.classiccars.com/cc-temp/listing/191/5813/50391786-1986-gmc-sierra-thumb.jpg', 'https://photos.classiccars.com/cc-temp/listing/191/5813/50391787-1986-gmc-sierra-thumb.jpg', 'https://photos.classiccars.com/cc-temp/listing/191/5813/50391788-1986-gmc-sierra-thumb.jpg', 'https://photos.classiccars.com/cc-temp/listing/191/5813/50391794-1986-gmc-sierra-thumb.jpg', 'https://photos.classiccars.com/cc-temp/listing/191/5813/50391795-1986-gmc-sierra-thumb.jpg', 'https://photos.classiccars.com/cc-temp/listing/191/5813/50391796-1986-gmc-sierra-thumb.jpg', 'https://photos.classiccars.com/cc-temp/listing/191/5813/50391797-1986-gmc-sierra-thumb.jpg', 'https://photos.classiccars.com/cc-temp/listing/191/5813/50391798-1986-gmc-sierra-thumb.jpg', 'https://photos.classiccars.com/cc-temp/listing/191/5813/50391799-1986-gmc-sierra-thumb.jpg', 'https://photos.classiccars.com/cc-temp/listing/191/5813/50391801-1986-gmc-sierra-thumb.jpg', 'https://photos.classiccars.com/cc-temp/listing/191/5813/50391802-1986-gmc-sierra-thumb.jpg', 'https://photos.classiccars.com/cc-temp/listing/191/5813/50391803-1986-gmc-sierra-thumb.jpg', 'https://photos.classiccars.com/cc-temp/listing/191/5813/50391804-1986-gmc-sierra-thumb.jpg', 'https://photos.classiccars.com/cc-temp/listing/191/5813/50391805-1986-gmc-sierra-thumb.jpg', 'https://photos.classiccars.com/cc-temp/listing/191/5813/50391806-1986-gmc-sierra-thumb.jpg', 'https://photos.classiccars.com/cc-temp/listing/191/5813/50391807-1986-gmc-sierra-thumb.jpg', 'https://photos.classiccars.com/cc-temp/listing/191/5813/50391808-1986-gmc-sierra-thumb.jpg', 'https://photos.classiccars.com/cc-temp/listing/191/5813/50391809-1986-gmc-sierra-thumb.jpg', 'https://photos.classiccars.com/cc-temp/listing/191/5813/50391810-1986-gmc-sierra-thumb.jpg', 'https://photos.classiccars.com/cc-temp/listing/191/5813/50391811-1986-gmc-sierra-thumb.jpg', 'https://photos.classiccars.com/cc-temp/listing/191/5813/50391812-1986-gmc-sierra-thumb.jpg', 'https://photos.classiccars.com/cc-temp/listing/191/5813/50391813-1986-gmc-sierra-thumb.jpg', 'https://photos.classiccars.com/cc-temp/listing/191/5813/50391814-1986-gmc-sierra-thumb.jpg', 'https://photos.classiccars.com/cc-temp/listing/191/5813/50391815-1986-gmc-sierra-thumb.jpg', 'https://photos.classiccars.com/cc-temp/listing/191/5813/50391816-1986-gmc-sierra-thumb.jpg', 'https://photos.classiccars.com/cc-temp/listing/191/5813/50391817-1986-gmc-sierra-thumb.jpg', 'https://photos.classiccars.com/cc-temp/listing/191/5813/50391775-1986-gmc-sierra-thumb.jpg', 'https://photos.classiccars.com/cc-temp/listing/191/5813/50391776-1986-gmc-sierra-thumb.jpg']"
1958 Chevrolet Apache,"$110,000 (OBO)",Ann. Gold/Sand Beige,,Unrestored,Apache,Chevrolet,Original - Running,1958,"['https://photos.classiccars.com/cc-temp/listing/186/9058/47627946-1958-chevrolet-apache-thumb.jpg', 'https://photos.classiccars.com/cc-temp/listing/186/9058/47627947-1958-chevrolet-apache-thumb.jpg', 'https://photos.classiccars.com/cc-temp/listing/186/9058/47627945-1958-chevrolet-apache-thumb.jpg', 'https://photos.classiccars.com/cc-temp/listing/186/9058/47627962-1958-chevrolet-apache-thumb.jpg', 'https://photos.classiccars.com/cc-temp/listing/186/9058/47628019-1958-chevrolet-apache-thumb.jpg', 'https://photos.classiccars.com/cc-temp/listing/186/9058/47627970-1958-chevrolet-apache-thumb.jpg', 'https://photos.classiccars.com/cc-temp/listing/186/9058/47627969-1958-chevrolet-apache-thumb.jpg', 'https://photos.classiccars.com/cc-temp/listing/186/9058/47627991-1958-chevrolet-apache-thumb.jpg', 'https://photos.classiccars.com/cc-temp/listing/186/9058/47627992-1958-chevrolet-apache-thumb.jpg', 'https://photos.classiccars.com/cc-temp/listing/186/9058/47627978-1958-chevrolet-apache-thumb.jpg', 'https://photos.classiccars.com/cc-temp/listing/186/9058/47627990-1958-chevrolet-apache-thumb.jpg', 'https://photos.classiccars.com/cc-temp/listing/186/9058/47627985-1958-chevrolet-apache-thumb.jpg', 'https://photos.classiccars.com/cc-temp/listing/186/9058/47627998-1958-chevrolet-apache-thumb.jpg', 'https://photos.classiccars.com/cc-temp/listing/186/9058/47627967-1958-chevrolet-apache-thumb.jpg', 'https://photos.classiccars.com/cc-temp/listing/186/9058/47627989-1958-chevrolet-apache-thumb.jpg', 'https://photos.classiccars.com/cc-temp/listing/186/9058/47627987-1958-chevrolet-apache-thumb.jpg', 'https://photos.classiccars.com/cc-temp/listing/186/9058/47627968-1958-chevrolet-apache-thumb.jpg', 'https://photos.classiccars.com/cc-temp/listing/186/9058/47627971-1958-chevrolet-apache-thumb.jpg', 'https://photos.classiccars.com/cc-temp/listing/186/9058/47627972-1958-chevrolet-apache-thumb.jpg', 'https://photos.classiccars.com/cc-temp/listing/186/9058/47627973-1958-chevrolet-apache-thumb.jpg', 'https://photos.classiccars.com/cc-temp/listing/186/9058/47627974-1958-chevrolet-apache-thumb.jpg', 'https://photos.classiccars.com/cc-temp/listing/186/9058/47627975-1958-chevrolet-apache-thumb.jpg', 'https://photos.classiccars.com/cc-temp/listing/186/9058/47627976-1958-chevrolet-apache-thumb.jpg', 'https://photos.classiccars.com/cc-temp/listing/186/9058/47627977-1958-chevrolet-apache-thumb.jpg', 'https://photos.classiccars.com/cc-temp/listing/186/9058/47627979-1958-chevrolet-apache-thumb.jpg', 'https://photos.classiccars.com/cc-temp/listing/186/9058/47627980-1958-chevrolet-apache-thumb.jpg', 'https://photos.classiccars.com/cc-temp/listing/186/9058/47627981-1958-chevrolet-apache-thumb.jpg', 'https://photos.classiccars.com/cc-temp/listing/186/9058/47627982-1958-chevrolet-apache-thumb.jpg', 'https://photos.classiccars.com/cc-temp/listing/186/9058/47627983-1958-chevrolet-apache-thumb.jpg', 'https://photos.classiccars.com/cc-temp/listing/186/9058/47627984-1958-chevrolet-apache-thumb.jpg', 'https://photos.classiccars.com/cc-temp/listing/186/9058/47627986-1958-chevrolet-apache-thumb.jpg', 'https://photos.classiccars.com/cc-temp/listing/186/9058/47627988-1958-chevrolet-apache-thumb.jpg', 'https://photos.classiccars.com/cc-temp/listing/186/9058/47627993-1958-chevrolet-apache-thumb.jpg', 'https://photos.classiccars.com/cc-temp/listing/186/9058/47627994-1958-chevrolet-apache-thumb.jpg', 'https://photos.classiccars.com/cc-temp/listing/186/9058/47627995-1958-chevrolet-apache-thumb.jpg', 'https://photos.classiccars.com/cc-temp/listing/186/9058/47627996-1958-chevrolet-apache-thumb.jpg', 'https://photos.classiccars.com/cc-temp/listing/186/9058/47627997-1958-chevrolet-apache-thumb.jpg', 'https://photos.classiccars.com/cc-temp/listing/186/9058/47627999-1958-chevrolet-apache-thumb.jpg', 'https://photos.classiccars.com/cc-temp/listing/186/9058/47628000-1958-chevrolet-apache-thumb.jpg', 'https://photos.classiccars.com/cc-temp/listing/186/9058/47628008-1958-chevrolet-apache-thumb.jpg', 'https://photos.classiccars.com/cc-temp/listing/186/9058/47628009-1958-chevrolet-apache-thumb.jpg', 'https://photos.classiccars.com/cc-temp/listing/186/9058/47628012-1958-chevrolet-apache-thumb.jpg', 'https://photos.classiccars.com/cc-temp/listing/186/9058/47628001-1958-chevrolet-apache-thumb.jpg', 'https://photos.classiccars.com/cc-temp/listing/186/9058/47628002-1958-chevrolet-apache-thumb.jpg', 'https://photos.classiccars.com/cc-temp/listing/186/9058/47628003-1958-chevrolet-apache-thumb.jpg', 'https://photos.classiccars.com/cc-temp/listing/186/9058/47628004-1958-chevrolet-apache-thumb.jpg', 'https://photos.classiccars.com/cc-temp/listing/186/9058/47628005-1958-chevrolet-apache-thumb.jpg', 'https://photos.classiccars.com/cc-temp/listing/186/9058/47628006-1958-chevrolet-apache-thumb.jpg', 'https://photos.classiccars.com/cc-temp/listing/186/9058/47628007-1958-chevrolet-apache-thumb.jpg', 'https://photos.classiccars.com/cc-temp/listing/186/9058/47628010-1958-chevrolet-apache-thumb.jpg', 'https://photos.classiccars.com/cc-temp/listing/186/9058/47628011-1958-chevrolet-apache-thumb.jpg', 'https://photos.classiccars.com/cc-temp/listing/186/9058/47628013-1958-chevrolet-apache-thumb.jpg', 'https://photos.classiccars.com/cc-temp/listing/186/9058/47628014-1958-chevrolet-apache-thumb.jpg', 'https://photos.classiccars.com/cc-temp/listing/186/9058/47628015-1958-chevrolet-apache-thumb.jpg', 'https://photos.classiccars.com/cc-temp/listing/186/9058/47628016-1958-chevrolet-apache-thumb.jpg', 'https://photos.classiccars.com/cc-temp/listing/186/9058/47628017-1958-chevrolet-apache-thumb.jpg', 'https://photos.classiccars.com/cc-temp/listing/186/9058/47628018-1958-chevrolet-apache-thumb.jpg', 'https://photos.classiccars.com/cc-temp/listing/186/9058/47801348-1958-chevrolet-apache-thumb.jpg', 'https://photos.classiccars.com/cc-temp/listing/186/9058/47801349-1958-chevrolet-apache-thumb.jpg', 'https://photos.classiccars.com/cc-temp/listing/186/9058/47801350-1958-chevrolet-apache-thumb.jpg', 'https://photos.classiccars.com/cc-temp/listing/186/9058/47801351-1958-chevrolet-apache-thumb.jpg', 'https://photos.classiccars.com/cc-temp/listing/186/9058/47801352-1958-chevrolet-apache-thumb.jpg', 'https://photos.classiccars.com/cc-temp/listing/186/9058/47801353-1958-chevrolet-apache-thumb.jpg', 'https://photos.classiccars.com/cc-temp/listing/186/9058/47801354-1958-chevrolet-apache-thumb.jpg', 'https://photos.classiccars.com/cc-temp/listing/186/9058/47801355-1958-chevrolet-apache-thumb.jpg', 'https://photos.classiccars.com/cc-temp/listing/186/9058/47801356-1958-chevrolet-apache-thumb.jpg', 'https://photos.classiccars.com/cc-temp/listing/186/9058/47801357-1958-chevrolet-apache-thumb.jpg', 'https://photos.classiccars.com/cc-temp/listing/186/9058/47801358-1958-chevrolet-apache-thumb.jpg', 'https://photos.classiccars.com/cc-temp/listing/186/9058/47801359-1958-chevrolet-apache-thumb.jpg', 'https://photos.classiccars.com/cc-temp/listing/186/9058/47801360-1958-chevrolet-apache-thumb.jpg', 'https://photos.classiccars.com/cc-temp/listing/186/9058/47801361-1958-chevrolet-apache-thumb.jpg', 'https://photos.classiccars.com/cc-temp/listing/186/9058/47801362-1958-chevrolet-apache-thumb.jpg', 'https://photos.classiccars.com/cc-temp/listing/186/9058/47801363-1958-chevrolet-apache-thumb.jpg', 'https://photos.classiccars.com/cc-temp/listing/186/9058/47801364-1958-chevrolet-apache-thumb.jpg', 'https://photos.classiccars.com/cc-temp/listing/186/9058/47801365-1958-chevrolet-apache-thumb.jpg', 'https://photos.classiccars.com/cc-temp/listing/186/9058/47801366-1958-chevrolet-apache-thumb.jpg', 'https://photos.classiccars.com/cc-temp/listing/186/9058/47801367-1958-chevrolet-apache-thumb.jpg', 'https://photos.classiccars.com/cc-temp/listing/186/9058/47801368-1958-chevrolet-apache-thumb.jpg', 'https://photos.classiccars.com/cc-temp/listing/186/9058/47801369-1958-chevrolet-apache-thumb.jpg', 'https://photos.classiccars.com/cc-temp/listing/186/9058/47801370-1958-chevrolet-apache-thumb.jpg', 'https://photos.classiccars.com/cc-temp/listing/186/9058/47801371-1958-chevrolet-apache-thumb.jpg', 'https://photos.classiccars.com/cc-temp/listing/186/9058/47801372-1958-chevrolet-apache-thumb.jpg', 'https://photos.classiccars.com/cc-temp/listing/186/9058/47801373-1958-chevrolet-apache-thumb.jpg', 'https://photos.classiccars.com/cc-temp/listing/186/9058/47801374-1958-chevrolet-apache-thumb.jpg', 'https://photos.classiccars.com/cc-temp/listing/186/9058/47801375-1958-chevrolet-apache-thumb.jpg', 'https://photos.classiccars.com/cc-temp/listing/186/9058/47801376-1958-chevrolet-apache-thumb.jpg', 'https://photos.classiccars.com/cc-temp/listing/186/9058/47801377-1958-chevrolet-apache-thumb.jpg', 'https://photos.classiccars.com/cc-temp/listing/186/9058/47801378-1958-chevrolet-apache-thumb.jpg', 'https://photos.classiccars.com/cc-temp/listing/186/9058/47801379-1958-chevrolet-apache-thumb.jpg', 'https://photos.classiccars.com/cc-temp/listing/186/9058/47801381-1958-chevrolet-apache-thumb.jpg', 'https://photos.classiccars.com/cc-temp/listing/186/9058/47801382-1958-chevrolet-apache-thumb.jpg', 'https://photos.classiccars.com/cc-temp/listing/186/9058/47801383-1958-chevrolet-apache-thumb.jpg', 'https://photos.classiccars.com/cc-temp/listing/186/9058/47801384-1958-chevrolet-apache-thumb.jpg', 'https://photos.classiccars.com/cc-temp/listing/186/9058/47801385-1958-chevrolet-apache-thumb.jpg', 'https://photos.classiccars.com/cc-temp/listing/186/9058/51098484-1958-chevrolet-apache-thumb.jpg']"
1931 Cadillac 2-Dr Coupe,"$159,000 (OBO)",Light Grey,Manual,,2-Dr Coupe,Cadillac, - ,1931,"['https://photos.classiccars.com/cc-temp/listing/188/2062/48419507-1931-cadillac-2-dr-coupe-thumb.jpg', 'https://photos.classiccars.com/cc-temp/listing/188/2062/48419508-1931-cadillac-2-dr-coupe-thumb.jpg', 'https://photos.classiccars.com/cc-temp/listing/188/2062/48419509-1931-cadillac-2-dr-coupe-thumb.jpg', 'https://photos.classiccars.com/cc-temp/listing/188/2062/48419510-1931-cadillac-2-dr-coupe-thumb.jpg', 'https://photos.classiccars.com/cc-temp/listing/188/2062/48419511-1931-cadillac-2-dr-coupe-thumb.jpg', 'https://photos.classiccars.com/cc-temp/listing/188/2062/48419517-1931-cadillac-2-dr-coupe-thumb.jpg', 'https://photos.classiccars.com/cc-temp/listing/188/2062/48419519-1931-cadillac-2-dr-coupe-thumb.jpg', 'https://photos.classiccars.com/cc-temp/listing/188/2062/48419520-1931-cadillac-2-dr-coupe-thumb.jpg', 'https://photos.classiccars.com/cc-temp/listing/188/2062/48419521-1931-cadillac-2-dr-coupe-thumb.jpg', 'https://photos.classiccars.com/cc-temp/listing/188/2062/48419522-1931-cadillac-2-dr-coupe-thumb.jpg', 'https://photos.classiccars.com/cc-temp/listing/188/2062/48419523-1931-cadillac-2-dr-coupe-thumb.jpg', 'https://photos.classiccars.com/cc-temp/listing/188/2062/48419525-1931-cadillac-2-dr-coupe-thumb.jpg', 'https://photos.classiccars.com/cc-temp/listing/188/2062/48419528-1931-cadillac-2-dr-coupe-thumb.jpg', 'https://photos.classiccars.com/cc-temp/listing/188/2062/48419531-1931-cadillac-2-dr-coupe-thumb.jpg', 'https://photos.classiccars.com/cc-temp/listing/188/2062/48419533-1931-cadillac-2-dr-coupe-thumb.jpg', 'https://photos.classiccars.com/cc-temp/listing/188/2062/48419536-1931-cadillac-2-dr-coupe-thumb.jpg', 'https://photos.classiccars.com/cc-temp/listing/188/2062/48419539-1931-cadillac-2-dr-coupe-thumb.jpg', 'https://photos.classiccars.com/cc-temp/listing/188/2062/48419545-1931-cadillac-2-dr-coupe-thumb.jpg', 'https://photos.classiccars.com/cc-temp/listing/188/2062/48419548-1931-cadillac-2-dr-coupe-thumb.jpg', 'https://photos.classiccars.com/cc-temp/listing/188/2062/48419551-1931-cadillac-2-dr-coupe-thumb.jpg', 'https://photos.classiccars.com/cc-temp/listing/188/2062/48419552-1931-cadillac-2-dr-coupe-thumb.jpg', 'https://photos.classiccars.com/cc-temp/listing/188/2062/48419553-1931-cadillac-2-dr-coupe-thumb.jpg', 'https://photos.classiccars.com/cc-temp/listing/188/2062/48419558-1931-cadillac-2-dr-coupe-thumb.jpg', 'https://photos.classiccars.com/cc-temp/listing/188/2062/48419559-1931-cadillac-2-dr-coupe-thumb.jpg', 'https://photos.classiccars.com/cc-temp/listing/188/2062/48419561-1931-cadillac-2-dr-coupe-thumb.jpg', 'https://photos.classiccars.com/cc-temp/listing/188/2062/48419562-1931-cadillac-2-dr-coupe-thumb.jpg', 'https://photos.classiccars.com/cc-temp/listing/188/2062/48419563-1931-cadillac-2-dr-coupe-thumb.jpg', 'https://photos.classiccars.com/cc-temp/listing/188/2062/48419564-1931-cadillac-2-dr-coupe-thumb.jpg', 'https://photos.classiccars.com/cc-temp/listing/188/2062/48419565-1931-cadillac-2-dr-coupe-thumb.jpg', 'https://photos.classiccars.com/cc-temp/listing/188/2062/48419566-1931-cadillac-2-dr-coupe-thumb.jpg', 'https://photos.classiccars.com/cc-temp/listing/188/2062/48419567-1931-cadillac-2-dr-coupe-thumb.jpg', 'https://photos.classiccars.com/cc-temp/listing/188/2062/48419568-1931-cadillac-2-dr-coupe-thumb.jpg', 'https://photos.classiccars.com/cc-temp/listing/188/2062/48419571-1931-cadillac-2-dr-coupe-thumb.jpg', 'https://photos.classiccars.com/cc-temp/listing/188/2062/48419574-1931-cadillac-2-dr-coupe-thumb.jpg']"
1958 Chevrolet Impala,"$139,000",Admiral Blue,Manual,,Impala,Chevrolet, - ,1958,"['https://photos.classiccars.com/cc-temp/listing/190/3704/49684841-1958-chevrolet-impala-thumb.jpg', 'https://photos.classiccars.com/cc-temp/listing/190/3704/49684842-1958-chevrolet-impala-thumb.jpg', 'https://photos.classiccars.com/cc-temp/listing/190/3704/49684843-1958-chevrolet-impala-thumb.jpg', 'https://photos.classiccars.com/cc-temp/listing/190/3704/49684840-1958-chevrolet-impala-thumb.jpg', 'https://photos.classiccars.com/cc-temp/listing/190/3704/49684414-1958-chevrolet-impala-thumb.jpg', 'https://photos.classiccars.com/cc-temp/listing/190/3704/49684420-1958-chevrolet-impala-thumb.jpg', 'https://photos.classiccars.com/cc-temp/listing/190/3704/49684431-1958-chevrolet-impala-thumb.jpg', 'https://photos.classiccars.com/cc-temp/listing/190/3704/49684355-1958-chevrolet-impala-thumb.jpg', 'https://photos.classiccars.com/cc-temp/listing/190/3704/49664253-1958-chevrolet-impala-thumb.jpg', 'https://photos.classiccars.com/cc-temp/listing/190/3704/49684430-1958-chevrolet-impala-thumb.jpg', 'https://photos.classiccars.com/cc-temp/listing/190/3704/49684407-1958-chevrolet-impala-thumb.jpg', 'https://photos.classiccars.com/cc-temp/listing/190/3704/49684262-1958-chevrolet-impala-thumb.jpg', 'https://photos.classiccars.com/cc-temp/listing/190/3704/49684626-1958-chevrolet-impala-thumb.jpg', 'https://photos.classiccars.com/cc-temp/listing/190/3704/49684432-1958-chevrolet-impala-thumb.jpg', 'https://photos.classiccars.com/cc-temp/listing/190/3704/49684589-1958-chevrolet-impala-thumb.jpg', 'https://photos.classiccars.com/cc-temp/listing/190/3704/49684588-1958-chevrolet-impala-thumb.jpg', 'https://photos.classiccars.com/cc-temp/listing/190/3704/49684599-1958-chevrolet-impala-thumb.jpg', 'https://photos.classiccars.com/cc-temp/listing/190/3704/49684616-1958-chevrolet-impala-thumb.jpg', 'https://photos.classiccars.com/cc-temp/listing/190/3704/49684621-1958-chevrolet-impala-thumb.jpg', 'https://photos.classiccars.com/cc-temp/listing/190/3704/49684443-1958-chevrolet-impala-thumb.jpg', 'https://photos.classiccars.com/cc-temp/listing/190/3704/49684457-1958-chevrolet-impala-thumb.jpg', 'https://photos.classiccars.com/cc-temp/listing/190/3704/49684528-1958-chevrolet-impala-thumb.jpg', 'https://photos.classiccars.com/cc-temp/listing/190/3704/49684590-1958-chevrolet-impala-thumb.jpg', 'https://photos.classiccars.com/cc-temp/listing/190/3704/49684433-1958-chevrolet-impala-thumb.jpg', 'https://photos.classiccars.com/cc-temp/listing/190/3704/50297061-1958-chevrolet-impala-thumb.jpg', 'https://photos.classiccars.com/cc-temp/listing/190/3704/50297062-1958-chevrolet-impala-thumb.jpg', 'https://photos.classiccars.com/cc-temp/listing/190/3704/50297063-1958-chevrolet-impala-thumb.jpg', 'https://photos.classiccars.com/cc-temp/listing/190/3704/50297066-1958-chevrolet-impala-thumb.jpg', 'https://photos.classiccars.com/cc-temp/listing/190/3704/50297064-1958-chevrolet-impala-thumb.jpg', 'https://photos.classiccars.com/cc-temp/listing/190/3704/50297065-1958-chevrolet-impala-thumb.jpg']"
1978 Chevrolet Monza,"$18,500 (OBO)",Carmine Metallic,Manual,,Monza,Chevrolet,Replaced - Running,1978,"['https://photos.classiccars.com/cc-temp/listing/188/2359/48436145-1978-chevrolet-monza-thumb.jpg', 'https://photos.classiccars.com/cc-temp/listing/188/2359/48436152-1978-chevrolet-monza-thumb.jpg', 'https://photos.classiccars.com/cc-temp/listing/188/2359/48436159-1978-chevrolet-monza-thumb.jpg', 'https://photos.classiccars.com/cc-temp/listing/188/2359/48436153-1978-chevrolet-monza-thumb.jpg', 'https://photos.classiccars.com/cc-temp/listing/188/2359/48436178-1978-chevrolet-monza-thumb.jpg', 'https://photos.classiccars.com/cc-temp/listing/188/2359/48436186-1978-chevrolet-monza-thumb.jpg', 'https://photos.classiccars.com/cc-temp/listing/188/2359/48436189-1978-chevrolet-monza-thumb.jpg', 'https://photos.classiccars.com/cc-temp/listing/188/2359/48436200-1978-chevrolet-monza-thumb.jpg', 'https://photos.classiccars.com/cc-temp/listing/188/2359/48436220-1978-chevrolet-monza-thumb.jpg', 'https://photos.classiccars.com/cc-temp/listing/188/2359/48436221-1978-chevrolet-monza-thumb.jpg', 'https://photos.classiccars.com/cc-temp/listing/188/2359/48438391-1978-chevrolet-monza-thumb.jpg']"
1931 Ford Victoria,"$125,000",Yellow,Automatic,,Victoria,Ford,Replaced - Running,1931,"['https://photos.classiccars.com/cc-temp/listing/186/8303/47627744-1931-ford-victoria-thumb.jpg', 'https://photos.classiccars.com/cc-temp/listing/186/8303/47627745-1931-ford-victoria-thumb.jpg', 'https://photos.classiccars.com/cc-temp/listing/186/8303/47627732-1931-ford-victoria-thumb.jpg', 'https://photos.classiccars.com/cc-temp/listing/186/8303/47627743-1931-ford-victoria-thumb.jpg', 'https://photos.classiccars.com/cc-temp/listing/186/8303/47627746-1931-ford-victoria-thumb.jpg', 'https://photos.classiccars.com/cc-temp/listing/186/8303/47627733-1931-ford-victoria-thumb.jpg', 'https://photos.classiccars.com/cc-temp/listing/186/8303/47627730-1931-ford-victoria-thumb.jpg', 'https://photos.classiccars.com/cc-temp/listing/186/8303/47627735-1931-ford-victoria-thumb.jpg', 'https://photos.classiccars.com/cc-temp/listing/186/8303/47627734-1931-ford-victoria-thumb.jpg', 'https://photos.classiccars.com/cc-temp/listing/186/8303/47627731-1931-ford-victoria-thumb.jpg', 'https://photos.classiccars.com/cc-temp/listing/186/8303/47627736-1931-ford-victoria-thumb.jpg', 'https://photos.classiccars.com/cc-temp/listing/186/8303/47627729-1931-ford-victoria-thumb.jpg', 'https://photos.classiccars.com/cc-temp/listing/186/8303/47627737-1931-ford-victoria-thumb.jpg', 'https://photos.classiccars.com/cc-temp/listing/186/8303/47627739-1931-ford-victoria-thumb.jpg', 'https://photos.classiccars.com/cc-temp/listing/186/8303/47627740-1931-ford-victoria-thumb.jpg', 'https://photos.classiccars.com/cc-temp/listing/186/8303/47627741-1931-ford-victoria-thumb.jpg', 'https://photos.classiccars.com/cc-temp/listing/186/8303/47627742-1931-ford-victoria-thumb.jpg', 'https://photos.classiccars.com/cc-temp/listing/186/8303/49085808-1931-ford-victoria-thumb.jpg', 'https://photos.classiccars.com/cc-temp/listing/186/8303/49085809-1931-ford-victoria-thumb.jpg']"
1968 Chevrolet Corvette,"$46,500",Red,Manual,,Corvette,Chevrolet, - Running,1968,"['https://photos.classiccars.com/cc-temp/listing/193/8051/51740983-1968-chevrolet-corvette-thumb.jpg', 'https://photos.classiccars.com/cc-temp/listing/193/8051/51740998-1968-chevrolet-corvette-thumb.jpg', 'https://photos.classiccars.com/cc-temp/listing/193/8051/51741019-1968-chevrolet-corvette-thumb.jpg', 'https://photos.classiccars.com/cc-temp/listing/193/8051/51740959-1968-chevrolet-corvette-thumb.jpg', 'https://photos.classiccars.com/cc-temp/listing/193/8051/51740981-1968-chevrolet-corvette-thumb.jpg', 'https://photos.classiccars.com/cc-temp/listing/193/8051/51741003-1968-chevrolet-corvette-thumb.jpg', 'https://photos.classiccars.com/cc-temp/listing/193/8051/51741021-1968-chevrolet-corvette-thumb.jpg', 'https://photos.classiccars.com/cc-temp/listing/193/8051/51740962-1968-chevrolet-corvette-thumb.jpg', 'https://photos.classiccars.com/cc-temp/listing/193/8051/51740979-1968-chevrolet-corvette-thumb.jpg', 'https://photos.classiccars.com/cc-temp/listing/193/8051/51740996-1968-chevrolet-corvette-thumb.jpg', 'https://photos.classiccars.com/cc-temp/listing/193/8051/51741020-1968-chevrolet-corvette-thumb.jpg', 'https://photos.classiccars.com/cc-temp/listing/193/8051/51740961-1968-chevrolet-corvette-thumb.jpg', 'https://photos.classiccars.com/cc-temp/listing/193/8051/51740980-1968-chevrolet-corvette-thumb.jpg', 'https://photos.classiccars.com/cc-temp/listing/193/8051/51741000-1968-chevrolet-corvette-thumb.jpg', 'https://photos.classiccars.com/cc-temp/listing/193/8051/51741023-1968-chevrolet-corvette-thumb.jpg', 'https://photos.classiccars.com/cc-temp/listing/193/8051/51740957-1968-chevrolet-corvette-thumb.jpg', 'https://photos.classiccars.com/cc-temp/listing/193/8051/51740985-1968-chevrolet-corvette-thumb.jpg', 'https://photos.classiccars.com/cc-temp/listing/193/8051/51741004-1968-chevrolet-corvette-thumb.jpg', 'https://photos.classiccars.com/cc-temp/listing/193/8051/51741024-1968-chevrolet-corvette-thumb.jpg', 'https://photos.classiccars.com/cc-temp/listing/193/8051/51740956-1968-chevrolet-corvette-thumb.jpg', 'https://photos.classiccars.com/cc-temp/listing/193/8051/51740991-1968-chevrolet-corvette-thumb.jpg', 'https://photos.classiccars.com/cc-temp/listing/193/8051/51741010-1968-chevrolet-corvette-thumb.jpg', 'https://photos.classiccars.com/cc-temp/listing/193/8051/51741032-1968-chevrolet-corvette-thumb.jpg', 'https://photos.classiccars.com/cc-temp/listing/193/8051/51740955-1968-chevrolet-corvette-thumb.jpg', 'https://photos.classiccars.com/cc-temp/listing/193/8051/51740975-1968-chevrolet-corvette-thumb.jpg', 'https://photos.classiccars.com/cc-temp/listing/193/8051/51740994-1968-chevrolet-corvette-thumb.jpg', 'https://photos.classiccars.com/cc-temp/listing/193/8051/51741015-1968-chevrolet-corvette-thumb.jpg', 'https://photos.classiccars.com/cc-temp/listing/193/8051/51740960-1968-chevrolet-corvette-thumb.jpg', 'https://photos.classiccars.com/cc-temp/listing/193/8051/51740988-1968-chevrolet-corvette-thumb.jpg', 'https://photos.classiccars.com/cc-temp/listing/193/8051/51741002-1968-chevrolet-corvette-thumb.jpg', 'https://photos.classiccars.com/cc-temp/listing/193/8051/51741017-1968-chevrolet-corvette-thumb.jpg', 'https://photos.classiccars.com/cc-temp/listing/193/8051/51740958-1968-chevrolet-corvette-thumb.jpg', 'https://photos.classiccars.com/cc-temp/listing/193/8051/51740982-1968-chevrolet-corvette-thumb.jpg', 'https://photos.classiccars.com/cc-temp/listing/193/8051/51741008-1968-chevrolet-corvette-thumb.jpg', 'https://photos.classiccars.com/cc-temp/listing/193/8051/51741030-1968-chevrolet-corvette-thumb.jpg', 'https://photos.classiccars.com/cc-temp/listing/193/8051/51740963-1968-chevrolet-corvette-thumb.jpg', 'https://photos.classiccars.com/cc-temp/listing/193/8051/51740986-1968-chevrolet-corvette-thumb.jpg', 'https://photos.classiccars.com/cc-temp/listing/193/8051/51741012-1968-chevrolet-corvette-thumb.jpg', 'https://photos.classiccars.com/cc-temp/listing/193/8051/51741029-1968-chevrolet-corvette-thumb.jpg', 'https://photos.classiccars.com/cc-temp/listing/193/8051/51740964-1968-chevrolet-corvette-thumb.jpg', 'https://photos.classiccars.com/cc-temp/listing/193/8051/51740976-1968-chevrolet-corvette-thumb.jpg', 'https://photos.classiccars.com/cc-temp/listing/193/8051/51740995-1968-chevrolet-corvette-thumb.jpg', 'https://photos.classiccars.com/cc-temp/listing/193/8051/51741018-1968-chevrolet-corvette-thumb.jpg', 'https://photos.classiccars.com/cc-temp/listing/193/8051/51740965-1968-chevrolet-corvette-thumb.jpg', 'https://photos.classiccars.com/cc-temp/listing/193/8051/51740989-1968-chevrolet-corvette-thumb.jpg', 'https://photos.classiccars.com/cc-temp/listing/193/8051/51741006-1968-chevrolet-corvette-thumb.jpg', 'https://photos.classiccars.com/cc-temp/listing/193/8051/51741026-1968-chevrolet-corvette-thumb.jpg', 'https://photos.classiccars.com/cc-temp/listing/193/8051/51740966-1968-chevrolet-corvette-thumb.jpg', 'https://photos.classiccars.com/cc-temp/listing/193/8051/51740978-1968-chevrolet-corvette-thumb.jpg', 'https://photos.classiccars.com/cc-temp/listing/193/8051/51741005-1968-chevrolet-corvette-thumb.jpg', 'https://photos.classiccars.com/cc-temp/listing/193/8051/51741028-1968-chevrolet-corvette-thumb.jpg', 'https://photos.classiccars.com/cc-temp/listing/193/8051/51740967-1968-chevrolet-corvette-thumb.jpg', 'https://photos.classiccars.com/cc-temp/listing/193/8051/51740977-1968-chevrolet-corvette-thumb.jpg', 'https://photos.classiccars.com/cc-temp/listing/193/8051/51741001-1968-chevrolet-corvette-thumb.jpg', 'https://photos.classiccars.com/cc-temp/listing/193/8051/51741022-1968-chevrolet-corvette-thumb.jpg', 'https://photos.classiccars.com/cc-temp/listing/193/8051/51740968-1968-chevrolet-corvette-thumb.jpg', 'https://photos.classiccars.com/cc-temp/listing/193/8051/51740990-1968-chevrolet-corvette-thumb.jpg', 'https://photos.classiccars.com/cc-temp/listing/193/8051/51741009-1968-chevrolet-corvette-thumb.jpg', 'https://photos.classiccars.com/cc-temp/listing/193/8051/51741025-1968-chevrolet-corvette-thumb.jpg', 'https://photos.classiccars.com/cc-temp/listing/193/8051/51740970-1968-chevrolet-corvette-thumb.jpg', 'https://photos.classiccars.com/cc-temp/listing/193/8051/51740984-1968-chevrolet-corvette-thumb.jpg', 'https://photos.classiccars.com/cc-temp/listing/193/8051/51740999-1968-chevrolet-corvette-thumb.jpg', 'https://photos.classiccars.com/cc-temp/listing/193/8051/51741016-1968-chevrolet-corvette-thumb.jpg', 'https://photos.classiccars.com/cc-temp/listing/193/8051/51740969-1968-chevrolet-corvette-thumb.jpg', 'https://photos.classiccars.com/cc-temp/listing/193/8051/51740987-1968-chevrolet-corvette-thumb.jpg', 'https://photos.classiccars.com/cc-temp/listing/193/8051/51741011-1968-chevrolet-corvette-thumb.jpg', 'https://photos.classiccars.com/cc-temp/listing/193/8051/51741031-1968-chevrolet-corvette-thumb.jpg', 'https://photos.classiccars.com/cc-temp/listing/193/8051/51740971-1968-chevrolet-corvette-thumb.jpg', 'https://photos.classiccars.com/cc-temp/listing/193/8051/51740974-1968-chevrolet-corvette-thumb.jpg', 'https://photos.classiccars.com/cc-temp/listing/193/8051/51741007-1968-chevrolet-corvette-thumb.jpg', 'https://photos.classiccars.com/cc-temp/listing/193/8051/51741027-1968-chevrolet-corvette-thumb.jpg', 'https://photos.classiccars.com/cc-temp/listing/193/8051/51740972-1968-chevrolet-corvette-thumb.jpg', 'https://photos.classiccars.com/cc-temp/listing/193/8051/51740993-1968-chevrolet-corvette-thumb.jpg', 'https://photos.classiccars.com/cc-temp/listing/193/8051/51741014-1968-chevrolet-corvette-thumb.jpg', 'https://photos.classiccars.com/cc-temp/listing/193/8051/51741034-1968-chevrolet-corvette-thumb.jpg', 'https://photos.classiccars.com/cc-temp/listing/193/8051/51740973-1968-chevrolet-corvette-thumb.jpg', 'https://photos.classiccars.com/cc-temp/listing/193/8051/51740992-1968-chevrolet-corvette-thumb.jpg', 'https://photos.classiccars.com/cc-temp/listing/193/8051/51741013-1968-chevrolet-corvette-thumb.jpg', 'https://photos.classiccars.com/cc-temp/listing/193/8051/51741033-1968-chevrolet-corvette-thumb.jpg', 'https://photos.classiccars.com/cc-temp/listing/193/8051/51741035-1968-chevrolet-corvette-thumb.jpg', 'https://photos.classiccars.com/cc-temp/listing/193/8051/51741037-1968-chevrolet-corvette-thumb.jpg', 'https://photos.classiccars.com/cc-temp/listing/193/8051/51741039-1968-chevrolet-corvette-thumb.jpg']"
1954 Chevrolet Panel Truck,"$15,900 (OBO)",Patina,Manual,,Panel Truck,Chevrolet, - ,1954,"['https://photos.classiccars.com/cc-temp/listing/192/2458/50800298-1954-chevrolet-panel-truck-thumb.jpg', 'https://photos.classiccars.com/cc-temp/listing/192/2458/50800299-1954-chevrolet-panel-truck-thumb.jpg', 'https://photos.classiccars.com/cc-temp/listing/192/2458/50800302-1954-chevrolet-panel-truck-thumb.jpg', 'https://photos.classiccars.com/cc-temp/listing/192/2458/50800304-1954-chevrolet-panel-truck-thumb.jpg', 'https://photos.classiccars.com/cc-temp/listing/192/2458/50800305-1954-chevrolet-panel-truck-thumb.jpg', 'https://photos.classiccars.com/cc-temp/listing/192/2458/50800315-1954-chevrolet-panel-truck-thumb.jpg']"
1981 Chevrolet Camaro,"$50,000",Blue,Manual,,Camaro,Chevrolet,Replaced - Running,1981,"['https://photos.classiccars.com/cc-temp/listing/190/9827/49995804-1981-chevrolet-camaro-thumb.jpg', 'https://photos.classiccars.com/cc-temp/listing/190/9827/49995808-1981-chevrolet-camaro-thumb.jpg', 'https://photos.classiccars.com/cc-temp/listing/190/9827/49995809-1981-chevrolet-camaro-thumb.jpg', 'https://photos.classiccars.com/cc-temp/listing/190/9827/49995802-1981-chevrolet-camaro-thumb.jpg', 'https://photos.classiccars.com/cc-temp/listing/190/9827/49995806-1981-chevrolet-camaro-thumb.jpg', 'https://photos.classiccars.com/cc-temp/listing/190/9827/49995811-1981-chevrolet-camaro-thumb.jpg', 'https://photos.classiccars.com/cc-temp/listing/190/9827/49995807-1981-chevrolet-camaro-thumb.jpg', 'https://photos.classiccars.com/cc-temp/listing/190/9827/49995812-1981-chevrolet-camaro-thumb.jpg', 'https://photos.classiccars.com/cc-temp/listing/190/9827/49995813-1981-chevrolet-camaro-thumb.jpg', 'https://photos.classiccars.com/cc-temp/listing/190/9827/49995814-1981-chevrolet-camaro-thumb.jpg', 'https://photos.classiccars.com/cc-temp/listing/190/9827/49995815-1981-chevrolet-camaro-thumb.jpg', 'https://photos.classiccars.com/cc-temp/listing/190/9827/49995816-1981-chevrolet-camaro-thumb.jpg', 'https://photos.classiccars.com/cc-temp/listing/190/9827/49995810-1981-chevrolet-camaro-thumb.jpg', 'https://photos.classiccars.com/cc-temp/listing/190/9827/49995800-1981-chevrolet-camaro-thumb.jpg']"
1992 Chevrolet Blazer,"$27,500 (OBO)",Blue,Automatic,,Blazer,Chevrolet, - ,1992,"['https://photos.classiccars.com/cc-temp/listing/188/665/48346097-1992-chevrolet-blazer-thumb.jpg', 'https://photos.classiccars.com/cc-temp/listing/188/665/48346135-1992-chevrolet-blazer-thumb.jpg', 'https://photos.classiccars.com/cc-temp/listing/188/665/48346134-1992-chevrolet-blazer-thumb.jpg', 'https://photos.classiccars.com/cc-temp/listing/188/665/48346136-1992-chevrolet-blazer-thumb.jpg', 'https://photos.classiccars.com/cc-temp/listing/188/665/48346133-1992-chevrolet-blazer-thumb.jpg', 'https://photos.classiccars.com/cc-temp/listing/188/665/48346095-1992-chevrolet-blazer-thumb.jpg', 'https://photos.classiccars.com/cc-temp/listing/188/665/48346096-1992-chevrolet-blazer-thumb.jpg', 'https://photos.classiccars.com/cc-temp/listing/188/665/48346094-1992-chevrolet-blazer-thumb.jpg', 'https://photos.classiccars.com/cc-temp/listing/188/665/48346098-1992-chevrolet-blazer-thumb.jpg', 'https://photos.classiccars.com/cc-temp/listing/188/665/48402295-1992-chevrolet-blazer-thumb.jpg', 'https://photos.classiccars.com/cc-temp/listing/188/665/48402296-1992-chevrolet-blazer-thumb.jpg', 'https://photos.classiccars.com/cc-temp/listing/188/665/48346100-1992-chevrolet-blazer-thumb.jpg', 'https://photos.classiccars.com/cc-temp/listing/188/665/48346132-1992-chevrolet-blazer-thumb.jpg', 'https://photos.classiccars.com/cc-temp/listing/188/665/48346101-1992-chevrolet-blazer-thumb.jpg', 'https://photos.classiccars.com/cc-temp/listing/188/665/48346102-1992-chevrolet-blazer-thumb.jpg', 'https://photos.classiccars.com/cc-temp/listing/188/665/48346107-1992-chevrolet-blazer-thumb.jpg', 'https://photos.classiccars.com/cc-temp/listing/188/665/48346108-1992-chevrolet-blazer-thumb.jpg', 'https://photos.classiccars.com/cc-temp/listing/188/665/48346152-1992-chevrolet-blazer-thumb.jpg', 'https://photos.classiccars.com/cc-temp/listing/188/665/48346155-1992-chevrolet-blazer-thumb.jpg', 'https://photos.classiccars.com/cc-temp/listing/188/665/48346157-1992-chevrolet-blazer-thumb.jpg', 'https://photos.classiccars.com/cc-temp/listing/188/665/48346103-1992-chevrolet-blazer-thumb.jpg', 'https://photos.classiccars.com/cc-temp/listing/188/665/48346154-1992-chevrolet-blazer-thumb.jpg', 'https://photos.classiccars.com/cc-temp/listing/188/665/48346153-1992-chevrolet-blazer-thumb.jpg', 'https://photos.classiccars.com/cc-temp/listing/188/665/48346099-1992-chevrolet-blazer-thumb.jpg', 'https://photos.classiccars.com/cc-temp/listing/188/665/48346105-1992-chevrolet-blazer-thumb.jpg', 'https://photos.classiccars.com/cc-temp/listing/188/665/48346106-1992-chevrolet-blazer-thumb.jpg', 'https://photos.classiccars.com/cc-temp/listing/188/665/48346109-1992-chevrolet-blazer-thumb.jpg', 'https://photos.classiccars.com/cc-temp/listing/188/665/48346110-1992-chevrolet-blazer-thumb.jpg', 'https://photos.classiccars.com/cc-temp/listing/188/665/48346111-1992-chevrolet-blazer-thumb.jpg', 'https://photos.classiccars.com/cc-temp/listing/188/665/48346112-1992-chevrolet-blazer-thumb.jpg', 'https://photos.classiccars.com/cc-temp/listing/188/665/48346113-1992-chevrolet-blazer-thumb.jpg', 'https://photos.classiccars.com/cc-temp/listing/188/665/48346114-1992-chevrolet-blazer-thumb.jpg', 'https://photos.classiccars.com/cc-temp/listing/188/665/48346115-1992-chevrolet-blazer-thumb.jpg', 'https://photos.classiccars.com/cc-temp/listing/188/665/48346116-1992-chevrolet-blazer-thumb.jpg', 'https://photos.classiccars.com/cc-temp/listing/188/665/48346117-1992-chevrolet-blazer-thumb.jpg', 'https://photos.classiccars.com/cc-temp/listing/188/665/48346118-1992-chevrolet-blazer-thumb.jpg', 'https://photos.classiccars.com/cc-temp/listing/188/665/48346119-1992-chevrolet-blazer-thumb.jpg', 'https://photos.classiccars.com/cc-temp/listing/188/665/48346120-1992-chevrolet-blazer-thumb.jpg', 'https://photos.classiccars.com/cc-temp/listing/188/665/48346121-1992-chevrolet-blazer-thumb.jpg', 'https://photos.classiccars.com/cc-temp/listing/188/665/48346122-1992-chevrolet-blazer-thumb.jpg', 'https://photos.classiccars.com/cc-temp/listing/188/665/48346123-1992-chevrolet-blazer-thumb.jpg', 'https://photos.classiccars.com/cc-temp/listing/188/665/48346124-1992-chevrolet-blazer-thumb.jpg', 'https://photos.classiccars.com/cc-temp/listing/188/665/48346125-1992-chevrolet-blazer-thumb.jpg', 'https://photos.classiccars.com/cc-temp/listing/188/665/48346126-1992-chevrolet-blazer-thumb.jpg', 'https://photos.classiccars.com/cc-temp/listing/188/665/48346127-1992-chevrolet-blazer-thumb.jpg', 'https://photos.classiccars.com/cc-temp/listing/188/665/48346128-1992-chevrolet-blazer-thumb.jpg', 'https://photos.classiccars.com/cc-temp/listing/188/665/48346129-1992-chevrolet-blazer-thumb.jpg', 'https://photos.classiccars.com/cc-temp/listing/188/665/48346130-1992-chevrolet-blazer-thumb.jpg', 'https://photos.classiccars.com/cc-temp/listing/188/665/48346131-1992-chevrolet-blazer-thumb.jpg', 'https://photos.classiccars.com/cc-temp/listing/188/665/48346137-1992-chevrolet-blazer-thumb.jpg', 'https://photos.classiccars.com/cc-temp/listing/188/665/48346138-1992-chevrolet-blazer-thumb.jpg', 'https://photos.classiccars.com/cc-temp/listing/188/665/48346140-1992-chevrolet-blazer-thumb.jpg', 'https://photos.classiccars.com/cc-temp/listing/188/665/48346151-1992-chevrolet-blazer-thumb.jpg']"
1933 Willys 5-Window Coupe,"$50,000 (OBO)",Yellow,Automatic,,5-Window Coupe,Willys, - ,1933,"['https://photos.classiccars.com/cc-temp/listing/188/7547/48739028-1933-willys-5-window-coupe-thumb.jpg', 'https://photos.classiccars.com/cc-temp/listing/188/7547/48739027-1933-willys-5-window-coupe-thumb.jpg', 'https://photos.classiccars.com/cc-temp/listing/188/7547/48739020-1933-willys-5-window-coupe-thumb.jpg', 'https://photos.classiccars.com/cc-temp/listing/188/7547/48739021-1933-willys-5-window-coupe-thumb.jpg', 'https://photos.classiccars.com/cc-temp/listing/188/7547/48739018-1933-willys-5-window-coupe-thumb.jpg', 'https://photos.classiccars.com/cc-temp/listing/188/7547/48739022-1933-willys-5-window-coupe-thumb.jpg', 'https://photos.classiccars.com/cc-temp/listing/188/7547/48739024-1933-willys-5-window-coupe-thumb.jpg', 'https://photos.classiccars.com/cc-temp/listing/188/7547/48739025-1933-willys-5-window-coupe-thumb.jpg', 'https://photos.classiccars.com/cc-temp/listing/188/7547/48739026-1933-willys-5-window-coupe-thumb.jpg', 'https://photos.classiccars.com/cc-temp/listing/188/7547/48739023-1933-willys-5-window-coupe-thumb.jpg', 'https://photos.classiccars.com/cc-temp/listing/188/7547/48739016-1933-willys-5-window-coupe-thumb.jpg', 'https://photos.classiccars.com/cc-temp/listing/188/7547/48739017-1933-willys-5-window-coupe-thumb.jpg', 'https://photos.classiccars.com/cc-temp/listing/188/7547/48739015-1933-willys-5-window-coupe-thumb.jpg']"
1929 Pierce-Arrow Landau Club Sedan,"$100,000 (OBO)",Tan / Black,Manual,,Landau Club Sedan,Pierce-Arrow, - ,1929,"['https://photos.classiccars.com/cc-temp/listing/188/6664/48804883-1929-pierce-arrow-landau-club-sedan-thumb.jpg', 'https://photos.classiccars.com/cc-temp/listing/188/6664/48804894-1929-pierce-arrow-landau-club-sedan-thumb.jpg', 'https://photos.classiccars.com/cc-temp/listing/188/6664/48804886-1929-pierce-arrow-landau-club-sedan-thumb.jpg', 'https://photos.classiccars.com/cc-temp/listing/188/6664/48804885-1929-pierce-arrow-landau-club-sedan-thumb.jpg', 'https://photos.classiccars.com/cc-temp/listing/188/6664/48804902-1929-pierce-arrow-landau-club-sedan-thumb.jpg', 'https://photos.classiccars.com/cc-temp/listing/188/6664/48804887-1929-pierce-arrow-landau-club-sedan-thumb.jpg', 'https://photos.classiccars.com/cc-temp/listing/188/6664/48804906-1929-pierce-arrow-landau-club-sedan-thumb.jpg', 'https://photos.classiccars.com/cc-temp/listing/188/6664/48804904-1929-pierce-arrow-landau-club-sedan-thumb.jpg', 'https://photos.classiccars.com/cc-temp/listing/188/6664/48804908-1929-pierce-arrow-landau-club-sedan-thumb.jpg', 'https://photos.classiccars.com/cc-temp/listing/188/6664/48804896-1929-pierce-arrow-landau-club-sedan-thumb.jpg', 'https://photos.classiccars.com/cc-temp/listing/188/6664/48804888-1929-pierce-arrow-landau-club-sedan-thumb.jpg', 'https://photos.classiccars.com/cc-temp/listing/188/6664/48804899-1929-pierce-arrow-landau-club-sedan-thumb.jpg', 'https://photos.classiccars.com/cc-temp/listing/188/6664/48804889-1929-pierce-arrow-landau-club-sedan-thumb.jpg', 'https://photos.classiccars.com/cc-temp/listing/188/6664/48804890-1929-pierce-arrow-landau-club-sedan-thumb.jpg', 'https://photos.classiccars.com/cc-temp/listing/188/6664/48804891-1929-pierce-arrow-landau-club-sedan-thumb.jpg', 'https://photos.classiccars.com/cc-temp/listing/188/6664/48804892-1929-pierce-arrow-landau-club-sedan-thumb.jpg', 'https://photos.classiccars.com/cc-temp/listing/188/6664/48804893-1929-pierce-arrow-landau-club-sedan-thumb.jpg', 'https://photos.classiccars.com/cc-temp/listing/188/6664/48804909-1929-pierce-arrow-landau-club-sedan-thumb.jpg', 'https://photos.classiccars.com/cc-temp/listing/188/6664/48804911-1929-pierce-arrow-landau-club-sedan-thumb.jpg', 'https://photos.classiccars.com/cc-temp/listing/188/6664/48804914-1929-pierce-arrow-landau-club-sedan-thumb.jpg', 'https://photos.classiccars.com/cc-temp/listing/188/6664/48804916-1929-pierce-arrow-landau-club-sedan-thumb.jpg', 'https://photos.classiccars.com/cc-temp/listing/188/6664/48804895-1929-pierce-arrow-landau-club-sedan-thumb.jpg']"
1962 Chevrolet Biscayne,"$38,500",Black,Manual,,Biscayne,Chevrolet, - ,1962,"['https://photos.classiccars.com/cc-temp/listing/191/8991/50645473-1962-chevrolet-biscayne-thumb.jpg', 'https://photos.classiccars.com/cc-temp/listing/191/8991/50645472-1962-chevrolet-biscayne-thumb.jpg', 'https://photos.classiccars.com/cc-temp/listing/191/8991/50645470-1962-chevrolet-biscayne-thumb.jpg', 'https://photos.classiccars.com/cc-temp/listing/191/8991/50645474-1962-chevrolet-biscayne-thumb.jpg', 'https://photos.classiccars.com/cc-temp/listing/191/8991/50645476-1962-chevrolet-biscayne-thumb.jpg', 'https://photos.classiccars.com/cc-temp/listing/191/8991/50645479-1962-chevrolet-biscayne-thumb.jpg', 'https://photos.classiccars.com/cc-temp/listing/191/8991/50645481-1962-chevrolet-biscayne-thumb.jpg', 'https://photos.classiccars.com/cc-temp/listing/191/8991/50645482-1962-chevrolet-biscayne-thumb.jpg', 'https://photos.classiccars.com/cc-temp/listing/191/8991/50645483-1962-chevrolet-biscayne-thumb.jpg', 'https://photos.classiccars.com/cc-temp/listing/191/8991/50645484-1962-chevrolet-biscayne-thumb.jpg', 'https://photos.classiccars.com/cc-temp/listing/191/8991/50645485-1962-chevrolet-biscayne-thumb.jpg', 'https://photos.classiccars.com/cc-temp/listing/191/8991/50645487-1962-chevrolet-biscayne-thumb.jpg', 'https://photos.classiccars.com/cc-temp/listing/191/8991/50645488-1962-chevrolet-biscayne-thumb.jpg', 'https://photos.classiccars.com/cc-temp/listing/191/8991/50645491-1962-chevrolet-biscayne-thumb.jpg', 'https://photos.classiccars.com/cc-temp/listing/191/8991/50645492-1962-chevrolet-biscayne-thumb.jpg']"
1992 Honda Civic,"$15,000 (OBO)",red,Manual,Unrestored,Civic,Honda,Original - Running,1992,"['https://photos.classiccars.com/cc-temp/listing/187/1666/47808886-1992-honda-civic-thumb.jpg', 'https://photos.classiccars.com/cc-temp/listing/187/1666/47808919-1992-honda-civic-thumb.jpg', 'https://photos.classiccars.com/cc-temp/listing/187/1666/47808888-1992-honda-civic-thumb.jpg', 'https://photos.classiccars.com/cc-temp/listing/187/1666/47808920-1992-honda-civic-thumb.jpg', 'https://photos.classiccars.com/cc-temp/listing/187/1666/47808924-1992-honda-civic-thumb.jpg', 'https://photos.classiccars.com/cc-temp/listing/187/1666/47808887-1992-honda-civic-thumb.jpg', 'https://photos.classiccars.com/cc-temp/listing/187/1666/47808910-1992-honda-civic-thumb.jpg', 'https://photos.classiccars.com/cc-temp/listing/187/1666/47808889-1992-honda-civic-thumb.jpg', 'https://photos.classiccars.com/cc-temp/listing/187/1666/47808893-1992-honda-civic-thumb.jpg', 'https://photos.classiccars.com/cc-temp/listing/187/1666/47808926-1992-honda-civic-thumb.jpg', 'https://photos.classiccars.com/cc-temp/listing/187/1666/47808900-1992-honda-civic-thumb.jpg', 'https://photos.classiccars.com/cc-temp/listing/187/1666/47808921-1992-honda-civic-thumb.jpg', 'https://photos.classiccars.com/cc-temp/listing/187/1666/47808923-1992-honda-civic-thumb.jpg', 'https://photos.classiccars.com/cc-temp/listing/187/1666/47808925-1992-honda-civic-thumb.jpg', 'https://photos.classiccars.com/cc-temp/listing/187/1666/47808940-1992-honda-civic-thumb.jpg', 'https://photos.classiccars.com/cc-temp/listing/187/1666/47808942-1992-honda-civic-thumb.jpg', 'https://photos.classiccars.com/cc-temp/listing/187/1666/47808941-1992-honda-civic-thumb.jpg', 'https://photos.classiccars.com/cc-temp/listing/187/1666/47808944-1992-honda-civic-thumb.jpg', 'https://photos.classiccars.com/cc-temp/listing/187/1666/47808935-1992-honda-civic-thumb.jpg', 'https://photos.classiccars.com/cc-temp/listing/187/1666/47808936-1992-honda-civic-thumb.jpg', 'https://photos.classiccars.com/cc-temp/listing/187/1666/47808937-1992-honda-civic-thumb.jpg', 'https://photos.classiccars.com/cc-temp/listing/187/1666/47808938-1992-honda-civic-thumb.jpg', 'https://photos.classiccars.com/cc-temp/listing/187/1666/47808939-1992-honda-civic-thumb.jpg', 'https://photos.classiccars.com/cc-temp/listing/187/1666/47808950-1992-honda-civic-thumb.jpg', 'https://photos.classiccars.com/cc-temp/listing/187/1666/47808956-1992-honda-civic-thumb.jpg', 'https://photos.classiccars.com/cc-temp/listing/187/1666/47808960-1992-honda-civic-thumb.jpg', 'https://photos.classiccars.com/cc-temp/listing/187/1666/47808965-1992-honda-civic-thumb.jpg', 'https://photos.classiccars.com/cc-temp/listing/187/1666/47808983-1992-honda-civic-thumb.jpg', 'https://photos.classiccars.com/cc-temp/listing/187/1666/47808984-1992-honda-civic-thumb.jpg', 'https://photos.classiccars.com/cc-temp/listing/187/1666/47808985-1992-honda-civic-thumb.jpg', 'https://photos.classiccars.com/cc-temp/listing/187/1666/47809003-1992-honda-civic-thumb.jpg', 'https://photos.classiccars.com/cc-temp/listing/187/1666/47809007-1992-honda-civic-thumb.jpg', 'https://photos.classiccars.com/cc-temp/listing/187/1666/47809012-1992-honda-civic-thumb.jpg', 'https://photos.classiccars.com/cc-temp/listing/187/1666/47809018-1992-honda-civic-thumb.jpg', 'https://photos.classiccars.com/cc-temp/listing/187/1666/47809021-1992-honda-civic-thumb.jpg', 'https://photos.classiccars.com/cc-temp/listing/187/1666/47809023-1992-honda-civic-thumb.jpg', 'https://photos.classiccars.com/cc-temp/listing/187/1666/47809025-1992-honda-civic-thumb.jpg', 'https://photos.classiccars.com/cc-temp/listing/187/1666/47809032-1992-honda-civic-thumb.jpg', 'https://photos.classiccars.com/cc-temp/listing/187/1666/47809042-1992-honda-civic-thumb.jpg', 'https://photos.classiccars.com/cc-temp/listing/187/1666/47808927-1992-honda-civic-thumb.jpg', 'https://photos.classiccars.com/cc-temp/listing/187/1666/47808932-1992-honda-civic-thumb.jpg', 'https://photos.classiccars.com/cc-temp/listing/187/1666/47808928-1992-honda-civic-thumb.jpg', 'https://photos.classiccars.com/cc-temp/listing/187/1666/47809050-1992-honda-civic-thumb.jpg', 'https://photos.classiccars.com/cc-temp/listing/187/1666/47809055-1992-honda-civic-thumb.jpg', 'https://photos.classiccars.com/cc-temp/listing/187/1666/47809059-1992-honda-civic-thumb.jpg', 'https://photos.classiccars.com/cc-temp/listing/187/1666/47809244-1992-honda-civic-thumb.jpg', 'https://photos.classiccars.com/cc-temp/listing/187/1666/47809261-1992-honda-civic-thumb.jpg', 'https://photos.classiccars.com/cc-temp/listing/187/1666/47809287-1992-honda-civic-thumb.jpg', 'https://photos.classiccars.com/cc-temp/listing/187/1666/47809293-1992-honda-civic-thumb.jpg', 'https://photos.classiccars.com/cc-temp/listing/187/1666/47809308-1992-honda-civic-thumb.jpg', 'https://photos.classiccars.com/cc-temp/listing/187/1666/47809312-1992-honda-civic-thumb.jpg', 'https://photos.classiccars.com/cc-temp/listing/187/1666/47809316-1992-honda-civic-thumb.jpg', 'https://photos.classiccars.com/cc-temp/listing/187/1666/47809318-1992-honda-civic-thumb.jpg', 'https://photos.classiccars.com/cc-temp/listing/187/1666/47809319-1992-honda-civic-thumb.jpg', 'https://photos.classiccars.com/cc-temp/listing/187/1666/47809320-1992-honda-civic-thumb.jpg']"
1988 Cadillac Eldorado,"$6,000",Black,Automatic,,Eldorado,Cadillac, - ,1988,"['https://photos.classiccars.com/cc-temp/listing/194/8859/52497108-1988-cadillac-eldorado-thumb.jpg', 'https://photos.classiccars.com/cc-temp/listing/194/8859/52497110-1988-cadillac-eldorado-thumb.jpg', 'https://photos.classiccars.com/cc-temp/listing/194/8859/52497112-1988-cadillac-eldorado-thumb.jpg', 'https://photos.classiccars.com/cc-temp/listing/194/8859/52497113-1988-cadillac-eldorado-thumb.jpg', 'https://photos.classiccars.com/cc-temp/listing/194/8859/52497115-1988-cadillac-eldorado-thumb.jpg', 'https://photos.classiccars.com/cc-temp/listing/194/8859/52497121-1988-cadillac-eldorado-thumb.jpg', 'https://photos.classiccars.com/cc-temp/listing/194/8859/52497120-1988-cadillac-eldorado-thumb.jpg', 'https://photos.classiccars.com/cc-temp/listing/194/8859/52497119-1988-cadillac-eldorado-thumb.jpg', 'https://photos.classiccars.com/cc-temp/listing/194/8859/52497117-1988-cadillac-eldorado-thumb.jpg', 'https://photos.classiccars.com/cc-temp/listing/194/8859/52497118-1988-cadillac-eldorado-thumb.jpg', 'https://photos.classiccars.com/cc-temp/listing/194/8859/52497123-1988-cadillac-eldorado-thumb.jpg']"
1936 Delahaye 135 Competition,Contact Seller,Bleu Foncé,Manual,Fully Restored,135 Competition,Delahaye,Original - Running,1936,"['https://photos.classiccars.com/cc-temp/listing/131/7175/19583034-1936-delahaye-135-competition-thumb.jpg', 'https://photos.classiccars.com/cc-temp/listing/131/7175/40074171-1936-delahaye-135-competition-thumb.jpg', 'https://photos.classiccars.com/cc-temp/listing/131/7175/19291680-1936-delahaye-135-competition-thumb.jpg', 'https://photos.classiccars.com/cc-temp/listing/131/7175/40074332-1936-delahaye-135-competition-thumb.jpg', 'https://photos.classiccars.com/cc-temp/listing/131/7175/19282451-1936-delahaye-135-competition-thumb.jpg', 'https://photos.classiccars.com/cc-temp/listing/131/7175/19282462-1936-delahaye-135-competition-thumb.jpg', 'https://photos.classiccars.com/cc-temp/listing/131/7175/40074279-1936-delahaye-135-competition-thumb.jpg', 'https://photos.classiccars.com/cc-temp/listing/131/7175/40074306-1936-delahaye-135-competition-thumb.jpg', 'https://photos.classiccars.com/cc-temp/listing/131/7175/19282463-1936-delahaye-135-competition-thumb.jpg', 'https://photos.classiccars.com/cc-temp/listing/131/7175/19282459-1936-delahaye-135-competition-thumb.jpg', 'https://photos.classiccars.com/cc-temp/listing/131/7175/40074495-1936-delahaye-135-competition-thumb.jpg', 'https://photos.classiccars.com/cc-temp/listing/131/7175/40074494-1936-delahaye-135-competition-thumb.jpg', 'https://photos.classiccars.com/cc-temp/listing/131/7175/40074252-1936-delahaye-135-competition-thumb.jpg', 'https://photos.classiccars.com/cc-temp/listing/131/7175/20924897-1936-delahaye-135-competition-thumb.jpg', 'https://photos.classiccars.com/cc-temp/listing/131/7175/35242129-1936-delahaye-135-competition-thumb.jpg', 'https://photos.classiccars.com/cc-temp/listing/131/7175/40074304-1936-delahaye-135-competition-thumb.jpg', 'https://photos.classiccars.com/cc-temp/listing/131/7175/19282488-1936-delahaye-135-competition-thumb.jpg', 'https://photos.classiccars.com/cc-temp/listing/131/7175/40074283-1936-delahaye-135-competition-thumb.jpg', 'https://photos.classiccars.com/cc-temp/listing/131/7175/40074253-1936-delahaye-135-competition-thumb.jpg', 'https://photos.classiccars.com/cc-temp/listing/131/7175/21819264-1936-delahaye-135-competition-thumb.jpg', 'https://photos.classiccars.com/cc-temp/listing/131/7175/19282468-1936-delahaye-135-competition-thumb.jpg', 'https://photos.classiccars.com/cc-temp/listing/131/7175/26478146-1936-delahaye-135-competition-thumb.jpg', 'https://photos.classiccars.com/cc-temp/listing/131/7175/20744547-1936-delahaye-135-competition-thumb.jpg', 'https://photos.classiccars.com/cc-temp/listing/131/7175/30250067-1936-delahaye-135-competition-thumb.jpg', 'https://photos.classiccars.com/cc-temp/listing/131/7175/40074266-1936-delahaye-135-competition-thumb.jpg', 'https://photos.classiccars.com/cc-temp/listing/131/7175/40074301-1936-delahaye-135-competition-thumb.jpg', 'https://photos.classiccars.com/cc-temp/listing/131/7175/40074302-1936-delahaye-135-competition-thumb.jpg', 'https://photos.classiccars.com/cc-temp/listing/131/7175/40074303-1936-delahaye-135-competition-thumb.jpg', 'https://photos.classiccars.com/cc-temp/listing/131/7175/40074305-1936-delahaye-135-competition-thumb.jpg', 'https://photos.classiccars.com/cc-temp/listing/131/7175/40074276-1936-delahaye-135-competition-thumb.jpg', 'https://photos.classiccars.com/cc-temp/listing/131/7175/40074267-1936-delahaye-135-competition-thumb.jpg', 'https://photos.classiccars.com/cc-temp/listing/131/7175/19282493-1936-delahaye-135-competition-thumb.jpg', 'https://photos.classiccars.com/cc-temp/listing/131/7175/19917767-1936-delahaye-135-competition-thumb.jpg', 'https://photos.classiccars.com/cc-temp/listing/131/7175/28382952-1936-delahaye-135-competition-thumb.jpg', 'https://photos.classiccars.com/cc-temp/listing/131/7175/19282461-1936-delahaye-135-competition-thumb.jpg', 'https://photos.classiccars.com/cc-temp/listing/131/7175/22248728-1936-delahaye-135-competition-thumb.jpg', 'https://photos.classiccars.com/cc-temp/listing/131/7175/40074287-1936-delahaye-135-competition-thumb.jpg', 'https://photos.classiccars.com/cc-temp/listing/131/7175/19291674-1936-delahaye-135-competition-thumb.jpg', 'https://photos.classiccars.com/cc-temp/listing/131/7175/40074299-1936-delahaye-135-competition-thumb.jpg', 'https://photos.classiccars.com/cc-temp/listing/131/7175/22297823-1936-delahaye-135-competition-thumb.jpg', 'https://photos.classiccars.com/cc-temp/listing/131/7175/21200241-1936-delahaye-135-competition-thumb.jpg', 'https://photos.classiccars.com/cc-temp/listing/131/7175/19428604-1936-delahaye-135-competition-thumb.jpg', 'https://photos.classiccars.com/cc-temp/listing/131/7175/28906598-1936-delahaye-135-competition-thumb.jpg', 'https://photos.classiccars.com/cc-temp/listing/131/7175/19393707-1936-delahaye-135-competition-thumb.jpg', 'https://photos.classiccars.com/cc-temp/listing/131/7175/19282454-1936-delahaye-135-competition-thumb.jpg', 'https://photos.classiccars.com/cc-temp/listing/131/7175/19282445-1936-delahaye-135-competition-thumb.jpg', 'https://photos.classiccars.com/cc-temp/listing/131/7175/19282457-1936-delahaye-135-competition-thumb.jpg', 'https://photos.classiccars.com/cc-temp/listing/131/7175/19282486-1936-delahaye-135-competition-thumb.jpg', 'https://photos.classiccars.com/cc-temp/listing/131/7175/19428602-1936-delahaye-135-competition-thumb.jpg', 'https://photos.classiccars.com/cc-temp/listing/131/7175/19282466-1936-delahaye-135-competition-thumb.jpg', 'https://photos.classiccars.com/cc-temp/listing/131/7175/19282455-1936-delahaye-135-competition-thumb.jpg', 'https://photos.classiccars.com/cc-temp/listing/131/7175/19282460-1936-delahaye-135-competition-thumb.jpg', 'https://photos.classiccars.com/cc-temp/listing/131/7175/19282494-1936-delahaye-135-competition-thumb.jpg', 'https://photos.classiccars.com/cc-temp/listing/131/7175/19282458-1936-delahaye-135-competition-thumb.jpg', 'https://photos.classiccars.com/cc-temp/listing/131/7175/19282489-1936-delahaye-135-competition-thumb.jpg', 'https://photos.classiccars.com/cc-temp/listing/131/7175/19282477-1936-delahaye-135-competition-thumb.jpg', 'https://photos.classiccars.com/cc-temp/listing/131/7175/19282479-1936-delahaye-135-competition-thumb.jpg', 'https://photos.classiccars.com/cc-temp/listing/131/7175/19282480-1936-delahaye-135-competition-thumb.jpg', 'https://photos.classiccars.com/cc-temp/listing/131/7175/40074265-1936-delahaye-135-competition-thumb.jpg', 'https://photos.classiccars.com/cc-temp/listing/131/7175/19282484-1936-delahaye-135-competition-thumb.jpg', 'https://photos.classiccars.com/cc-temp/listing/131/7175/19291678-1936-delahaye-135-competition-thumb.jpg', 'https://photos.classiccars.com/cc-temp/listing/131/7175/19282490-1936-delahaye-135-competition-thumb.jpg', 'https://photos.classiccars.com/cc-temp/listing/131/7175/19282496-1936-delahaye-135-competition-thumb.jpg', 'https://photos.classiccars.com/cc-temp/listing/131/7175/19282495-1936-delahaye-135-competition-thumb.jpg', 'https://photos.classiccars.com/cc-temp/listing/131/7175/19291679-1936-delahaye-135-competition-thumb.jpg', 'https://photos.classiccars.com/cc-temp/listing/131/7175/19282491-1936-delahaye-135-competition-thumb.jpg', 'https://photos.classiccars.com/cc-temp/listing/131/7175/22223100-1936-delahaye-135-competition-thumb.jpg', 'https://photos.classiccars.com/cc-temp/listing/131/7175/40074254-1936-delahaye-135-competition-thumb.jpg', 'https://photos.classiccars.com/cc-temp/listing/131/7175/40074290-1936-delahaye-135-competition-thumb.jpg', 'https://photos.classiccars.com/cc-temp/listing/131/7175/40074292-1936-delahaye-135-competition-thumb.jpg', 'https://photos.classiccars.com/cc-temp/listing/131/7175/40074294-1936-delahaye-135-competition-thumb.jpg', 'https://photos.classiccars.com/cc-temp/listing/131/7175/19282481-1936-delahaye-135-competition-thumb.jpg', 'https://photos.classiccars.com/cc-temp/listing/131/7175/40074297-1936-delahaye-135-competition-thumb.jpg', 'https://photos.classiccars.com/cc-temp/listing/131/7175/40074298-1936-delahaye-135-competition-thumb.jpg', 'https://photos.classiccars.com/cc-temp/listing/131/7175/40074300-1936-delahaye-135-competition-thumb.jpg', 'https://photos.classiccars.com/cc-temp/listing/131/7175/40074251-1936-delahaye-135-competition-thumb.jpg']"
1982 Jaguar XJS,"$40,000 (OBO)",Tudor White,Automatic,Fully Restored,XJS,Jaguar,Original - Running,1982,"['https://photos.classiccars.com/cc-temp/listing/192/9908/51256294-1982-jaguar-xjs-thumb.jpg', 'https://photos.classiccars.com/cc-temp/listing/192/9908/51256292-1982-jaguar-xjs-thumb.jpg', 'https://photos.classiccars.com/cc-temp/listing/192/9908/51256287-1982-jaguar-xjs-thumb.jpg', 'https://photos.classiccars.com/cc-temp/listing/192/9908/51256288-1982-jaguar-xjs-thumb.jpg', 'https://photos.classiccars.com/cc-temp/listing/192/9908/51256291-1982-jaguar-xjs-thumb.jpg', 'https://photos.classiccars.com/cc-temp/listing/192/9908/51256289-1982-jaguar-xjs-thumb.jpg', 'https://photos.classiccars.com/cc-temp/listing/192/9908/51256290-1982-jaguar-xjs-thumb.jpg', 'https://photos.classiccars.com/cc-temp/listing/192/9908/51256293-1982-jaguar-xjs-thumb.jpg', 'https://photos.classiccars.com/cc-temp/listing/192/9908/51256295-1982-jaguar-xjs-thumb.jpg', 'https://photos.classiccars.com/cc-temp/listing/192/9908/51256296-1982-jaguar-xjs-thumb.jpg', 'https://photos.classiccars.com/cc-temp/listing/192/9908/51256297-1982-jaguar-xjs-thumb.jpg', 'https://photos.classiccars.com/cc-temp/listing/192/9908/51256298-1982-jaguar-xjs-thumb.jpg', 'https://photos.classiccars.com/cc-temp/listing/192/9908/51256299-1982-jaguar-xjs-thumb.jpg', 'https://photos.classiccars.com/cc-temp/listing/192/9908/51256300-1982-jaguar-xjs-thumb.jpg', 'https://photos.classiccars.com/cc-temp/listing/192/9908/51256301-1982-jaguar-xjs-thumb.jpg', 'https://photos.classiccars.com/cc-temp/listing/192/9908/51256302-1982-jaguar-xjs-thumb.jpg', 'https://photos.classiccars.com/cc-temp/listing/192/9908/51256303-1982-jaguar-xjs-thumb.jpg', 'https://photos.classiccars.com/cc-temp/listing/192/9908/51256304-1982-jaguar-xjs-thumb.jpg', 'https://photos.classiccars.com/cc-temp/listing/192/9908/51256305-1982-jaguar-xjs-thumb.jpg', 'https://photos.classiccars.com/cc-temp/listing/192/9908/51256306-1982-jaguar-xjs-thumb.jpg', 'https://photos.classiccars.com/cc-temp/listing/192/9908/51256307-1982-jaguar-xjs-thumb.jpg', 'https://photos.classiccars.com/cc-temp/listing/192/9908/51256308-1982-jaguar-xjs-thumb.jpg', 'https://photos.classiccars.com/cc-temp/listing/192/9908/51256309-1982-jaguar-xjs-thumb.jpg', 'https://photos.classiccars.com/cc-temp/listing/192/9908/51256310-1982-jaguar-xjs-thumb.jpg', 'https://photos.classiccars.com/cc-temp/listing/192/9908/51256311-1982-jaguar-xjs-thumb.jpg', 'https://photos.classiccars.com/cc-temp/listing/192/9908/51256312-1982-jaguar-xjs-thumb.jpg', 'https://photos.classiccars.com/cc-temp/listing/192/9908/51256313-1982-jaguar-xjs-thumb.jpg', 'https://photos.classiccars.com/cc-temp/listing/192/9908/51256314-1982-jaguar-xjs-thumb.jpg']"
1989 Cadillac 2-Dr Coupe,"$18,000 (OBO)",Carmine Red,Automatic,Unrestored,2-Dr Coupe,Cadillac,Original - Running,1989,"['https://photos.classiccars.com/cc-temp/listing/191/8071/50508737-1989-cadillac-eldorado-thumb.jpg', 'https://photos.classiccars.com/cc-temp/listing/191/8071/50508704-1989-cadillac-eldorado-thumb.jpg', 'https://photos.classiccars.com/cc-temp/listing/191/8071/50508705-1989-cadillac-eldorado-thumb.jpg', 'https://photos.classiccars.com/cc-temp/listing/191/8071/50508706-1989-cadillac-eldorado-thumb.jpg', 'https://photos.classiccars.com/cc-temp/listing/191/8071/50508709-1989-cadillac-eldorado-thumb.jpg', 'https://photos.classiccars.com/cc-temp/listing/191/8071/50508710-1989-cadillac-eldorado-thumb.jpg', 'https://photos.classiccars.com/cc-temp/listing/191/8071/50508711-1989-cadillac-eldorado-thumb.jpg', 'https://photos.classiccars.com/cc-temp/listing/191/8071/50508714-1989-cadillac-eldorado-thumb.jpg', 'https://photos.classiccars.com/cc-temp/listing/191/8071/50508742-1989-cadillac-eldorado-thumb.jpg', 'https://photos.classiccars.com/cc-temp/listing/191/8071/50508744-1989-cadillac-eldorado-thumb.jpg', 'https://photos.classiccars.com/cc-temp/listing/191/8071/50508746-1989-cadillac-eldorado-thumb.jpg', 'https://photos.classiccars.com/cc-temp/listing/191/8071/50508808-1989-cadillac-2-dr-coupe-thumb.jpg', 'https://photos.classiccars.com/cc-temp/listing/191/8071/50508809-1989-cadillac-2-dr-coupe-thumb.jpg', 'https://photos.classiccars.com/cc-temp/listing/191/8071/50508811-1989-cadillac-2-dr-coupe-thumb.jpg', 'https://photos.classiccars.com/cc-temp/listing/191/8071/50508812-1989-cadillac-2-dr-coupe-thumb.jpg', 'https://photos.classiccars.com/cc-temp/listing/191/8071/50508813-1989-cadillac-2-dr-coupe-thumb.jpg', 'https://photos.classiccars.com/cc-temp/listing/191/8071/50508814-1989-cadillac-2-dr-coupe-thumb.jpg', 'https://photos.classiccars.com/cc-temp/listing/191/8071/50905943-1989-cadillac-2-dr-coupe-thumb.jpg', 'https://photos.classiccars.com/cc-temp/listing/191/8071/50905945-1989-cadillac-2-dr-coupe-thumb.jpg', 'https://photos.classiccars.com/cc-temp/listing/191/8071/50905949-1989-cadillac-2-dr-coupe-thumb.jpg', 'https://photos.classiccars.com/cc-temp/listing/191/8071/50905953-1989-cadillac-2-dr-coupe-thumb.jpg', 'https://photos.classiccars.com/cc-temp/listing/191/8071/50905959-1989-cadillac-2-dr-coupe-thumb.jpg', 'https://photos.classiccars.com/cc-temp/listing/191/8071/50905965-1989-cadillac-2-dr-coupe-thumb.jpg', 'https://photos.classiccars.com/cc-temp/listing/191/8071/50905969-1989-cadillac-2-dr-coupe-thumb.jpg', 'https://photos.classiccars.com/cc-temp/listing/191/8071/50905986-1989-cadillac-2-dr-coupe-thumb.jpg', 'https://photos.classiccars.com/cc-temp/listing/191/8071/50905987-1989-cadillac-2-dr-coupe-thumb.jpg', 'https://photos.classiccars.com/cc-temp/listing/191/8071/50906014-1989-cadillac-2-dr-coupe-thumb.jpg', 'https://photos.classiccars.com/cc-temp/listing/191/8071/50906015-1989-cadillac-2-dr-coupe-thumb.jpg']"
1955 Pontiac Safari,"$62,000 (OBO)",Turquoise Blue/white,Automatic,Fully Restored,Safari,Pontiac,Rebuilt - Running,1955,"['https://photos.classiccars.com/cc-temp/listing/191/9562/50600862-1955-pontiac-safari-thumb.jpg', 'https://photos.classiccars.com/cc-temp/listing/191/9562/50600863-1955-pontiac-safari-thumb.jpg', 'https://photos.classiccars.com/cc-temp/listing/191/9562/50600864-1955-pontiac-safari-thumb.jpg', 'https://photos.classiccars.com/cc-temp/listing/191/9562/50600865-1955-pontiac-safari-thumb.jpg', 'https://photos.classiccars.com/cc-temp/listing/191/9562/50600867-1955-pontiac-safari-thumb.jpg', 'https://photos.classiccars.com/cc-temp/listing/191/9562/50600860-1955-pontiac-safari-thumb.jpg', 'https://photos.classiccars.com/cc-temp/listing/191/9562/50600859-1955-pontiac-safari-thumb.jpg', 'https://photos.classiccars.com/cc-temp/listing/191/9562/50600868-1955-pontiac-safari-thumb.jpg', 'https://photos.classiccars.com/cc-temp/listing/191/9562/50600858-1955-pontiac-safari-thumb.jpg', 'https://photos.classiccars.com/cc-temp/listing/191/9562/50600869-1955-pontiac-safari-thumb.jpg', 'https://photos.classiccars.com/cc-temp/listing/191/9562/50600870-1955-pontiac-safari-thumb.jpg', 'https://photos.classiccars.com/cc-temp/listing/191/9562/50600871-1955-pontiac-safari-thumb.jpg', 'https://photos.classiccars.com/cc-temp/listing/191/9562/50600872-1955-pontiac-safari-thumb.jpg', 'https://photos.classiccars.com/cc-temp/listing/191/9562/50600873-1955-pontiac-safari-thumb.jpg']"
1965 Superformance Cobra,"$74,500",Red,Manual,,Cobra,Superformance, - ,1965,"['https://photos.classiccars.com/cc-temp/listing/193/7672/51719173-1965-ac-cobra-thumb.jpg', 'https://photos.classiccars.com/cc-temp/listing/193/7672/51719176-1965-ac-cobra-thumb.jpg', 'https://photos.classiccars.com/cc-temp/listing/193/7672/51719175-1965-ac-cobra-thumb.jpg', 'https://photos.classiccars.com/cc-temp/listing/193/7672/51719178-1965-ac-cobra-thumb.jpg', 'https://photos.classiccars.com/cc-temp/listing/193/7672/51719177-1965-ac-cobra-thumb.jpg', 'https://photos.classiccars.com/cc-temp/listing/193/7672/51719182-1965-ac-cobra-thumb.jpg', 'https://photos.classiccars.com/cc-temp/listing/193/7672/51719184-1965-ac-cobra-thumb.jpg', 'https://photos.classiccars.com/cc-temp/listing/193/7672/51719181-1965-ac-cobra-thumb.jpg', 'https://photos.classiccars.com/cc-temp/listing/193/7672/51719174-1965-ac-cobra-thumb.jpg', 'https://photos.classiccars.com/cc-temp/listing/193/7672/51719179-1965-ac-cobra-thumb.jpg', 'https://photos.classiccars.com/cc-temp/listing/193/7672/51719180-1965-ac-cobra-thumb.jpg', 'https://photos.classiccars.com/cc-temp/listing/193/7672/51719183-1965-ac-cobra-thumb.jpg']"
1957 Ford Custom,"$59,500 (OBO)",White,Manual,,Custom,Ford, - ,1957,"['https://photos.classiccars.com/cc-temp/listing/191/8651/50535876-1957-ford-custom-thumb.jpg', 'https://photos.classiccars.com/cc-temp/listing/191/8651/50535868-1957-ford-custom-thumb.jpg', 'https://photos.classiccars.com/cc-temp/listing/191/8651/50535874-1957-ford-custom-thumb.jpg', 'https://photos.classiccars.com/cc-temp/listing/191/8651/50535873-1957-ford-custom-thumb.jpg', 'https://photos.classiccars.com/cc-temp/listing/191/8651/50535869-1957-ford-custom-thumb.jpg', 'https://photos.classiccars.com/cc-temp/listing/191/8651/50535870-1957-ford-custom-thumb.jpg', 'https://photos.classiccars.com/cc-temp/listing/191/8651/50535871-1957-ford-custom-thumb.jpg', 'https://photos.classiccars.com/cc-temp/listing/191/8651/50535872-1957-ford-custom-thumb.jpg', 'https://photos.classiccars.com/cc-temp/listing/191/8651/50535877-1957-ford-custom-thumb.jpg', 'https://photos.classiccars.com/cc-temp/listing/191/8651/50535878-1957-ford-custom-thumb.jpg', 'https://photos.classiccars.com/cc-temp/listing/191/8651/50535879-1957-ford-custom-thumb.jpg', 'https://photos.classiccars.com/cc-temp/listing/191/8651/50535880-1957-ford-custom-thumb.jpg', 'https://photos.classiccars.com/cc-temp/listing/191/8651/50535881-1957-ford-custom-thumb.jpg', 'https://photos.classiccars.com/cc-temp/listing/191/8651/50535882-1957-ford-custom-thumb.jpg', 'https://photos.classiccars.com/cc-temp/listing/191/8651/50535883-1957-ford-custom-thumb.jpg', 'https://photos.classiccars.com/cc-temp/listing/191/8651/50535884-1957-ford-custom-thumb.jpg', 'https://photos.classiccars.com/cc-temp/listing/191/8651/50535885-1957-ford-custom-thumb.jpg', 'https://photos.classiccars.com/cc-temp/listing/191/8651/50535886-1957-ford-custom-thumb.jpg', 'https://photos.classiccars.com/cc-temp/listing/191/8651/50535887-1957-ford-custom-thumb.jpg', 'https://photos.classiccars.com/cc-temp/listing/191/8651/50535888-1957-ford-custom-thumb.jpg', 'https://photos.classiccars.com/cc-temp/listing/191/8651/50535889-1957-ford-custom-thumb.jpg', 'https://photos.classiccars.com/cc-temp/listing/191/8651/50535890-1957-ford-custom-thumb.jpg', 'https://photos.classiccars.com/cc-temp/listing/191/8651/50535891-1957-ford-custom-thumb.jpg', 'https://photos.classiccars.com/cc-temp/listing/191/8651/50535892-1957-ford-custom-thumb.jpg', 'https://photos.classiccars.com/cc-temp/listing/191/8651/50535893-1957-ford-custom-thumb.jpg']"
1968 Chevrolet C10,"$37,500 (OBO)",Black,Automatic,,C10,Chevrolet, - ,1968,"['https://photos.classiccars.com/cc-temp/listing/193/5189/51588186-1968-chevrolet-c10-thumb.jpg', 'https://photos.classiccars.com/cc-temp/listing/193/5189/51588187-1968-chevrolet-c10-thumb.jpg', 'https://photos.classiccars.com/cc-temp/listing/193/5189/51588188-1968-chevrolet-c10-thumb.jpg', 'https://photos.classiccars.com/cc-temp/listing/193/5189/51588189-1968-chevrolet-c10-thumb.jpg', 'https://photos.classiccars.com/cc-temp/listing/193/5189/51588190-1968-chevrolet-c10-thumb.jpg', 'https://photos.classiccars.com/cc-temp/listing/193/5189/51588191-1968-chevrolet-c10-thumb.jpg', 'https://photos.classiccars.com/cc-temp/listing/193/5189/51588192-1968-chevrolet-c10-thumb.jpg', 'https://photos.classiccars.com/cc-temp/listing/193/5189/51588184-1968-chevrolet-c10-thumb.jpg', 'https://photos.classiccars.com/cc-temp/listing/193/5189/51588185-1968-chevrolet-c10-thumb.jpg', 'https://photos.classiccars.com/cc-temp/listing/193/5189/51588196-1968-chevrolet-c10-thumb.jpg', 'https://photos.classiccars.com/cc-temp/listing/193/5189/51588197-1968-chevrolet-c10-thumb.jpg', 'https://photos.classiccars.com/cc-temp/listing/193/5189/51588194-1968-chevrolet-c10-thumb.jpg', 'https://photos.classiccars.com/cc-temp/listing/193/5189/51588195-1968-chevrolet-c10-thumb.jpg', 'https://photos.classiccars.com/cc-temp/listing/193/5189/51588198-1968-chevrolet-c10-thumb.jpg', 'https://photos.classiccars.com/cc-temp/listing/193/5189/51588199-1968-chevrolet-c10-thumb.jpg', 'https://photos.classiccars.com/cc-temp/listing/193/5189/51588200-1968-chevrolet-c10-thumb.jpg', 'https://photos.classiccars.com/cc-temp/listing/193/5189/51588201-1968-chevrolet-c10-thumb.jpg', 'https://photos.classiccars.com/cc-temp/listing/193/5189/51588202-1968-chevrolet-c10-thumb.jpg', 'https://photos.classiccars.com/cc-temp/listing/193/5189/51588203-1968-chevrolet-c10-thumb.jpg', 'https://photos.classiccars.com/cc-temp/listing/193/5189/51588204-1968-chevrolet-c10-thumb.jpg', 'https://photos.classiccars.com/cc-temp/listing/193/5189/51588205-1968-chevrolet-c10-thumb.jpg', 'https://photos.classiccars.com/cc-temp/listing/193/5189/51588206-1968-chevrolet-c10-thumb.jpg', 'https://photos.classiccars.com/cc-temp/listing/193/5189/51588193-1968-chevrolet-c10-thumb.jpg']"
1930 Chevrolet Universal AD,"$14,999 (OBO)",Green,Manual,,Universal AD,Chevrolet, - Running,1930,"['https://photos.classiccars.com/cc-temp/listing/193/5451/51601939-1930-chevrolet-universal-ad-thumb.jpg', 'https://photos.classiccars.com/cc-temp/listing/193/5451/51601940-1930-chevrolet-universal-ad-thumb.jpg', 'https://photos.classiccars.com/cc-temp/listing/193/5451/51601962-1930-chevrolet-universal-ad-thumb.jpg', 'https://photos.classiccars.com/cc-temp/listing/193/5451/51601963-1930-chevrolet-universal-ad-thumb.jpg', 'https://photos.classiccars.com/cc-temp/listing/193/5451/51601964-1930-chevrolet-universal-ad-thumb.jpg', 'https://photos.classiccars.com/cc-temp/listing/193/5451/51601965-1930-chevrolet-universal-ad-thumb.jpg', 'https://photos.classiccars.com/cc-temp/listing/193/5451/51601941-1930-chevrolet-universal-ad-thumb.jpg', 'https://photos.classiccars.com/cc-temp/listing/193/5451/51601966-1930-chevrolet-universal-ad-thumb.jpg', 'https://photos.classiccars.com/cc-temp/listing/193/5451/51601943-1930-chevrolet-universal-ad-thumb.jpg', 'https://photos.classiccars.com/cc-temp/listing/193/5451/51601944-1930-chevrolet-universal-ad-thumb.jpg', 'https://photos.classiccars.com/cc-temp/listing/193/5451/51601945-1930-chevrolet-universal-ad-thumb.jpg', 'https://photos.classiccars.com/cc-temp/listing/193/5451/51601953-1930-chevrolet-universal-ad-thumb.jpg', 'https://photos.classiccars.com/cc-temp/listing/193/5451/51601942-1930-chevrolet-universal-ad-thumb.jpg', 'https://photos.classiccars.com/cc-temp/listing/193/5451/51601952-1930-chevrolet-universal-ad-thumb.jpg', 'https://photos.classiccars.com/cc-temp/listing/193/5451/51601946-1930-chevrolet-universal-ad-thumb.jpg', 'https://photos.classiccars.com/cc-temp/listing/193/5451/51601955-1930-chevrolet-universal-ad-thumb.jpg', 'https://photos.classiccars.com/cc-temp/listing/193/5451/51601954-1930-chevrolet-universal-ad-thumb.jpg', 'https://photos.classiccars.com/cc-temp/listing/193/5451/51601993-1930-chevrolet-universal-ad-thumb.jpg', 'https://photos.classiccars.com/cc-temp/listing/193/5451/51601975-1930-chevrolet-universal-ad-thumb.jpg', 'https://photos.classiccars.com/cc-temp/listing/193/5451/51601948-1930-chevrolet-universal-ad-thumb.jpg', 'https://photos.classiccars.com/cc-temp/listing/193/5451/51601983-1930-chevrolet-universal-ad-thumb.jpg', 'https://photos.classiccars.com/cc-temp/listing/193/5451/51601976-1930-chevrolet-universal-ad-thumb.jpg', 'https://photos.classiccars.com/cc-temp/listing/193/5451/51601986-1930-chevrolet-universal-ad-thumb.jpg', 'https://photos.classiccars.com/cc-temp/listing/193/5451/51601987-1930-chevrolet-universal-ad-thumb.jpg', 'https://photos.classiccars.com/cc-temp/listing/193/5451/51601990-1930-chevrolet-universal-ad-thumb.jpg', 'https://photos.classiccars.com/cc-temp/listing/193/5451/51601977-1930-chevrolet-universal-ad-thumb.jpg', 'https://photos.classiccars.com/cc-temp/listing/193/5451/51601947-1930-chevrolet-universal-ad-thumb.jpg', 'https://photos.classiccars.com/cc-temp/listing/193/5451/51601979-1930-chevrolet-universal-ad-thumb.jpg', 'https://photos.classiccars.com/cc-temp/listing/193/5451/51601980-1930-chevrolet-universal-ad-thumb.jpg', 'https://photos.classiccars.com/cc-temp/listing/193/5451/51601981-1930-chevrolet-universal-ad-thumb.jpg', 'https://photos.classiccars.com/cc-temp/listing/193/5451/51601991-1930-chevrolet-universal-ad-thumb.jpg', 'https://photos.classiccars.com/cc-temp/listing/193/5451/51601994-1930-chevrolet-universal-ad-thumb.jpg', 'https://photos.classiccars.com/cc-temp/listing/193/5451/51601982-1930-chevrolet-universal-ad-thumb.jpg', 'https://photos.classiccars.com/cc-temp/listing/193/5451/51601984-1930-chevrolet-universal-ad-thumb.jpg', 'https://photos.classiccars.com/cc-temp/listing/193/5451/51601985-1930-chevrolet-universal-ad-thumb.jpg', 'https://photos.classiccars.com/cc-temp/listing/193/5451/51601988-1930-chevrolet-universal-ad-thumb.jpg', 'https://photos.classiccars.com/cc-temp/listing/193/5451/51601989-1930-chevrolet-universal-ad-thumb.jpg', 'https://photos.classiccars.com/cc-temp/listing/193/5451/51601992-1930-chevrolet-universal-ad-thumb.jpg', 'https://photos.classiccars.com/cc-temp/listing/193/5451/51601933-1930-chevrolet-universal-ad-thumb.jpg', 'https://photos.classiccars.com/cc-temp/listing/193/5451/51601950-1930-chevrolet-universal-ad-thumb.jpg', 'https://photos.classiccars.com/cc-temp/listing/193/5451/51601934-1930-chevrolet-universal-ad-thumb.jpg', 'https://photos.classiccars.com/cc-temp/listing/193/5451/51601935-1930-chevrolet-universal-ad-thumb.jpg', 'https://photos.classiccars.com/cc-temp/listing/193/5451/51601936-1930-chevrolet-universal-ad-thumb.jpg', 'https://photos.classiccars.com/cc-temp/listing/193/5451/51601956-1930-chevrolet-universal-ad-thumb.jpg', 'https://photos.classiccars.com/cc-temp/listing/193/5451/51601957-1930-chevrolet-universal-ad-thumb.jpg', 'https://photos.classiccars.com/cc-temp/listing/193/5451/51601958-1930-chevrolet-universal-ad-thumb.jpg', 'https://photos.classiccars.com/cc-temp/listing/193/5451/51601959-1930-chevrolet-universal-ad-thumb.jpg', 'https://photos.classiccars.com/cc-temp/listing/193/5451/51601961-1930-chevrolet-universal-ad-thumb.jpg', 'https://photos.classiccars.com/cc-temp/listing/193/5451/51601967-1930-chevrolet-universal-ad-thumb.jpg', 'https://photos.classiccars.com/cc-temp/listing/193/5451/51601968-1930-chevrolet-universal-ad-thumb.jpg', 'https://photos.classiccars.com/cc-temp/listing/193/5451/51601969-1930-chevrolet-universal-ad-thumb.jpg', 'https://photos.classiccars.com/cc-temp/listing/193/5451/51601970-1930-chevrolet-universal-ad-thumb.jpg', 'https://photos.classiccars.com/cc-temp/listing/193/5451/51601971-1930-chevrolet-universal-ad-thumb.jpg', 'https://photos.classiccars.com/cc-temp/listing/193/5451/51601972-1930-chevrolet-universal-ad-thumb.jpg', 'https://photos.classiccars.com/cc-temp/listing/193/5451/51601978-1930-chevrolet-universal-ad-thumb.jpg', 'https://photos.classiccars.com/cc-temp/listing/193/5451/51601995-1930-chevrolet-universal-ad-thumb.jpg', 'https://photos.classiccars.com/cc-temp/listing/193/5451/51601949-1930-chevrolet-universal-ad-thumb.jpg', 'https://photos.classiccars.com/cc-temp/listing/193/5451/51601937-1930-chevrolet-universal-ad-thumb.jpg', 'https://photos.classiccars.com/cc-temp/listing/193/5451/51601926-1930-chevrolet-universal-ad-thumb.jpg', 'https://photos.classiccars.com/cc-temp/listing/193/5451/51601927-1930-chevrolet-universal-ad-thumb.jpg', 'https://photos.classiccars.com/cc-temp/listing/193/5451/51601925-1930-chevrolet-universal-ad-thumb.jpg', 'https://photos.classiccars.com/cc-temp/listing/193/5451/51601928-1930-chevrolet-universal-ad-thumb.jpg', 'https://photos.classiccars.com/cc-temp/listing/193/5451/51601929-1930-chevrolet-universal-ad-thumb.jpg', 'https://photos.classiccars.com/cc-temp/listing/193/5451/51601932-1930-chevrolet-universal-ad-thumb.jpg', 'https://photos.classiccars.com/cc-temp/listing/193/5451/51601951-1930-chevrolet-universal-ad-thumb.jpg', 'https://photos.classiccars.com/cc-temp/listing/193/5451/51601931-1930-chevrolet-universal-ad-thumb.jpg', 'https://photos.classiccars.com/cc-temp/listing/193/5451/51601930-1930-chevrolet-universal-ad-thumb.jpg', 'https://photos.classiccars.com/cc-temp/listing/193/5451/51601974-1930-chevrolet-universal-ad-thumb.jpg', 'https://photos.classiccars.com/cc-temp/listing/193/5451/51601973-1930-chevrolet-universal-ad-thumb.jpg', 'https://photos.classiccars.com/cc-temp/listing/193/5451/51601960-1930-chevrolet-universal-ad-thumb.jpg']"
1949 Ford Deluxe,"$115,000 (OBO)",Fantasia,Automatic,,Deluxe,Ford, - Running,1949,"['https://photos.classiccars.com/cc-temp/listing/187/4385/47954803-1949-ford-deluxe-coupe-thumb.jpg', 'https://photos.classiccars.com/cc-temp/listing/187/4385/47954804-1949-ford-deluxe-coupe-thumb.jpg', 'https://photos.classiccars.com/cc-temp/listing/187/4385/47954805-1949-ford-deluxe-coupe-thumb.jpg', 'https://photos.classiccars.com/cc-temp/listing/187/4385/47954806-1949-ford-deluxe-coupe-thumb.jpg', 'https://photos.classiccars.com/cc-temp/listing/187/4385/47954807-1949-ford-deluxe-coupe-thumb.jpg', 'https://photos.classiccars.com/cc-temp/listing/187/4385/47954808-1949-ford-deluxe-coupe-thumb.jpg', 'https://photos.classiccars.com/cc-temp/listing/187/4385/47954809-1949-ford-deluxe-coupe-thumb.jpg', 'https://photos.classiccars.com/cc-temp/listing/187/4385/47954810-1949-ford-deluxe-coupe-thumb.jpg']"
1970 Plymouth Cuda,"$134,990",Lime Light,Manual,,Cuda,Plymouth, - ,1970,"['https://photos.classiccars.com/cc-temp/listing/185/8794/46890756-1970-plymouth-cuda-thumb.jpg', 'https://photos.classiccars.com/cc-temp/listing/185/8794/46890759-1970-plymouth-cuda-thumb.jpg', 'https://photos.classiccars.com/cc-temp/listing/185/8794/46890468-1970-plymouth-cuda-thumb.jpg', 'https://photos.classiccars.com/cc-temp/listing/185/8794/46890802-1970-plymouth-cuda-thumb.jpg', 'https://photos.classiccars.com/cc-temp/listing/185/8794/46890796-1970-plymouth-cuda-thumb.jpg', 'https://photos.classiccars.com/cc-temp/listing/185/8794/46890908-1970-plymouth-cuda-thumb.jpg', 'https://photos.classiccars.com/cc-temp/listing/185/8794/46890807-1970-plymouth-cuda-thumb.jpg', 'https://photos.classiccars.com/cc-temp/listing/185/8794/46890905-1970-plymouth-cuda-thumb.jpg', 'https://photos.classiccars.com/cc-temp/listing/185/8794/46890901-1970-plymouth-cuda-thumb.jpg', 'https://photos.classiccars.com/cc-temp/listing/185/8794/46890898-1970-plymouth-cuda-thumb.jpg', 'https://photos.classiccars.com/cc-temp/listing/185/8794/46890987-1970-plymouth-cuda-thumb.jpg', 'https://photos.classiccars.com/cc-temp/listing/185/8794/46890989-1970-plymouth-cuda-thumb.jpg', 'https://photos.classiccars.com/cc-temp/listing/185/8794/46891005-1970-plymouth-cuda-thumb.jpg', 'https://photos.classiccars.com/cc-temp/listing/185/8794/46890764-1970-plymouth-cuda-thumb.jpg', 'https://photos.classiccars.com/cc-temp/listing/185/8794/46890765-1970-plymouth-cuda-thumb.jpg', 'https://photos.classiccars.com/cc-temp/listing/185/8794/46890766-1970-plymouth-cuda-thumb.jpg', 'https://photos.classiccars.com/cc-temp/listing/185/8794/46890768-1970-plymouth-cuda-thumb.jpg', 'https://photos.classiccars.com/cc-temp/listing/185/8794/46890774-1970-plymouth-cuda-thumb.jpg', 'https://photos.classiccars.com/cc-temp/listing/185/8794/46890775-1970-plymouth-cuda-thumb.jpg', 'https://photos.classiccars.com/cc-temp/listing/185/8794/46890781-1970-plymouth-cuda-thumb.jpg', 'https://photos.classiccars.com/cc-temp/listing/185/8794/46890787-1970-plymouth-cuda-thumb.jpg', 'https://photos.classiccars.com/cc-temp/listing/185/8794/46890790-1970-plymouth-cuda-thumb.jpg', 'https://photos.classiccars.com/cc-temp/listing/185/8794/46890793-1970-plymouth-cuda-thumb.jpg', 'https://photos.classiccars.com/cc-temp/listing/185/8794/46890937-1970-plymouth-cuda-thumb.jpg', 'https://photos.classiccars.com/cc-temp/listing/185/8794/46890968-1970-plymouth-cuda-thumb.jpg', 'https://photos.classiccars.com/cc-temp/listing/185/8794/46890972-1970-plymouth-cuda-thumb.jpg', 'https://photos.classiccars.com/cc-temp/listing/185/8794/46890979-1970-plymouth-cuda-thumb.jpg', 'https://photos.classiccars.com/cc-temp/listing/185/8794/46890911-1970-plymouth-cuda-thumb.jpg', 'https://photos.classiccars.com/cc-temp/listing/185/8794/46890914-1970-plymouth-cuda-thumb.jpg', 'https://photos.classiccars.com/cc-temp/listing/185/8794/46890922-1970-plymouth-cuda-thumb.jpg', 'https://photos.classiccars.com/cc-temp/listing/185/8794/46890928-1970-plymouth-cuda-thumb.jpg', 'https://photos.classiccars.com/cc-temp/listing/185/8794/46890755-1970-plymouth-cuda-thumb.jpg', 'https://photos.classiccars.com/cc-temp/listing/185/8794/46890749-1970-plymouth-cuda-thumb.jpg', 'https://photos.classiccars.com/cc-temp/listing/185/8794/46890715-1970-plymouth-cuda-thumb.jpg', 'https://photos.classiccars.com/cc-temp/listing/185/8794/46890718-1970-plymouth-cuda-thumb.jpg', 'https://photos.classiccars.com/cc-temp/listing/185/8794/46890723-1970-plymouth-cuda-thumb.jpg', 'https://photos.classiccars.com/cc-temp/listing/185/8794/46890732-1970-plymouth-cuda-thumb.jpg', 'https://photos.classiccars.com/cc-temp/listing/185/8794/46890734-1970-plymouth-cuda-thumb.jpg', 'https://photos.classiccars.com/cc-temp/listing/185/8794/46890738-1970-plymouth-cuda-thumb.jpg', 'https://photos.classiccars.com/cc-temp/listing/185/8794/46890740-1970-plymouth-cuda-thumb.jpg', 'https://photos.classiccars.com/cc-temp/listing/185/8794/46890742-1970-plymouth-cuda-thumb.jpg', 'https://photos.classiccars.com/cc-temp/listing/185/8794/46890744-1970-plymouth-cuda-thumb.jpg', 'https://photos.classiccars.com/cc-temp/listing/185/8794/46890476-1970-plymouth-cuda-thumb.jpg', 'https://photos.classiccars.com/cc-temp/listing/185/8794/46890486-1970-plymouth-cuda-thumb.jpg', 'https://photos.classiccars.com/cc-temp/listing/185/8794/46890632-1970-plymouth-cuda-thumb.jpg', 'https://photos.classiccars.com/cc-temp/listing/185/8794/46890511-1970-plymouth-cuda-thumb.jpg', 'https://photos.classiccars.com/cc-temp/listing/185/8794/46890513-1970-plymouth-cuda-thumb.jpg', 'https://photos.classiccars.com/cc-temp/listing/185/8794/46890521-1970-plymouth-cuda-thumb.jpg', 'https://photos.classiccars.com/cc-temp/listing/185/8794/46890532-1970-plymouth-cuda-thumb.jpg', 'https://photos.classiccars.com/cc-temp/listing/185/8794/46891018-1970-plymouth-cuda-thumb.jpg', 'https://photos.classiccars.com/cc-temp/listing/185/8794/46891019-1970-plymouth-cuda-thumb.jpg', 'https://photos.classiccars.com/cc-temp/listing/185/8794/46890550-1970-plymouth-cuda-thumb.jpg', 'https://photos.classiccars.com/cc-temp/listing/185/8794/46890568-1970-plymouth-cuda-thumb.jpg', 'https://photos.classiccars.com/cc-temp/listing/185/8794/46890571-1970-plymouth-cuda-thumb.jpg', 'https://photos.classiccars.com/cc-temp/listing/185/8794/46890591-1970-plymouth-cuda-thumb.jpg', 'https://photos.classiccars.com/cc-temp/listing/185/8794/46890597-1970-plymouth-cuda-thumb.jpg', 'https://photos.classiccars.com/cc-temp/listing/185/8794/46890601-1970-plymouth-cuda-thumb.jpg', 'https://photos.classiccars.com/cc-temp/listing/185/8794/46890609-1970-plymouth-cuda-thumb.jpg', 'https://photos.classiccars.com/cc-temp/listing/185/8794/46890621-1970-plymouth-cuda-thumb.jpg', 'https://photos.classiccars.com/cc-temp/listing/185/8794/46890638-1970-plymouth-cuda-thumb.jpg', 'https://photos.classiccars.com/cc-temp/listing/185/8794/46890815-1970-plymouth-cuda-thumb.jpg', 'https://photos.classiccars.com/cc-temp/listing/185/8794/46890820-1970-plymouth-cuda-thumb.jpg', 'https://photos.classiccars.com/cc-temp/listing/185/8794/46890822-1970-plymouth-cuda-thumb.jpg', 'https://photos.classiccars.com/cc-temp/listing/185/8794/46890825-1970-plymouth-cuda-thumb.jpg', 'https://photos.classiccars.com/cc-temp/listing/185/8794/46890826-1970-plymouth-cuda-thumb.jpg', 'https://photos.classiccars.com/cc-temp/listing/185/8794/46890827-1970-plymouth-cuda-thumb.jpg', 'https://photos.classiccars.com/cc-temp/listing/185/8794/46890828-1970-plymouth-cuda-thumb.jpg', 'https://photos.classiccars.com/cc-temp/listing/185/8794/46890833-1970-plymouth-cuda-thumb.jpg', 'https://photos.classiccars.com/cc-temp/listing/185/8794/46890858-1970-plymouth-cuda-thumb.jpg', 'https://photos.classiccars.com/cc-temp/listing/185/8794/46890871-1970-plymouth-cuda-thumb.jpg', 'https://photos.classiccars.com/cc-temp/listing/185/8794/46890879-1970-plymouth-cuda-thumb.jpg', 'https://photos.classiccars.com/cc-temp/listing/185/8794/46890884-1970-plymouth-cuda-thumb.jpg', 'https://photos.classiccars.com/cc-temp/listing/185/8794/46890894-1970-plymouth-cuda-thumb.jpg', 'https://photos.classiccars.com/cc-temp/listing/185/8794/46890641-1970-plymouth-cuda-thumb.jpg', 'https://photos.classiccars.com/cc-temp/listing/185/8794/46890644-1970-plymouth-cuda-thumb.jpg', 'https://photos.classiccars.com/cc-temp/listing/185/8794/46890649-1970-plymouth-cuda-thumb.jpg', 'https://photos.classiccars.com/cc-temp/listing/185/8794/46890655-1970-plymouth-cuda-thumb.jpg', 'https://photos.classiccars.com/cc-temp/listing/185/8794/46890663-1970-plymouth-cuda-thumb.jpg', 'https://photos.classiccars.com/cc-temp/listing/185/8794/46890667-1970-plymouth-cuda-thumb.jpg', 'https://photos.classiccars.com/cc-temp/listing/185/8794/46890669-1970-plymouth-cuda-thumb.jpg', 'https://photos.classiccars.com/cc-temp/listing/185/8794/46890683-1970-plymouth-cuda-thumb.jpg', 'https://photos.classiccars.com/cc-temp/listing/185/8794/46890693-1970-plymouth-cuda-thumb.jpg', 'https://photos.classiccars.com/cc-temp/listing/185/8794/46890670-1970-plymouth-cuda-thumb.jpg', 'https://photos.classiccars.com/cc-temp/listing/185/8794/46891020-1970-plymouth-cuda-thumb.jpg', 'https://photos.classiccars.com/cc-temp/listing/185/8794/46891023-1970-plymouth-cuda-thumb.jpg', 'https://photos.classiccars.com/cc-temp/listing/185/8794/46891027-1970-plymouth-cuda-thumb.jpg', 'https://photos.classiccars.com/cc-temp/listing/185/8794/46891031-1970-plymouth-cuda-thumb.jpg', 'https://photos.classiccars.com/cc-temp/listing/185/8794/46891041-1970-plymouth-cuda-thumb.jpg', 'https://photos.classiccars.com/cc-temp/listing/185/8794/46891042-1970-plymouth-cuda-thumb.jpg', 'https://photos.classiccars.com/cc-temp/listing/185/8794/46891047-1970-plymouth-cuda-thumb.jpg', 'https://photos.classiccars.com/cc-temp/listing/185/8794/46891072-1970-plymouth-cuda-thumb.jpg', 'https://photos.classiccars.com/cc-temp/listing/185/8794/46891097-1970-plymouth-cuda-thumb.jpg', 'https://photos.classiccars.com/cc-temp/listing/185/8794/46891098-1970-plymouth-cuda-thumb.jpg', 'https://photos.classiccars.com/cc-temp/listing/185/8794/46890464-1970-plymouth-cuda-thumb.jpg', 'https://photos.classiccars.com/cc-temp/listing/185/8794/46891789-1970-plymouth-cuda-thumb.jpg', 'https://photos.classiccars.com/cc-temp/listing/185/8794/46891788-1970-plymouth-cuda-thumb.jpg', 'https://photos.classiccars.com/cc-temp/listing/185/8794/46890707-1970-plymouth-cuda-thumb.jpg', 'https://photos.classiccars.com/cc-temp/listing/185/8794/46890700-1970-plymouth-cuda-thumb.jpg', 'https://photos.classiccars.com/cc-temp/listing/185/8794/46890961-1970-plymouth-cuda-thumb.jpg']"
1959 Dodge Wagon,"$24,995",Black,Automatic,,Wagon,Dodge,Rebuilt - Running,1959,"['https://photos.classiccars.com/cc-temp/listing/192/4217/50899542-1959-dodge-wagon-thumb.jpg', 'https://photos.classiccars.com/cc-temp/listing/192/4217/50899543-1959-dodge-wagon-thumb.jpg', 'https://photos.classiccars.com/cc-temp/listing/192/4217/50899537-1959-dodge-wagon-thumb.jpg', 'https://photos.classiccars.com/cc-temp/listing/192/4217/50899538-1959-dodge-wagon-thumb.jpg', 'https://photos.classiccars.com/cc-temp/listing/192/4217/50899539-1959-dodge-wagon-thumb.jpg', 'https://photos.classiccars.com/cc-temp/listing/192/4217/50899540-1959-dodge-wagon-thumb.jpg', 'https://photos.classiccars.com/cc-temp/listing/192/4217/50899544-1959-dodge-wagon-thumb.jpg', 'https://photos.classiccars.com/cc-temp/listing/192/4217/50899545-1959-dodge-wagon-thumb.jpg', 'https://photos.classiccars.com/cc-temp/listing/192/4217/50899546-1959-dodge-wagon-thumb.jpg', 'https://photos.classiccars.com/cc-temp/listing/192/4217/50899547-1959-dodge-wagon-thumb.jpg', 'https://photos.classiccars.com/cc-temp/listing/192/4217/50899548-1959-dodge-wagon-thumb.jpg', 'https://photos.classiccars.com/cc-temp/listing/192/4217/50899549-1959-dodge-wagon-thumb.jpg', 'https://photos.classiccars.com/cc-temp/listing/192/4217/50899550-1959-dodge-wagon-thumb.jpg', 'https://photos.classiccars.com/cc-temp/listing/192/4217/50899551-1959-dodge-wagon-thumb.jpg', 'https://photos.classiccars.com/cc-temp/listing/192/4217/50899552-1959-dodge-wagon-thumb.jpg', 'https://photos.classiccars.com/cc-temp/listing/192/4217/50899553-1959-dodge-wagon-thumb.jpg', 'https://photos.classiccars.com/cc-temp/listing/192/4217/50899554-1959-dodge-wagon-thumb.jpg', 'https://photos.classiccars.com/cc-temp/listing/192/4217/50899555-1959-dodge-wagon-thumb.jpg', 'https://photos.classiccars.com/cc-temp/listing/192/4217/50899556-1959-dodge-wagon-thumb.jpg', 'https://photos.classiccars.com/cc-temp/listing/192/4217/50899557-1959-dodge-wagon-thumb.jpg', 'https://photos.classiccars.com/cc-temp/listing/192/4217/50899558-1959-dodge-wagon-thumb.jpg', 'https://photos.classiccars.com/cc-temp/listing/192/4217/50899559-1959-dodge-wagon-thumb.jpg', 'https://photos.classiccars.com/cc-temp/listing/192/4217/50899560-1959-dodge-wagon-thumb.jpg', 'https://photos.classiccars.com/cc-temp/listing/192/4217/50899561-1959-dodge-wagon-thumb.jpg', 'https://photos.classiccars.com/cc-temp/listing/192/4217/50899562-1959-dodge-wagon-thumb.jpg']"
1968 Chevrolet C10,"$27,500 (OBO)",Blue,Manual,,C10,Chevrolet,Replaced - Running,1968,"['https://photos.classiccars.com/cc-temp/listing/191/471/50032845-1968-chevrolet-c10-thumb.jpg', 'https://photos.classiccars.com/cc-temp/listing/191/471/50032843-1968-chevrolet-c10-thumb.jpg', 'https://photos.classiccars.com/cc-temp/listing/191/471/50032849-1968-chevrolet-c10-thumb.jpg', 'https://photos.classiccars.com/cc-temp/listing/191/471/50032850-1968-chevrolet-c10-thumb.jpg', 'https://photos.classiccars.com/cc-temp/listing/191/471/50032853-1968-chevrolet-c10-thumb.jpg', 'https://photos.classiccars.com/cc-temp/listing/191/471/50032856-1968-chevrolet-c10-thumb.jpg', 'https://photos.classiccars.com/cc-temp/listing/191/471/50032857-1968-chevrolet-c10-thumb.jpg', 'https://photos.classiccars.com/cc-temp/listing/191/471/50032859-1968-chevrolet-c10-thumb.jpg', 'https://photos.classiccars.com/cc-temp/listing/191/471/50032860-1968-chevrolet-c10-thumb.jpg', 'https://photos.classiccars.com/cc-temp/listing/191/471/50032861-1968-chevrolet-c10-thumb.jpg', 'https://photos.classiccars.com/cc-temp/listing/191/471/50032862-1968-chevrolet-c10-thumb.jpg', 'https://photos.classiccars.com/cc-temp/listing/191/471/50032863-1968-chevrolet-c10-thumb.jpg', 'https://photos.classiccars.com/cc-temp/listing/191/471/50032864-1968-chevrolet-c10-thumb.jpg', 'https://photos.classiccars.com/cc-temp/listing/191/471/50032866-1968-chevrolet-c10-thumb.jpg', 'https://photos.classiccars.com/cc-temp/listing/191/471/50032869-1968-chevrolet-c10-thumb.jpg', 'https://photos.classiccars.com/cc-temp/listing/191/471/50032870-1968-chevrolet-c10-thumb.jpg', 'https://photos.classiccars.com/cc-temp/listing/191/471/50032865-1968-chevrolet-c10-thumb.jpg', 'https://photos.classiccars.com/cc-temp/listing/191/471/50032871-1968-chevrolet-c10-thumb.jpg', 'https://photos.classiccars.com/cc-temp/listing/191/471/50032872-1968-chevrolet-c10-thumb.jpg', 'https://photos.classiccars.com/cc-temp/listing/191/471/50032873-1968-chevrolet-c10-thumb.jpg', 'https://photos.classiccars.com/cc-temp/listing/191/471/50032868-1968-chevrolet-c10-thumb.jpg', 'https://photos.classiccars.com/cc-temp/listing/191/471/50038458-1968-chevrolet-c10-thumb.jpg', 'https://photos.classiccars.com/cc-temp/listing/191/471/50038459-1968-chevrolet-c10-thumb.jpg', 'https://photos.classiccars.com/cc-temp/listing/191/471/50038460-1968-chevrolet-c10-thumb.jpg', 'https://photos.classiccars.com/cc-temp/listing/191/471/50038461-1968-chevrolet-c10-thumb.jpg', 'https://photos.classiccars.com/cc-temp/listing/191/471/50038462-1968-chevrolet-c10-thumb.jpg']"
1968 Ford Mustang,"$99,900",Gulfstream Aqua,Manual,,Mustang,Ford, - ,1968,"['https://photos.classiccars.com/cc-temp/listing/190/3907/49664586-1968-ford-mustang-thumb.jpg', 'https://photos.classiccars.com/cc-temp/listing/190/3907/49664577-1968-ford-mustang-thumb.jpg', 'https://photos.classiccars.com/cc-temp/listing/190/3907/49664589-1968-ford-mustang-thumb.jpg', 'https://photos.classiccars.com/cc-temp/listing/190/3907/49664588-1968-ford-mustang-thumb.jpg', 'https://photos.classiccars.com/cc-temp/listing/190/3907/49664590-1968-ford-mustang-thumb.jpg', 'https://photos.classiccars.com/cc-temp/listing/190/3907/49664591-1968-ford-mustang-thumb.jpg', 'https://photos.classiccars.com/cc-temp/listing/190/3907/49664592-1968-ford-mustang-thumb.jpg', 'https://photos.classiccars.com/cc-temp/listing/190/3907/49664593-1968-ford-mustang-thumb.jpg', 'https://photos.classiccars.com/cc-temp/listing/190/3907/49664639-1968-ford-mustang-thumb.jpg', 'https://photos.classiccars.com/cc-temp/listing/190/3907/49664640-1968-ford-mustang-thumb.jpg', 'https://photos.classiccars.com/cc-temp/listing/190/3907/49664578-1968-ford-mustang-thumb.jpg', 'https://photos.classiccars.com/cc-temp/listing/190/3907/49664579-1968-ford-mustang-thumb.jpg', 'https://photos.classiccars.com/cc-temp/listing/190/3907/49664580-1968-ford-mustang-thumb.jpg', 'https://photos.classiccars.com/cc-temp/listing/190/3907/49664581-1968-ford-mustang-thumb.jpg', 'https://photos.classiccars.com/cc-temp/listing/190/3907/49664582-1968-ford-mustang-thumb.jpg', 'https://photos.classiccars.com/cc-temp/listing/190/3907/49664583-1968-ford-mustang-thumb.jpg', 'https://photos.classiccars.com/cc-temp/listing/190/3907/49664584-1968-ford-mustang-thumb.jpg', 'https://photos.classiccars.com/cc-temp/listing/190/3907/49664585-1968-ford-mustang-thumb.jpg', 'https://photos.classiccars.com/cc-temp/listing/190/3907/49664594-1968-ford-mustang-thumb.jpg', 'https://photos.classiccars.com/cc-temp/listing/190/3907/49664595-1968-ford-mustang-thumb.jpg', 'https://photos.classiccars.com/cc-temp/listing/190/3907/49664596-1968-ford-mustang-thumb.jpg', 'https://photos.classiccars.com/cc-temp/listing/190/3907/49664597-1968-ford-mustang-thumb.jpg', 'https://photos.classiccars.com/cc-temp/listing/190/3907/49664632-1968-ford-mustang-thumb.jpg', 'https://photos.classiccars.com/cc-temp/listing/190/3907/49664633-1968-ford-mustang-thumb.jpg', 'https://photos.classiccars.com/cc-temp/listing/190/3907/49664635-1968-ford-mustang-thumb.jpg', 'https://photos.classiccars.com/cc-temp/listing/190/3907/49664636-1968-ford-mustang-thumb.jpg', 'https://photos.classiccars.com/cc-temp/listing/190/3907/49664637-1968-ford-mustang-thumb.jpg', 'https://photos.classiccars.com/cc-temp/listing/190/3907/49664638-1968-ford-mustang-thumb.jpg', 'https://photos.classiccars.com/cc-temp/listing/190/3907/49664634-1968-ford-mustang-thumb.jpg', 'https://photos.classiccars.com/cc-temp/listing/190/3907/49664576-1968-ford-mustang-thumb.jpg', 'https://photos.classiccars.com/cc-temp/listing/190/3907/49664575-1968-ford-mustang-thumb.jpg', 'https://photos.classiccars.com/cc-temp/listing/190/3907/49664565-1968-ford-mustang-thumb.jpg', 'https://photos.classiccars.com/cc-temp/listing/190/3907/49664566-1968-ford-mustang-thumb.jpg', 'https://photos.classiccars.com/cc-temp/listing/190/3907/49664567-1968-ford-mustang-thumb.jpg', 'https://photos.classiccars.com/cc-temp/listing/190/3907/49664568-1968-ford-mustang-thumb.jpg', 'https://photos.classiccars.com/cc-temp/listing/190/3907/49664569-1968-ford-mustang-thumb.jpg', 'https://photos.classiccars.com/cc-temp/listing/190/3907/49664570-1968-ford-mustang-thumb.jpg', 'https://photos.classiccars.com/cc-temp/listing/190/3907/49664571-1968-ford-mustang-thumb.jpg', 'https://photos.classiccars.com/cc-temp/listing/190/3907/49664572-1968-ford-mustang-thumb.jpg', 'https://photos.classiccars.com/cc-temp/listing/190/3907/49664573-1968-ford-mustang-thumb.jpg', 'https://photos.classiccars.com/cc-temp/listing/190/3907/49664574-1968-ford-mustang-thumb.jpg', 'https://photos.classiccars.com/cc-temp/listing/190/3907/49664641-1968-ford-mustang-thumb.jpg', 'https://photos.classiccars.com/cc-temp/listing/190/3907/49664642-1968-ford-mustang-thumb.jpg', 'https://photos.classiccars.com/cc-temp/listing/190/3907/49664663-1968-ford-mustang-thumb.jpg', 'https://photos.classiccars.com/cc-temp/listing/190/3907/49664643-1968-ford-mustang-thumb.jpg', 'https://photos.classiccars.com/cc-temp/listing/190/3907/49664644-1968-ford-mustang-thumb.jpg', 'https://photos.classiccars.com/cc-temp/listing/190/3907/49664646-1968-ford-mustang-thumb.jpg', 'https://photos.classiccars.com/cc-temp/listing/190/3907/49664648-1968-ford-mustang-thumb.jpg', 'https://photos.classiccars.com/cc-temp/listing/190/3907/49664649-1968-ford-mustang-thumb.jpg', 'https://photos.classiccars.com/cc-temp/listing/190/3907/49664650-1968-ford-mustang-thumb.jpg', 'https://photos.classiccars.com/cc-temp/listing/190/3907/49664651-1968-ford-mustang-thumb.jpg', 'https://photos.classiccars.com/cc-temp/listing/190/3907/49664652-1968-ford-mustang-thumb.jpg', 'https://photos.classiccars.com/cc-temp/listing/190/3907/49664653-1968-ford-mustang-thumb.jpg', 'https://photos.classiccars.com/cc-temp/listing/190/3907/49664654-1968-ford-mustang-thumb.jpg', 'https://photos.classiccars.com/cc-temp/listing/190/3907/49664655-1968-ford-mustang-thumb.jpg', 'https://photos.classiccars.com/cc-temp/listing/190/3907/49664656-1968-ford-mustang-thumb.jpg', 'https://photos.classiccars.com/cc-temp/listing/190/3907/49664657-1968-ford-mustang-thumb.jpg', 'https://photos.classiccars.com/cc-temp/listing/190/3907/49664658-1968-ford-mustang-thumb.jpg', 'https://photos.classiccars.com/cc-temp/listing/190/3907/49664659-1968-ford-mustang-thumb.jpg', 'https://photos.classiccars.com/cc-temp/listing/190/3907/49664660-1968-ford-mustang-thumb.jpg', 'https://photos.classiccars.com/cc-temp/listing/190/3907/49664661-1968-ford-mustang-thumb.jpg', 'https://photos.classiccars.com/cc-temp/listing/190/3907/49664664-1968-ford-mustang-thumb.jpg', 'https://photos.classiccars.com/cc-temp/listing/190/3907/49664662-1968-ford-mustang-thumb.jpg', 'https://photos.classiccars.com/cc-temp/listing/190/3907/49664665-1968-ford-mustang-thumb.jpg', 'https://photos.classiccars.com/cc-temp/listing/190/3907/49664667-1968-ford-mustang-thumb.jpg', 'https://photos.classiccars.com/cc-temp/listing/190/3907/49664668-1968-ford-mustang-thumb.jpg', 'https://photos.classiccars.com/cc-temp/listing/190/3907/49664669-1968-ford-mustang-thumb.jpg', 'https://photos.classiccars.com/cc-temp/listing/190/3907/49664670-1968-ford-mustang-thumb.jpg', 'https://photos.classiccars.com/cc-temp/listing/190/3907/49664671-1968-ford-mustang-thumb.jpg', 'https://photos.classiccars.com/cc-temp/listing/190/3907/49664672-1968-ford-mustang-thumb.jpg', 'https://photos.classiccars.com/cc-temp/listing/190/3907/49664673-1968-ford-mustang-thumb.jpg', 'https://photos.classiccars.com/cc-temp/listing/190/3907/49664674-1968-ford-mustang-thumb.jpg', 'https://photos.classiccars.com/cc-temp/listing/190/3907/49664675-1968-ford-mustang-thumb.jpg', 'https://photos.classiccars.com/cc-temp/listing/190/3907/49664554-1968-ford-mustang-thumb.jpg', 'https://photos.classiccars.com/cc-temp/listing/190/3907/49664555-1968-ford-mustang-thumb.jpg', 'https://photos.classiccars.com/cc-temp/listing/190/3907/49664558-1968-ford-mustang-thumb.jpg', 'https://photos.classiccars.com/cc-temp/listing/190/3907/49664559-1968-ford-mustang-thumb.jpg', 'https://photos.classiccars.com/cc-temp/listing/190/3907/49664560-1968-ford-mustang-thumb.jpg', 'https://photos.classiccars.com/cc-temp/listing/190/3907/49664556-1968-ford-mustang-thumb.jpg', 'https://photos.classiccars.com/cc-temp/listing/190/3907/49664557-1968-ford-mustang-thumb.jpg', 'https://photos.classiccars.com/cc-temp/listing/190/3907/49664562-1968-ford-mustang-thumb.jpg', 'https://photos.classiccars.com/cc-temp/listing/190/3907/49664561-1968-ford-mustang-thumb.jpg', 'https://photos.classiccars.com/cc-temp/listing/190/3907/49664563-1968-ford-mustang-thumb.jpg', 'https://photos.classiccars.com/cc-temp/listing/190/3907/49664564-1968-ford-mustang-thumb.jpg', 'https://photos.classiccars.com/cc-temp/listing/190/3907/49664678-1968-ford-mustang-thumb.jpg', 'https://photos.classiccars.com/cc-temp/listing/190/3907/49664679-1968-ford-mustang-thumb.jpg', 'https://photos.classiccars.com/cc-temp/listing/190/3907/49664680-1968-ford-mustang-thumb.jpg', 'https://photos.classiccars.com/cc-temp/listing/190/3907/49664681-1968-ford-mustang-thumb.jpg', 'https://photos.classiccars.com/cc-temp/listing/190/3907/49664682-1968-ford-mustang-thumb.jpg', 'https://photos.classiccars.com/cc-temp/listing/190/3907/49664683-1968-ford-mustang-thumb.jpg', 'https://photos.classiccars.com/cc-temp/listing/190/3907/49664684-1968-ford-mustang-thumb.jpg', 'https://photos.classiccars.com/cc-temp/listing/190/3907/49664685-1968-ford-mustang-thumb.jpg', 'https://photos.classiccars.com/cc-temp/listing/190/3907/49664686-1968-ford-mustang-thumb.jpg', 'https://photos.classiccars.com/cc-temp/listing/190/3907/49664688-1968-ford-mustang-thumb.jpg', 'https://photos.classiccars.com/cc-temp/listing/190/3907/49664689-1968-ford-mustang-thumb.jpg', 'https://photos.classiccars.com/cc-temp/listing/190/3907/49664631-1968-ford-mustang-thumb.jpg', 'https://photos.classiccars.com/cc-temp/listing/190/3907/49664666-1968-ford-mustang-thumb.jpg']"
2003 Chevrolet Corvette,"$24,900 (OBO)",Maroon,Automatic,,Corvette,Chevrolet, - ,2003,"['https://photos.classiccars.com/cc-temp/listing/193/1537/51356609-2003-chevrolet-corvette-thumb.jpg', 'https://photos.classiccars.com/cc-temp/listing/193/1537/51357665-2003-chevrolet-corvette-thumb.jpg', 'https://photos.classiccars.com/cc-temp/listing/193/1537/51356607-2003-chevrolet-corvette-thumb.jpg', 'https://photos.classiccars.com/cc-temp/listing/193/1537/51356608-2003-chevrolet-corvette-thumb.jpg']"
1970 AMC Rebel,"$55,000 (OBO)",Frost White,Manual,,Rebel,AMC,Original - Running,1970,"['https://photos.classiccars.com/cc-temp/listing/190/2692/49596453-1970-amc-rebel-thumb.jpg', 'https://photos.classiccars.com/cc-temp/listing/190/2692/49596454-1970-amc-rebel-thumb.jpg', 'https://photos.classiccars.com/cc-temp/listing/190/2692/49596456-1970-amc-rebel-thumb.jpg', 'https://photos.classiccars.com/cc-temp/listing/190/2692/49596460-1970-amc-rebel-thumb.jpg', 'https://photos.classiccars.com/cc-temp/listing/190/2692/49596465-1970-amc-rebel-thumb.jpg', 'https://photos.classiccars.com/cc-temp/listing/190/2692/49596461-1970-amc-rebel-thumb.jpg', 'https://photos.classiccars.com/cc-temp/listing/190/2692/49596466-1970-amc-rebel-thumb.jpg', 'https://photos.classiccars.com/cc-temp/listing/190/2692/49596468-1970-amc-rebel-thumb.jpg', 'https://photos.classiccars.com/cc-temp/listing/190/2692/49596469-1970-amc-rebel-thumb.jpg', 'https://photos.classiccars.com/cc-temp/listing/190/2692/49596470-1970-amc-rebel-thumb.jpg', 'https://photos.classiccars.com/cc-temp/listing/190/2692/49596472-1970-amc-rebel-thumb.jpg', 'https://photos.classiccars.com/cc-temp/listing/190/2692/49596474-1970-amc-rebel-thumb.jpg', 'https://photos.classiccars.com/cc-temp/listing/190/2692/49596475-1970-amc-rebel-thumb.jpg', 'https://photos.classiccars.com/cc-temp/listing/190/2692/49596477-1970-amc-rebel-thumb.jpg', 'https://photos.classiccars.com/cc-temp/listing/190/2692/49596478-1970-amc-rebel-thumb.jpg', 'https://photos.classiccars.com/cc-temp/listing/190/2692/49596480-1970-amc-rebel-thumb.jpg', 'https://photos.classiccars.com/cc-temp/listing/190/2692/49596482-1970-amc-rebel-thumb.jpg', 'https://photos.classiccars.com/cc-temp/listing/190/2692/49596487-1970-amc-rebel-thumb.jpg', 'https://photos.classiccars.com/cc-temp/listing/190/2692/49596489-1970-amc-rebel-thumb.jpg', 'https://photos.classiccars.com/cc-temp/listing/190/2692/49596494-1970-amc-rebel-thumb.jpg', 'https://photos.classiccars.com/cc-temp/listing/190/2692/49596496-1970-amc-rebel-thumb.jpg', 'https://photos.classiccars.com/cc-temp/listing/190/2692/49596498-1970-amc-rebel-thumb.jpg', 'https://photos.classiccars.com/cc-temp/listing/190/2692/49596500-1970-amc-rebel-thumb.jpg', 'https://photos.classiccars.com/cc-temp/listing/190/2692/49596503-1970-amc-rebel-thumb.jpg', 'https://photos.classiccars.com/cc-temp/listing/190/2692/49596505-1970-amc-rebel-thumb.jpg', 'https://photos.classiccars.com/cc-temp/listing/190/2692/49596507-1970-amc-rebel-thumb.jpg', 'https://photos.classiccars.com/cc-temp/listing/190/2692/49596512-1970-amc-rebel-thumb.jpg', 'https://photos.classiccars.com/cc-temp/listing/190/2692/49596516-1970-amc-rebel-thumb.jpg', 'https://photos.classiccars.com/cc-temp/listing/190/2692/49596520-1970-amc-rebel-thumb.jpg', 'https://photos.classiccars.com/cc-temp/listing/190/2692/49596522-1970-amc-rebel-thumb.jpg', 'https://photos.classiccars.com/cc-temp/listing/190/2692/49596524-1970-amc-rebel-thumb.jpg', 'https://photos.classiccars.com/cc-temp/listing/190/2692/49596526-1970-amc-rebel-thumb.jpg', 'https://photos.classiccars.com/cc-temp/listing/190/2692/49596528-1970-amc-rebel-thumb.jpg', 'https://photos.classiccars.com/cc-temp/listing/190/2692/49596537-1970-amc-rebel-thumb.jpg', 'https://photos.classiccars.com/cc-temp/listing/190/2692/49596538-1970-amc-rebel-thumb.jpg', 'https://photos.classiccars.com/cc-temp/listing/190/2692/49596539-1970-amc-rebel-thumb.jpg', 'https://photos.classiccars.com/cc-temp/listing/190/2692/49596541-1970-amc-rebel-thumb.jpg', 'https://photos.classiccars.com/cc-temp/listing/190/2692/49596543-1970-amc-rebel-thumb.jpg', 'https://photos.classiccars.com/cc-temp/listing/190/2692/49596545-1970-amc-rebel-thumb.jpg', 'https://photos.classiccars.com/cc-temp/listing/190/2692/49596548-1970-amc-rebel-thumb.jpg', 'https://photos.classiccars.com/cc-temp/listing/190/2692/49596549-1970-amc-rebel-thumb.jpg', 'https://photos.classiccars.com/cc-temp/listing/190/2692/49596555-1970-amc-rebel-thumb.jpg', 'https://photos.classiccars.com/cc-temp/listing/190/2692/49596558-1970-amc-rebel-thumb.jpg', 'https://photos.classiccars.com/cc-temp/listing/190/2692/49596560-1970-amc-rebel-thumb.jpg', 'https://photos.classiccars.com/cc-temp/listing/190/2692/49596567-1970-amc-rebel-thumb.jpg', 'https://photos.classiccars.com/cc-temp/listing/190/2692/49596569-1970-amc-rebel-thumb.jpg', 'https://photos.classiccars.com/cc-temp/listing/190/2692/49596571-1970-amc-rebel-thumb.jpg', 'https://photos.classiccars.com/cc-temp/listing/190/2692/49596572-1970-amc-rebel-thumb.jpg', 'https://photos.classiccars.com/cc-temp/listing/190/2692/49596573-1970-amc-rebel-thumb.jpg', 'https://photos.classiccars.com/cc-temp/listing/190/2692/49596574-1970-amc-rebel-thumb.jpg', 'https://photos.classiccars.com/cc-temp/listing/190/2692/49596575-1970-amc-rebel-thumb.jpg', 'https://photos.classiccars.com/cc-temp/listing/190/2692/49596576-1970-amc-rebel-thumb.jpg', 'https://photos.classiccars.com/cc-temp/listing/190/2692/49596578-1970-amc-rebel-thumb.jpg', 'https://photos.classiccars.com/cc-temp/listing/190/2692/49596579-1970-amc-rebel-thumb.jpg', 'https://photos.classiccars.com/cc-temp/listing/190/2692/49596580-1970-amc-rebel-thumb.jpg', 'https://photos.classiccars.com/cc-temp/listing/190/2692/49596581-1970-amc-rebel-thumb.jpg', 'https://photos.classiccars.com/cc-temp/listing/190/2692/49596582-1970-amc-rebel-thumb.jpg', 'https://photos.classiccars.com/cc-temp/listing/190/2692/49596583-1970-amc-rebel-thumb.jpg', 'https://photos.classiccars.com/cc-temp/listing/190/2692/49596584-1970-amc-rebel-thumb.jpg', 'https://photos.classiccars.com/cc-temp/listing/190/2692/49596585-1970-amc-rebel-thumb.jpg', 'https://photos.classiccars.com/cc-temp/listing/190/2692/49596586-1970-amc-rebel-thumb.jpg', 'https://photos.classiccars.com/cc-temp/listing/190/2692/49596587-1970-amc-rebel-thumb.jpg', 'https://photos.classiccars.com/cc-temp/listing/190/2692/49596588-1970-amc-rebel-thumb.jpg', 'https://photos.classiccars.com/cc-temp/listing/190/2692/49596589-1970-amc-rebel-thumb.jpg', 'https://photos.classiccars.com/cc-temp/listing/190/2692/49596590-1970-amc-rebel-thumb.jpg', 'https://photos.classiccars.com/cc-temp/listing/190/2692/49596591-1970-amc-rebel-thumb.jpg', 'https://photos.classiccars.com/cc-temp/listing/190/2692/49596592-1970-amc-rebel-thumb.jpg', 'https://photos.classiccars.com/cc-temp/listing/190/2692/49722247-1970-amc-rebel-thumb.jpg', 'https://photos.classiccars.com/cc-temp/listing/190/2692/49722248-1970-amc-rebel-thumb.jpg']"
1963 Ford F100,"$99,999 (OBO)",Classic White,Automatic,Fully Restored,F100,Ford,Replaced - Running,1963,"['https://photos.classiccars.com/cc-temp/listing/188/1015/48358582-1963-ford-f100-thumb.jpg', 'https://photos.classiccars.com/cc-temp/listing/188/1015/48358583-1963-ford-f100-thumb.jpg', 'https://photos.classiccars.com/cc-temp/listing/188/1015/48358584-1963-ford-f100-thumb.jpg', 'https://photos.classiccars.com/cc-temp/listing/188/1015/48358585-1963-ford-f100-thumb.jpg', 'https://photos.classiccars.com/cc-temp/listing/188/1015/48358586-1963-ford-f100-thumb.jpg', 'https://photos.classiccars.com/cc-temp/listing/188/1015/48358587-1963-ford-f100-thumb.jpg', 'https://photos.classiccars.com/cc-temp/listing/188/1015/48358588-1963-ford-f100-thumb.jpg', 'https://photos.classiccars.com/cc-temp/listing/188/1015/48358589-1963-ford-f100-thumb.jpg', 'https://photos.classiccars.com/cc-temp/listing/188/1015/48358590-1963-ford-f100-thumb.jpg', 'https://photos.classiccars.com/cc-temp/listing/188/1015/48358591-1963-ford-f100-thumb.jpg', 'https://photos.classiccars.com/cc-temp/listing/188/1015/48358592-1963-ford-f100-thumb.jpg', 'https://photos.classiccars.com/cc-temp/listing/188/1015/48358593-1963-ford-f100-thumb.jpg', 'https://photos.classiccars.com/cc-temp/listing/188/1015/48358594-1963-ford-f100-thumb.jpg', 'https://photos.classiccars.com/cc-temp/listing/188/1015/48358595-1963-ford-f100-thumb.jpg', 'https://photos.classiccars.com/cc-temp/listing/188/1015/48358596-1963-ford-f100-thumb.jpg', 'https://photos.classiccars.com/cc-temp/listing/188/1015/48358597-1963-ford-f100-thumb.jpg', 'https://photos.classiccars.com/cc-temp/listing/188/1015/48358598-1963-ford-f100-thumb.jpg', 'https://photos.classiccars.com/cc-temp/listing/188/1015/48358599-1963-ford-f100-thumb.jpg', 'https://photos.classiccars.com/cc-temp/listing/188/1015/48358600-1963-ford-f100-thumb.jpg', 'https://photos.classiccars.com/cc-temp/listing/188/1015/48358601-1963-ford-f100-thumb.jpg', 'https://photos.classiccars.com/cc-temp/listing/188/1015/48358602-1963-ford-f100-thumb.jpg', 'https://photos.classiccars.com/cc-temp/listing/188/1015/48358603-1963-ford-f100-thumb.jpg', 'https://photos.classiccars.com/cc-temp/listing/188/1015/48358604-1963-ford-f100-thumb.jpg', 'https://photos.classiccars.com/cc-temp/listing/188/1015/48358605-1963-ford-f100-thumb.jpg', 'https://photos.classiccars.com/cc-temp/listing/188/1015/48358609-1963-ford-f100-thumb.jpg', 'https://photos.classiccars.com/cc-temp/listing/188/1015/48358606-1963-ford-f100-thumb.jpg', 'https://photos.classiccars.com/cc-temp/listing/188/1015/48358607-1963-ford-f100-thumb.jpg', 'https://photos.classiccars.com/cc-temp/listing/188/1015/48358608-1963-ford-f100-thumb.jpg']"
1964 Ford Thunderbird,"$16,000",White,Automatic,Partially Restored,Thunderbird,Ford,Original - Running,1964,"['https://photos.classiccars.com/cc-temp/listing/186/3400/47359123-1964-ford-thunderbird-thumb.jpg', 'https://photos.classiccars.com/cc-temp/listing/186/3400/47359130-1964-ford-thunderbird-thumb.jpg', 'https://photos.classiccars.com/cc-temp/listing/186/3400/47359132-1964-ford-thunderbird-thumb.jpg', 'https://photos.classiccars.com/cc-temp/listing/186/3400/47359134-1964-ford-thunderbird-thumb.jpg', 'https://photos.classiccars.com/cc-temp/listing/186/3400/47359137-1964-ford-thunderbird-thumb.jpg', 'https://photos.classiccars.com/cc-temp/listing/186/3400/47359147-1964-ford-thunderbird-thumb.jpg', 'https://photos.classiccars.com/cc-temp/listing/186/3400/47359148-1964-ford-thunderbird-thumb.jpg', 'https://photos.classiccars.com/cc-temp/listing/186/3400/47359149-1964-ford-thunderbird-thumb.jpg', 'https://photos.classiccars.com/cc-temp/listing/186/3400/47359150-1964-ford-thunderbird-thumb.jpg', 'https://photos.classiccars.com/cc-temp/listing/186/3400/47359153-1964-ford-thunderbird-thumb.jpg', 'https://photos.classiccars.com/cc-temp/listing/186/3400/47359154-1964-ford-thunderbird-thumb.jpg', 'https://photos.classiccars.com/cc-temp/listing/186/3400/47359156-1964-ford-thunderbird-thumb.jpg', 'https://photos.classiccars.com/cc-temp/listing/186/3400/47359157-1964-ford-thunderbird-thumb.jpg', 'https://photos.classiccars.com/cc-temp/listing/186/3400/47359158-1964-ford-thunderbird-thumb.jpg', 'https://photos.classiccars.com/cc-temp/listing/186/3400/47359159-1964-ford-thunderbird-thumb.jpg', 'https://photos.classiccars.com/cc-temp/listing/186/3400/47359160-1964-ford-thunderbird-thumb.jpg', 'https://photos.classiccars.com/cc-temp/listing/186/3400/47359184-1964-ford-thunderbird-thumb.jpg', 'https://photos.classiccars.com/cc-temp/listing/186/3400/47359187-1964-ford-thunderbird-thumb.jpg', 'https://photos.classiccars.com/cc-temp/listing/186/3400/47359534-1964-ford-thunderbird-thumb.jpg']"
2014 Ford Mustang Shelby Super Snake,"$128,950",Ruby Red,Manual,,Mustang Shelby Super Snake,Ford, - Running,2014,"['https://photos.classiccars.com/cc-temp/listing/193/267/51276339-2014-ford-mustang-shelby-super-snake-thumb.jpg', 'https://photos.classiccars.com/cc-temp/listing/193/267/51276338-2014-ford-mustang-shelby-super-snake-thumb.jpg', 'https://photos.classiccars.com/cc-temp/listing/193/267/51276460-2014-ford-mustang-shelby-super-snake-thumb.jpg', 'https://photos.classiccars.com/cc-temp/listing/193/267/51276222-2014-ford-mustang-shelby-super-snake-thumb.jpg', 'https://photos.classiccars.com/cc-temp/listing/193/267/51276340-2014-ford-mustang-shelby-super-snake-thumb.jpg', 'https://photos.classiccars.com/cc-temp/listing/193/267/51276341-2014-ford-mustang-shelby-super-snake-thumb.jpg', 'https://photos.classiccars.com/cc-temp/listing/193/267/51276225-2014-ford-mustang-shelby-super-snake-thumb.jpg', 'https://photos.classiccars.com/cc-temp/listing/193/267/51276223-2014-ford-mustang-shelby-super-snake-thumb.jpg', 'https://photos.classiccars.com/cc-temp/listing/193/267/51276224-2014-ford-mustang-shelby-super-snake-thumb.jpg', 'https://photos.classiccars.com/cc-temp/listing/193/267/51276337-2014-ford-mustang-shelby-super-snake-thumb.jpg', 'https://photos.classiccars.com/cc-temp/listing/193/267/51276459-2014-ford-mustang-shelby-super-snake-thumb.jpg', 'https://photos.classiccars.com/cc-temp/listing/193/267/51276461-2014-ford-mustang-shelby-super-snake-thumb.jpg', 'https://photos.classiccars.com/cc-temp/listing/193/267/51276343-2014-ford-mustang-shelby-super-snake-thumb.jpg', 'https://photos.classiccars.com/cc-temp/listing/193/267/51276465-2014-ford-mustang-shelby-super-snake-thumb.jpg', 'https://photos.classiccars.com/cc-temp/listing/193/267/51276462-2014-ford-mustang-shelby-super-snake-thumb.jpg', 'https://photos.classiccars.com/cc-temp/listing/193/267/51276221-2014-ford-mustang-shelby-super-snake-thumb.jpg']"
1969 Buick Riviera,"$16,500 (OBO)",Metallic Blue,Automatic,,Riviera,Buick, - ,1969,"['https://photos.classiccars.com/cc-temp/listing/190/7555/49870255-1969-buick-2-dr-coupe-thumb.jpg', 'https://photos.classiccars.com/cc-temp/listing/190/7555/49870334-1969-buick-2-dr-coupe-thumb.jpg', 'https://photos.classiccars.com/cc-temp/listing/190/7555/51269008-1969-buick-riviera-thumb.jpg', 'https://photos.classiccars.com/cc-temp/listing/190/7555/51269016-1969-buick-riviera-thumb.jpg', 'https://photos.classiccars.com/cc-temp/listing/190/7555/51269051-1969-buick-riviera-thumb.jpg', 'https://photos.classiccars.com/cc-temp/listing/190/7555/51269076-1969-buick-riviera-thumb.jpg', 'https://photos.classiccars.com/cc-temp/listing/190/7555/51269077-1969-buick-riviera-thumb.jpg', 'https://photos.classiccars.com/cc-temp/listing/190/7555/51269112-1969-buick-riviera-thumb.jpg', 'https://photos.classiccars.com/cc-temp/listing/190/7555/51269167-1969-buick-riviera-thumb.jpg']"
1968 Buick Riviera,"$31,483",White,Automatic,,Riviera,Buick, - ,1968,"['https://photos.classiccars.com/cc-temp/listing/191/1219/50079176-1967-buick-riviera-gran-sport-thumb.jpg', 'https://photos.classiccars.com/cc-temp/listing/191/1219/50079175-1967-buick-riviera-gran-sport-thumb.jpg', 'https://photos.classiccars.com/cc-temp/listing/191/1219/50079173-1967-buick-riviera-gran-sport-thumb.jpg', 'https://photos.classiccars.com/cc-temp/listing/191/1219/50079227-1967-buick-riviera-gran-sport-thumb.jpg', 'https://photos.classiccars.com/cc-temp/listing/191/1219/50079171-1967-buick-riviera-gran-sport-thumb.jpg', 'https://photos.classiccars.com/cc-temp/listing/191/1219/50079172-1967-buick-riviera-gran-sport-thumb.jpg', 'https://photos.classiccars.com/cc-temp/listing/191/1219/50079187-1967-buick-riviera-gran-sport-thumb.jpg', 'https://photos.classiccars.com/cc-temp/listing/191/1219/50079188-1967-buick-riviera-gran-sport-thumb.jpg', 'https://photos.classiccars.com/cc-temp/listing/191/1219/50079186-1967-buick-riviera-gran-sport-thumb.jpg', 'https://photos.classiccars.com/cc-temp/listing/191/1219/50079182-1967-buick-riviera-gran-sport-thumb.jpg', 'https://photos.classiccars.com/cc-temp/listing/191/1219/50079183-1967-buick-riviera-gran-sport-thumb.jpg', 'https://photos.classiccars.com/cc-temp/listing/191/1219/50079184-1967-buick-riviera-gran-sport-thumb.jpg', 'https://photos.classiccars.com/cc-temp/listing/191/1219/50079181-1967-buick-riviera-gran-sport-thumb.jpg', 'https://photos.classiccars.com/cc-temp/listing/191/1219/50079228-1967-buick-riviera-gran-sport-thumb.jpg', 'https://photos.classiccars.com/cc-temp/listing/191/1219/50079180-1967-buick-riviera-gran-sport-thumb.jpg', 'https://photos.classiccars.com/cc-temp/listing/191/1219/50079177-1967-buick-riviera-gran-sport-thumb.jpg', 'https://photos.classiccars.com/cc-temp/listing/191/1219/50079178-1967-buick-riviera-gran-sport-thumb.jpg', 'https://photos.classiccars.com/cc-temp/listing/191/1219/50079179-1967-buick-riviera-gran-sport-thumb.jpg', 'https://photos.classiccars.com/cc-temp/listing/191/1219/50079223-1967-buick-riviera-gran-sport-thumb.jpg', 'https://photos.classiccars.com/cc-temp/listing/191/1219/50079169-1967-buick-riviera-gran-sport-thumb.jpg', 'https://photos.classiccars.com/cc-temp/listing/191/1219/50079201-1967-buick-riviera-gran-sport-thumb.jpg', 'https://photos.classiccars.com/cc-temp/listing/191/1219/50079202-1967-buick-riviera-gran-sport-thumb.jpg', 'https://photos.classiccars.com/cc-temp/listing/191/1219/50079224-1967-buick-riviera-gran-sport-thumb.jpg', 'https://photos.classiccars.com/cc-temp/listing/191/1219/50079203-1967-buick-riviera-gran-sport-thumb.jpg', 'https://photos.classiccars.com/cc-temp/listing/191/1219/50079204-1967-buick-riviera-gran-sport-thumb.jpg', 'https://photos.classiccars.com/cc-temp/listing/191/1219/50079205-1967-buick-riviera-gran-sport-thumb.jpg', 'https://photos.classiccars.com/cc-temp/listing/191/1219/50079206-1967-buick-riviera-gran-sport-thumb.jpg', 'https://photos.classiccars.com/cc-temp/listing/191/1219/50079207-1967-buick-riviera-gran-sport-thumb.jpg', 'https://photos.classiccars.com/cc-temp/listing/191/1219/50079208-1967-buick-riviera-gran-sport-thumb.jpg', 'https://photos.classiccars.com/cc-temp/listing/191/1219/50079209-1967-buick-riviera-gran-sport-thumb.jpg', 'https://photos.classiccars.com/cc-temp/listing/191/1219/50079210-1967-buick-riviera-gran-sport-thumb.jpg', 'https://photos.classiccars.com/cc-temp/listing/191/1219/50079211-1967-buick-riviera-gran-sport-thumb.jpg', 'https://photos.classiccars.com/cc-temp/listing/191/1219/50079212-1967-buick-riviera-gran-sport-thumb.jpg', 'https://photos.classiccars.com/cc-temp/listing/191/1219/50079213-1967-buick-riviera-gran-sport-thumb.jpg', 'https://photos.classiccars.com/cc-temp/listing/191/1219/50079214-1967-buick-riviera-gran-sport-thumb.jpg', 'https://photos.classiccars.com/cc-temp/listing/191/1219/50079167-1967-buick-riviera-gran-sport-thumb.jpg', 'https://photos.classiccars.com/cc-temp/listing/191/1219/50079215-1967-buick-riviera-gran-sport-thumb.jpg', 'https://photos.classiccars.com/cc-temp/listing/191/1219/50079216-1967-buick-riviera-gran-sport-thumb.jpg', 'https://photos.classiccars.com/cc-temp/listing/191/1219/50079217-1967-buick-riviera-gran-sport-thumb.jpg', 'https://photos.classiccars.com/cc-temp/listing/191/1219/50079218-1967-buick-riviera-gran-sport-thumb.jpg', 'https://photos.classiccars.com/cc-temp/listing/191/1219/50079219-1967-buick-riviera-gran-sport-thumb.jpg', 'https://photos.classiccars.com/cc-temp/listing/191/1219/50079220-1967-buick-riviera-gran-sport-thumb.jpg', 'https://photos.classiccars.com/cc-temp/listing/191/1219/50079221-1967-buick-riviera-gran-sport-thumb.jpg', 'https://photos.classiccars.com/cc-temp/listing/191/1219/50079222-1967-buick-riviera-gran-sport-thumb.jpg', 'https://photos.classiccars.com/cc-temp/listing/191/1219/50079225-1967-buick-riviera-gran-sport-thumb.jpg', 'https://photos.classiccars.com/cc-temp/listing/191/1219/50079226-1967-buick-riviera-gran-sport-thumb.jpg', 'https://photos.classiccars.com/cc-temp/listing/191/1219/50079234-1967-buick-riviera-gran-sport-thumb.jpg', 'https://photos.classiccars.com/cc-temp/listing/191/1219/50079235-1967-buick-riviera-gran-sport-thumb.jpg', 'https://photos.classiccars.com/cc-temp/listing/191/1219/50079240-1967-buick-riviera-gran-sport-thumb.jpg', 'https://photos.classiccars.com/cc-temp/listing/191/1219/50079241-1967-buick-riviera-gran-sport-thumb.jpg', 'https://photos.classiccars.com/cc-temp/listing/191/1219/50079229-1967-buick-riviera-gran-sport-thumb.jpg', 'https://photos.classiccars.com/cc-temp/listing/191/1219/50079230-1967-buick-riviera-gran-sport-thumb.jpg', 'https://photos.classiccars.com/cc-temp/listing/191/1219/50079231-1967-buick-riviera-gran-sport-thumb.jpg', 'https://photos.classiccars.com/cc-temp/listing/191/1219/50079232-1967-buick-riviera-gran-sport-thumb.jpg', 'https://photos.classiccars.com/cc-temp/listing/191/1219/50079233-1967-buick-riviera-gran-sport-thumb.jpg', 'https://photos.classiccars.com/cc-temp/listing/191/1219/50079236-1967-buick-riviera-gran-sport-thumb.jpg', 'https://photos.classiccars.com/cc-temp/listing/191/1219/50079237-1967-buick-riviera-gran-sport-thumb.jpg', 'https://photos.classiccars.com/cc-temp/listing/191/1219/50079238-1967-buick-riviera-gran-sport-thumb.jpg', 'https://photos.classiccars.com/cc-temp/listing/191/1219/50079239-1967-buick-riviera-gran-sport-thumb.jpg', 'https://photos.classiccars.com/cc-temp/listing/191/1219/50079242-1967-buick-riviera-gran-sport-thumb.jpg', 'https://photos.classiccars.com/cc-temp/listing/191/1219/50079243-1967-buick-riviera-gran-sport-thumb.jpg', 'https://photos.classiccars.com/cc-temp/listing/191/1219/50079244-1967-buick-riviera-gran-sport-thumb.jpg', 'https://photos.classiccars.com/cc-temp/listing/191/1219/50079245-1967-buick-riviera-gran-sport-thumb.jpg']"
1957 Ford Thunderbird,"$75,000",Silver,Automatic,,Thunderbird,Ford,Replaced - Running,1957,"['https://photos.classiccars.com/cc-temp/listing/191/3186/50203353-1957-ford-thunderbird-thumb.jpg', 'https://photos.classiccars.com/cc-temp/listing/191/3186/50203365-1957-ford-thunderbird-thumb.jpg', 'https://photos.classiccars.com/cc-temp/listing/191/3186/50203358-1957-ford-thunderbird-thumb.jpg', 'https://photos.classiccars.com/cc-temp/listing/191/3186/50203356-1957-ford-thunderbird-thumb.jpg', 'https://photos.classiccars.com/cc-temp/listing/191/3186/50203357-1957-ford-thunderbird-thumb.jpg', 'https://photos.classiccars.com/cc-temp/listing/191/3186/50203359-1957-ford-thunderbird-thumb.jpg', 'https://photos.classiccars.com/cc-temp/listing/191/3186/50203360-1957-ford-thunderbird-thumb.jpg', 'https://photos.classiccars.com/cc-temp/listing/191/3186/50203363-1957-ford-thunderbird-thumb.jpg', 'https://photos.classiccars.com/cc-temp/listing/191/3186/50203342-1957-ford-thunderbird-thumb.jpg', 'https://photos.classiccars.com/cc-temp/listing/191/3186/50203350-1957-ford-thunderbird-thumb.jpg', 'https://photos.classiccars.com/cc-temp/listing/191/3186/50203352-1957-ford-thunderbird-thumb.jpg', 'https://photos.classiccars.com/cc-temp/listing/191/3186/50203344-1957-ford-thunderbird-thumb.jpg', 'https://photos.classiccars.com/cc-temp/listing/191/3186/50203345-1957-ford-thunderbird-thumb.jpg', 'https://photos.classiccars.com/cc-temp/listing/191/3186/50203341-1957-ford-thunderbird-thumb.jpg', 'https://photos.classiccars.com/cc-temp/listing/191/3186/50203339-1957-ford-thunderbird-thumb.jpg', 'https://photos.classiccars.com/cc-temp/listing/191/3186/50203340-1957-ford-thunderbird-thumb.jpg', 'https://photos.classiccars.com/cc-temp/listing/191/3186/50203343-1957-ford-thunderbird-thumb.jpg', 'https://photos.classiccars.com/cc-temp/listing/191/3186/50203346-1957-ford-thunderbird-thumb.jpg', 'https://photos.classiccars.com/cc-temp/listing/191/3186/50203347-1957-ford-thunderbird-thumb.jpg', 'https://photos.classiccars.com/cc-temp/listing/191/3186/50203348-1957-ford-thunderbird-thumb.jpg', 'https://photos.classiccars.com/cc-temp/listing/191/3186/50203349-1957-ford-thunderbird-thumb.jpg', 'https://photos.classiccars.com/cc-temp/listing/191/3186/50203351-1957-ford-thunderbird-thumb.jpg', 'https://photos.classiccars.com/cc-temp/listing/191/3186/50203361-1957-ford-thunderbird-thumb.jpg', 'https://photos.classiccars.com/cc-temp/listing/191/3186/50203362-1957-ford-thunderbird-thumb.jpg', 'https://photos.classiccars.com/cc-temp/listing/191/3186/50203364-1957-ford-thunderbird-thumb.jpg', 'https://photos.classiccars.com/cc-temp/listing/191/3186/50203366-1957-ford-thunderbird-thumb.jpg', 'https://photos.classiccars.com/cc-temp/listing/191/3186/50203367-1957-ford-thunderbird-thumb.jpg', 'https://photos.classiccars.com/cc-temp/listing/191/3186/50203368-1957-ford-thunderbird-thumb.jpg', 'https://photos.classiccars.com/cc-temp/listing/191/3186/50203369-1957-ford-thunderbird-thumb.jpg', 'https://photos.classiccars.com/cc-temp/listing/191/3186/50203370-1957-ford-thunderbird-thumb.jpg', 'https://photos.classiccars.com/cc-temp/listing/191/3186/50203371-1957-ford-thunderbird-thumb.jpg', 'https://photos.classiccars.com/cc-temp/listing/191/3186/50203372-1957-ford-thunderbird-thumb.jpg', 'https://photos.classiccars.com/cc-temp/listing/191/3186/50203373-1957-ford-thunderbird-thumb.jpg', 'https://photos.classiccars.com/cc-temp/listing/191/3186/50203374-1957-ford-thunderbird-thumb.jpg', 'https://photos.classiccars.com/cc-temp/listing/191/3186/50203375-1957-ford-thunderbird-thumb.jpg', 'https://photos.classiccars.com/cc-temp/listing/191/3186/50203376-1957-ford-thunderbird-thumb.jpg', 'https://photos.classiccars.com/cc-temp/listing/191/3186/50203377-1957-ford-thunderbird-thumb.jpg', 'https://photos.classiccars.com/cc-temp/listing/191/3186/50203378-1957-ford-thunderbird-thumb.jpg', 'https://photos.classiccars.com/cc-temp/listing/191/3186/50203379-1957-ford-thunderbird-thumb.jpg']"
2001 Ford Mustang Bullitt,"$40,000 (OBO)",Highland Green,Manual,Unrestored,Mustang Bullitt,Ford,Original - Running,2001,"['https://photos.classiccars.com/cc-temp/listing/186/9020/47637645-2001-ford-mustang-thumb.jpg', 'https://photos.classiccars.com/cc-temp/listing/186/9020/47637658-2001-ford-mustang-thumb.jpg', 'https://photos.classiccars.com/cc-temp/listing/186/9020/47637699-2001-ford-mustang-thumb.jpg', 'https://photos.classiccars.com/cc-temp/listing/186/9020/47637725-2001-ford-mustang-thumb.jpg', 'https://photos.classiccars.com/cc-temp/listing/186/9020/47637757-2001-ford-mustang-thumb.jpg', 'https://photos.classiccars.com/cc-temp/listing/186/9020/47637775-2001-ford-mustang-thumb.jpg', 'https://photos.classiccars.com/cc-temp/listing/186/9020/47637781-2001-ford-mustang-thumb.jpg', 'https://photos.classiccars.com/cc-temp/listing/186/9020/47637816-2001-ford-mustang-thumb.jpg', 'https://photos.classiccars.com/cc-temp/listing/186/9020/47637846-2001-ford-mustang-thumb.jpg', 'https://photos.classiccars.com/cc-temp/listing/186/9020/47637850-2001-ford-mustang-thumb.jpg', 'https://photos.classiccars.com/cc-temp/listing/186/9020/47637864-2001-ford-mustang-thumb.jpg', 'https://photos.classiccars.com/cc-temp/listing/186/9020/47637903-2001-ford-mustang-thumb.jpg', 'https://photos.classiccars.com/cc-temp/listing/186/9020/47637963-2001-ford-mustang-thumb.jpg', 'https://photos.classiccars.com/cc-temp/listing/186/9020/47711800-2001-ford-mustang-thumb.jpg', 'https://photos.classiccars.com/cc-temp/listing/186/9020/47711809-2001-ford-mustang-thumb.jpg', 'https://photos.classiccars.com/cc-temp/listing/186/9020/47711818-2001-ford-mustang-thumb.jpg', 'https://photos.classiccars.com/cc-temp/listing/186/9020/47713624-2001-ford-mustang-thumb.jpg', 'https://photos.classiccars.com/cc-temp/listing/186/9020/47713629-2001-ford-mustang-thumb.jpg', 'https://photos.classiccars.com/cc-temp/listing/186/9020/47713652-2001-ford-mustang-thumb.jpg', 'https://photos.classiccars.com/cc-temp/listing/186/9020/47713675-2001-ford-mustang-thumb.jpg', 'https://photos.classiccars.com/cc-temp/listing/186/9020/47713684-2001-ford-mustang-thumb.jpg', 'https://photos.classiccars.com/cc-temp/listing/186/9020/47713688-2001-ford-mustang-thumb.jpg', 'https://photos.classiccars.com/cc-temp/listing/186/9020/47713689-2001-ford-mustang-thumb.jpg']"
1985 Land Rover Defender 110,"$224,000",Santorini Matte Blac,Automatic,Fully Restored,Defender 110,Land Rover,Replaced - Running,1985,"['https://photos.classiccars.com/cc-temp/listing/193/8567/51768385-1985-land-rover-defender-110-thumb.jpg', 'https://photos.classiccars.com/cc-temp/listing/193/8567/51768386-1985-land-rover-defender-110-thumb.jpg', 'https://photos.classiccars.com/cc-temp/listing/193/8567/51768387-1985-land-rover-defender-110-thumb.jpg', 'https://photos.classiccars.com/cc-temp/listing/193/8567/51768388-1985-land-rover-defender-110-thumb.jpg', 'https://photos.classiccars.com/cc-temp/listing/193/8567/51768389-1985-land-rover-defender-110-thumb.jpg']"
1994 Chevrolet Silverado,"$16,800",Blue,Automatic,,Silverado,Chevrolet,Original - Running,1994,"['https://photos.classiccars.com/cc-temp/listing/192/2824/50819989-1994-chevrolet-silverado-thumb.jpg', 'https://photos.classiccars.com/cc-temp/listing/192/2824/50819946-1994-chevrolet-silverado-thumb.jpg', 'https://photos.classiccars.com/cc-temp/listing/192/2824/50819943-1994-chevrolet-silverado-thumb.jpg', 'https://photos.classiccars.com/cc-temp/listing/192/2824/50820001-1994-chevrolet-silverado-thumb.jpg', 'https://photos.classiccars.com/cc-temp/listing/192/2824/50819896-1994-chevrolet-silverado-thumb.jpg', 'https://photos.classiccars.com/cc-temp/listing/192/2824/50820022-1994-chevrolet-silverado-thumb.jpg', 'https://photos.classiccars.com/cc-temp/listing/192/2824/50820031-1994-chevrolet-silverado-thumb.jpg', 'https://photos.classiccars.com/cc-temp/listing/192/2824/50820046-1994-chevrolet-silverado-thumb.jpg', 'https://photos.classiccars.com/cc-temp/listing/192/2824/50820066-1994-chevrolet-silverado-thumb.jpg', 'https://photos.classiccars.com/cc-temp/listing/192/2824/50820070-1994-chevrolet-silverado-thumb.jpg', 'https://photos.classiccars.com/cc-temp/listing/192/2824/50820093-1994-chevrolet-silverado-thumb.jpg', 'https://photos.classiccars.com/cc-temp/listing/192/2824/50820096-1994-chevrolet-silverado-thumb.jpg', 'https://photos.classiccars.com/cc-temp/listing/192/2824/51774580-1994-chevrolet-silverado-thumb.jpg']"
1969 Chevrolet Chevelle SS,"$129,900",Metallic grey,Manual,Fully Restored,Chevelle SS,Chevrolet,Replaced - Running,1969,"['https://photos.classiccars.com/cc-temp/listing/191/1813/50137181-1969-chevrolet-chevelle-ss-thumb.jpg', 'https://photos.classiccars.com/cc-temp/listing/191/1813/50137180-1969-chevrolet-chevelle-ss-thumb.jpg', 'https://photos.classiccars.com/cc-temp/listing/191/1813/50137179-1969-chevrolet-chevelle-ss-thumb.jpg', 'https://photos.classiccars.com/cc-temp/listing/191/1813/50137178-1969-chevrolet-chevelle-ss-thumb.jpg', 'https://photos.classiccars.com/cc-temp/listing/191/1813/50117775-1969-chevrolet-chevelle-ss-thumb.jpg', 'https://photos.classiccars.com/cc-temp/listing/191/1813/50117774-1969-chevrolet-chevelle-ss-thumb.jpg', 'https://photos.classiccars.com/cc-temp/listing/191/1813/50117773-1969-chevrolet-chevelle-ss-thumb.jpg', 'https://photos.classiccars.com/cc-temp/listing/191/1813/50117783-1969-chevrolet-chevelle-ss-thumb.jpg', 'https://photos.classiccars.com/cc-temp/listing/191/1813/50117784-1969-chevrolet-chevelle-ss-thumb.jpg', 'https://photos.classiccars.com/cc-temp/listing/191/1813/50117786-1969-chevrolet-chevelle-ss-thumb.jpg', 'https://photos.classiccars.com/cc-temp/listing/191/1813/50117785-1969-chevrolet-chevelle-ss-thumb.jpg', 'https://photos.classiccars.com/cc-temp/listing/191/1813/50117787-1969-chevrolet-chevelle-ss-thumb.jpg', 'https://photos.classiccars.com/cc-temp/listing/191/1813/50117788-1969-chevrolet-chevelle-ss-thumb.jpg', 'https://photos.classiccars.com/cc-temp/listing/191/1813/50117798-1969-chevrolet-chevelle-ss-thumb.jpg', 'https://photos.classiccars.com/cc-temp/listing/191/1813/50117760-1969-chevrolet-chevelle-ss-thumb.jpg', 'https://photos.classiccars.com/cc-temp/listing/191/1813/50117761-1969-chevrolet-chevelle-ss-thumb.jpg', 'https://photos.classiccars.com/cc-temp/listing/191/1813/50117762-1969-chevrolet-chevelle-ss-thumb.jpg', 'https://photos.classiccars.com/cc-temp/listing/191/1813/50117763-1969-chevrolet-chevelle-ss-thumb.jpg', 'https://photos.classiccars.com/cc-temp/listing/191/1813/50117765-1969-chevrolet-chevelle-ss-thumb.jpg', 'https://photos.classiccars.com/cc-temp/listing/191/1813/50117764-1969-chevrolet-chevelle-ss-thumb.jpg', 'https://photos.classiccars.com/cc-temp/listing/191/1813/50117766-1969-chevrolet-chevelle-ss-thumb.jpg', 'https://photos.classiccars.com/cc-temp/listing/191/1813/50117767-1969-chevrolet-chevelle-ss-thumb.jpg', 'https://photos.classiccars.com/cc-temp/listing/191/1813/50117768-1969-chevrolet-chevelle-ss-thumb.jpg', 'https://photos.classiccars.com/cc-temp/listing/191/1813/50117769-1969-chevrolet-chevelle-ss-thumb.jpg', 'https://photos.classiccars.com/cc-temp/listing/191/1813/50117779-1969-chevrolet-chevelle-ss-thumb.jpg', 'https://photos.classiccars.com/cc-temp/listing/191/1813/50117781-1969-chevrolet-chevelle-ss-thumb.jpg', 'https://photos.classiccars.com/cc-temp/listing/191/1813/50117782-1969-chevrolet-chevelle-ss-thumb.jpg', 'https://photos.classiccars.com/cc-temp/listing/191/1813/50117789-1969-chevrolet-chevelle-ss-thumb.jpg', 'https://photos.classiccars.com/cc-temp/listing/191/1813/50117759-1969-chevrolet-chevelle-ss-thumb.jpg', 'https://photos.classiccars.com/cc-temp/listing/191/1813/50117776-1969-chevrolet-chevelle-ss-thumb.jpg', 'https://photos.classiccars.com/cc-temp/listing/191/1813/50117777-1969-chevrolet-chevelle-ss-thumb.jpg', 'https://photos.classiccars.com/cc-temp/listing/191/1813/50117778-1969-chevrolet-chevelle-ss-thumb.jpg', 'https://photos.classiccars.com/cc-temp/listing/191/1813/50117795-1969-chevrolet-chevelle-ss-thumb.jpg', 'https://photos.classiccars.com/cc-temp/listing/191/1813/50117796-1969-chevrolet-chevelle-ss-thumb.jpg', 'https://photos.classiccars.com/cc-temp/listing/191/1813/50117770-1969-chevrolet-chevelle-ss-thumb.jpg', 'https://photos.classiccars.com/cc-temp/listing/191/1813/50117771-1969-chevrolet-chevelle-ss-thumb.jpg', 'https://photos.classiccars.com/cc-temp/listing/191/1813/50137176-1969-chevrolet-chevelle-ss-thumb.jpg', 'https://photos.classiccars.com/cc-temp/listing/191/1813/50137177-1969-chevrolet-chevelle-ss-thumb.jpg', 'https://photos.classiccars.com/cc-temp/listing/191/1813/50117757-1969-chevrolet-chevelle-ss-thumb.jpg', 'https://photos.classiccars.com/cc-temp/listing/191/1813/50117758-1969-chevrolet-chevelle-ss-thumb.jpg', 'https://photos.classiccars.com/cc-temp/listing/191/1813/50117772-1969-chevrolet-chevelle-ss-thumb.jpg', 'https://photos.classiccars.com/cc-temp/listing/191/1813/50117752-1969-chevrolet-chevelle-ss-thumb.jpg', 'https://photos.classiccars.com/cc-temp/listing/191/1813/50117749-1969-chevrolet-chevelle-ss-thumb.jpg', 'https://photos.classiccars.com/cc-temp/listing/191/1813/50117750-1969-chevrolet-chevelle-ss-thumb.jpg', 'https://photos.classiccars.com/cc-temp/listing/191/1813/50117751-1969-chevrolet-chevelle-ss-thumb.jpg', 'https://photos.classiccars.com/cc-temp/listing/191/1813/50117754-1969-chevrolet-chevelle-ss-thumb.jpg', 'https://photos.classiccars.com/cc-temp/listing/191/1813/50117753-1969-chevrolet-chevelle-ss-thumb.jpg', 'https://photos.classiccars.com/cc-temp/listing/191/1813/50117780-1969-chevrolet-chevelle-ss-thumb.jpg', 'https://photos.classiccars.com/cc-temp/listing/191/1813/50117790-1969-chevrolet-chevelle-ss-thumb.jpg']"
1991 Chevrolet S10 Blazer,"$8,000 (OBO)",2 tone White/Gray,Automatic,Fully Restored,S10 Blazer,Chevrolet,Rebuilt - Running,1991,"['https://photos.classiccars.com/cc-temp/listing/188/8610/51426252-1991-chevrolet-s10-blazer-thumb.jpg', 'https://photos.classiccars.com/cc-temp/listing/188/8610/51426249-1991-chevrolet-s10-blazer-thumb.jpg', 'https://photos.classiccars.com/cc-temp/listing/188/8610/51426246-1991-chevrolet-s10-blazer-thumb.jpg', 'https://photos.classiccars.com/cc-temp/listing/188/8610/51426247-1991-chevrolet-s10-blazer-thumb.jpg', 'https://photos.classiccars.com/cc-temp/listing/188/8610/51426261-1991-chevrolet-s10-blazer-thumb.jpg', 'https://photos.classiccars.com/cc-temp/listing/188/8610/51426254-1991-chevrolet-s10-blazer-thumb.jpg', 'https://photos.classiccars.com/cc-temp/listing/188/8610/51426251-1991-chevrolet-s10-blazer-thumb.jpg', 'https://photos.classiccars.com/cc-temp/listing/188/8610/51426256-1991-chevrolet-s10-blazer-thumb.jpg', 'https://photos.classiccars.com/cc-temp/listing/188/8610/51426250-1991-chevrolet-s10-blazer-thumb.jpg', 'https://photos.classiccars.com/cc-temp/listing/188/8610/51426258-1991-chevrolet-s10-blazer-thumb.jpg', 'https://photos.classiccars.com/cc-temp/listing/188/8610/51426253-1991-chevrolet-s10-blazer-thumb.jpg', 'https://photos.classiccars.com/cc-temp/listing/188/8610/51426257-1991-chevrolet-s10-blazer-thumb.jpg']"
1956 Ford F100,"$88,000",Dark Blue Metallic,Automatic,Fully Restored,F100,Ford,Replaced - Running,1956,"['https://photos.classiccars.com/cc-temp/listing/194/7811/52425632-1956-ford-f100-thumb.jpg', 'https://photos.classiccars.com/cc-temp/listing/194/7811/52425633-1956-ford-f100-thumb.jpg', 'https://photos.classiccars.com/cc-temp/listing/194/7811/52425634-1956-ford-f100-thumb.jpg', 'https://photos.classiccars.com/cc-temp/listing/194/7811/52425640-1956-ford-f100-thumb.jpg', 'https://photos.classiccars.com/cc-temp/listing/194/7811/52425635-1956-ford-f100-thumb.jpg', 'https://photos.classiccars.com/cc-temp/listing/194/7811/52425636-1956-ford-f100-thumb.jpg', 'https://photos.classiccars.com/cc-temp/listing/194/7811/52425641-1956-ford-f100-thumb.jpg', 'https://photos.classiccars.com/cc-temp/listing/194/7811/52425643-1956-ford-f100-thumb.jpg', 'https://photos.classiccars.com/cc-temp/listing/194/7811/52425642-1956-ford-f100-thumb.jpg', 'https://photos.classiccars.com/cc-temp/listing/194/7811/52425631-1956-ford-f100-thumb.jpg', 'https://photos.classiccars.com/cc-temp/listing/194/7811/52425639-1956-ford-f100-thumb.jpg', 'https://photos.classiccars.com/cc-temp/listing/194/7811/52425637-1956-ford-f100-thumb.jpg', 'https://photos.classiccars.com/cc-temp/listing/194/7811/52425638-1956-ford-f100-thumb.jpg', 'https://photos.classiccars.com/cc-temp/listing/194/7811/52425644-1956-ford-f100-thumb.jpg']"
1954 Ford F100,"$185,900",Red,Manual,,F100,Ford, - ,1954,"['https://photos.classiccars.com/cc-temp/listing/190/7420/49860170-1954-ford-1-2-ton-pickup-thumb.jpg', 'https://photos.classiccars.com/cc-temp/listing/190/7420/49860160-1954-ford-1-2-ton-pickup-thumb.jpg', 'https://photos.classiccars.com/cc-temp/listing/190/7420/49860162-1954-ford-1-2-ton-pickup-thumb.jpg', 'https://photos.classiccars.com/cc-temp/listing/190/7420/49860189-1954-ford-1-2-ton-pickup-thumb.jpg', 'https://photos.classiccars.com/cc-temp/listing/190/7420/49860179-1954-ford-1-2-ton-pickup-thumb.jpg', 'https://photos.classiccars.com/cc-temp/listing/190/7420/49860194-1954-ford-1-2-ton-pickup-thumb.jpg', 'https://photos.classiccars.com/cc-temp/listing/190/7420/49860175-1954-ford-1-2-ton-pickup-thumb.jpg', 'https://photos.classiccars.com/cc-temp/listing/190/7420/49860209-1954-ford-1-2-ton-pickup-thumb.jpg', 'https://photos.classiccars.com/cc-temp/listing/190/7420/49860184-1954-ford-1-2-ton-pickup-thumb.jpg', 'https://photos.classiccars.com/cc-temp/listing/190/7420/49860198-1954-ford-1-2-ton-pickup-thumb.jpg', 'https://photos.classiccars.com/cc-temp/listing/190/7420/49860201-1954-ford-1-2-ton-pickup-thumb.jpg', 'https://photos.classiccars.com/cc-temp/listing/190/7420/49860199-1954-ford-1-2-ton-pickup-thumb.jpg', 'https://photos.classiccars.com/cc-temp/listing/190/7420/49860204-1954-ford-1-2-ton-pickup-thumb.jpg', 'https://photos.classiccars.com/cc-temp/listing/190/7420/49860210-1954-ford-1-2-ton-pickup-thumb.jpg', 'https://photos.classiccars.com/cc-temp/listing/190/7420/49860172-1954-ford-1-2-ton-pickup-thumb.jpg', 'https://photos.classiccars.com/cc-temp/listing/190/7420/49860190-1954-ford-1-2-ton-pickup-thumb.jpg', 'https://photos.classiccars.com/cc-temp/listing/190/7420/49860191-1954-ford-1-2-ton-pickup-thumb.jpg', 'https://photos.classiccars.com/cc-temp/listing/190/7420/49860192-1954-ford-1-2-ton-pickup-thumb.jpg', 'https://photos.classiccars.com/cc-temp/listing/190/7420/49860193-1954-ford-1-2-ton-pickup-thumb.jpg']"
1989 Mercedes-Benz 560SL,"$69,000",Black Pearl Metallic,Automatic,,560SL,Mercedes-Benz,Original - Running,1989,"['https://photos.classiccars.com/cc-temp/listing/193/6129/51639237-1989-mercedes-benz-560sl-thumb.jpg', 'https://photos.classiccars.com/cc-temp/listing/193/6129/51639238-1989-mercedes-benz-560sl-thumb.jpg', 'https://photos.classiccars.com/cc-temp/listing/193/6129/51639239-1989-mercedes-benz-560sl-thumb.jpg', 'https://photos.classiccars.com/cc-temp/listing/193/6129/51639240-1989-mercedes-benz-560sl-thumb.jpg', 'https://photos.classiccars.com/cc-temp/listing/193/6129/51639241-1989-mercedes-benz-560sl-thumb.jpg', 'https://photos.classiccars.com/cc-temp/listing/193/6129/51639242-1989-mercedes-benz-560sl-thumb.jpg', 'https://photos.classiccars.com/cc-temp/listing/193/6129/51639243-1989-mercedes-benz-560sl-thumb.jpg', 'https://photos.classiccars.com/cc-temp/listing/193/6129/51639244-1989-mercedes-benz-560sl-thumb.jpg', 'https://photos.classiccars.com/cc-temp/listing/193/6129/51639245-1989-mercedes-benz-560sl-thumb.jpg', 'https://photos.classiccars.com/cc-temp/listing/193/6129/51639246-1989-mercedes-benz-560sl-thumb.jpg', 'https://photos.classiccars.com/cc-temp/listing/193/6129/51639252-1989-mercedes-benz-560sl-thumb.jpg', 'https://photos.classiccars.com/cc-temp/listing/193/6129/51639247-1989-mercedes-benz-560sl-thumb.jpg', 'https://photos.classiccars.com/cc-temp/listing/193/6129/51639248-1989-mercedes-benz-560sl-thumb.jpg', 'https://photos.classiccars.com/cc-temp/listing/193/6129/51639249-1989-mercedes-benz-560sl-thumb.jpg', 'https://photos.classiccars.com/cc-temp/listing/193/6129/51639250-1989-mercedes-benz-560sl-thumb.jpg', 'https://photos.classiccars.com/cc-temp/listing/193/6129/51639251-1989-mercedes-benz-560sl-thumb.jpg', 'https://photos.classiccars.com/cc-temp/listing/193/6129/51639253-1989-mercedes-benz-560sl-thumb.jpg', 'https://photos.classiccars.com/cc-temp/listing/193/6129/51639254-1989-mercedes-benz-560sl-thumb.jpg']"
1968 Ford Mustang,"$34,500",Gulf Stream Aqua,Automatic,,Mustang,Ford, - Running,1968,"['https://photos.classiccars.com/cc-temp/listing/192/2520/52321815-1968-ford-mustang-thumb.jpg', 'https://photos.classiccars.com/cc-temp/listing/192/2520/52321813-1968-ford-mustang-thumb.jpg', 'https://photos.classiccars.com/cc-temp/listing/192/2520/52321814-1968-ford-mustang-thumb.jpg', 'https://photos.classiccars.com/cc-temp/listing/192/2520/52321809-1968-ford-mustang-thumb.jpg', 'https://photos.classiccars.com/cc-temp/listing/192/2520/52321811-1968-ford-mustang-thumb.jpg', 'https://photos.classiccars.com/cc-temp/listing/192/2520/52321810-1968-ford-mustang-thumb.jpg', 'https://photos.classiccars.com/cc-temp/listing/192/2520/52321808-1968-ford-mustang-thumb.jpg', 'https://photos.classiccars.com/cc-temp/listing/192/2520/52321807-1968-ford-mustang-thumb.jpg', 'https://photos.classiccars.com/cc-temp/listing/192/2520/52321812-1968-ford-mustang-thumb.jpg', 'https://photos.classiccars.com/cc-temp/listing/192/2520/52321806-1968-ford-mustang-thumb.jpg', 'https://photos.classiccars.com/cc-temp/listing/192/2520/52321805-1968-ford-mustang-thumb.jpg', 'https://photos.classiccars.com/cc-temp/listing/192/2520/50803118-1968-ford-mustang-thumb.jpg', 'https://photos.classiccars.com/cc-temp/listing/192/2520/50803129-1968-ford-mustang-thumb.jpg', 'https://photos.classiccars.com/cc-temp/listing/192/2520/50803116-1968-ford-mustang-thumb.jpg', 'https://photos.classiccars.com/cc-temp/listing/192/2520/50803128-1968-ford-mustang-thumb.jpg', 'https://photos.classiccars.com/cc-temp/listing/192/2520/50803115-1968-ford-mustang-thumb.jpg', 'https://photos.classiccars.com/cc-temp/listing/192/2520/50803120-1968-ford-mustang-thumb.jpg', 'https://photos.classiccars.com/cc-temp/listing/192/2520/50803131-1968-ford-mustang-thumb.jpg', 'https://photos.classiccars.com/cc-temp/listing/192/2520/50803119-1968-ford-mustang-thumb.jpg', 'https://photos.classiccars.com/cc-temp/listing/192/2520/50803130-1968-ford-mustang-thumb.jpg', 'https://photos.classiccars.com/cc-temp/listing/192/2520/50803117-1968-ford-mustang-thumb.jpg', 'https://photos.classiccars.com/cc-temp/listing/192/2520/50803127-1968-ford-mustang-thumb.jpg', 'https://photos.classiccars.com/cc-temp/listing/192/2520/50803126-1968-ford-mustang-thumb.jpg', 'https://photos.classiccars.com/cc-temp/listing/192/2520/50803150-1968-ford-mustang-thumb.jpg', 'https://photos.classiccars.com/cc-temp/listing/192/2520/50803143-1968-ford-mustang-thumb.jpg', 'https://photos.classiccars.com/cc-temp/listing/192/2520/52321802-1968-ford-mustang-thumb.jpg', 'https://photos.classiccars.com/cc-temp/listing/192/2520/50803144-1968-ford-mustang-thumb.jpg', 'https://photos.classiccars.com/cc-temp/listing/192/2520/50803146-1968-ford-mustang-thumb.jpg', 'https://photos.classiccars.com/cc-temp/listing/192/2520/50803147-1968-ford-mustang-thumb.jpg', 'https://photos.classiccars.com/cc-temp/listing/192/2520/50803145-1968-ford-mustang-thumb.jpg', 'https://photos.classiccars.com/cc-temp/listing/192/2520/50803149-1968-ford-mustang-thumb.jpg', 'https://photos.classiccars.com/cc-temp/listing/192/2520/50803121-1968-ford-mustang-thumb.jpg', 'https://photos.classiccars.com/cc-temp/listing/192/2520/50803151-1968-ford-mustang-thumb.jpg', 'https://photos.classiccars.com/cc-temp/listing/192/2520/50803122-1968-ford-mustang-thumb.jpg', 'https://photos.classiccars.com/cc-temp/listing/192/2520/50803123-1968-ford-mustang-thumb.jpg', 'https://photos.classiccars.com/cc-temp/listing/192/2520/50803124-1968-ford-mustang-thumb.jpg', 'https://photos.classiccars.com/cc-temp/listing/192/2520/50803125-1968-ford-mustang-thumb.jpg', 'https://photos.classiccars.com/cc-temp/listing/192/2520/50803132-1968-ford-mustang-thumb.jpg', 'https://photos.classiccars.com/cc-temp/listing/192/2520/50803133-1968-ford-mustang-thumb.jpg', 'https://photos.classiccars.com/cc-temp/listing/192/2520/50803134-1968-ford-mustang-thumb.jpg', 'https://photos.classiccars.com/cc-temp/listing/192/2520/50803135-1968-ford-mustang-thumb.jpg', 'https://photos.classiccars.com/cc-temp/listing/192/2520/50803136-1968-ford-mustang-thumb.jpg', 'https://photos.classiccars.com/cc-temp/listing/192/2520/50803137-1968-ford-mustang-thumb.jpg', 'https://photos.classiccars.com/cc-temp/listing/192/2520/50803138-1968-ford-mustang-thumb.jpg', 'https://photos.classiccars.com/cc-temp/listing/192/2520/50803139-1968-ford-mustang-thumb.jpg', 'https://photos.classiccars.com/cc-temp/listing/192/2520/50803140-1968-ford-mustang-thumb.jpg', 'https://photos.classiccars.com/cc-temp/listing/192/2520/50803141-1968-ford-mustang-thumb.jpg', 'https://photos.classiccars.com/cc-temp/listing/192/2520/50803142-1968-ford-mustang-thumb.jpg', 'https://photos.classiccars.com/cc-temp/listing/192/2520/50803152-1968-ford-mustang-thumb.jpg', 'https://photos.classiccars.com/cc-temp/listing/192/2520/50803153-1968-ford-mustang-thumb.jpg', 'https://photos.classiccars.com/cc-temp/listing/192/2520/51170428-1968-ford-mustang-thumb.jpg', 'https://photos.classiccars.com/cc-temp/listing/192/2520/51170429-1968-ford-mustang-thumb.jpg', 'https://photos.classiccars.com/cc-temp/listing/192/2520/51170430-1968-ford-mustang-thumb.jpg', 'https://photos.classiccars.com/cc-temp/listing/192/2520/51170441-1968-ford-mustang-thumb.jpg', 'https://photos.classiccars.com/cc-temp/listing/192/2520/51170442-1968-ford-mustang-thumb.jpg', 'https://photos.classiccars.com/cc-temp/listing/192/2520/52321798-1968-ford-mustang-thumb.jpg', 'https://photos.classiccars.com/cc-temp/listing/192/2520/52321799-1968-ford-mustang-thumb.jpg', 'https://photos.classiccars.com/cc-temp/listing/192/2520/52321800-1968-ford-mustang-thumb.jpg', 'https://photos.classiccars.com/cc-temp/listing/192/2520/52321801-1968-ford-mustang-thumb.jpg', 'https://photos.classiccars.com/cc-temp/listing/192/2520/52321803-1968-ford-mustang-thumb.jpg', 'https://photos.classiccars.com/cc-temp/listing/192/2520/52321816-1968-ford-mustang-thumb.jpg', 'https://photos.classiccars.com/cc-temp/listing/192/2520/52321817-1968-ford-mustang-thumb.jpg', 'https://photos.classiccars.com/cc-temp/listing/192/2520/52321818-1968-ford-mustang-thumb.jpg', 'https://photos.classiccars.com/cc-temp/listing/192/2520/52321797-1968-ford-mustang-thumb.jpg', 'https://photos.classiccars.com/cc-temp/listing/192/2520/52321823-1968-ford-mustang-thumb.jpg', 'https://photos.classiccars.com/cc-temp/listing/192/2520/52321831-1968-ford-mustang-thumb.jpg']"
2007 Chevrolet Corvette,"$31,500 (OBO)",orange,Automatic,,Corvette,Chevrolet, - ,2007,"['https://photos.classiccars.com/cc-temp/listing/195/288/52553728-2007-chevrolet-corvette-thumb.jpg', 'https://photos.classiccars.com/cc-temp/listing/195/288/52553725-2007-chevrolet-corvette-thumb.jpg', 'https://photos.classiccars.com/cc-temp/listing/195/288/52553731-2007-chevrolet-corvette-thumb.jpg', 'https://photos.classiccars.com/cc-temp/listing/195/288/52553736-2007-chevrolet-corvette-thumb.jpg', 'https://photos.classiccars.com/cc-temp/listing/195/288/52553726-2007-chevrolet-corvette-thumb.jpg', 'https://photos.classiccars.com/cc-temp/listing/195/288/52553730-2007-chevrolet-corvette-thumb.jpg', 'https://photos.classiccars.com/cc-temp/listing/195/288/52553729-2007-chevrolet-corvette-thumb.jpg', 'https://photos.classiccars.com/cc-temp/listing/195/288/52553733-2007-chevrolet-corvette-thumb.jpg', 'https://photos.classiccars.com/cc-temp/listing/195/288/52553732-2007-chevrolet-corvette-thumb.jpg', 'https://photos.classiccars.com/cc-temp/listing/195/288/52553735-2007-chevrolet-corvette-thumb.jpg']"
1970 Ford Mustang Boss 302,"$85,000 (OBO)",Grabber Green,Manual,,Mustang Boss 302,Ford, - ,1970,"['https://photos.classiccars.com/cc-temp/listing/188/2595/48446196-1970-ford-mustang-boss-302-thumb.jpg', 'https://photos.classiccars.com/cc-temp/listing/188/2595/48446197-1970-ford-mustang-boss-302-thumb.jpg', 'https://photos.classiccars.com/cc-temp/listing/188/2595/48446198-1970-ford-mustang-boss-302-thumb.jpg', 'https://photos.classiccars.com/cc-temp/listing/188/2595/49219126-1970-ford-mustang-boss-302-thumb.jpg', 'https://photos.classiccars.com/cc-temp/listing/188/2595/49219128-1970-ford-mustang-boss-302-thumb.jpg', 'https://photos.classiccars.com/cc-temp/listing/188/2595/49219138-1970-ford-mustang-boss-302-thumb.jpg', 'https://photos.classiccars.com/cc-temp/listing/188/2595/49219149-1970-ford-mustang-boss-302-thumb.jpg', 'https://photos.classiccars.com/cc-temp/listing/188/2595/49219179-1970-ford-mustang-boss-302-thumb.jpg', 'https://photos.classiccars.com/cc-temp/listing/188/2595/49219184-1970-ford-mustang-boss-302-thumb.jpg', 'https://photos.classiccars.com/cc-temp/listing/188/2595/49219195-1970-ford-mustang-boss-302-thumb.jpg']"
1969 Chevrolet Camaro,"$130,000",Red,Manual,,Camaro,Chevrolet,Original - Running,1969,"['https://photos.classiccars.com/cc-temp/listing/195/474/52564964-1969-chevrolet-camaro-thumb.jpg', 'https://photos.classiccars.com/cc-temp/listing/195/474/52564966-1969-chevrolet-camaro-thumb.jpg', 'https://photos.classiccars.com/cc-temp/listing/195/474/52564967-1969-chevrolet-camaro-thumb.jpg', 'https://photos.classiccars.com/cc-temp/listing/195/474/52564968-1969-chevrolet-camaro-thumb.jpg', 'https://photos.classiccars.com/cc-temp/listing/195/474/52564965-1969-chevrolet-camaro-thumb.jpg', 'https://photos.classiccars.com/cc-temp/listing/195/474/52564969-1969-chevrolet-camaro-thumb.jpg', 'https://photos.classiccars.com/cc-temp/listing/195/474/52564970-1969-chevrolet-camaro-thumb.jpg', 'https://photos.classiccars.com/cc-temp/listing/195/474/52564971-1969-chevrolet-camaro-thumb.jpg', 'https://photos.classiccars.com/cc-temp/listing/195/474/52564972-1969-chevrolet-camaro-thumb.jpg', 'https://photos.classiccars.com/cc-temp/listing/195/474/52564973-1969-chevrolet-camaro-thumb.jpg', 'https://photos.classiccars.com/cc-temp/listing/195/474/52564974-1969-chevrolet-camaro-thumb.jpg', 'https://photos.classiccars.com/cc-temp/listing/195/474/52564975-1969-chevrolet-camaro-thumb.jpg']"
1970 Mercedes-Benz 280SE,"$80,000",Burgundy,Automatic,Partially Restored,280SE,Mercedes-Benz,Replaced - Running,1970,"['https://photos.classiccars.com/cc-temp/listing/193/4948/51574560-1970-mercedes-benz-280se-thumb.jpg', 'https://photos.classiccars.com/cc-temp/listing/193/4948/51574559-1970-mercedes-benz-280se-thumb.jpg', 'https://photos.classiccars.com/cc-temp/listing/193/4948/51574562-1970-mercedes-benz-280se-thumb.jpg', 'https://photos.classiccars.com/cc-temp/listing/193/4948/51574563-1970-mercedes-benz-280se-thumb.jpg']"
1978 Lincoln Town Car,"$39,900",White,Automatic,Unrestored,Town Car,Lincoln,Original - Running,1978,"['https://photos.classiccars.com/cc-temp/listing/193/5799/51624519-1978-lincoln-town-car-thumb.jpg', 'https://photos.classiccars.com/cc-temp/listing/193/5799/51624520-1978-lincoln-town-car-thumb.jpg', 'https://photos.classiccars.com/cc-temp/listing/193/5799/51638538-1978-lincoln-town-car-thumb.jpg', 'https://photos.classiccars.com/cc-temp/listing/193/5799/51638539-1978-lincoln-town-car-thumb.jpg', 'https://photos.classiccars.com/cc-temp/listing/193/5799/51638540-1978-lincoln-town-car-thumb.jpg', 'https://photos.classiccars.com/cc-temp/listing/193/5799/51638541-1978-lincoln-town-car-thumb.jpg', 'https://photos.classiccars.com/cc-temp/listing/193/5799/51638542-1978-lincoln-town-car-thumb.jpg', 'https://photos.classiccars.com/cc-temp/listing/193/5799/51638543-1978-lincoln-town-car-thumb.jpg', 'https://photos.classiccars.com/cc-temp/listing/193/5799/51638544-1978-lincoln-town-car-thumb.jpg', 'https://photos.classiccars.com/cc-temp/listing/193/5799/51638545-1978-lincoln-town-car-thumb.jpg', 'https://photos.classiccars.com/cc-temp/listing/193/5799/51638546-1978-lincoln-town-car-thumb.jpg', 'https://photos.classiccars.com/cc-temp/listing/193/5799/51638547-1978-lincoln-town-car-thumb.jpg', 'https://photos.classiccars.com/cc-temp/listing/193/5799/51638548-1978-lincoln-town-car-thumb.jpg', 'https://photos.classiccars.com/cc-temp/listing/193/5799/51638549-1978-lincoln-town-car-thumb.jpg', 'https://photos.classiccars.com/cc-temp/listing/193/5799/51638550-1978-lincoln-town-car-thumb.jpg']"
1957 Ford Fairlane 500 Skyliner,"$54,400",White,Automatic,,Fairlane 500 Skyliner,Ford,Original - Running,1957,"['https://photos.classiccars.com/cc-temp/listing/194/9913/52533128-1957-ford-fairlane-500-skyliner-thumb.jpg', 'https://photos.classiccars.com/cc-temp/listing/194/9913/52553149-1957-ford-fairlane-500-skyliner-thumb.jpg', 'https://photos.classiccars.com/cc-temp/listing/194/9913/52553144-1957-ford-fairlane-500-skyliner-thumb.jpg', 'https://photos.classiccars.com/cc-temp/listing/194/9913/52553146-1957-ford-fairlane-500-skyliner-thumb.jpg']"
1962 Chevrolet Corvette,"$110,000 (OBO)",Blue,Automatic,Fully Restored,Corvette,Chevrolet,Replaced - Running,1962,"['https://photos.classiccars.com/cc-temp/listing/194/5632/52303786-1962-chevrolet-corvette-thumb.jpg', 'https://photos.classiccars.com/cc-temp/listing/194/5632/52303807-1962-chevrolet-corvette-thumb.jpg', 'https://photos.classiccars.com/cc-temp/listing/194/5632/52303849-1962-chevrolet-corvette-thumb.jpg', 'https://photos.classiccars.com/cc-temp/listing/194/5632/52303829-1962-chevrolet-corvette-thumb.jpg', 'https://photos.classiccars.com/cc-temp/listing/194/5632/52294192-1962-chevrolet-corvette-thumb.jpg', 'https://photos.classiccars.com/cc-temp/listing/194/5632/52294178-1962-chevrolet-corvette-thumb.jpg', 'https://photos.classiccars.com/cc-temp/listing/194/5632/52294179-1962-chevrolet-corvette-thumb.jpg', 'https://photos.classiccars.com/cc-temp/listing/194/5632/52294379-1962-chevrolet-corvette-thumb.jpg', 'https://photos.classiccars.com/cc-temp/listing/194/5632/52294378-1962-chevrolet-corvette-thumb.jpg', 'https://photos.classiccars.com/cc-temp/listing/194/5632/52294182-1962-chevrolet-corvette-thumb.jpg', 'https://photos.classiccars.com/cc-temp/listing/194/5632/52294375-1962-chevrolet-corvette-thumb.jpg', 'https://photos.classiccars.com/cc-temp/listing/194/5632/52294184-1962-chevrolet-corvette-thumb.jpg', 'https://photos.classiccars.com/cc-temp/listing/194/5632/52294180-1962-chevrolet-corvette-thumb.jpg', 'https://photos.classiccars.com/cc-temp/listing/194/5632/52294181-1962-chevrolet-corvette-thumb.jpg', 'https://photos.classiccars.com/cc-temp/listing/194/5632/52294374-1962-chevrolet-corvette-thumb.jpg', 'https://photos.classiccars.com/cc-temp/listing/194/5632/52294185-1962-chevrolet-corvette-thumb.jpg', 'https://photos.classiccars.com/cc-temp/listing/194/5632/52294376-1962-chevrolet-corvette-thumb.jpg', 'https://photos.classiccars.com/cc-temp/listing/194/5632/52294377-1962-chevrolet-corvette-thumb.jpg', 'https://photos.classiccars.com/cc-temp/listing/194/5632/52294190-1962-chevrolet-corvette-thumb.jpg', 'https://photos.classiccars.com/cc-temp/listing/194/5632/52294183-1962-chevrolet-corvette-thumb.jpg', 'https://photos.classiccars.com/cc-temp/listing/194/5632/52294186-1962-chevrolet-corvette-thumb.jpg', 'https://photos.classiccars.com/cc-temp/listing/194/5632/52294187-1962-chevrolet-corvette-thumb.jpg', 'https://photos.classiccars.com/cc-temp/listing/194/5632/52294188-1962-chevrolet-corvette-thumb.jpg', 'https://photos.classiccars.com/cc-temp/listing/194/5632/52294189-1962-chevrolet-corvette-thumb.jpg', 'https://photos.classiccars.com/cc-temp/listing/194/5632/52294380-1962-chevrolet-corvette-thumb.jpg', 'https://photos.classiccars.com/cc-temp/listing/194/5632/52294381-1962-chevrolet-corvette-thumb.jpg', 'https://photos.classiccars.com/cc-temp/listing/194/5632/52294382-1962-chevrolet-corvette-thumb.jpg', 'https://photos.classiccars.com/cc-temp/listing/194/5632/52294191-1962-chevrolet-corvette-thumb.jpg']"
1971 Ford Thunderbird,"$15,500",Medium Blue Metalic,Automatic,,Thunderbird,Ford, - ,1971,"['https://photos.classiccars.com/cc-temp/listing/192/2515/50802985-1971-ford-thunderbird-thumb.jpg', 'https://photos.classiccars.com/cc-temp/listing/192/2515/50802986-1971-ford-thunderbird-thumb.jpg', 'https://photos.classiccars.com/cc-temp/listing/192/2515/50802987-1971-ford-thunderbird-thumb.jpg', 'https://photos.classiccars.com/cc-temp/listing/192/2515/50802988-1971-ford-thunderbird-thumb.jpg', 'https://photos.classiccars.com/cc-temp/listing/192/2515/50802989-1971-ford-thunderbird-thumb.jpg', 'https://photos.classiccars.com/cc-temp/listing/192/2515/50802990-1971-ford-thunderbird-thumb.jpg', 'https://photos.classiccars.com/cc-temp/listing/192/2515/50802991-1971-ford-thunderbird-thumb.jpg', 'https://photos.classiccars.com/cc-temp/listing/192/2515/50802992-1971-ford-thunderbird-thumb.jpg', 'https://photos.classiccars.com/cc-temp/listing/192/2515/50802993-1971-ford-thunderbird-thumb.jpg', 'https://photos.classiccars.com/cc-temp/listing/192/2515/50802994-1971-ford-thunderbird-thumb.jpg', 'https://photos.classiccars.com/cc-temp/listing/192/2515/50802995-1971-ford-thunderbird-thumb.jpg', 'https://photos.classiccars.com/cc-temp/listing/192/2515/50802996-1971-ford-thunderbird-thumb.jpg', 'https://photos.classiccars.com/cc-temp/listing/192/2515/50802997-1971-ford-thunderbird-thumb.jpg', 'https://photos.classiccars.com/cc-temp/listing/192/2515/50802998-1971-ford-thunderbird-thumb.jpg', 'https://photos.classiccars.com/cc-temp/listing/192/2515/50802999-1971-ford-thunderbird-thumb.jpg']"
1957 Chevrolet 210,"$50,000",Sea Foam Green,Manual,,210,Chevrolet, - ,1957,"['https://photos.classiccars.com/cc-temp/listing/188/2787/48457556-1957-chevrolet-210-thumb.jpg', 'https://photos.classiccars.com/cc-temp/listing/188/2787/48457557-1957-chevrolet-210-thumb.jpg', 'https://photos.classiccars.com/cc-temp/listing/188/2787/48457559-1957-chevrolet-210-thumb.jpg', 'https://photos.classiccars.com/cc-temp/listing/188/2787/48457560-1957-chevrolet-210-thumb.jpg', 'https://photos.classiccars.com/cc-temp/listing/188/2787/48457561-1957-chevrolet-210-thumb.jpg', 'https://photos.classiccars.com/cc-temp/listing/188/2787/49761190-1957-chevrolet-210-thumb.jpg', 'https://photos.classiccars.com/cc-temp/listing/188/2787/49761191-1957-chevrolet-210-thumb.jpg', 'https://photos.classiccars.com/cc-temp/listing/188/2787/49761192-1957-chevrolet-210-thumb.jpg', 'https://photos.classiccars.com/cc-temp/listing/188/2787/49761193-1957-chevrolet-210-thumb.jpg', 'https://photos.classiccars.com/cc-temp/listing/188/2787/49761194-1957-chevrolet-210-thumb.jpg', 'https://photos.classiccars.com/cc-temp/listing/188/2787/49761195-1957-chevrolet-210-thumb.jpg', 'https://photos.classiccars.com/cc-temp/listing/188/2787/49761196-1957-chevrolet-210-thumb.jpg', 'https://photos.classiccars.com/cc-temp/listing/188/2787/49761197-1957-chevrolet-210-thumb.jpg', 'https://photos.classiccars.com/cc-temp/listing/188/2787/49761198-1957-chevrolet-210-thumb.jpg', 'https://photos.classiccars.com/cc-temp/listing/188/2787/49761199-1957-chevrolet-210-thumb.jpg', 'https://photos.classiccars.com/cc-temp/listing/188/2787/49761200-1957-chevrolet-210-thumb.jpg', 'https://photos.classiccars.com/cc-temp/listing/188/2787/49761201-1957-chevrolet-210-thumb.jpg', 'https://photos.classiccars.com/cc-temp/listing/188/2787/49761202-1957-chevrolet-210-thumb.jpg', 'https://photos.classiccars.com/cc-temp/listing/188/2787/49761203-1957-chevrolet-210-thumb.jpg', 'https://photos.classiccars.com/cc-temp/listing/188/2787/49761204-1957-chevrolet-210-thumb.jpg', 'https://photos.classiccars.com/cc-temp/listing/188/2787/49761205-1957-chevrolet-210-thumb.jpg', 'https://photos.classiccars.com/cc-temp/listing/188/2787/49761206-1957-chevrolet-210-thumb.jpg', 'https://photos.classiccars.com/cc-temp/listing/188/2787/49761207-1957-chevrolet-210-thumb.jpg', 'https://photos.classiccars.com/cc-temp/listing/188/2787/49761208-1957-chevrolet-210-thumb.jpg']"
1965 Shelby Cobra,"$175,000",MCDonald Red,Manual,,Cobra,Shelby, - ,1965,"['https://photos.classiccars.com/cc-temp/listing/187/7074/48104354-1965-shelby-csx-4000-thumb.jpg', 'https://photos.classiccars.com/cc-temp/listing/187/7074/48104344-1965-shelby-csx-4000-thumb.jpg', 'https://photos.classiccars.com/cc-temp/listing/187/7074/48104352-1965-shelby-csx-4000-thumb.jpg', 'https://photos.classiccars.com/cc-temp/listing/187/7074/48104351-1965-shelby-csx-4000-thumb.jpg', 'https://photos.classiccars.com/cc-temp/listing/187/7074/48104328-1965-shelby-csx-4000-thumb.jpg', 'https://photos.classiccars.com/cc-temp/listing/187/7074/48104335-1965-shelby-csx-4000-thumb.jpg', 'https://photos.classiccars.com/cc-temp/listing/187/7074/48104318-1965-shelby-csx-4000-thumb.jpg', 'https://photos.classiccars.com/cc-temp/listing/187/7074/48104327-1965-shelby-csx-4000-thumb.jpg', 'https://photos.classiccars.com/cc-temp/listing/187/7074/48104305-1965-shelby-csx-4000-thumb.jpg', 'https://photos.classiccars.com/cc-temp/listing/187/7074/51133504-1965-shelby-cobra-thumb.jpg', 'https://photos.classiccars.com/cc-temp/listing/187/7074/51133505-1965-shelby-cobra-thumb.jpg']"
1956 Pontiac Safari,"$70,000",Shadow Gray/MB Cream White,Automatic,,Safari,Pontiac, - ,1956,"['https://photos.classiccars.com/cc-temp/listing/185/8797/46891548-1956-pontiac-safari-thumb.jpg', 'https://photos.classiccars.com/cc-temp/listing/185/8797/46891638-1956-pontiac-safari-thumb.jpg', 'https://photos.classiccars.com/cc-temp/listing/185/8797/46891473-1956-pontiac-safari-thumb.jpg', 'https://photos.classiccars.com/cc-temp/listing/185/8797/46891556-1956-pontiac-safari-thumb.jpg', 'https://photos.classiccars.com/cc-temp/listing/185/8797/46891484-1956-pontiac-safari-thumb.jpg', 'https://photos.classiccars.com/cc-temp/listing/185/8797/46891645-1956-pontiac-safari-thumb.jpg', 'https://photos.classiccars.com/cc-temp/listing/185/8797/46891535-1956-pontiac-safari-thumb.jpg', 'https://photos.classiccars.com/cc-temp/listing/185/8797/46891602-1956-pontiac-safari-thumb.jpg', 'https://photos.classiccars.com/cc-temp/listing/185/8797/46891474-1956-pontiac-safari-thumb.jpg', 'https://photos.classiccars.com/cc-temp/listing/185/8797/46891539-1956-pontiac-safari-thumb.jpg', 'https://photos.classiccars.com/cc-temp/listing/185/8797/46891626-1956-pontiac-safari-thumb.jpg', 'https://photos.classiccars.com/cc-temp/listing/185/8797/46891482-1956-pontiac-safari-thumb.jpg', 'https://photos.classiccars.com/cc-temp/listing/185/8797/46891554-1956-pontiac-safari-thumb.jpg', 'https://photos.classiccars.com/cc-temp/listing/185/8797/46891635-1956-pontiac-safari-thumb.jpg', 'https://photos.classiccars.com/cc-temp/listing/185/8797/46891487-1956-pontiac-safari-thumb.jpg', 'https://photos.classiccars.com/cc-temp/listing/185/8797/46891568-1956-pontiac-safari-thumb.jpg', 'https://photos.classiccars.com/cc-temp/listing/185/8797/46891646-1956-pontiac-safari-thumb.jpg', 'https://photos.classiccars.com/cc-temp/listing/185/8797/46891476-1956-pontiac-safari-thumb.jpg', 'https://photos.classiccars.com/cc-temp/listing/185/8797/46891570-1956-pontiac-safari-thumb.jpg', 'https://photos.classiccars.com/cc-temp/listing/185/8797/46891647-1956-pontiac-safari-thumb.jpg', 'https://photos.classiccars.com/cc-temp/listing/185/8797/46891469-1956-pontiac-safari-thumb.jpg', 'https://photos.classiccars.com/cc-temp/listing/185/8797/46891533-1956-pontiac-safari-thumb.jpg', 'https://photos.classiccars.com/cc-temp/listing/185/8797/46891630-1956-pontiac-safari-thumb.jpg', 'https://photos.classiccars.com/cc-temp/listing/185/8797/46891470-1956-pontiac-safari-thumb.jpg', 'https://photos.classiccars.com/cc-temp/listing/185/8797/46891545-1956-pontiac-safari-thumb.jpg', 'https://photos.classiccars.com/cc-temp/listing/185/8797/46891637-1956-pontiac-safari-thumb.jpg', 'https://photos.classiccars.com/cc-temp/listing/185/8797/46891479-1956-pontiac-safari-thumb.jpg', 'https://photos.classiccars.com/cc-temp/listing/185/8797/46891573-1956-pontiac-safari-thumb.jpg', 'https://photos.classiccars.com/cc-temp/listing/185/8797/46891648-1956-pontiac-safari-thumb.jpg', 'https://photos.classiccars.com/cc-temp/listing/185/8797/46891477-1956-pontiac-safari-thumb.jpg', 'https://photos.classiccars.com/cc-temp/listing/185/8797/46891557-1956-pontiac-safari-thumb.jpg', 'https://photos.classiccars.com/cc-temp/listing/185/8797/46891641-1956-pontiac-safari-thumb.jpg', 'https://photos.classiccars.com/cc-temp/listing/185/8797/46891475-1956-pontiac-safari-thumb.jpg', 'https://photos.classiccars.com/cc-temp/listing/185/8797/46891536-1956-pontiac-safari-thumb.jpg', 'https://photos.classiccars.com/cc-temp/listing/185/8797/46891614-1956-pontiac-safari-thumb.jpg', 'https://photos.classiccars.com/cc-temp/listing/185/8797/46891486-1956-pontiac-safari-thumb.jpg', 'https://photos.classiccars.com/cc-temp/listing/185/8797/46891537-1956-pontiac-safari-thumb.jpg', 'https://photos.classiccars.com/cc-temp/listing/185/8797/46891623-1956-pontiac-safari-thumb.jpg', 'https://photos.classiccars.com/cc-temp/listing/185/8797/46891471-1956-pontiac-safari-thumb.jpg', 'https://photos.classiccars.com/cc-temp/listing/185/8797/46891530-1956-pontiac-safari-thumb.jpg', 'https://photos.classiccars.com/cc-temp/listing/185/8797/46891610-1956-pontiac-safari-thumb.jpg', 'https://photos.classiccars.com/cc-temp/listing/185/8797/46891483-1956-pontiac-safari-thumb.jpg', 'https://photos.classiccars.com/cc-temp/listing/185/8797/46891560-1956-pontiac-safari-thumb.jpg', 'https://photos.classiccars.com/cc-temp/listing/185/8797/46891644-1956-pontiac-safari-thumb.jpg', 'https://photos.classiccars.com/cc-temp/listing/185/8797/46891481-1956-pontiac-safari-thumb.jpg', 'https://photos.classiccars.com/cc-temp/listing/185/8797/46891550-1956-pontiac-safari-thumb.jpg', 'https://photos.classiccars.com/cc-temp/listing/185/8797/46891628-1956-pontiac-safari-thumb.jpg', 'https://photos.classiccars.com/cc-temp/listing/185/8797/46891472-1956-pontiac-safari-thumb.jpg', 'https://photos.classiccars.com/cc-temp/listing/185/8797/46891549-1956-pontiac-safari-thumb.jpg', 'https://photos.classiccars.com/cc-temp/listing/185/8797/46891643-1956-pontiac-safari-thumb.jpg', 'https://photos.classiccars.com/cc-temp/listing/185/8797/46891468-1956-pontiac-safari-thumb.jpg', 'https://photos.classiccars.com/cc-temp/listing/185/8797/46891544-1956-pontiac-safari-thumb.jpg', 'https://photos.classiccars.com/cc-temp/listing/185/8797/46891620-1956-pontiac-safari-thumb.jpg', 'https://photos.classiccars.com/cc-temp/listing/185/8797/46891485-1956-pontiac-safari-thumb.jpg', 'https://photos.classiccars.com/cc-temp/listing/185/8797/46891531-1956-pontiac-safari-thumb.jpg', 'https://photos.classiccars.com/cc-temp/listing/185/8797/46891622-1956-pontiac-safari-thumb.jpg', 'https://photos.classiccars.com/cc-temp/listing/185/8797/46891478-1956-pontiac-safari-thumb.jpg', 'https://photos.classiccars.com/cc-temp/listing/185/8797/46891534-1956-pontiac-safari-thumb.jpg', 'https://photos.classiccars.com/cc-temp/listing/185/8797/46891618-1956-pontiac-safari-thumb.jpg', 'https://photos.classiccars.com/cc-temp/listing/185/8797/46891659-1956-pontiac-safari-thumb.jpg', 'https://photos.classiccars.com/cc-temp/listing/185/8797/46891701-1956-pontiac-safari-thumb.jpg', 'https://photos.classiccars.com/cc-temp/listing/185/8797/46891805-1956-pontiac-safari-thumb.jpg', 'https://photos.classiccars.com/cc-temp/listing/185/8797/46891680-1956-pontiac-safari-thumb.jpg', 'https://photos.classiccars.com/cc-temp/listing/185/8797/46891758-1956-pontiac-safari-thumb.jpg', 'https://photos.classiccars.com/cc-temp/listing/185/8797/46891837-1956-pontiac-safari-thumb.jpg', 'https://photos.classiccars.com/cc-temp/listing/185/8797/46891682-1956-pontiac-safari-thumb.jpg', 'https://photos.classiccars.com/cc-temp/listing/185/8797/46891749-1956-pontiac-safari-thumb.jpg', 'https://photos.classiccars.com/cc-temp/listing/185/8797/46891830-1956-pontiac-safari-thumb.jpg', 'https://photos.classiccars.com/cc-temp/listing/185/8797/46891683-1956-pontiac-safari-thumb.jpg', 'https://photos.classiccars.com/cc-temp/listing/185/8797/46891760-1956-pontiac-safari-thumb.jpg', 'https://photos.classiccars.com/cc-temp/listing/185/8797/46891832-1956-pontiac-safari-thumb.jpg', 'https://photos.classiccars.com/cc-temp/listing/185/8797/46891685-1956-pontiac-safari-thumb.jpg', 'https://photos.classiccars.com/cc-temp/listing/185/8797/46891752-1956-pontiac-safari-thumb.jpg', 'https://photos.classiccars.com/cc-temp/listing/185/8797/46891834-1956-pontiac-safari-thumb.jpg', 'https://photos.classiccars.com/cc-temp/listing/185/8797/46891689-1956-pontiac-safari-thumb.jpg', 'https://photos.classiccars.com/cc-temp/listing/185/8797/46891746-1956-pontiac-safari-thumb.jpg', 'https://photos.classiccars.com/cc-temp/listing/185/8797/47006657-1956-pontiac-safari-thumb.jpg']"
1931 Pontiac 2-Dr Coupe,"$44,000 (OBO)","Yellow, green, white",Manual,,2-Dr Coupe,Pontiac,Rebuilt - Running,1931,"['https://photos.classiccars.com/cc-temp/listing/192/9912/51275774-1931-pontiac-2-dr-coupe-thumb.jpg', 'https://photos.classiccars.com/cc-temp/listing/192/9912/51275770-1931-pontiac-2-dr-coupe-thumb.jpg', 'https://photos.classiccars.com/cc-temp/listing/192/9912/51256442-1931-pontiac-2-dr-coupe-thumb.jpg', 'https://photos.classiccars.com/cc-temp/listing/192/9912/51275765-1931-pontiac-2-dr-coupe-thumb.jpg', 'https://photos.classiccars.com/cc-temp/listing/192/9912/51275766-1931-pontiac-2-dr-coupe-thumb.jpg', 'https://photos.classiccars.com/cc-temp/listing/192/9912/51275767-1931-pontiac-2-dr-coupe-thumb.jpg', 'https://photos.classiccars.com/cc-temp/listing/192/9912/51256469-1931-pontiac-2-dr-coupe-thumb.jpg', 'https://photos.classiccars.com/cc-temp/listing/192/9912/51256471-1931-pontiac-2-dr-coupe-thumb.jpg', 'https://photos.classiccars.com/cc-temp/listing/192/9912/51275764-1931-pontiac-2-dr-coupe-thumb.jpg', 'https://photos.classiccars.com/cc-temp/listing/192/9912/51275768-1931-pontiac-2-dr-coupe-thumb.jpg', 'https://photos.classiccars.com/cc-temp/listing/192/9912/51256467-1931-pontiac-2-dr-coupe-thumb.jpg', 'https://photos.classiccars.com/cc-temp/listing/192/9912/51256465-1931-pontiac-2-dr-coupe-thumb.jpg', 'https://photos.classiccars.com/cc-temp/listing/192/9912/51256455-1931-pontiac-2-dr-coupe-thumb.jpg', 'https://photos.classiccars.com/cc-temp/listing/192/9912/51256461-1931-pontiac-2-dr-coupe-thumb.jpg', 'https://photos.classiccars.com/cc-temp/listing/192/9912/51275773-1931-pontiac-2-dr-coupe-thumb.jpg', 'https://photos.classiccars.com/cc-temp/listing/192/9912/51256452-1931-pontiac-2-dr-coupe-thumb.jpg', 'https://photos.classiccars.com/cc-temp/listing/192/9912/51256453-1931-pontiac-2-dr-coupe-thumb.jpg', 'https://photos.classiccars.com/cc-temp/listing/192/9912/51275772-1931-pontiac-2-dr-coupe-thumb.jpg', 'https://photos.classiccars.com/cc-temp/listing/192/9912/51275771-1931-pontiac-2-dr-coupe-thumb.jpg', 'https://photos.classiccars.com/cc-temp/listing/192/9912/51256441-1931-pontiac-2-dr-coupe-thumb.jpg', 'https://photos.classiccars.com/cc-temp/listing/192/9912/51256440-1931-pontiac-2-dr-coupe-thumb.jpg', 'https://photos.classiccars.com/cc-temp/listing/192/9912/51256443-1931-pontiac-2-dr-coupe-thumb.jpg', 'https://photos.classiccars.com/cc-temp/listing/192/9912/51256447-1931-pontiac-2-dr-coupe-thumb.jpg', 'https://photos.classiccars.com/cc-temp/listing/192/9912/51256448-1931-pontiac-2-dr-coupe-thumb.jpg', 'https://photos.classiccars.com/cc-temp/listing/192/9912/51256449-1931-pontiac-2-dr-coupe-thumb.jpg', 'https://photos.classiccars.com/cc-temp/listing/192/9912/51256450-1931-pontiac-2-dr-coupe-thumb.jpg', 'https://photos.classiccars.com/cc-temp/listing/192/9912/51256451-1931-pontiac-2-dr-coupe-thumb.jpg', 'https://photos.classiccars.com/cc-temp/listing/192/9912/51256454-1931-pontiac-2-dr-coupe-thumb.jpg', 'https://photos.classiccars.com/cc-temp/listing/192/9912/51256456-1931-pontiac-2-dr-coupe-thumb.jpg', 'https://photos.classiccars.com/cc-temp/listing/192/9912/51256457-1931-pontiac-2-dr-coupe-thumb.jpg', 'https://photos.classiccars.com/cc-temp/listing/192/9912/51256458-1931-pontiac-2-dr-coupe-thumb.jpg', 'https://photos.classiccars.com/cc-temp/listing/192/9912/51256459-1931-pontiac-2-dr-coupe-thumb.jpg', 'https://photos.classiccars.com/cc-temp/listing/192/9912/51256460-1931-pontiac-2-dr-coupe-thumb.jpg', 'https://photos.classiccars.com/cc-temp/listing/192/9912/51256462-1931-pontiac-2-dr-coupe-thumb.jpg', 'https://photos.classiccars.com/cc-temp/listing/192/9912/51256463-1931-pontiac-2-dr-coupe-thumb.jpg', 'https://photos.classiccars.com/cc-temp/listing/192/9912/51256466-1931-pontiac-2-dr-coupe-thumb.jpg', 'https://photos.classiccars.com/cc-temp/listing/192/9912/51256468-1931-pontiac-2-dr-coupe-thumb.jpg', 'https://photos.classiccars.com/cc-temp/listing/192/9912/51256470-1931-pontiac-2-dr-coupe-thumb.jpg', 'https://photos.classiccars.com/cc-temp/listing/192/9912/51256472-1931-pontiac-2-dr-coupe-thumb.jpg', 'https://photos.classiccars.com/cc-temp/listing/192/9912/51256473-1931-pontiac-2-dr-coupe-thumb.jpg', 'https://photos.classiccars.com/cc-temp/listing/192/9912/51275769-1931-pontiac-2-dr-coupe-thumb.jpg', 'https://photos.classiccars.com/cc-temp/listing/192/9912/51256464-1931-pontiac-2-dr-coupe-thumb.jpg']"
1957 Ford Thunderbird E-Code Convertible,"$62,000 (OBO)",Black,Manual,,Thunderbird E-Code Convertible,Ford,Original - Running,1957,"['https://photos.classiccars.com/cc-temp/listing/190/7710/49912594-1957-ford-thunderbird-e-code-convertible-thumb.jpg', 'https://photos.classiccars.com/cc-temp/listing/190/7710/49912605-1957-ford-thunderbird-e-code-convertible-thumb.jpg', 'https://photos.classiccars.com/cc-temp/listing/190/7710/49912588-1957-ford-thunderbird-e-code-convertible-thumb.jpg', 'https://photos.classiccars.com/cc-temp/listing/190/7710/49912615-1957-ford-thunderbird-e-code-convertible-thumb.jpg', 'https://photos.classiccars.com/cc-temp/listing/190/7710/49912595-1957-ford-thunderbird-e-code-convertible-thumb.jpg', 'https://photos.classiccars.com/cc-temp/listing/190/7710/49912593-1957-ford-thunderbird-e-code-convertible-thumb.jpg', 'https://photos.classiccars.com/cc-temp/listing/190/7710/49912596-1957-ford-thunderbird-e-code-convertible-thumb.jpg', 'https://photos.classiccars.com/cc-temp/listing/190/7710/49912614-1957-ford-thunderbird-e-code-convertible-thumb.jpg', 'https://photos.classiccars.com/cc-temp/listing/190/7710/49912601-1957-ford-thunderbird-e-code-convertible-thumb.jpg', 'https://photos.classiccars.com/cc-temp/listing/190/7710/49912598-1957-ford-thunderbird-e-code-convertible-thumb.jpg', 'https://photos.classiccars.com/cc-temp/listing/190/7710/49912609-1957-ford-thunderbird-e-code-convertible-thumb.jpg', 'https://photos.classiccars.com/cc-temp/listing/190/7710/49912611-1957-ford-thunderbird-e-code-convertible-thumb.jpg', 'https://photos.classiccars.com/cc-temp/listing/190/7710/49912613-1957-ford-thunderbird-e-code-convertible-thumb.jpg', 'https://photos.classiccars.com/cc-temp/listing/190/7710/49912607-1957-ford-thunderbird-e-code-convertible-thumb.jpg', 'https://photos.classiccars.com/cc-temp/listing/190/7710/49912592-1957-ford-thunderbird-e-code-convertible-thumb.jpg', 'https://photos.classiccars.com/cc-temp/listing/190/7710/49912589-1957-ford-thunderbird-e-code-convertible-thumb.jpg', 'https://photos.classiccars.com/cc-temp/listing/190/7710/49912587-1957-ford-thunderbird-e-code-convertible-thumb.jpg', 'https://photos.classiccars.com/cc-temp/listing/190/7710/49912597-1957-ford-thunderbird-e-code-convertible-thumb.jpg', 'https://photos.classiccars.com/cc-temp/listing/190/7710/49912591-1957-ford-thunderbird-e-code-convertible-thumb.jpg', 'https://photos.classiccars.com/cc-temp/listing/190/7710/49912610-1957-ford-thunderbird-e-code-convertible-thumb.jpg', 'https://photos.classiccars.com/cc-temp/listing/190/7710/49912602-1957-ford-thunderbird-e-code-convertible-thumb.jpg', 'https://photos.classiccars.com/cc-temp/listing/190/7710/49912608-1957-ford-thunderbird-e-code-convertible-thumb.jpg', 'https://photos.classiccars.com/cc-temp/listing/190/7710/49912612-1957-ford-thunderbird-e-code-convertible-thumb.jpg', 'https://photos.classiccars.com/cc-temp/listing/190/7710/49912603-1957-ford-thunderbird-e-code-convertible-thumb.jpg', 'https://photos.classiccars.com/cc-temp/listing/190/7710/49912600-1957-ford-thunderbird-e-code-convertible-thumb.jpg', 'https://photos.classiccars.com/cc-temp/listing/190/7710/49912590-1957-ford-thunderbird-e-code-convertible-thumb.jpg', 'https://photos.classiccars.com/cc-temp/listing/190/7710/49912599-1957-ford-thunderbird-e-code-convertible-thumb.jpg', 'https://photos.classiccars.com/cc-temp/listing/190/7710/49912606-1957-ford-thunderbird-e-code-convertible-thumb.jpg']"
2000 Honda S2000,"$31,750 (OBO)",Silverstone Metallic,Manual,,S2000,Honda,Original - Running,2000,"['https://photos.classiccars.com/cc-temp/listing/169/2104/37098085-2000-honda-s2000-thumb.jpg', 'https://photos.classiccars.com/cc-temp/listing/169/2104/38429477-2000-honda-s2000-thumb.jpg', 'https://photos.classiccars.com/cc-temp/listing/169/2104/37098093-2000-honda-s2000-thumb.jpg', 'https://photos.classiccars.com/cc-temp/listing/169/2104/41529489-2000-honda-s2000-thumb.jpg', 'https://photos.classiccars.com/cc-temp/listing/169/2104/37098095-2000-honda-s2000-thumb.jpg', 'https://photos.classiccars.com/cc-temp/listing/169/2104/37098062-2000-honda-s2000-thumb.jpg', 'https://photos.classiccars.com/cc-temp/listing/169/2104/37098060-2000-honda-s2000-thumb.jpg', 'https://photos.classiccars.com/cc-temp/listing/169/2104/37098063-2000-honda-s2000-thumb.jpg', 'https://photos.classiccars.com/cc-temp/listing/169/2104/38429534-2000-honda-s2000-thumb.jpg', 'https://photos.classiccars.com/cc-temp/listing/169/2104/40584333-2000-honda-s2000-thumb.jpg', 'https://photos.classiccars.com/cc-temp/listing/169/2104/41492450-2000-honda-s2000-thumb.jpg', 'https://photos.classiccars.com/cc-temp/listing/169/2104/41530491-2000-honda-s2000-thumb.jpg', 'https://photos.classiccars.com/cc-temp/listing/169/2104/41530492-2000-honda-s2000-thumb.jpg', 'https://photos.classiccars.com/cc-temp/listing/169/2104/41530493-2000-honda-s2000-thumb.jpg', 'https://photos.classiccars.com/cc-temp/listing/169/2104/41530520-2000-honda-s2000-thumb.jpg', 'https://photos.classiccars.com/cc-temp/listing/169/2104/41530521-2000-honda-s2000-thumb.jpg', 'https://photos.classiccars.com/cc-temp/listing/169/2104/41530522-2000-honda-s2000-thumb.jpg']"
1976 Mercedes-Benz 450SLC,"$11,900 (OBO)",Brown,Automatic,,450SLC,Mercedes-Benz, - ,1976,"['https://photos.classiccars.com/cc-temp/listing/194/9615/52513914-1976-mercedes-benz-450slc-thumb.jpg', 'https://photos.classiccars.com/cc-temp/listing/194/9615/52513913-1976-mercedes-benz-450slc-thumb.jpg', 'https://photos.classiccars.com/cc-temp/listing/194/9615/52513917-1976-mercedes-benz-450slc-thumb.jpg', 'https://photos.classiccars.com/cc-temp/listing/194/9615/52513916-1976-mercedes-benz-450slc-thumb.jpg', 'https://photos.classiccars.com/cc-temp/listing/194/9615/52513912-1976-mercedes-benz-450slc-thumb.jpg', 'https://photos.classiccars.com/cc-temp/listing/194/9615/52513911-1976-mercedes-benz-450slc-thumb.jpg', 'https://photos.classiccars.com/cc-temp/listing/194/9615/52513910-1976-mercedes-benz-450slc-thumb.jpg', 'https://photos.classiccars.com/cc-temp/listing/194/9615/52513918-1976-mercedes-benz-450slc-thumb.jpg', 'https://photos.classiccars.com/cc-temp/listing/194/9615/52513919-1976-mercedes-benz-450slc-thumb.jpg', 'https://photos.classiccars.com/cc-temp/listing/194/9615/52513909-1976-mercedes-benz-450slc-thumb.jpg', 'https://photos.classiccars.com/cc-temp/listing/194/9615/52513904-1976-mercedes-benz-450slc-thumb.jpg', 'https://photos.classiccars.com/cc-temp/listing/194/9615/52513903-1976-mercedes-benz-450slc-thumb.jpg', 'https://photos.classiccars.com/cc-temp/listing/194/9615/52513920-1976-mercedes-benz-450slc-thumb.jpg', 'https://photos.classiccars.com/cc-temp/listing/194/9615/52513907-1976-mercedes-benz-450slc-thumb.jpg', 'https://photos.classiccars.com/cc-temp/listing/194/9615/52513900-1976-mercedes-benz-450slc-thumb.jpg', 'https://photos.classiccars.com/cc-temp/listing/194/9615/52513902-1976-mercedes-benz-450slc-thumb.jpg', 'https://photos.classiccars.com/cc-temp/listing/194/9615/52513908-1976-mercedes-benz-450slc-thumb.jpg', 'https://photos.classiccars.com/cc-temp/listing/194/9615/52513901-1976-mercedes-benz-450slc-thumb.jpg', 'https://photos.classiccars.com/cc-temp/listing/194/9615/52513905-1976-mercedes-benz-450slc-thumb.jpg', 'https://photos.classiccars.com/cc-temp/listing/194/9615/52513906-1976-mercedes-benz-450slc-thumb.jpg', 'https://photos.classiccars.com/cc-temp/listing/194/9615/52604653-1976-mercedes-benz-450slc-thumb.jpg']"
1965 Ford Mustang,"$27,000 (OBO)",Ruby Red,Automatic,,Mustang,Ford, - ,1965,"['https://photos.classiccars.com/cc-temp/listing/191/927/50062113-1965-ford-mustang-thumb.jpg', 'https://photos.classiccars.com/cc-temp/listing/191/927/50062097-1965-ford-mustang-thumb.jpg', 'https://photos.classiccars.com/cc-temp/listing/191/927/50062096-1965-ford-mustang-thumb.jpg', 'https://photos.classiccars.com/cc-temp/listing/191/927/50062100-1965-ford-mustang-thumb.jpg', 'https://photos.classiccars.com/cc-temp/listing/191/927/50062095-1965-ford-mustang-thumb.jpg', 'https://photos.classiccars.com/cc-temp/listing/191/927/50062105-1965-ford-mustang-thumb.jpg', 'https://photos.classiccars.com/cc-temp/listing/191/927/50062115-1965-ford-mustang-thumb.jpg', 'https://photos.classiccars.com/cc-temp/listing/191/927/50062092-1965-ford-mustang-thumb.jpg', 'https://photos.classiccars.com/cc-temp/listing/191/927/50062101-1965-ford-mustang-thumb.jpg', 'https://photos.classiccars.com/cc-temp/listing/191/927/50062102-1965-ford-mustang-thumb.jpg', 'https://photos.classiccars.com/cc-temp/listing/191/927/50062094-1965-ford-mustang-thumb.jpg', 'https://photos.classiccars.com/cc-temp/listing/191/927/50062103-1965-ford-mustang-thumb.jpg', 'https://photos.classiccars.com/cc-temp/listing/191/927/50062106-1965-ford-mustang-thumb.jpg', 'https://photos.classiccars.com/cc-temp/listing/191/927/50062108-1965-ford-mustang-thumb.jpg', 'https://photos.classiccars.com/cc-temp/listing/191/927/50062109-1965-ford-mustang-thumb.jpg', 'https://photos.classiccars.com/cc-temp/listing/191/927/50062110-1965-ford-mustang-thumb.jpg', 'https://photos.classiccars.com/cc-temp/listing/191/927/50062111-1965-ford-mustang-thumb.jpg', 'https://photos.classiccars.com/cc-temp/listing/191/927/50062098-1965-ford-mustang-thumb.jpg', 'https://photos.classiccars.com/cc-temp/listing/191/927/50062114-1965-ford-mustang-thumb.jpg', 'https://photos.classiccars.com/cc-temp/listing/191/927/50062107-1965-ford-mustang-thumb.jpg', 'https://photos.classiccars.com/cc-temp/listing/191/927/50062093-1965-ford-mustang-thumb.jpg', 'https://photos.classiccars.com/cc-temp/listing/191/927/50062104-1965-ford-mustang-thumb.jpg', 'https://photos.classiccars.com/cc-temp/listing/191/927/51553012-1965-ford-mustang-thumb.jpg', 'https://photos.classiccars.com/cc-temp/listing/191/927/51553013-1965-ford-mustang-thumb.jpg', 'https://photos.classiccars.com/cc-temp/listing/191/927/51553014-1965-ford-mustang-thumb.jpg', 'https://photos.classiccars.com/cc-temp/listing/191/927/51553015-1965-ford-mustang-thumb.jpg', 'https://photos.classiccars.com/cc-temp/listing/191/927/51553016-1965-ford-mustang-thumb.jpg', 'https://photos.classiccars.com/cc-temp/listing/191/927/51553017-1965-ford-mustang-thumb.jpg', 'https://photos.classiccars.com/cc-temp/listing/191/927/51553018-1965-ford-mustang-thumb.jpg', 'https://photos.classiccars.com/cc-temp/listing/191/927/51553019-1965-ford-mustang-thumb.jpg', 'https://photos.classiccars.com/cc-temp/listing/191/927/51553020-1965-ford-mustang-thumb.jpg', 'https://photos.classiccars.com/cc-temp/listing/191/927/51553021-1965-ford-mustang-thumb.jpg']"
2012 Chevrolet Corvette,"$35,000",Yellow,Automatic,,Corvette,Chevrolet, - Running,2012,"['https://photos.classiccars.com/cc-temp/listing/187/2064/47809759-2012-chevrolet-corvette-grand-sport-thumb.jpg', 'https://photos.classiccars.com/cc-temp/listing/187/2064/47809764-2012-chevrolet-corvette-grand-sport-thumb.jpg', 'https://photos.classiccars.com/cc-temp/listing/187/2064/47809761-2012-chevrolet-corvette-grand-sport-thumb.jpg', 'https://photos.classiccars.com/cc-temp/listing/187/2064/47809760-2012-chevrolet-corvette-grand-sport-thumb.jpg', 'https://photos.classiccars.com/cc-temp/listing/187/2064/47809729-2012-chevrolet-corvette-grand-sport-thumb.jpg', 'https://photos.classiccars.com/cc-temp/listing/187/2064/47809766-2012-chevrolet-corvette-grand-sport-thumb.jpg', 'https://photos.classiccars.com/cc-temp/listing/187/2064/47809765-2012-chevrolet-corvette-grand-sport-thumb.jpg', 'https://photos.classiccars.com/cc-temp/listing/187/2064/47809726-2012-chevrolet-corvette-grand-sport-thumb.jpg', 'https://photos.classiccars.com/cc-temp/listing/187/2064/47809728-2012-chevrolet-corvette-grand-sport-thumb.jpg', 'https://photos.classiccars.com/cc-temp/listing/187/2064/47809750-2012-chevrolet-corvette-grand-sport-thumb.jpg', 'https://photos.classiccars.com/cc-temp/listing/187/2064/47809723-2012-chevrolet-corvette-grand-sport-thumb.jpg', 'https://photos.classiccars.com/cc-temp/listing/187/2064/47809724-2012-chevrolet-corvette-grand-sport-thumb.jpg', 'https://photos.classiccars.com/cc-temp/listing/187/2064/47809730-2012-chevrolet-corvette-grand-sport-thumb.jpg', 'https://photos.classiccars.com/cc-temp/listing/187/2064/47809731-2012-chevrolet-corvette-grand-sport-thumb.jpg', 'https://photos.classiccars.com/cc-temp/listing/187/2064/47809732-2012-chevrolet-corvette-grand-sport-thumb.jpg', 'https://photos.classiccars.com/cc-temp/listing/187/2064/47809733-2012-chevrolet-corvette-grand-sport-thumb.jpg', 'https://photos.classiccars.com/cc-temp/listing/187/2064/47809734-2012-chevrolet-corvette-grand-sport-thumb.jpg', 'https://photos.classiccars.com/cc-temp/listing/187/2064/47809767-2012-chevrolet-corvette-grand-sport-thumb.jpg', 'https://photos.classiccars.com/cc-temp/listing/187/2064/47809735-2012-chevrolet-corvette-grand-sport-thumb.jpg', 'https://photos.classiccars.com/cc-temp/listing/187/2064/47809736-2012-chevrolet-corvette-grand-sport-thumb.jpg', 'https://photos.classiccars.com/cc-temp/listing/187/2064/47809737-2012-chevrolet-corvette-grand-sport-thumb.jpg', 'https://photos.classiccars.com/cc-temp/listing/187/2064/47809738-2012-chevrolet-corvette-grand-sport-thumb.jpg', 'https://photos.classiccars.com/cc-temp/listing/187/2064/47809739-2012-chevrolet-corvette-grand-sport-thumb.jpg', 'https://photos.classiccars.com/cc-temp/listing/187/2064/47809740-2012-chevrolet-corvette-grand-sport-thumb.jpg', 'https://photos.classiccars.com/cc-temp/listing/187/2064/47809742-2012-chevrolet-corvette-grand-sport-thumb.jpg', 'https://photos.classiccars.com/cc-temp/listing/187/2064/47809748-2012-chevrolet-corvette-grand-sport-thumb.jpg', 'https://photos.classiccars.com/cc-temp/listing/187/2064/47809751-2012-chevrolet-corvette-grand-sport-thumb.jpg', 'https://photos.classiccars.com/cc-temp/listing/187/2064/47809753-2012-chevrolet-corvette-grand-sport-thumb.jpg', 'https://photos.classiccars.com/cc-temp/listing/187/2064/47809754-2012-chevrolet-corvette-grand-sport-thumb.jpg', 'https://photos.classiccars.com/cc-temp/listing/187/2064/47809755-2012-chevrolet-corvette-grand-sport-thumb.jpg', 'https://photos.classiccars.com/cc-temp/listing/187/2064/47809756-2012-chevrolet-corvette-grand-sport-thumb.jpg', 'https://photos.classiccars.com/cc-temp/listing/187/2064/47809757-2012-chevrolet-corvette-grand-sport-thumb.jpg', 'https://photos.classiccars.com/cc-temp/listing/187/2064/47809758-2012-chevrolet-corvette-grand-sport-thumb.jpg', 'https://photos.classiccars.com/cc-temp/listing/187/2064/47809762-2012-chevrolet-corvette-grand-sport-thumb.jpg', 'https://photos.classiccars.com/cc-temp/listing/187/2064/47809763-2012-chevrolet-corvette-grand-sport-thumb.jpg', 'https://photos.classiccars.com/cc-temp/listing/187/2064/47809716-2012-chevrolet-corvette-grand-sport-thumb.jpg']"
1949 Willys Wagoneer,"$25,000 (OBO)",Painted Woody,Manual,Fully Restored,Wagoneer,Willys,Rebuilt - Running,1949,"['https://photos.classiccars.com/cc-temp/listing/186/8267/47601941-1949-willys-wagoneer-thumb.jpg', 'https://photos.classiccars.com/cc-temp/listing/186/8267/47602003-1949-willys-wagoneer-thumb.jpg', 'https://photos.classiccars.com/cc-temp/listing/186/8267/47597995-1949-willys-wagoneer-thumb.jpg']"
1956 Buick Super,"$29,000",Light Blue and White,Automatic,,Super,Buick,Original - Running,1956,"['https://photos.classiccars.com/cc-temp/listing/186/6797/47502584-1956-buick-super-thumb.jpg', 'https://photos.classiccars.com/cc-temp/listing/186/6797/47502575-1956-buick-super-thumb.jpg', 'https://photos.classiccars.com/cc-temp/listing/186/6797/47502590-1956-buick-super-thumb.jpg', 'https://photos.classiccars.com/cc-temp/listing/186/6797/47502571-1956-buick-super-thumb.jpg', 'https://photos.classiccars.com/cc-temp/listing/186/6797/47502583-1956-buick-super-thumb.jpg', 'https://photos.classiccars.com/cc-temp/listing/186/6797/47502580-1956-buick-super-thumb.jpg', 'https://photos.classiccars.com/cc-temp/listing/186/6797/47502585-1956-buick-super-thumb.jpg', 'https://photos.classiccars.com/cc-temp/listing/186/6797/47502578-1956-buick-super-thumb.jpg', 'https://photos.classiccars.com/cc-temp/listing/186/6797/47502589-1956-buick-super-thumb.jpg', 'https://photos.classiccars.com/cc-temp/listing/186/6797/47502581-1956-buick-super-thumb.jpg', 'https://photos.classiccars.com/cc-temp/listing/186/6797/47502579-1956-buick-super-thumb.jpg', 'https://photos.classiccars.com/cc-temp/listing/186/6797/47502582-1956-buick-super-thumb.jpg', 'https://photos.classiccars.com/cc-temp/listing/186/6797/47502587-1956-buick-super-thumb.jpg', 'https://photos.classiccars.com/cc-temp/listing/186/6797/47502592-1956-buick-super-thumb.jpg', 'https://photos.classiccars.com/cc-temp/listing/186/6797/47502573-1956-buick-super-thumb.jpg', 'https://photos.classiccars.com/cc-temp/listing/186/6797/47502574-1956-buick-super-thumb.jpg', 'https://photos.classiccars.com/cc-temp/listing/186/6797/47502588-1956-buick-super-thumb.jpg', 'https://photos.classiccars.com/cc-temp/listing/186/6797/47502591-1956-buick-super-thumb.jpg', 'https://photos.classiccars.com/cc-temp/listing/186/6797/47502577-1956-buick-super-thumb.jpg', 'https://photos.classiccars.com/cc-temp/listing/186/6797/47502586-1956-buick-super-thumb.jpg', 'https://photos.classiccars.com/cc-temp/listing/186/6797/47502576-1956-buick-super-thumb.jpg']"
1985 Toyota Supra,"$18,500 (OBO)",Maroon Metallic,Manual,,Supra,Toyota, - ,1985,"['https://photos.classiccars.com/cc-temp/listing/194/6003/52321917-1985-toyota-supra-thumb.jpg', 'https://photos.classiccars.com/cc-temp/listing/194/6003/52321922-1985-toyota-supra-thumb.jpg', 'https://photos.classiccars.com/cc-temp/listing/194/6003/52321918-1985-toyota-supra-thumb.jpg', 'https://photos.classiccars.com/cc-temp/listing/194/6003/52321921-1985-toyota-supra-thumb.jpg', 'https://photos.classiccars.com/cc-temp/listing/194/6003/52321919-1985-toyota-supra-thumb.jpg', 'https://photos.classiccars.com/cc-temp/listing/194/6003/52321920-1985-toyota-supra-thumb.jpg', 'https://photos.classiccars.com/cc-temp/listing/194/6003/52321923-1985-toyota-supra-thumb.jpg']"
2015 Chevrolet Camaro ZL1,"$49,995",Red Metalic,Manual,,Camaro ZL1,Chevrolet,Original - Running,2015,"['https://photos.classiccars.com/cc-temp/listing/186/9355/47645717-2015-chevrolet-camaro-zl1-thumb.jpg', 'https://photos.classiccars.com/cc-temp/listing/186/9355/47645718-2015-chevrolet-camaro-zl1-thumb.jpg', 'https://photos.classiccars.com/cc-temp/listing/186/9355/47645719-2015-chevrolet-camaro-zl1-thumb.jpg', 'https://photos.classiccars.com/cc-temp/listing/186/9355/47645721-2015-chevrolet-camaro-zl1-thumb.jpg', 'https://photos.classiccars.com/cc-temp/listing/186/9355/47645722-2015-chevrolet-camaro-zl1-thumb.jpg', 'https://photos.classiccars.com/cc-temp/listing/186/9355/47645720-2015-chevrolet-camaro-zl1-thumb.jpg']"
1987 Suzuki Samurai,"$20,000 (OBO)",Sapphire Blue,Manual,,Samurai,Suzuki, - ,1987,"['https://photos.classiccars.com/cc-temp/listing/194/6820/52368853-1987-suzuki-samurai-thumb.jpg', 'https://photos.classiccars.com/cc-temp/listing/194/6820/52368854-1987-suzuki-samurai-thumb.jpg', 'https://photos.classiccars.com/cc-temp/listing/194/6820/52368855-1987-suzuki-samurai-thumb.jpg', 'https://photos.classiccars.com/cc-temp/listing/194/6820/52368876-1987-suzuki-samurai-thumb.jpg', 'https://photos.classiccars.com/cc-temp/listing/194/6820/52368880-1987-suzuki-samurai-thumb.jpg', 'https://photos.classiccars.com/cc-temp/listing/194/6820/52368881-1987-suzuki-samurai-thumb.jpg', 'https://photos.classiccars.com/cc-temp/listing/194/6820/52368882-1987-suzuki-samurai-thumb.jpg', 'https://photos.classiccars.com/cc-temp/listing/194/6820/52368883-1987-suzuki-samurai-thumb.jpg', 'https://photos.classiccars.com/cc-temp/listing/194/6820/52368884-1987-suzuki-samurai-thumb.jpg', 'https://photos.classiccars.com/cc-temp/listing/194/6820/52368891-1987-suzuki-samurai-thumb.jpg', 'https://photos.classiccars.com/cc-temp/listing/194/6820/52368896-1987-suzuki-samurai-thumb.jpg', 'https://photos.classiccars.com/cc-temp/listing/194/6820/52368897-1987-suzuki-samurai-thumb.jpg', 'https://photos.classiccars.com/cc-temp/listing/194/6820/52368898-1987-suzuki-samurai-thumb.jpg', 'https://photos.classiccars.com/cc-temp/listing/194/6820/52368899-1987-suzuki-samurai-thumb.jpg', 'https://photos.classiccars.com/cc-temp/listing/194/6820/52368900-1987-suzuki-samurai-thumb.jpg', 'https://photos.classiccars.com/cc-temp/listing/194/6820/52368901-1987-suzuki-samurai-thumb.jpg', 'https://photos.classiccars.com/cc-temp/listing/194/6820/52368902-1987-suzuki-samurai-thumb.jpg', 'https://photos.classiccars.com/cc-temp/listing/194/6820/52368903-1987-suzuki-samurai-thumb.jpg', 'https://photos.classiccars.com/cc-temp/listing/194/6820/52368904-1987-suzuki-samurai-thumb.jpg', 'https://photos.classiccars.com/cc-temp/listing/194/6820/52368905-1987-suzuki-samurai-thumb.jpg', 'https://photos.classiccars.com/cc-temp/listing/194/6820/52368906-1987-suzuki-samurai-thumb.jpg', 'https://photos.classiccars.com/cc-temp/listing/194/6820/52368907-1987-suzuki-samurai-thumb.jpg', 'https://photos.classiccars.com/cc-temp/listing/194/6820/52368908-1987-suzuki-samurai-thumb.jpg', 'https://photos.classiccars.com/cc-temp/listing/194/6820/52368909-1987-suzuki-samurai-thumb.jpg', 'https://photos.classiccars.com/cc-temp/listing/194/6820/52368940-1987-suzuki-samurai-thumb.jpg', 'https://photos.classiccars.com/cc-temp/listing/194/6820/52368941-1987-suzuki-samurai-thumb.jpg', 'https://photos.classiccars.com/cc-temp/listing/194/6820/52368942-1987-suzuki-samurai-thumb.jpg']"
1956 Pontiac Wagon,"$60,000",PPG Candy Apple red,Automatic,,Wagon,Pontiac,Replaced - Running,1956,"['https://photos.classiccars.com/cc-temp/listing/184/1800/45665946-1956-pontiac-chieftain-thumb.jpg', 'https://photos.classiccars.com/cc-temp/listing/184/1800/45665953-1956-pontiac-chieftain-thumb.jpg', 'https://photos.classiccars.com/cc-temp/listing/184/1800/45665952-1956-pontiac-chieftain-thumb.jpg', 'https://photos.classiccars.com/cc-temp/listing/184/1800/45665951-1956-pontiac-chieftain-thumb.jpg', 'https://photos.classiccars.com/cc-temp/listing/184/1800/45665950-1956-pontiac-chieftain-thumb.jpg', 'https://photos.classiccars.com/cc-temp/listing/184/1800/45665949-1956-pontiac-chieftain-thumb.jpg', 'https://photos.classiccars.com/cc-temp/listing/184/1800/45665948-1956-pontiac-chieftain-thumb.jpg', 'https://photos.classiccars.com/cc-temp/listing/184/1800/45665954-1956-pontiac-chieftain-thumb.jpg', 'https://photos.classiccars.com/cc-temp/listing/184/1800/45665955-1956-pontiac-chieftain-thumb.jpg', 'https://photos.classiccars.com/cc-temp/listing/184/1800/45665956-1956-pontiac-chieftain-thumb.jpg', 'https://photos.classiccars.com/cc-temp/listing/184/1800/45665957-1956-pontiac-chieftain-thumb.jpg', 'https://photos.classiccars.com/cc-temp/listing/184/1800/45665958-1956-pontiac-chieftain-thumb.jpg', 'https://photos.classiccars.com/cc-temp/listing/184/1800/45665959-1956-pontiac-chieftain-thumb.jpg', 'https://photos.classiccars.com/cc-temp/listing/184/1800/45665960-1956-pontiac-chieftain-thumb.jpg', 'https://photos.classiccars.com/cc-temp/listing/184/1800/45665961-1956-pontiac-chieftain-thumb.jpg', 'https://photos.classiccars.com/cc-temp/listing/184/1800/45665962-1956-pontiac-chieftain-thumb.jpg', 'https://photos.classiccars.com/cc-temp/listing/184/1800/45665963-1956-pontiac-chieftain-thumb.jpg', 'https://photos.classiccars.com/cc-temp/listing/184/1800/45665964-1956-pontiac-chieftain-thumb.jpg', 'https://photos.classiccars.com/cc-temp/listing/184/1800/45665965-1956-pontiac-chieftain-thumb.jpg', 'https://photos.classiccars.com/cc-temp/listing/184/1800/45665966-1956-pontiac-chieftain-thumb.jpg', 'https://photos.classiccars.com/cc-temp/listing/184/1800/45665967-1956-pontiac-chieftain-thumb.jpg', 'https://photos.classiccars.com/cc-temp/listing/184/1800/45665968-1956-pontiac-chieftain-thumb.jpg', 'https://photos.classiccars.com/cc-temp/listing/184/1800/45665969-1956-pontiac-chieftain-thumb.jpg', 'https://photos.classiccars.com/cc-temp/listing/184/1800/45665970-1956-pontiac-chieftain-thumb.jpg', 'https://photos.classiccars.com/cc-temp/listing/184/1800/45665971-1956-pontiac-chieftain-thumb.jpg', 'https://photos.classiccars.com/cc-temp/listing/184/1800/45665972-1956-pontiac-chieftain-thumb.jpg', 'https://photos.classiccars.com/cc-temp/listing/184/1800/45665973-1956-pontiac-chieftain-thumb.jpg', 'https://photos.classiccars.com/cc-temp/listing/184/1800/45665974-1956-pontiac-chieftain-thumb.jpg', 'https://photos.classiccars.com/cc-temp/listing/184/1800/45665975-1956-pontiac-chieftain-thumb.jpg', 'https://photos.classiccars.com/cc-temp/listing/184/1800/45665976-1956-pontiac-chieftain-thumb.jpg', 'https://photos.classiccars.com/cc-temp/listing/184/1800/45665977-1956-pontiac-chieftain-thumb.jpg', 'https://photos.classiccars.com/cc-temp/listing/184/1800/45665978-1956-pontiac-chieftain-thumb.jpg', 'https://photos.classiccars.com/cc-temp/listing/184/1800/45665979-1956-pontiac-chieftain-thumb.jpg', 'https://photos.classiccars.com/cc-temp/listing/184/1800/45665980-1956-pontiac-chieftain-thumb.jpg', 'https://photos.classiccars.com/cc-temp/listing/184/1800/45665981-1956-pontiac-chieftain-thumb.jpg', 'https://photos.classiccars.com/cc-temp/listing/184/1800/45665982-1956-pontiac-chieftain-thumb.jpg', 'https://photos.classiccars.com/cc-temp/listing/184/1800/45665983-1956-pontiac-chieftain-thumb.jpg', 'https://photos.classiccars.com/cc-temp/listing/184/1800/45665984-1956-pontiac-chieftain-thumb.jpg', 'https://photos.classiccars.com/cc-temp/listing/184/1800/45665985-1956-pontiac-chieftain-thumb.jpg', 'https://photos.classiccars.com/cc-temp/listing/184/1800/45665986-1956-pontiac-chieftain-thumb.jpg', 'https://photos.classiccars.com/cc-temp/listing/184/1800/45665987-1956-pontiac-chieftain-thumb.jpg', 'https://photos.classiccars.com/cc-temp/listing/184/1800/45665988-1956-pontiac-chieftain-thumb.jpg', 'https://photos.classiccars.com/cc-temp/listing/184/1800/45665989-1956-pontiac-chieftain-thumb.jpg']"
1988 Chevrolet Corvette,"$16,000",Bright Red,Automatic,,Corvette,Chevrolet, - ,1988,"['https://photos.classiccars.com/cc-temp/listing/191/4012/50251424-1988-chevrolet-corvette-thumb.jpg', 'https://photos.classiccars.com/cc-temp/listing/191/4012/50251352-1988-chevrolet-corvette-thumb.jpg', 'https://photos.classiccars.com/cc-temp/listing/191/4012/50251423-1988-chevrolet-corvette-thumb.jpg', 'https://photos.classiccars.com/cc-temp/listing/191/4012/50251353-1988-chevrolet-corvette-thumb.jpg', 'https://photos.classiccars.com/cc-temp/listing/191/4012/50251428-1988-chevrolet-corvette-thumb.jpg', 'https://photos.classiccars.com/cc-temp/listing/191/4012/50251435-1988-chevrolet-corvette-thumb.jpg', 'https://photos.classiccars.com/cc-temp/listing/191/4012/50251431-1988-chevrolet-corvette-thumb.jpg', 'https://photos.classiccars.com/cc-temp/listing/191/4012/50251425-1988-chevrolet-corvette-thumb.jpg', 'https://photos.classiccars.com/cc-temp/listing/191/4012/50251426-1988-chevrolet-corvette-thumb.jpg', 'https://photos.classiccars.com/cc-temp/listing/191/4012/50251427-1988-chevrolet-corvette-thumb.jpg', 'https://photos.classiccars.com/cc-temp/listing/191/4012/50251429-1988-chevrolet-corvette-thumb.jpg', 'https://photos.classiccars.com/cc-temp/listing/191/4012/50251430-1988-chevrolet-corvette-thumb.jpg', 'https://photos.classiccars.com/cc-temp/listing/191/4012/50251436-1988-chevrolet-corvette-thumb.jpg', 'https://photos.classiccars.com/cc-temp/listing/191/4012/50251433-1988-chevrolet-corvette-thumb.jpg', 'https://photos.classiccars.com/cc-temp/listing/191/4012/50251448-1988-chevrolet-corvette-thumb.jpg', 'https://photos.classiccars.com/cc-temp/listing/191/4012/50251432-1988-chevrolet-corvette-thumb.jpg', 'https://photos.classiccars.com/cc-temp/listing/191/4012/50251447-1988-chevrolet-corvette-thumb.jpg', 'https://photos.classiccars.com/cc-temp/listing/191/4012/50251449-1988-chevrolet-corvette-thumb.jpg', 'https://photos.classiccars.com/cc-temp/listing/191/4012/50251451-1988-chevrolet-corvette-thumb.jpg']"
1952 Jaguar XK120,"$70,000",white,Automatic,Partially Restored,XK120,Jaguar,Replaced - Running,1952,"['https://photos.classiccars.com/cc-temp/listing/193/4945/51574542-1952-jaguar-xk120-thumb.jpg', 'https://photos.classiccars.com/cc-temp/listing/193/4945/51574543-1952-jaguar-xk120-thumb.jpg', 'https://photos.classiccars.com/cc-temp/listing/193/4945/51574544-1952-jaguar-xk120-thumb.jpg', 'https://photos.classiccars.com/cc-temp/listing/193/4945/51574545-1952-jaguar-xk120-thumb.jpg', 'https://photos.classiccars.com/cc-temp/listing/193/4945/51574546-1952-jaguar-xk120-thumb.jpg', 'https://photos.classiccars.com/cc-temp/listing/193/4945/51574547-1952-jaguar-xk120-thumb.jpg', 'https://photos.classiccars.com/cc-temp/listing/193/4945/51574548-1952-jaguar-xk120-thumb.jpg', 'https://photos.classiccars.com/cc-temp/listing/193/4945/51574549-1952-jaguar-xk120-thumb.jpg']"
1970 Mercedes-Benz 280SL,"$120,000",Black,Automatic,Partially Restored,280SL,Mercedes-Benz,Original - Running,1970,"['https://photos.classiccars.com/cc-temp/listing/189/8919/49380875-1970-mercedes-benz-280-sl-pagoda-thumb.jpg', 'https://photos.classiccars.com/cc-temp/listing/189/8919/49380873-1970-mercedes-benz-280-sl-pagoda-thumb.jpg', 'https://photos.classiccars.com/cc-temp/listing/189/8919/49380902-1970-mercedes-benz-280-sl-pagoda-thumb.jpg', 'https://photos.classiccars.com/cc-temp/listing/189/8919/49380942-1970-mercedes-benz-280-sl-pagoda-thumb.jpg', 'https://photos.classiccars.com/cc-temp/listing/189/8919/49380939-1970-mercedes-benz-280-sl-pagoda-thumb.jpg', 'https://photos.classiccars.com/cc-temp/listing/189/8919/49380870-1970-mercedes-benz-280-sl-pagoda-thumb.jpg', 'https://photos.classiccars.com/cc-temp/listing/189/8919/49380911-1970-mercedes-benz-280-sl-pagoda-thumb.jpg', 'https://photos.classiccars.com/cc-temp/listing/189/8919/49380869-1970-mercedes-benz-280-sl-pagoda-thumb.jpg', 'https://photos.classiccars.com/cc-temp/listing/189/8919/49380872-1970-mercedes-benz-280-sl-pagoda-thumb.jpg', 'https://photos.classiccars.com/cc-temp/listing/189/8919/49380876-1970-mercedes-benz-280-sl-pagoda-thumb.jpg', 'https://photos.classiccars.com/cc-temp/listing/189/8919/49380877-1970-mercedes-benz-280-sl-pagoda-thumb.jpg', 'https://photos.classiccars.com/cc-temp/listing/189/8919/49380855-1970-mercedes-benz-280-sl-pagoda-thumb.jpg', 'https://photos.classiccars.com/cc-temp/listing/189/8919/49380858-1970-mercedes-benz-280-sl-pagoda-thumb.jpg', 'https://photos.classiccars.com/cc-temp/listing/189/8919/49380857-1970-mercedes-benz-280-sl-pagoda-thumb.jpg', 'https://photos.classiccars.com/cc-temp/listing/189/8919/49380856-1970-mercedes-benz-280-sl-pagoda-thumb.jpg', 'https://photos.classiccars.com/cc-temp/listing/189/8919/49380859-1970-mercedes-benz-280-sl-pagoda-thumb.jpg', 'https://photos.classiccars.com/cc-temp/listing/189/8919/49380871-1970-mercedes-benz-280-sl-pagoda-thumb.jpg', 'https://photos.classiccars.com/cc-temp/listing/189/8919/49380874-1970-mercedes-benz-280-sl-pagoda-thumb.jpg', 'https://photos.classiccars.com/cc-temp/listing/189/8919/49380866-1970-mercedes-benz-280-sl-pagoda-thumb.jpg', 'https://photos.classiccars.com/cc-temp/listing/189/8919/49380862-1970-mercedes-benz-280-sl-pagoda-thumb.jpg', 'https://photos.classiccars.com/cc-temp/listing/189/8919/49380860-1970-mercedes-benz-280-sl-pagoda-thumb.jpg', 'https://photos.classiccars.com/cc-temp/listing/189/8919/49380863-1970-mercedes-benz-280-sl-pagoda-thumb.jpg', 'https://photos.classiccars.com/cc-temp/listing/189/8919/49380864-1970-mercedes-benz-280-sl-pagoda-thumb.jpg', 'https://photos.classiccars.com/cc-temp/listing/189/8919/49380865-1970-mercedes-benz-280-sl-pagoda-thumb.jpg', 'https://photos.classiccars.com/cc-temp/listing/189/8919/49380867-1970-mercedes-benz-280-sl-pagoda-thumb.jpg', 'https://photos.classiccars.com/cc-temp/listing/189/8919/49380868-1970-mercedes-benz-280-sl-pagoda-thumb.jpg', 'https://photos.classiccars.com/cc-temp/listing/189/8919/49380878-1970-mercedes-benz-280-sl-pagoda-thumb.jpg', 'https://photos.classiccars.com/cc-temp/listing/189/8919/49380879-1970-mercedes-benz-280-sl-pagoda-thumb.jpg', 'https://photos.classiccars.com/cc-temp/listing/189/8919/49380880-1970-mercedes-benz-280-sl-pagoda-thumb.jpg', 'https://photos.classiccars.com/cc-temp/listing/189/8919/49380881-1970-mercedes-benz-280-sl-pagoda-thumb.jpg', 'https://photos.classiccars.com/cc-temp/listing/189/8919/49380882-1970-mercedes-benz-280-sl-pagoda-thumb.jpg', 'https://photos.classiccars.com/cc-temp/listing/189/8919/49380883-1970-mercedes-benz-280-sl-pagoda-thumb.jpg', 'https://photos.classiccars.com/cc-temp/listing/189/8919/49380885-1970-mercedes-benz-280-sl-pagoda-thumb.jpg', 'https://photos.classiccars.com/cc-temp/listing/189/8919/49380888-1970-mercedes-benz-280-sl-pagoda-thumb.jpg', 'https://photos.classiccars.com/cc-temp/listing/189/8919/49380891-1970-mercedes-benz-280-sl-pagoda-thumb.jpg', 'https://photos.classiccars.com/cc-temp/listing/189/8919/49380893-1970-mercedes-benz-280-sl-pagoda-thumb.jpg', 'https://photos.classiccars.com/cc-temp/listing/189/8919/49380945-1970-mercedes-benz-280-sl-pagoda-thumb.jpg', 'https://photos.classiccars.com/cc-temp/listing/189/8919/49380899-1970-mercedes-benz-280-sl-pagoda-thumb.jpg', 'https://photos.classiccars.com/cc-temp/listing/189/8919/49380896-1970-mercedes-benz-280-sl-pagoda-thumb.jpg', 'https://photos.classiccars.com/cc-temp/listing/189/8919/49380905-1970-mercedes-benz-280-sl-pagoda-thumb.jpg', 'https://photos.classiccars.com/cc-temp/listing/189/8919/49380908-1970-mercedes-benz-280-sl-pagoda-thumb.jpg', 'https://photos.classiccars.com/cc-temp/listing/189/8919/49380914-1970-mercedes-benz-280-sl-pagoda-thumb.jpg', 'https://photos.classiccars.com/cc-temp/listing/189/8919/49380917-1970-mercedes-benz-280-sl-pagoda-thumb.jpg', 'https://photos.classiccars.com/cc-temp/listing/189/8919/49380920-1970-mercedes-benz-280-sl-pagoda-thumb.jpg', 'https://photos.classiccars.com/cc-temp/listing/189/8919/49380923-1970-mercedes-benz-280-sl-pagoda-thumb.jpg', 'https://photos.classiccars.com/cc-temp/listing/189/8919/49380926-1970-mercedes-benz-280-sl-pagoda-thumb.jpg', 'https://photos.classiccars.com/cc-temp/listing/189/8919/49380930-1970-mercedes-benz-280-sl-pagoda-thumb.jpg', 'https://photos.classiccars.com/cc-temp/listing/189/8919/49380933-1970-mercedes-benz-280-sl-pagoda-thumb.jpg', 'https://photos.classiccars.com/cc-temp/listing/189/8919/49380934-1970-mercedes-benz-280-sl-pagoda-thumb.jpg', 'https://photos.classiccars.com/cc-temp/listing/189/8919/49380935-1970-mercedes-benz-280-sl-pagoda-thumb.jpg', 'https://photos.classiccars.com/cc-temp/listing/189/8919/49380936-1970-mercedes-benz-280-sl-pagoda-thumb.jpg', 'https://photos.classiccars.com/cc-temp/listing/189/8919/49380937-1970-mercedes-benz-280-sl-pagoda-thumb.jpg', 'https://photos.classiccars.com/cc-temp/listing/189/8919/49380938-1970-mercedes-benz-280-sl-pagoda-thumb.jpg', 'https://photos.classiccars.com/cc-temp/listing/189/8919/49380940-1970-mercedes-benz-280-sl-pagoda-thumb.jpg', 'https://photos.classiccars.com/cc-temp/listing/189/8919/49380941-1970-mercedes-benz-280-sl-pagoda-thumb.jpg', 'https://photos.classiccars.com/cc-temp/listing/189/8919/49380943-1970-mercedes-benz-280-sl-pagoda-thumb.jpg', 'https://photos.classiccars.com/cc-temp/listing/189/8919/49380944-1970-mercedes-benz-280-sl-pagoda-thumb.jpg', 'https://photos.classiccars.com/cc-temp/listing/189/8919/49380946-1970-mercedes-benz-280-sl-pagoda-thumb.jpg', 'https://photos.classiccars.com/cc-temp/listing/189/8919/49380947-1970-mercedes-benz-280-sl-pagoda-thumb.jpg', 'https://photos.classiccars.com/cc-temp/listing/189/8919/49380948-1970-mercedes-benz-280-sl-pagoda-thumb.jpg', 'https://photos.classiccars.com/cc-temp/listing/189/8919/49380949-1970-mercedes-benz-280-sl-pagoda-thumb.jpg', 'https://photos.classiccars.com/cc-temp/listing/189/8919/49380950-1970-mercedes-benz-280-sl-pagoda-thumb.jpg', 'https://photos.classiccars.com/cc-temp/listing/189/8919/49380951-1970-mercedes-benz-280-sl-pagoda-thumb.jpg']"
1966 Chevrolet Corvette,"$150,000",Red,Manual,,Corvette,Chevrolet,Original - Running,1966,"['https://photos.classiccars.com/cc-temp/listing/195/462/52565010-1966-chevrolet-corvette-thumb.jpg', 'https://photos.classiccars.com/cc-temp/listing/195/462/52565008-1966-chevrolet-corvette-thumb.jpg', 'https://photos.classiccars.com/cc-temp/listing/195/462/52565011-1966-chevrolet-corvette-thumb.jpg', 'https://photos.classiccars.com/cc-temp/listing/195/462/52565012-1966-chevrolet-corvette-thumb.jpg', 'https://photos.classiccars.com/cc-temp/listing/195/462/52565013-1966-chevrolet-corvette-thumb.jpg', 'https://photos.classiccars.com/cc-temp/listing/195/462/52565016-1966-chevrolet-corvette-thumb.jpg', 'https://photos.classiccars.com/cc-temp/listing/195/462/52565014-1966-chevrolet-corvette-thumb.jpg', 'https://photos.classiccars.com/cc-temp/listing/195/462/52565015-1966-chevrolet-corvette-thumb.jpg', 'https://photos.classiccars.com/cc-temp/listing/195/462/52565017-1966-chevrolet-corvette-thumb.jpg', 'https://photos.classiccars.com/cc-temp/listing/195/462/52565018-1966-chevrolet-corvette-thumb.jpg', 'https://photos.classiccars.com/cc-temp/listing/195/462/52565019-1966-chevrolet-corvette-thumb.jpg', 'https://photos.classiccars.com/cc-temp/listing/195/462/52565020-1966-chevrolet-corvette-thumb.jpg', 'https://photos.classiccars.com/cc-temp/listing/195/462/52565021-1966-chevrolet-corvette-thumb.jpg', 'https://photos.classiccars.com/cc-temp/listing/195/462/52565022-1966-chevrolet-corvette-thumb.jpg']"
1967 Chevrolet Camaro,"$94,500 (OBO)",Yellow,Automatic,,Camaro,Chevrolet, - ,1967,"['https://photos.classiccars.com/cc-temp/listing/188/7903/48834009-1967-chevrolet-camaro-thumb.jpg', 'https://photos.classiccars.com/cc-temp/listing/188/7903/48834019-1967-chevrolet-camaro-thumb.jpg', 'https://photos.classiccars.com/cc-temp/listing/188/7903/48834006-1967-chevrolet-camaro-thumb.jpg', 'https://photos.classiccars.com/cc-temp/listing/188/7903/48834008-1967-chevrolet-camaro-thumb.jpg', 'https://photos.classiccars.com/cc-temp/listing/188/7903/48834007-1967-chevrolet-camaro-thumb.jpg', 'https://photos.classiccars.com/cc-temp/listing/188/7903/48834016-1967-chevrolet-camaro-thumb.jpg', 'https://photos.classiccars.com/cc-temp/listing/188/7903/48834020-1967-chevrolet-camaro-thumb.jpg', 'https://photos.classiccars.com/cc-temp/listing/188/7903/48834022-1967-chevrolet-camaro-thumb.jpg', 'https://photos.classiccars.com/cc-temp/listing/188/7903/48834015-1967-chevrolet-camaro-thumb.jpg', 'https://photos.classiccars.com/cc-temp/listing/188/7903/48834021-1967-chevrolet-camaro-thumb.jpg', 'https://photos.classiccars.com/cc-temp/listing/188/7903/48834014-1967-chevrolet-camaro-thumb.jpg', 'https://photos.classiccars.com/cc-temp/listing/188/7903/48834013-1967-chevrolet-camaro-thumb.jpg', 'https://photos.classiccars.com/cc-temp/listing/188/7903/48834011-1967-chevrolet-camaro-thumb.jpg', 'https://photos.classiccars.com/cc-temp/listing/188/7903/48834010-1967-chevrolet-camaro-thumb.jpg', 'https://photos.classiccars.com/cc-temp/listing/188/7903/48834012-1967-chevrolet-camaro-thumb.jpg', 'https://photos.classiccars.com/cc-temp/listing/188/7903/48834045-1967-chevrolet-camaro-thumb.jpg', 'https://photos.classiccars.com/cc-temp/listing/188/7903/48834083-1967-chevrolet-camaro-thumb.jpg', 'https://photos.classiccars.com/cc-temp/listing/188/7903/48834076-1967-chevrolet-camaro-thumb.jpg', 'https://photos.classiccars.com/cc-temp/listing/188/7903/48834025-1967-chevrolet-camaro-thumb.jpg', 'https://photos.classiccars.com/cc-temp/listing/188/7903/48834026-1967-chevrolet-camaro-thumb.jpg', 'https://photos.classiccars.com/cc-temp/listing/188/7903/48834027-1967-chevrolet-camaro-thumb.jpg', 'https://photos.classiccars.com/cc-temp/listing/188/7903/48834028-1967-chevrolet-camaro-thumb.jpg', 'https://photos.classiccars.com/cc-temp/listing/188/7903/48834033-1967-chevrolet-camaro-thumb.jpg', 'https://photos.classiccars.com/cc-temp/listing/188/7903/48834038-1967-chevrolet-camaro-thumb.jpg', 'https://photos.classiccars.com/cc-temp/listing/188/7903/48834052-1967-chevrolet-camaro-thumb.jpg', 'https://photos.classiccars.com/cc-temp/listing/188/7903/48834057-1967-chevrolet-camaro-thumb.jpg', 'https://photos.classiccars.com/cc-temp/listing/188/7903/48834063-1967-chevrolet-camaro-thumb.jpg', 'https://photos.classiccars.com/cc-temp/listing/188/7903/48834069-1967-chevrolet-camaro-thumb.jpg', 'https://photos.classiccars.com/cc-temp/listing/188/7903/48834087-1967-chevrolet-camaro-thumb.jpg', 'https://photos.classiccars.com/cc-temp/listing/188/7903/48834093-1967-chevrolet-camaro-thumb.jpg', 'https://photos.classiccars.com/cc-temp/listing/188/7903/48834098-1967-chevrolet-camaro-thumb.jpg', 'https://photos.classiccars.com/cc-temp/listing/188/7903/48834103-1967-chevrolet-camaro-thumb.jpg', 'https://photos.classiccars.com/cc-temp/listing/188/7903/48834108-1967-chevrolet-camaro-thumb.jpg', 'https://photos.classiccars.com/cc-temp/listing/188/7903/48834113-1967-chevrolet-camaro-thumb.jpg', 'https://photos.classiccars.com/cc-temp/listing/188/7903/48834119-1967-chevrolet-camaro-thumb.jpg', 'https://photos.classiccars.com/cc-temp/listing/188/7903/48834123-1967-chevrolet-camaro-thumb.jpg', 'https://photos.classiccars.com/cc-temp/listing/188/7903/48834128-1967-chevrolet-camaro-thumb.jpg', 'https://photos.classiccars.com/cc-temp/listing/188/7903/48834133-1967-chevrolet-camaro-thumb.jpg', 'https://photos.classiccars.com/cc-temp/listing/188/7903/48834153-1967-chevrolet-camaro-thumb.jpg', 'https://photos.classiccars.com/cc-temp/listing/188/7903/48834154-1967-chevrolet-camaro-thumb.jpg', 'https://photos.classiccars.com/cc-temp/listing/188/7903/48834155-1967-chevrolet-camaro-thumb.jpg', 'https://photos.classiccars.com/cc-temp/listing/188/7903/48834156-1967-chevrolet-camaro-thumb.jpg', 'https://photos.classiccars.com/cc-temp/listing/188/7903/48834157-1967-chevrolet-camaro-thumb.jpg', 'https://photos.classiccars.com/cc-temp/listing/188/7903/48834158-1967-chevrolet-camaro-thumb.jpg', 'https://photos.classiccars.com/cc-temp/listing/188/7903/48834159-1967-chevrolet-camaro-thumb.jpg', 'https://photos.classiccars.com/cc-temp/listing/188/7903/48834161-1967-chevrolet-camaro-thumb.jpg', 'https://photos.classiccars.com/cc-temp/listing/188/7903/48834163-1967-chevrolet-camaro-thumb.jpg', 'https://photos.classiccars.com/cc-temp/listing/188/7903/48834164-1967-chevrolet-camaro-thumb.jpg', 'https://photos.classiccars.com/cc-temp/listing/188/7903/48834165-1967-chevrolet-camaro-thumb.jpg', 'https://photos.classiccars.com/cc-temp/listing/188/7903/48834166-1967-chevrolet-camaro-thumb.jpg', 'https://photos.classiccars.com/cc-temp/listing/188/7903/48834167-1967-chevrolet-camaro-thumb.jpg', 'https://photos.classiccars.com/cc-temp/listing/188/7903/48834168-1967-chevrolet-camaro-thumb.jpg', 'https://photos.classiccars.com/cc-temp/listing/188/7903/48834170-1967-chevrolet-camaro-thumb.jpg', 'https://photos.classiccars.com/cc-temp/listing/188/7903/48834023-1967-chevrolet-camaro-thumb.jpg', 'https://photos.classiccars.com/cc-temp/listing/188/7903/48834172-1967-chevrolet-camaro-thumb.jpg', 'https://photos.classiccars.com/cc-temp/listing/188/7903/48834024-1967-chevrolet-camaro-thumb.jpg', 'https://photos.classiccars.com/cc-temp/listing/188/7903/48834173-1967-chevrolet-camaro-thumb.jpg', 'https://photos.classiccars.com/cc-temp/listing/188/7903/48834175-1967-chevrolet-camaro-thumb.jpg', 'https://photos.classiccars.com/cc-temp/listing/188/7903/48834176-1967-chevrolet-camaro-thumb.jpg', 'https://photos.classiccars.com/cc-temp/listing/188/7903/48834177-1967-chevrolet-camaro-thumb.jpg', 'https://photos.classiccars.com/cc-temp/listing/188/7903/48834178-1967-chevrolet-camaro-thumb.jpg', 'https://photos.classiccars.com/cc-temp/listing/188/7903/48834150-1967-chevrolet-camaro-thumb.jpg', 'https://photos.classiccars.com/cc-temp/listing/188/7903/48834151-1967-chevrolet-camaro-thumb.jpg', 'https://photos.classiccars.com/cc-temp/listing/188/7903/48834152-1967-chevrolet-camaro-thumb.jpg', 'https://photos.classiccars.com/cc-temp/listing/188/7903/48834149-1967-chevrolet-camaro-thumb.jpg', 'https://photos.classiccars.com/cc-temp/listing/188/7903/48834144-1967-chevrolet-camaro-thumb.jpg', 'https://photos.classiccars.com/cc-temp/listing/188/7903/48834139-1967-chevrolet-camaro-thumb.jpg', 'https://photos.classiccars.com/cc-temp/listing/188/7903/48834160-1967-chevrolet-camaro-thumb.jpg', 'https://photos.classiccars.com/cc-temp/listing/188/7903/48834171-1967-chevrolet-camaro-thumb.jpg', 'https://photos.classiccars.com/cc-temp/listing/188/7903/48834018-1967-chevrolet-camaro-thumb.jpg', 'https://photos.classiccars.com/cc-temp/listing/188/7903/48834017-1967-chevrolet-camaro-thumb.jpg']"
1964 Chevrolet Malibu SS,"$125,000 (OBO)",Blue,Automatic,Fully Restored,Malibu SS,Chevrolet, - ,1964,"['https://photos.classiccars.com/cc-temp/listing/191/569/50297465-1964-chevrolet-malibu-ss-thumb.jpg', 'https://photos.classiccars.com/cc-temp/listing/191/569/50297466-1964-chevrolet-malibu-ss-thumb.jpg', 'https://photos.classiccars.com/cc-temp/listing/191/569/50297467-1964-chevrolet-malibu-ss-thumb.jpg', 'https://photos.classiccars.com/cc-temp/listing/191/569/50297468-1964-chevrolet-malibu-ss-thumb.jpg', 'https://photos.classiccars.com/cc-temp/listing/191/569/50297469-1964-chevrolet-malibu-ss-thumb.jpg', 'https://photos.classiccars.com/cc-temp/listing/191/569/50457260-1964-chevrolet-malibu-ss-thumb.jpg']"
1964 Ford Mustang,"$40,000",Red,Automatic,,Mustang,Ford, - Running,1964,"['https://photos.classiccars.com/cc-temp/listing/194/9316/52497104-1964-ford-mustang-thumb.jpg', 'https://photos.classiccars.com/cc-temp/listing/194/9316/52497489-1964-ford-mustang-thumb.jpg', 'https://photos.classiccars.com/cc-temp/listing/194/9316/52497490-1964-ford-mustang-thumb.jpg', 'https://photos.classiccars.com/cc-temp/listing/194/9316/52497491-1964-ford-mustang-thumb.jpg', 'https://photos.classiccars.com/cc-temp/listing/194/9316/52497492-1964-ford-mustang-thumb.jpg', 'https://photos.classiccars.com/cc-temp/listing/194/9316/52497495-1964-ford-mustang-thumb.jpg', 'https://photos.classiccars.com/cc-temp/listing/194/9316/52497496-1964-ford-mustang-thumb.jpg', 'https://photos.classiccars.com/cc-temp/listing/194/9316/52497497-1964-ford-mustang-thumb.jpg', 'https://photos.classiccars.com/cc-temp/listing/194/9316/52497499-1964-ford-mustang-thumb.jpg', 'https://photos.classiccars.com/cc-temp/listing/194/9316/52497501-1964-ford-mustang-thumb.jpg', 'https://photos.classiccars.com/cc-temp/listing/194/9316/52497502-1964-ford-mustang-thumb.jpg', 'https://photos.classiccars.com/cc-temp/listing/194/9316/52497503-1964-ford-mustang-thumb.jpg', 'https://photos.classiccars.com/cc-temp/listing/194/9316/52497504-1964-ford-mustang-thumb.jpg', 'https://photos.classiccars.com/cc-temp/listing/194/9316/52497505-1964-ford-mustang-thumb.jpg']"
1957 Chevrolet Cameo,"$49,500 (OBO)",Yellow and Black,Automatic,Partially Restored,Cameo,Chevrolet,Replaced - Running,1957,"['https://photos.classiccars.com/cc-temp/listing/190/4162/49684879-1957-chevrolet-cameo-pickup-thumb.jpg', 'https://photos.classiccars.com/cc-temp/listing/190/4162/49684880-1957-chevrolet-cameo-pickup-thumb.jpg', 'https://photos.classiccars.com/cc-temp/listing/190/4162/49684878-1957-chevrolet-cameo-pickup-thumb.jpg']"
1958 Chevrolet Impala,"$74,500 (OBO)",Black,Manual,,Impala,Chevrolet, - Running,1958,"['https://photos.classiccars.com/cc-temp/listing/188/6676/48687645-1958-chevrolet-impala-thumb.jpg', 'https://photos.classiccars.com/cc-temp/listing/188/6676/48687646-1958-chevrolet-impala-thumb.jpg', 'https://photos.classiccars.com/cc-temp/listing/188/6676/48687649-1958-chevrolet-impala-thumb.jpg', 'https://photos.classiccars.com/cc-temp/listing/188/6676/48687653-1958-chevrolet-impala-thumb.jpg', 'https://photos.classiccars.com/cc-temp/listing/188/6676/48687654-1958-chevrolet-impala-thumb.jpg', 'https://photos.classiccars.com/cc-temp/listing/188/6676/48687650-1958-chevrolet-impala-thumb.jpg', 'https://photos.classiccars.com/cc-temp/listing/188/6676/51496218-1958-chevrolet-impala-thumb.jpg', 'https://photos.classiccars.com/cc-temp/listing/188/6676/51496219-1958-chevrolet-impala-thumb.jpg', 'https://photos.classiccars.com/cc-temp/listing/188/6676/51496220-1958-chevrolet-impala-thumb.jpg', 'https://photos.classiccars.com/cc-temp/listing/188/6676/51496221-1958-chevrolet-impala-thumb.jpg', 'https://photos.classiccars.com/cc-temp/listing/188/6676/51496222-1958-chevrolet-impala-thumb.jpg', 'https://photos.classiccars.com/cc-temp/listing/188/6676/51496224-1958-chevrolet-impala-thumb.jpg', 'https://photos.classiccars.com/cc-temp/listing/188/6676/51496225-1958-chevrolet-impala-thumb.jpg', 'https://photos.classiccars.com/cc-temp/listing/188/6676/51496223-1958-chevrolet-impala-thumb.jpg', 'https://photos.classiccars.com/cc-temp/listing/188/6676/51496226-1958-chevrolet-impala-thumb.jpg']"
1970 Chevrolet Nova,"$150,000 (OBO)",Blue,Automatic,,Nova,Chevrolet,Replaced - Running,1970,"['https://photos.classiccars.com/cc-temp/listing/191/5147/50320823-1970-chevrolet-nova-thumb.jpg', 'https://photos.classiccars.com/cc-temp/listing/191/5147/50320853-1970-chevrolet-nova-thumb.jpg', 'https://photos.classiccars.com/cc-temp/listing/191/5147/50320854-1970-chevrolet-nova-thumb.jpg', 'https://photos.classiccars.com/cc-temp/listing/191/5147/50320826-1970-chevrolet-nova-thumb.jpg', 'https://photos.classiccars.com/cc-temp/listing/191/5147/50320851-1970-chevrolet-nova-thumb.jpg', 'https://photos.classiccars.com/cc-temp/listing/191/5147/50320824-1970-chevrolet-nova-thumb.jpg', 'https://photos.classiccars.com/cc-temp/listing/191/5147/50320847-1970-chevrolet-nova-thumb.jpg', 'https://photos.classiccars.com/cc-temp/listing/191/5147/50320849-1970-chevrolet-nova-thumb.jpg', 'https://photos.classiccars.com/cc-temp/listing/191/5147/50320850-1970-chevrolet-nova-thumb.jpg', 'https://photos.classiccars.com/cc-temp/listing/191/5147/50320848-1970-chevrolet-nova-thumb.jpg', 'https://photos.classiccars.com/cc-temp/listing/191/5147/50320844-1970-chevrolet-nova-thumb.jpg', 'https://photos.classiccars.com/cc-temp/listing/191/5147/50320845-1970-chevrolet-nova-thumb.jpg', 'https://photos.classiccars.com/cc-temp/listing/191/5147/50320864-1970-chevrolet-nova-thumb.jpg', 'https://photos.classiccars.com/cc-temp/listing/191/5147/50320889-1970-chevrolet-nova-thumb.jpg', 'https://photos.classiccars.com/cc-temp/listing/191/5147/50320862-1970-chevrolet-nova-thumb.jpg', 'https://photos.classiccars.com/cc-temp/listing/191/5147/50320863-1970-chevrolet-nova-thumb.jpg', 'https://photos.classiccars.com/cc-temp/listing/191/5147/50320861-1970-chevrolet-nova-thumb.jpg', 'https://photos.classiccars.com/cc-temp/listing/191/5147/50320860-1970-chevrolet-nova-thumb.jpg', 'https://photos.classiccars.com/cc-temp/listing/191/5147/50320859-1970-chevrolet-nova-thumb.jpg', 'https://photos.classiccars.com/cc-temp/listing/191/5147/50320857-1970-chevrolet-nova-thumb.jpg', 'https://photos.classiccars.com/cc-temp/listing/191/5147/50320858-1970-chevrolet-nova-thumb.jpg', 'https://photos.classiccars.com/cc-temp/listing/191/5147/50320856-1970-chevrolet-nova-thumb.jpg', 'https://photos.classiccars.com/cc-temp/listing/191/5147/50320855-1970-chevrolet-nova-thumb.jpg', 'https://photos.classiccars.com/cc-temp/listing/191/5147/50320825-1970-chevrolet-nova-thumb.jpg', 'https://photos.classiccars.com/cc-temp/listing/191/5147/50320842-1970-chevrolet-nova-thumb.jpg', 'https://photos.classiccars.com/cc-temp/listing/191/5147/50320843-1970-chevrolet-nova-thumb.jpg', 'https://photos.classiccars.com/cc-temp/listing/191/5147/50320846-1970-chevrolet-nova-thumb.jpg', 'https://photos.classiccars.com/cc-temp/listing/191/5147/50320865-1970-chevrolet-nova-thumb.jpg', 'https://photos.classiccars.com/cc-temp/listing/191/5147/50320869-1970-chevrolet-nova-thumb.jpg', 'https://photos.classiccars.com/cc-temp/listing/191/5147/50320882-1970-chevrolet-nova-thumb.jpg', 'https://photos.classiccars.com/cc-temp/listing/191/5147/50320890-1970-chevrolet-nova-thumb.jpg', 'https://photos.classiccars.com/cc-temp/listing/191/5147/50320891-1970-chevrolet-nova-thumb.jpg', 'https://photos.classiccars.com/cc-temp/listing/191/5147/50320892-1970-chevrolet-nova-thumb.jpg', 'https://photos.classiccars.com/cc-temp/listing/191/5147/50320894-1970-chevrolet-nova-thumb.jpg', 'https://photos.classiccars.com/cc-temp/listing/191/5147/50320895-1970-chevrolet-nova-thumb.jpg', 'https://photos.classiccars.com/cc-temp/listing/191/5147/50320896-1970-chevrolet-nova-thumb.jpg', 'https://photos.classiccars.com/cc-temp/listing/191/5147/50320898-1970-chevrolet-nova-thumb.jpg', 'https://photos.classiccars.com/cc-temp/listing/191/5147/50320899-1970-chevrolet-nova-thumb.jpg', 'https://photos.classiccars.com/cc-temp/listing/191/5147/50320900-1970-chevrolet-nova-thumb.jpg', 'https://photos.classiccars.com/cc-temp/listing/191/5147/50320901-1970-chevrolet-nova-thumb.jpg', 'https://photos.classiccars.com/cc-temp/listing/191/5147/50320902-1970-chevrolet-nova-thumb.jpg', 'https://photos.classiccars.com/cc-temp/listing/191/5147/50320903-1970-chevrolet-nova-thumb.jpg', 'https://photos.classiccars.com/cc-temp/listing/191/5147/50320904-1970-chevrolet-nova-thumb.jpg', 'https://photos.classiccars.com/cc-temp/listing/191/5147/50320905-1970-chevrolet-nova-thumb.jpg', 'https://photos.classiccars.com/cc-temp/listing/191/5147/50320906-1970-chevrolet-nova-thumb.jpg', 'https://photos.classiccars.com/cc-temp/listing/191/5147/50320897-1970-chevrolet-nova-thumb.jpg', 'https://photos.classiccars.com/cc-temp/listing/191/5147/50320907-1970-chevrolet-nova-thumb.jpg', 'https://photos.classiccars.com/cc-temp/listing/191/5147/50320881-1970-chevrolet-nova-thumb.jpg', 'https://photos.classiccars.com/cc-temp/listing/191/5147/50320870-1970-chevrolet-nova-thumb.jpg', 'https://photos.classiccars.com/cc-temp/listing/191/5147/50320893-1970-chevrolet-nova-thumb.jpg', 'https://photos.classiccars.com/cc-temp/listing/191/5147/50320876-1970-chevrolet-nova-thumb.jpg', 'https://photos.classiccars.com/cc-temp/listing/191/5147/50320877-1970-chevrolet-nova-thumb.jpg', 'https://photos.classiccars.com/cc-temp/listing/191/5147/50320878-1970-chevrolet-nova-thumb.jpg', 'https://photos.classiccars.com/cc-temp/listing/191/5147/50320880-1970-chevrolet-nova-thumb.jpg', 'https://photos.classiccars.com/cc-temp/listing/191/5147/50320879-1970-chevrolet-nova-thumb.jpg', 'https://photos.classiccars.com/cc-temp/listing/191/5147/50320875-1970-chevrolet-nova-thumb.jpg', 'https://photos.classiccars.com/cc-temp/listing/191/5147/50320871-1970-chevrolet-nova-thumb.jpg', 'https://photos.classiccars.com/cc-temp/listing/191/5147/50320872-1970-chevrolet-nova-thumb.jpg', 'https://photos.classiccars.com/cc-temp/listing/191/5147/50320873-1970-chevrolet-nova-thumb.jpg', 'https://photos.classiccars.com/cc-temp/listing/191/5147/50320874-1970-chevrolet-nova-thumb.jpg', 'https://photos.classiccars.com/cc-temp/listing/191/5147/50320888-1970-chevrolet-nova-thumb.jpg', 'https://photos.classiccars.com/cc-temp/listing/191/5147/50320887-1970-chevrolet-nova-thumb.jpg', 'https://photos.classiccars.com/cc-temp/listing/191/5147/50320885-1970-chevrolet-nova-thumb.jpg', 'https://photos.classiccars.com/cc-temp/listing/191/5147/50320886-1970-chevrolet-nova-thumb.jpg', 'https://photos.classiccars.com/cc-temp/listing/191/5147/50320884-1970-chevrolet-nova-thumb.jpg', 'https://photos.classiccars.com/cc-temp/listing/191/5147/50320883-1970-chevrolet-nova-thumb.jpg', 'https://photos.classiccars.com/cc-temp/listing/191/5147/50320841-1970-chevrolet-nova-thumb.jpg', 'https://photos.classiccars.com/cc-temp/listing/191/5147/50320837-1970-chevrolet-nova-thumb.jpg', 'https://photos.classiccars.com/cc-temp/listing/191/5147/50320838-1970-chevrolet-nova-thumb.jpg', 'https://photos.classiccars.com/cc-temp/listing/191/5147/50320839-1970-chevrolet-nova-thumb.jpg', 'https://photos.classiccars.com/cc-temp/listing/191/5147/50320840-1970-chevrolet-nova-thumb.jpg', 'https://photos.classiccars.com/cc-temp/listing/191/5147/50320835-1970-chevrolet-nova-thumb.jpg', 'https://photos.classiccars.com/cc-temp/listing/191/5147/50320836-1970-chevrolet-nova-thumb.jpg', 'https://photos.classiccars.com/cc-temp/listing/191/5147/50320834-1970-chevrolet-nova-thumb.jpg', 'https://photos.classiccars.com/cc-temp/listing/191/5147/50320833-1970-chevrolet-nova-thumb.jpg', 'https://photos.classiccars.com/cc-temp/listing/191/5147/50320832-1970-chevrolet-nova-thumb.jpg', 'https://photos.classiccars.com/cc-temp/listing/191/5147/50320831-1970-chevrolet-nova-thumb.jpg', 'https://photos.classiccars.com/cc-temp/listing/191/5147/50320830-1970-chevrolet-nova-thumb.jpg', 'https://photos.classiccars.com/cc-temp/listing/191/5147/50320829-1970-chevrolet-nova-thumb.jpg', 'https://photos.classiccars.com/cc-temp/listing/191/5147/50320828-1970-chevrolet-nova-thumb.jpg', 'https://photos.classiccars.com/cc-temp/listing/191/5147/50320827-1970-chevrolet-nova-thumb.jpg', 'https://photos.classiccars.com/cc-temp/listing/191/5147/50320867-1970-chevrolet-nova-thumb.jpg', 'https://photos.classiccars.com/cc-temp/listing/191/5147/50320866-1970-chevrolet-nova-thumb.jpg', 'https://photos.classiccars.com/cc-temp/listing/191/5147/50320868-1970-chevrolet-nova-thumb.jpg']"
1956 Chevrolet Bel Air,"$39,995",Yellow/White,Automatic,Fully Restored,Bel Air,Chevrolet,Replaced - Running,1956,"['https://photos.classiccars.com/cc-temp/listing/194/3237/52175607-1956-chevrolet-bel-air-thumb.jpg', 'https://photos.classiccars.com/cc-temp/listing/194/3237/52175605-1956-chevrolet-bel-air-thumb.jpg', 'https://photos.classiccars.com/cc-temp/listing/194/3237/52175606-1956-chevrolet-bel-air-thumb.jpg', 'https://photos.classiccars.com/cc-temp/listing/194/3237/52175601-1956-chevrolet-bel-air-thumb.jpg', 'https://photos.classiccars.com/cc-temp/listing/194/3237/52175600-1956-chevrolet-bel-air-thumb.jpg', 'https://photos.classiccars.com/cc-temp/listing/194/3237/52175602-1956-chevrolet-bel-air-thumb.jpg', 'https://photos.classiccars.com/cc-temp/listing/194/3237/52175603-1956-chevrolet-bel-air-thumb.jpg', 'https://photos.classiccars.com/cc-temp/listing/194/3237/52202242-1956-chevrolet-bel-air-thumb.jpg', 'https://photos.classiccars.com/cc-temp/listing/194/3237/52175589-1956-chevrolet-bel-air-thumb.jpg', 'https://photos.classiccars.com/cc-temp/listing/194/3237/52175594-1956-chevrolet-bel-air-thumb.jpg', 'https://photos.classiccars.com/cc-temp/listing/194/3237/52175593-1956-chevrolet-bel-air-thumb.jpg', 'https://photos.classiccars.com/cc-temp/listing/194/3237/52175592-1956-chevrolet-bel-air-thumb.jpg', 'https://photos.classiccars.com/cc-temp/listing/194/3237/52175583-1956-chevrolet-bel-air-thumb.jpg', 'https://photos.classiccars.com/cc-temp/listing/194/3237/52175586-1956-chevrolet-bel-air-thumb.jpg', 'https://photos.classiccars.com/cc-temp/listing/194/3237/52175587-1956-chevrolet-bel-air-thumb.jpg', 'https://photos.classiccars.com/cc-temp/listing/194/3237/52175584-1956-chevrolet-bel-air-thumb.jpg', 'https://photos.classiccars.com/cc-temp/listing/194/3237/52175588-1956-chevrolet-bel-air-thumb.jpg', 'https://photos.classiccars.com/cc-temp/listing/194/3237/52175591-1956-chevrolet-bel-air-thumb.jpg', 'https://photos.classiccars.com/cc-temp/listing/194/3237/52175590-1956-chevrolet-bel-air-thumb.jpg', 'https://photos.classiccars.com/cc-temp/listing/194/3237/52175585-1956-chevrolet-bel-air-thumb.jpg', 'https://photos.classiccars.com/cc-temp/listing/194/3237/52175597-1956-chevrolet-bel-air-thumb.jpg', 'https://photos.classiccars.com/cc-temp/listing/194/3237/52175596-1956-chevrolet-bel-air-thumb.jpg', 'https://photos.classiccars.com/cc-temp/listing/194/3237/52175595-1956-chevrolet-bel-air-thumb.jpg', 'https://photos.classiccars.com/cc-temp/listing/194/3237/52175598-1956-chevrolet-bel-air-thumb.jpg', 'https://photos.classiccars.com/cc-temp/listing/194/3237/52175599-1956-chevrolet-bel-air-thumb.jpg', 'https://photos.classiccars.com/cc-temp/listing/194/3237/52175581-1956-chevrolet-bel-air-thumb.jpg', 'https://photos.classiccars.com/cc-temp/listing/194/3237/52175580-1956-chevrolet-bel-air-thumb.jpg', 'https://photos.classiccars.com/cc-temp/listing/194/3237/52175579-1956-chevrolet-bel-air-thumb.jpg', 'https://photos.classiccars.com/cc-temp/listing/194/3237/52175604-1956-chevrolet-bel-air-thumb.jpg', 'https://photos.classiccars.com/cc-temp/listing/194/3237/52175582-1956-chevrolet-bel-air-thumb.jpg']"
