Header,Brand,Documentation,Case,Price,Model,Condition,Year,Imgs
Rolex Submariner (No Date),Rolex,Sin documentos originales,Sin estuche original,7.990,Submariner (No Date),Usado (Bueno) ,2004 (Año aproximado),"['https://imgchrono24com/images/uhren/35973403-lfcwt594cmbg5d6u0blygmv3-Zoomjpg', 'https://imgchrono24com/images/uhren/35973403-8jzd91vzwq086yzwytlc5dlj-Zoomjpg', 'https://imgchrono24com/images/uhren/35973403-pl8ob624k7fijdap50bo5ozj-Zoomjpg', 'https://imgchrono24com/images/uhren/35973403-fq69wgkkynp4gfdj0bv6ei6c-Zoomjpg']"
Rolex Oyster Perpetual Lady Date,Rolex,Sin documentos originales,Sin estuche original,2.390,Oyster Perpetual Lady Date,Usado (Bueno) ,1966,"['https://imgchrono24com/images/uhren/37911854-lw1jaqj83x5ye2wby0269r35-Zoomjpg', 'https://imgchrono24com/images/uhren/37911854-tdcfbnkj8j3tyat52icxz75e-Zoomjpg', 'https://imgchrono24com/images/uhren/37911854-c48qybvnfdrwo8wpc0p8rcty-Zoomjpg', 'https://imgchrono24com/images/uhren/37911854-pbkwdtm33nef8uagovnffr89-Zoomjpg', 'https://imgchrono24com/images/uhren/37911854-4eqqrnw5bkqalc19aaxc4y0k-Zoomjpg', 'https://imgchrono24com/images/uhren/37911854-1hd4qhxys7prdt0f6a52tjw5-Zoomjpg', 'https://imgchrono24com/images/uhren/37911854-7jh2b3emos6y2rsd5xmncdpc-Zoomjpg', 'https://imgchrono24com/images/uhren/37911854-qi7ss8vk78xw43rl396dkiqm-Zoomjpg', 'https://imgchrono24com/images/uhren/37911854-084t9mnywdx7nmke0dnc70y5-Zoomjpg', 'https://imgchrono24com/images/uhren/37911854-k2wap8xffn2vcdedymaew24q-Zoomjpg', 'https://imgchrono24com/images/uhren/37911854-oax31fbt7k1kaasg9j9j3nmm-Zoomjpg', 'https://imgchrono24com/images/uhren/37911854-hyamjltpusdyxkcvpga4qmi1-Zoomjpg', 'https://imgchrono24com/images/uhren/37911854-dybobd8ygvwr4q420ybmc18b-Zoomjpg', 'https://imgchrono24com/images/uhren/37911854-zw62xpqxxbefdql6i5svqb07-Zoomjpg', 'https://imgchrono24com/images/uhren/37911854-a0drnsr9ol2hdeno8vt0ljak-Zoomjpg', 'https://imgchrono24com/images/uhren/37911854-dz3kibe2vk05qgbghr51pg9o-Zoomjpg']"
Rolex Datejust Oysterquartz,Rolex,Sin documentos originales,Con estuche original,5.790,Datejust Oysterquartz,Usado (Muy bueno) ,1990 (Año aproximado),"['https://imgchrono24com/images/uhren/38657942-lux2rhtr017mgyzoxrlxx63x-Zoomjpg', 'https://imgchrono24com/images/uhren/38657942-s9srrlod2hiou1m7jtlwk7a9-Zoomjpg', 'https://imgchrono24com/images/uhren/38657942-qniv30tjh24v4ngnrultu131-Zoomjpg', 'https://imgchrono24com/images/uhren/38657942-sc31c3vywntn59m9wdn63wzz-Zoomjpg', 'https://imgchrono24com/images/uhren/38657942-uz71ktkabc6gk3xvtqaskuj6-Zoomjpg', 'https://imgchrono24com/images/uhren/38657942-rukxwlrz59ycw5cviso5g01j-Zoomjpg', 'https://imgchrono24com/images/uhren/38657942-336xk7lauxfmvj2gtz1rndz2-Zoomjpg', 'https://imgchrono24com/images/uhren/38657942-97lzj5gje8kr81vbyehxkwxm-Zoomjpg', 'https://imgchrono24com/images/uhren/38657942-bzbyv5bxge0nmz2n4ih9v8vb-Zoomjpg', 'https://imgchrono24com/images/uhren/38657942-cvxa8krkn54lczd8vggmp7lq-Zoomjpg', 'https://imgchrono24com/images/uhren/38657942-hj04t8icp07miy4t0756cm0q-Zoomjpg', 'https://imgchrono24com/images/uhren/38657942-sugqi8j85s97efkoulzqkvne-Zoomjpg']"
Rolex Daytona,Rolex,Sin documentos originales,Sin estuche original,16 800 ,Daytona,Usado (Muy bueno) ,2010,"['https://imgchrono24com/images/uhren/z9et7fbppxld-w2nmngwmogo5e03qt403mqp0-Zoomjpg', 'https://imgchrono24com/images/uhren/dedlq1ss5y54-uqqiyr4i35ihqo9fjsbn8edo-Zoomjpg', 'https://imgchrono24com/images/uhren/jkip409mecs4-bjqwmqxvfq795xh0xlliio3k-Zoomjpg', 'https://imgchrono24com/images/uhren/wa81k8lfrlqi-eytgpf1mz0mhsnq0gbo4hxu4-Zoomjpg', 'https://imgchrono24com/images/uhren/xff2qxtuvyn2-7x4rjc81toruz32dwo5nq9tl-Zoomjpg', 'https://imgchrono24com/images/uhren/t4221vqodygl-xmpievn0n2pl0slh1t0xnep1-Zoomjpg', 'https://imgchrono24com/images/uhren/wnuaj4dixcyg-j2ofzmjee3lo64brtz7obs7d-Zoomjpg', 'https://imgchrono24com/images/uhren/6h3rujlstth8-m3oss703b3nan47u5ywydc6h-Zoomjpg', 'https://imgchrono24com/images/uhren/rh7u8zs5f36n-7vdcpc6wcbh0nku21kg1tot4-Zoomjpg', 'https://imgchrono24com/images/uhren/5l30oum9z20x-rrm5plxhveke6shhj1qz85ke-Zoomjpg', 'https://imgchrono24com/images/uhren/y8cyomdpcsaj-fbutwahmrz4s8oi6chhcxl93-Zoomjpg', 'https://imgchrono24com/images/uhren/mmexkm22xyvf-akn2ooomp5m1k999fxgw07rb-Zoomjpg', 'https://imgchrono24com/images/uhren/s67iyspc7ufi-lype6vyd2mmkw8ev0l1qxaai-Zoomjpg', 'https://imgchrono24com/images/uhren/99ryjyorusan-b8gn759bwzh9g22k3mi0h7eg-Zoomjpg']"
Rolex Oyster Perpetual Date,Rolex,Sin documentos originales,Sin estuche original,3.500,Oyster Perpetual Date,Usado (Muy bueno) ,1983,"['https://imgchrono24com/images/uhren/39674828-ucoh4avunr9oy2yqldio47ym-Zoomjpg', 'https://imgchrono24com/images/uhren/39674828-67xoy1t8jjftspt6ivs07s6c-Zoomjpg', 'https://imgchrono24com/images/uhren/39674828-jpoi54ovtl4705uuulhqorpt-Zoomjpg', 'https://imgchrono24com/images/uhren/39674828-w79z3f1sapb5pc2gjtoo61rj-Zoomjpg', 'https://imgchrono24com/images/uhren/39674828-93tu1ecfe2e2cpc8sbq52j1c-Zoomjpg', 'https://imgchrono24com/images/uhren/39674828-nyxurdapr1d935f2nzvq0uz2-Zoomjpg', 'https://imgchrono24com/images/uhren/39674828-0g5p4ouqtyl5yr37dkxl6w72-Zoomjpg', 'https://imgchrono24com/images/uhren/39674828-y9tcu2tvjzg0m8uin5dliy97-Zoomjpg', 'https://imgchrono24com/images/uhren/39674828-2dlr549hskdaahg5p4oqxqdp-Zoomjpg', 'https://imgchrono24com/images/uhren/39674828-dbfshxe5kvt7f37fn9evubgb-Zoomjpg', 'https://imgchrono24com/images/uhren/39674828-ppyz2ikx5mb6knnvcan142mr-Zoomjpg', 'https://imgchrono24com/images/uhren/39674828-3t1qsnrpfsl20pyfj275je33-Zoomjpg', 'https://imgchrono24com/images/uhren/39674828-h2if9cqjkwx3q56797h1ejqf-Zoomjpg']"
Rolex GMT-Master II,Rolex,Con documentos originales,Con estuche original,21 900  ,GMT-Master II,Usado (Muy bueno) ,2024,"['https://imgchrono24com/images/uhren/37323017-8fv4871k73xw1sxg66rcd5r6-Zoomjpg', 'https://imgchrono24com/images/uhren/37323017-n6j02d3c4nhfxo6xgrhkb5mp-Zoomjpg', 'https://imgchrono24com/images/uhren/37323017-un7ky2pb47hpt2j0f0ddd8vh-Zoomjpg', 'https://imgchrono24com/images/uhren/hpvs6z5ivgu0-5beu4pkgmu8jg2gyxkr38hpc-Zoomjpg', 'https://imgchrono24com/images/uhren/37323017-kwllt2ruhftd16u16akzkjab-Zoomjpg', 'https://imgchrono24com/images/uhren/0ogx62cdyyg4-xegt53tygwna7i8fgzcklkxq-Zoomjpg', 'https://imgchrono24com/images/uhren/fuunz7re3g5f-zz2djfegupiy9222uzpev82f-Zoomjpg']"
Rolex Datejust 36,Rolex,Sin documentos originales,Sin estuche original,5.200,Datejust 36,Usado (Muy bueno) ,1998 (Año aproximado),"['https://imgchrono24com/images/uhren/39364634-396xwbtxr39iuty1gke8iycs-Zoomjpg', 'https://imgchrono24com/images/uhren/39364634-zs8km8j18how584n8vr8bfzt-Zoomjpg', 'https://imgchrono24com/images/uhren/39364634-7lc6tfdl57snghr56djwwieu-Zoomjpg', 'https://imgchrono24com/images/uhren/39364634-dlxv68bg1di1mn9qcbton3u1-Zoomjpg', 'https://imgchrono24com/images/uhren/39364634-uf0ytzjc8vl04kz3c1bcmeib-Zoomjpg', 'https://imgchrono24com/images/uhren/39364634-8w589ve1gjvvd93qy8zjoimt-Zoomjpg', 'https://imgchrono24com/images/uhren/39364634-6rwwx33x00g6i5tno4bawpns-Zoomjpg', 'https://imgchrono24com/images/uhren/39364634-htzliv0gkoou58tcvhlvq0gn-Zoomjpg', 'https://imgchrono24com/images/uhren/39364634-ih5vhtu38kzk737bnlzpvh6t-Zoomjpg', 'https://imgchrono24com/images/uhren/39364634-ewt089cuhjigdrqxsdtxme73-Zoomjpg', 'https://imgchrono24com/images/uhren/39364634-0sj37go06f2zl466hzh62c7b-Zoomjpg', 'https://imgchrono24com/images/uhren/39364634-wpf4908n9w05on137drmqemr-Zoomjpg']"
Rolex Oyster Perpetual Date,Rolex,Sin documentos originales,Sin estuche original,3.595,Oyster Perpetual Date,Usado (Bueno) ,1974,"['https://imgchrono24com/images/uhren/37644846-hoewqnkamn2npu36tgxfpf1f-Zoomjpg', 'https://imgchrono24com/images/uhren/37644846-zg51hsb6fceznfl7yga11fr7-Zoomjpg', 'https://imgchrono24com/images/uhren/37644846-oa0eozgwm0p95y7sc1mohovk-Zoomjpg', 'https://imgchrono24com/images/uhren/37644846-5hszos3d5qw3xp6v2oiuy7qq-Zoomjpg', 'https://imgchrono24com/images/uhren/37644846-14dz4umm6vs24kvv1jaiwa43-Zoomjpg', 'https://imgchrono24com/images/uhren/37644846-grmrdm4d81zh8d5ptmv6quwn-Zoomjpg', 'https://imgchrono24com/images/uhren/37644846-grmrdm4d81zh8d5ptmv6quwn-Zoomjpg', 'https://imgchrono24com/images/uhren/37644846-grmrdm4d81zh8d5ptmv6quwn-Zoomjpg', 'https://imgchrono24com/images/uhren/37644846-6hs2g062eac0evju65z975xt-Zoomjpg', 'https://imgchrono24com/images/uhren/37644846-af32nhghqqx4qa1ds864hutz-Zoomjpg', 'https://imgchrono24com/images/uhren/37644846-vx2yxum31j5utlgdhl5xsmrn-Zoomjpg', 'https://imgchrono24com/images/uhren/37644846-vx2yxum31j5utlgdhl5xsmrn-Zoomjpg', 'https://imgchrono24com/images/uhren/37644846-p7zw4t8hr0q9yfnimwqwfuxs-Zoomjpg']"
Rolex Submariner Date,Rolex,Sin documentos originales,Sin estuche original,7.850,Submariner Date,Usado (Muy bueno) ,1990,"['https://imgchrono24com/images/uhren/37722384-kbv6ambqksbdgkvrh8gv5nof-Zoomjpg', 'https://imgchrono24com/images/uhren/37722384-kbv6ambqksbdgkvrh8gv5nof-Zoomjpg', 'https://imgchrono24com/images/uhren/37722384-kbv6ambqksbdgkvrh8gv5nof-Zoomjpg', 'https://imgchrono24com/images/uhren/37722384-kbv6ambqksbdgkvrh8gv5nof-Zoomjpg', 'https://imgchrono24com/images/uhren/37722384-kbv6ambqksbdgkvrh8gv5nof-Zoomjpg', 'https://imgchrono24com/images/uhren/37722384-kbv6ambqksbdgkvrh8gv5nof-Zoomjpg', 'https://imgchrono24com/images/uhren/37722384-kbv6ambqksbdgkvrh8gv5nof-Zoomjpg', 'https://imgchrono24com/images/uhren/37722384-kbv6ambqksbdgkvrh8gv5nof-Zoomjpg', 'https://imgchrono24com/images/uhren/37722384-kbv6ambqksbdgkvrh8gv5nof-Zoomjpg', 'https://imgchrono24com/images/uhren/37722384-kbv6ambqksbdgkvrh8gv5nof-Zoomjpg', 'https://imgchrono24com/images/uhren/37722384-kbv6ambqksbdgkvrh8gv5nof-Zoomjpg', 'https://imgchrono24com/images/uhren/37722384-kbv6ambqksbdgkvrh8gv5nof-Zoomjpg', 'https://imgchrono24com/images/uhren/37722384-kbv6ambqksbdgkvrh8gv5nof-Zoomjpg', 'https://imgchrono24com/images/uhren/37722384-kbv6ambqksbdgkvrh8gv5nof-Zoomjpg', 'https://imgchrono24com/images/uhren/37722384-kbv6ambqksbdgkvrh8gv5nof-Zoomjpg']"
Rolex Submariner Date,Rolex,Con documentos originales,Con estuche original,18 350 ,Submariner Date,Usado (Muy bueno) ,2018,"['https://imgchrono24com/images/uhren/39783541-cfjkg651spay6q4rpd7zvke1-Zoomjpg', 'https://imgchrono24com/images/uhren/39783541-faawrjpmuad3x9su0oq6gwvz-Zoomjpg', 'https://imgchrono24com/images/uhren/39783541-vu3ce38uiqavt9ls2tohnh37-Zoomjpg', 'https://imgchrono24com/images/uhren/39783541-ftmggy4jz0qvohc0ndu0q53z-Zoomjpg', 'https://imgchrono24com/images/uhren/39783541-ej391vmplifug89h1k8u3o77-Zoomjpg', 'https://imgchrono24com/images/uhren/39783541-v89efcd10vqm39y557d3uw7o-Zoomjpg', 'https://imgchrono24com/images/uhren/39783541-phq4p20dfoobv8osfamnwxym-Zoomjpg', 'https://imgchrono24com/images/uhren/39783541-4703d04v9je984pbn1c65vjf-Zoomjpg', 'https://imgchrono24com/images/uhren/39783541-zo2omzzi3ha7t7zd33zwyyyk-Zoomjpg', 'https://imgchrono24com/images/uhren/39783541-kl71jokcmujdgg06fvk5azg0-Zoomjpg', 'https://imgchrono24com/images/uhren/39783541-7n6xdgxqhvju69zmln9mots7-Zoomjpg', 'https://imgchrono24com/images/uhren/39783541-ljk41uimu12udlzleqjg8n6w-Zoomjpg', 'https://imgchrono24com/images/uhren/39783541-y56sj6cqoe3pxwzc8aye4pdg-Zoomjpg', 'https://imgchrono24com/images/uhren/39783541-pgd56nbvrdrxg2bakgbvlzes-Zoomjpg', 'https://imgchrono24com/images/uhren/39783541-ios1yace4ln5tkahhrr7jdj3-Zoomjpg', 'https://imgchrono24com/images/uhren/39783541-3t94uwxddqput2kt5b0eujmr-Zoomjpg']"
Rolex Submariner Date,Rolex,Con documentos originales,Con estuche original,10 200 ,Submariner Date,Usado (Muy bueno) ,2012,"['https://imgchrono24com/images/uhren/38872134-uz5f8rpw93az0hnsn3shy2pr-Zoomjpg', 'https://imgchrono24com/images/uhren/38872134-bm6dnsfej8rq6967zsrm40l2-Zoomjpg', 'https://imgchrono24com/images/uhren/38872134-h4rexcve6u36m5sbqyshy1yz-Zoomjpg', 'https://imgchrono24com/images/uhren/38872134-fmtn632tfkzlv6u6v4xqdl31-Zoomjpg', 'https://imgchrono24com/images/uhren/38872134-u8z1dioo8zeuqgb3fwyjd6yp-Zoomjpg', 'https://imgchrono24com/images/uhren/38872134-mhute4ikd0aycgei97b6tvy4-Zoomjpg', 'https://imgchrono24com/images/uhren/38872134-xhhb90f35m4n92zc1w637zld-Zoomjpg', 'https://imgchrono24com/images/uhren/38872134-stikinnpggsrn3usphk5d9cd-Zoomjpg', 'https://imgchrono24com/images/uhren/38872134-axcys9r5lnd6g5hkbc0uab6m-Zoomjpg', 'https://imgchrono24com/images/uhren/38872134-phzfht54l118fsot2otf6vry-Zoomjpg', 'https://imgchrono24com/images/uhren/38872134-6rh7q0qc4lrqipz3evh78q6w-Zoomjpg']"
Rolex GMT-Master II,Rolex,Con documentos originales,Con estuche original,17 900 ,GMT-Master II,Como nuevo y sin estrenar ,2022,"['https://imgchrono24com/images/uhren/37186431-gpbvts3c1w38k0tngtlqtbkq-Zoomjpg', 'https://imgchrono24com/images/uhren/37186431-s3vpnmb9b6qx8rg00caxrgkg-Zoomjpg', 'https://imgchrono24com/images/uhren/37186431-m82pclh5bc5mv9jyi5jidped-Zoomjpg', 'https://imgchrono24com/images/uhren/37186431-vkmq7yetdqz5z31b2vzv8329-Zoomjpg', 'https://imgchrono24com/images/uhren/37186431-7g1enf426ccs5x9xydtyin0p-Zoomjpg', 'https://imgchrono24com/images/uhren/37186431-fsurn7em3b3d0m8jreqzjyxo-Zoomjpg', 'https://imgchrono24com/images/uhren/37186431-teclxs6hycxadqmw50qlakrd-Zoomjpg', 'https://imgchrono24com/images/uhren/37186431-idesr683w3b0ofbnemzh9e3c-Zoomjpg', 'https://imgchrono24com/images/uhren/37186431-15fsf8oi6l8zeorey0w6yl2d-Zoomjpg', 'https://imgchrono24com/images/uhren/37186431-88nm92ss20z8dodm1ojg0v0c-Zoomjpg', 'https://imgchrono24com/images/uhren/37186431-mp19vqqbkqbbj13uwwjl2bi6-Zoomjpg', 'https://imgchrono24com/images/uhren/37186431-kiqtakwfcgnf08spwpw58kjr-Zoomjpg', 'https://imgchrono24com/images/uhren/37186431-ti7ldmxkwl0tb7wx2483u219-Zoomjpg', 'https://imgchrono24com/images/uhren/37186431-wm0g2lf3jb93obxviflykfu0-Zoomjpg', 'https://imgchrono24com/images/uhren/37186431-v2hhcpo4l2ciamej10f65ugi-Zoomjpg', 'https://imgchrono24com/images/uhren/37186431-3c70o94vzcqaobi13jay3353-Zoomjpg', 'https://imgchrono24com/images/uhren/37186431-22mv2hwte0gan0q336bh901i-Zoomjpg', 'https://imgchrono24com/images/uhren/37186431-sva3lbofb6pkw4vzr4mmkeek-Zoomjpg', 'https://imgchrono24com/images/uhren/37186431-cc0dx38ikga9e56skcddtqjq-Zoomjpg', 'https://imgchrono24com/images/uhren/37186431-ltv720bulrcyxojcgeoocg1l-Zoomjpg', 'https://imgchrono24com/images/uhren/37186431-h82t4bzeukrp0hqiuk113wwt-Zoomjpg']"
Rolex GMT-Master II,Rolex,Sin documentos originales,Sin estuche original,8.750,GMT-Master II,Usado (Bueno) ,2002 (Año aproximado),"['https://imgchrono24com/images/uhren/39750856-2eshlzlhm819wkrh2ak7leuo-Zoomjpg', 'https://imgchrono24com/images/uhren/39750856-r5e1yc1d69ok1oipjpwa0yfd-Zoomjpg', 'https://imgchrono24com/images/uhren/39750856-mhpt0qzxf3p3x6xbpewhc1qy-Zoomjpg', 'https://imgchrono24com/images/uhren/39750856-3swqjnjkg284c5vvctg2x97v-Zoomjpg', 'https://imgchrono24com/images/uhren/39750856-i1htie9jgie82eps4v7f6pzr-Zoomjpg', 'https://imgchrono24com/images/uhren/39750856-zagd3t3muy7z2va4xp1fcjuk-Zoomjpg', 'https://imgchrono24com/images/uhren/39750856-wbhlanpq3kgyu4bvo26i0cc7-Zoomjpg', 'https://imgchrono24com/images/uhren/39750856-vk47hjshn064vxx21xwy9946-Zoomjpg', 'https://imgchrono24com/images/uhren/39750856-gcgsdt51l2dvatdhiuhro7nl-Zoomjpg', 'https://imgchrono24com/images/uhren/39750856-fu9jtizqpwj1xvyux7i4ljb7-Zoomjpg', 'https://imgchrono24com/images/uhren/39750856-pa8ln5ko8ew2g5lshljreqw5-Zoomjpg']"
Rolex Submariner Date,Rolex,Con documentos originales,Sin estuche original,12.300,Submariner Date,Usado (Muy bueno) ,2020,"['https://imgchrono24com/images/uhren/39700769-55agv96diwfyjs3ytw2z7stk-Zoomjpg', 'https://imgchrono24com/images/uhren/39700769-duume0y83tblq69sifyji24d-Zoomjpg', 'https://imgchrono24com/images/uhren/39700769-285jltgrs36haztwp1ghcl1x-Zoomjpg', 'https://imgchrono24com/images/uhren/39700769-x02utruaam5vblhjn6jjgd9n-Zoomjpg', 'https://imgchrono24com/images/uhren/39700769-isylak575zphxdiz8gjcylpg-Zoomjpg', 'https://imgchrono24com/images/uhren/39700769-e379reno13gifn7vlujwp7hi-Zoomjpg', 'https://imgchrono24com/images/uhren/39700769-cfzf6u9v8m5h71ox0w1o2b0d-Zoomjpg', 'https://imgchrono24com/images/uhren/39700769-9jsix71zqobzs8jbcc5vficl-Zoomjpg', 'https://imgchrono24com/images/uhren/39700769-hhs6ocnojbe3onwgzo0tq8g6-Zoomjpg', 'https://imgchrono24com/images/uhren/39700769-9s7j0tqro76p8npx3jqhi6cv-Zoomjpg']"
Rolex Oyster Perpetual Date,Rolex,Sin documentos originales,Sin estuche original,4.000,Oyster Perpetual Date,Usado (Bueno) ,1988,"['https://imgchrono24com/images/uhren/l8e072dsow23-wwz4pdzrske6qp4ti3m5cx41-Zoomjpg', 'https://imgchrono24com/images/uhren/35646398-nujd68wo4c9fkowa170gahtc-Zoomjpg', 'https://imgchrono24com/images/uhren/35646398-4hc5uv8z2495put6un87tize-Zoomjpg', 'https://imgchrono24com/images/uhren/35646398-vl7vwlay70mtstfpcononxv7-Zoomjpg', 'https://imgchrono24com/images/uhren/35646398-9ovay67jgjhzekv8q7i18um1-Zoomjpg', 'https://imgchrono24com/images/uhren/35646398-xkw04m8vjpxj99rvgwjb3vb6-Zoomjpg', 'https://imgchrono24com/images/uhren/35646398-giolzqixc56jxuqzcznqashf-Zoomjpg', 'https://imgchrono24com/images/uhren/35646398-g9alxe1wgj5r671421e30txj-Zoomjpg', 'https://imgchrono24com/images/uhren/h6v27ske4qml-y8trk7h8vqdnnsczw3qs8k7h-Zoomjpg', 'https://imgchrono24com/images/uhren/dtp9aobag04r-dk165lxbis92m1dngq0ppc4r-Zoomjpg', 'https://imgchrono24com/images/uhren/x5agr6ek68tr-hmwl3nla34i0h8hqaf9okbsw-Zoomjpg', 'https://imgchrono24com/images/uhren/5hcyae2frdho-s0osbp1w1r8dhf5fbpeky6bg-Zoomjpg', 'https://imgchrono24com/images/uhren/ber477aqkku7-8ipsbxiuiv0px6awovjana92-Zoomjpg', 'https://imgchrono24com/images/uhren/i6zq7ps4gwqr-j2ei4b1s9rt4tc9shwvzhajl-Zoomjpg']"
Rolex Daytona,Rolex,Sin documentos originales,Sin estuche original,14.995,Daytona,Usado (Muy bueno) ,2002,"['https://imgchrono24com/images/uhren/37078947-7djc55phye1jnd8dwjm6l6b8-Zoomjpg', 'https://imgchrono24com/images/uhren/37078947-5ztmbdz8wwug7h44d97wbpbx-Zoomjpg', 'https://imgchrono24com/images/uhren/37078947-4iazbcq80o5fqjpbmyyn84tp-Zoomjpg', 'https://imgchrono24com/images/uhren/37078947-yfysn0juyyt1q8jlpvuodjwd-Zoomjpg', 'https://imgchrono24com/images/uhren/37078947-ineb6lv6hwc0gyg4wq2ic6zd-Zoomjpg', 'https://imgchrono24com/images/uhren/37078947-jevy593h9t7pi8kqsusq5a9u-Zoomjpg', 'https://imgchrono24com/images/uhren/37078947-accqjxlbfkfwqabicmcdnyjy-Zoomjpg', 'https://imgchrono24com/images/uhren/37078947-evhdfkdrjk86je1kx9fe5eab-Zoomjpg', 'https://imgchrono24com/images/uhren/37078947-bx8171uasvrne7gu30mdg4yd-Zoomjpg', 'https://imgchrono24com/images/uhren/37078947-axo8puyqh87ofue96evkl6kp-Zoomjpg', 'https://imgchrono24com/images/uhren/37078947-wpsz9ovxfvy8vuf239cboim0-Zoomjpg', 'https://imgchrono24com/images/uhren/37078947-eu3r91x8l65850m3qolmg693-Zoomjpg', 'https://imgchrono24com/images/uhren/37078947-hjrruqmhd1u90ez1k34equiu-Zoomjpg', 'https://imgchrono24com/images/uhren/37078947-3qpy8lv65z5gm0ob51wvsnza-Zoomjpg', 'https://imgchrono24com/images/uhren/37078947-m0mq76mtx8vewwe0qducoa9b-Zoomjpg', 'https://imgchrono24com/images/uhren/37078947-r7l4gcz1yr0noiov0auil2h8-Zoomjpg']"
Rolex Datejust 36,Rolex,Sin documentos originales,Con estuche original,3.900,Datejust 36,Usado (Bueno) ,1982,"['https://imgchrono24com/images/uhren/gwr62drkvari-tyz0n6evbpz5ebi04inwgrww-Zoomjpg', 'https://imgchrono24com/images/uhren/to2l0xr7tzsj-3shg5w68tkiiwxw48sldyxcw-Zoomjpg', 'https://imgchrono24com/images/uhren/3plp2x05iuzv-gpzjjh6hk15me368gjzq8lq4-Zoomjpg', 'https://imgchrono24com/images/uhren/a9th1segahna-h2tjnl6023g90t9q1rwtr5sl-Zoomjpg', 'https://imgchrono24com/images/uhren/z1gmpz06bb9g-0t1oruynh7d15h4qrm6xcf6t-Zoomjpg', 'https://imgchrono24com/images/uhren/uwgi16wapn0f-m4o85geww5h9dyb0cpmuayri-Zoomjpg', 'https://imgchrono24com/images/uhren/6s6m7a0240y8-ni18xdnugj3krgy9hv6rgwq6-Zoomjpg', 'https://imgchrono24com/images/uhren/baxlbxzbxb3i-ncpfi3piznauvxq6kv1w9zvh-Zoomjpg', 'https://imgchrono24com/images/uhren/gidnfiu1ixbb-bt2o0u5q4g2jhzzegvp1jq11-Zoomjpg', 'https://imgchrono24com/images/uhren/lf8zoyaqm767-69z9tzh32mb6q6axkjtf7pag-Zoomjpg', 'https://imgchrono24com/images/uhren/l2w03d8alwrh-1org3orz8lu2m7rysyt0zhal-Zoomjpg', 'https://imgchrono24com/images/uhren/ouhfnmfzxmp3-32odiw5gbt6ukuawvjy47imy-Zoomjpg', 'https://imgchrono24com/images/uhren/ibzey3mkic8d-lbggxkre2qb4et9r7za5ckax-Zoomjpg', 'https://imgchrono24com/images/uhren/rk8i8mxtyths-csry4txzklpgvu8t79r635bn-Zoomjpg', 'https://imgchrono24com/images/uhren/v2erxx1ykuoa-qm1ppzre1owma82102jywq1n-Zoomjpg', 'https://imgchrono24com/images/uhren/uvjpmqe1rt81-zglxytt54388pb2o4kt4jjk1-Zoomjpg']"
Rolex Datejust 41,Rolex,Con documentos originales,Con estuche original,17.900,Datejust 41,Nuevo ,2024,"['', '', 'https://imgchrono24com/images/uhren/30876351-denoe5c47hyfbbilocns0t38-Zoomjpg', 'https://imgchrono24com/images/uhren/30876351-gqbayw0k457cl1ucy6km4yop-Zoomjpg']"
Rolex Lady-Datejust,Rolex,Sin documentos originales,Sin estuche original,4.750,Lady-Datejust,Usado (Bueno) ,1978,"['https://imgchrono24com/images/uhren/33946024-q36vur3db9z2afp3ladh1t6m-Zoomjpg', 'https://imgchrono24com/images/uhren/33946024-470m4mx7ftn17kadn423xe8c-Zoomjpg', 'https://imgchrono24com/images/uhren/33946024-svzqvdc8vb9m1c9wonvfjfo8-Zoomjpg', 'https://imgchrono24com/images/uhren/33946024-l79dkjj0837m66ldmgfsax1a-Zoomjpg', 'https://imgchrono24com/images/uhren/33946024-sfv3o1w49jcf1zrmvkdjvng4-Zoomjpg', 'https://imgchrono24com/images/uhren/33946024-x6o42df07f7l7ltt7vsvg0pb-Zoomjpg', 'https://imgchrono24com/images/uhren/33946024-13mak6ob3s07cqjivxc1090e-Zoomjpg']"
Rolex Submariner Date,Rolex,Con documentos originales,Con estuche original,15.300,Submariner Date,Usado (Bueno) ,2021,"['https://imgchrono24com/images/uhren/4jlhq4cw6olp-jjazcrsv0h16l27f9vuc1qrj-Zoomjpg', 'https://imgchrono24com/images/uhren/p6y1kaqd59ds-0onayng5ia8uh487a0ess8pq-Zoomjpg', 'https://imgchrono24com/images/uhren/kz3v5rt9ybrg-xoaf551nlj0ki9u91t2ahz48-Zoomjpg', 'https://imgchrono24com/images/uhren/9otu2iuemkia-7r16ue65smfbz1n6k94xht6d-Zoomjpg', 'https://imgchrono24com/images/uhren/66whjr3vrd3z-1lxqr90wj6brvty8am8thdbj-Zoomjpg', 'https://imgchrono24com/images/uhren/9zorpnovkgqc-e7rzfh985xz7uyyedlb69za8-Zoomjpg', 'https://imgchrono24com/images/uhren/jdyjyqjp167v-gfzf5hr0me4aklk1konz9mza-Zoomjpg', 'https://imgchrono24com/images/uhren/suzx6radm6qy-baiz5p26ahc39swxks2mpbb6-Zoomjpg', 'https://imgchrono24com/images/uhren/vb022pl7934y-lys4m2oos52i10zpgnu3elww-Zoomjpg', 'https://imgchrono24com/images/uhren/1h9ncgvvoec5-r6y9dszv3bhvi83p6c7isto0-Zoomjpg', 'https://imgchrono24com/images/uhren/3c9vak239vsb-sl0nmer65ycw9or0lga3doxo-Zoomjpg', 'https://imgchrono24com/images/uhren/dvvhwwmkh9al-4y0qxy0e35p1sm2ahi8sdodq-Zoomjpg', 'https://imgchrono24com/images/uhren/6pvkdbi4fcli-7txba8cvmj9e4tp6ykfwujvj-Zoomjpg', 'https://imgchrono24com/images/uhren/mu27e1i7u53j-qw4da51wl2gerf2d3vuvmjl8-Zoomjpg', 'https://imgchrono24com/images/uhren/tp6uff94vxqj-suf12rkt4dsovz35j0hlidou-Zoomjpg']"
IWC Da Vinci Chronograph,IWC,Sin documentos originales,Sin estuche original,2.200,Da Vinci Chronograph,Usado (Bueno) ,No conocido,"['https://imgchrono24com/images/uhren/oco6ib9z1yup-0x8opnr2yd8weryiuclvcvno-Zoomjpg', 'https://imgchrono24com/images/uhren/athp0eun23bq-endr2w3o9nv5nauijcf5mu9l-Zoomjpg', 'https://imgchrono24com/images/uhren/94rs55uh5ar1-efgi3ijatbwrfco1gitz2jqc-Zoomjpg', 'https://imgchrono24com/images/uhren/kxdi16hia251-i0of1fybmkq5x8b81hwzee4x-Zoomjpg', 'https://imgchrono24com/images/uhren/x70l35tdxvx2-mmjj6t7wc03y6zfjxyny0pq2-Zoomjpg', 'https://imgchrono24com/images/uhren/u45anmb0oi9b-omazphop5ze29nvo1fxkskkq-Zoomjpg', 'https://imgchrono24com/images/uhren/1xq3eazne2fv-7wwzgu7ddwedqf8693f5eekr-Zoomjpg', 'https://imgchrono24com/images/uhren/tvumnja0osvd-q0eo94fo1ulvobb6o2ljno1v-Zoomjpg']"
IWC Pilot Chronograph,IWC,Sin documentos originales,Sin estuche original,2.195,Pilot Chronograph,Usado (Muy bueno) ,2001 (Año aproximado),"['https://imgchrono24com/images/uhren/38652691-wljr5m6qedlrik67kuvqr41p-Zoomjpg', 'https://imgchrono24com/images/uhren/38652691-kethr8utl6h7tapxs977d3a6-Zoomjpg', 'https://imgchrono24com/images/uhren/38652691-etgcl0bcjj7xkzaqmdx5jwc1-Zoomjpg', 'https://imgchrono24com/images/uhren/38652691-tf0l61b2qbco000iyk4e87h9-Zoomjpg', 'https://imgchrono24com/images/uhren/38652691-p69kryurune12xhq8mpbmk2x-Zoomjpg', 'https://imgchrono24com/images/uhren/38652691-gwdiw3w7iikw3s5mbck432nc-Zoomjpg', 'https://imgchrono24com/images/uhren/38652691-7ozcfhngi0ivyki7mnnbdjzi-Zoomjpg', 'https://imgchrono24com/images/uhren/38652691-rizv7kcqjebs86zlozit56i6-Zoomjpg', 'https://imgchrono24com/images/uhren/38652691-6n8z5ud77ukufp77w9u22u5s-Zoomjpg', 'https://imgchrono24com/images/uhren/38652691-phqnhcyglzkpiekzr8x2fmaz-Zoomjpg', 'https://imgchrono24com/images/uhren/38652691-0jcdtpg0zl8kxmlm4xzr83rj-Zoomjpg', 'https://imgchrono24com/images/uhren/38652691-65nae6d3zvoxanix5j9pcjqe-Zoomjpg', 'https://imgchrono24com/images/uhren/38652691-v5d4arcskbesab80yy72u7q6-Zoomjpg', 'https://imgchrono24com/images/uhren/38652691-mwxtkzitte8tu3j3v4ny2gdt-Zoomjpg', 'https://imgchrono24com/images/uhren/38652691-5yalwgztjn1pirdgeh3r2tag-Zoomjpg', 'https://imgchrono24com/images/uhren/38652691-8mgb24fsa506j6qy692nc3w1-Zoomjpg']"
IWC Pilot’s Watch Automatic 36,IWC,Con documentos originales,Con estuche original,3.700,Pilot’s Watch Automatic 36,Usado (Muy bueno) ,2020,"['https://imgchrono24com/images/uhren/q0358tlh0fgq-oip13xwyos1xmo1bobodd7sk-Zoomjpg', 'https://imgchrono24com/images/uhren/h7bkopas7q1s-ja8rzxj5en7vd501zaqglfog-Zoomjpg', 'https://imgchrono24com/images/uhren/tiemhpj0fcpp-ur5c8fp5mqflpatxc7n9hu7g-Zoomjpg', 'https://imgchrono24com/images/uhren/v2w6bj8pkkl8-qiolzi04hxhdkfux40fibxic-Zoomjpg', 'https://imgchrono24com/images/uhren/r8usr7wp4w6s-bqcb49rfovk2rfyac7h0u5vd-Zoomjpg', 'https://imgchrono24com/images/uhren/mc20h68d80tw-2k1sca3gz4hvvvyvcmma8c4y-Zoomjpg', 'https://imgchrono24com/images/uhren/xcn1s7n3orqs-tb7yp0u4q19jg0ybhprufbqk-Zoomjpg', 'https://imgchrono24com/images/uhren/7fz4tstaqain-etjx7nah56uiaxu6uth49a6c-Zoomjpg', 'https://imgchrono24com/images/uhren/38680777-s9a03ouyqtgglgrxqq7i90xy-Zoomjpg', 'https://imgchrono24com/images/uhren/ztt9pik5ekkr-z0dmgdutj66sqfaho8mwb1kk-Zoomjpg', 'https://imgchrono24com/images/uhren/y05l6s8iu9s8-ua9tg4kgiz1rxfr84uw4w8it-Zoomjpg', 'https://imgchrono24com/images/uhren/ktzra11s5kx6-vil5llh6zou47t53ezmt21qt-Zoomjpg', 'https://imgchrono24com/images/uhren/b7r63imw35hi-yf2mq32uqnfx5a6s7ffebhsw-Zoomjpg', 'https://imgchrono24com/images/uhren/196w1qf3rfv7-frn6tnkgnzq8uyacoqua9w21-Zoomjpg', 'https://imgchrono24com/images/uhren/i7f5p8khyay7-lasb9pf8yqr5zwm3hzorefcn-Zoomjpg', 'https://imgchrono24com/images/uhren/sabmogfe2teo-rvm0sg9uqgo74e8m8vcj0vc8-Zoomjpg', 'https://imgchrono24com/images/uhren/tm82fpqace3d-rxokpsnh18prziwo9posd6bm-Zoomjpg', 'https://imgchrono24com/images/uhren/39xwvds72d1h-uldaz81a3saspwxxtx26taak-Zoomjpg']"
IWC,IWC,Sin documentos originales,Sin estuche original,640,,Usado (Muy bueno) ,1970 (Año aproximado),"['https://imgchrono24com/images/uhren/38526299-42ga2kpylokw350mbtk0tqye-Zoomjpg', 'https://imgchrono24com/images/uhren/38526299-915wmx9isiyv64l1onkqid4o-Zoomjpg', 'https://imgchrono24com/images/uhren/38526299-hqv5blio51vq3czwharadu2c-Zoomjpg', 'https://imgchrono24com/images/uhren/38526299-bln2y9narwhfz4w2k6nqap31-Zoomjpg', 'https://imgchrono24com/images/uhren/38526299-nv60g7scimdj3eo2r6vgexq4-Zoomjpg', 'https://imgchrono24com/images/uhren/38526299-nv60g7scimdj3eo2r6vgexq4-Zoomjpg', 'https://imgchrono24com/images/uhren/38526299-yl7f1wtgghvixlxy8wrmssnw-Zoomjpg', 'https://imgchrono24com/images/uhren/38526299-rlpcd6zt59234dmk9uo57571-Zoomjpg']"
IWC Porsche Design,IWC,Sin documentos originales,Con estuche original,1.399,Porsche Design,Usado (Bueno) ,1980 (Año aproximado),"['https://imgchrono24com/images/uhren/zerd28notpp1-ferjauxzod6m0uvwheqjmk2f-Zoomjpg', 'https://imgchrono24com/images/uhren/yrlhi5s58f2n-1nb3ump2l12vqyb1dbsi35uj-Zoomjpg', 'https://imgchrono24com/images/uhren/kknop73ow0et-d9j607as8ckftse0ff2zozp9-Zoomjpg', 'https://imgchrono24com/images/uhren/x0yq59wr40bj-tso2sj8koj05pnw88woqv8q7-Zoomjpg', 'https://imgchrono24com/images/uhren/res6g52vi4l1-f4ok33lbj6hb6y22upvtexjj-Zoomjpg', 'https://imgchrono24com/images/uhren/ytcrdnbrsih3-yc989bsrpseratj4zgxvx7sa-Zoomjpg', 'https://imgchrono24com/images/uhren/xvz3jjb9ci2r-mmdodu5w1bi3a5bbfpxqy936-Zoomjpg', 'https://imgchrono24com/images/uhren/an11pndd8qen-zhtitipyvm8yzmbss68w3sab-Zoomjpg', 'https://imgchrono24com/images/uhren/jw888rhu75sg-ppx48jpjiyqef5eh2ogxv3g9-Zoomjpg', 'https://imgchrono24com/images/uhren/njn4hmaiyzod-e7gh48qpqnys4al7ugle4ihq-Zoomjpg']"
IWC Pilot Chronograph,IWC,Sin documentos originales,Sin estuche original,2.815,Pilot Chronograph,Usado (Bueno) ,No conocido,"['https://imgchrono24com/images/uhren/38402653-drb7fapgnzlpblz4hgja6puf-Zoomjpg', 'https://imgchrono24com/images/uhren/38402653-cvn986p3x810qhf4gphi49qm-Zoomjpg', 'https://imgchrono24com/images/uhren/38402653-lm8iiktazybid4n0ttt6fqan-Zoomjpg', 'https://imgchrono24com/images/uhren/38402653-sden7hrziztx6rd7lfbrdc3f-Zoomjpg', 'https://imgchrono24com/images/uhren/38402653-3h16glew2dh0372ao2d27u8u-Zoomjpg', 'https://imgchrono24com/images/uhren/38402653-o4upi0lvpvstb7l9hkwvp5ok-Zoomjpg', 'https://imgchrono24com/images/uhren/38402653-mpx30r7qbhranfmd30ozabqe-Zoomjpg', 'https://imgchrono24com/images/uhren/38402653-lwqv2umq0rt4sxv7nkqotm4k-Zoomjpg', 'https://imgchrono24com/images/uhren/38402653-fgqw99ozy3hjsk46qczz1ahq-Zoomjpg']"
IWC Ingenieur,IWC,Sin documentos originales,Sin estuche original,3.500,Ingenieur,Usado (Bueno) ,1990 (Año aproximado),"['https://imgchrono24com/images/uhren/egl1qo8f0fze-lp5e3kl8jgek9c4ki2nq63yu-Zoomjpg', 'https://imgchrono24com/images/uhren/zsm9bie8jrx6-lxdff3zkxpix2xo801ba0ibh-Zoomjpg', 'https://imgchrono24com/images/uhren/3xx5286a0l5d-h2y555asdir94vveh4mh4gqa-Zoomjpg', 'https://imgchrono24com/images/uhren/wgxj3b6uwdu6-l9we6akdq23qp20h6ndspns3-Zoomjpg', 'https://imgchrono24com/images/uhren/4zykqwltgjrn-j0r1qjy0tn4tbk4upuxpfg52-Zoomjpg', 'https://imgchrono24com/images/uhren/3ttmv83zb356-kb5s4dmf4d0ltlic7qigkvl9-Zoomjpg', 'https://imgchrono24com/images/uhren/dy0ytu554pc8-08cnqktjee2kvnr33qx60n89-Zoomjpg', 'https://imgchrono24com/images/uhren/xkum78jhch13-l1uuvg5w9l2crpapp73o7zor-Zoomjpg', 'https://imgchrono24com/images/uhren/qeud0m0r3dij-dd2t2vio5fkjfm45tfw9gyal-Zoomjpg', 'https://imgchrono24com/images/uhren/esoh8dz33z7l-dljfoyy4x7rdnidvta0j1f8g-Zoomjpg', 'https://imgchrono24com/images/uhren/mhibufuiadjs-kgy3ifdtnc0h8q1vt810h9ww-Zoomjpg', 'https://imgchrono24com/images/uhren/b3dx31bjrglx-gvp8v9gadxke2gb8elo56f2w-Zoomjpg', 'https://imgchrono24com/images/uhren/hzuhzbmeazaw-juu7w050syl8rgqbmlomkcx1-Zoomjpg', 'https://imgchrono24com/images/uhren/v3niwt74bprr-lefmtvspyu0sgwxzwa9k0h1p-Zoomjpg', 'https://imgchrono24com/images/uhren/3xptvtkgdmp0-cjemn48uf8sw2glbjlfagiks-Zoomjpg', 'https://imgchrono24com/images/uhren/dzsavo0998p9-o7cbsf4awi775zedsu75vjxt-Zoomjpg']"
IWC Pilot Chronograph Top Gun,IWC,Con documentos originales,Con estuche original,5.300,Pilot Chronograph Top Gun,Usado (Bueno) ,2013,"['https://imgchrono24com/images/uhren/tiqx7yh8fu39-m8atwpex4zri9gqsm2h54f4i-Zoomjpg', 'https://imgchrono24com/images/uhren/gxzl98cn5b9b-e8fvtlwh27tj59wb5aldicz3-Zoomjpg', 'https://imgchrono24com/images/uhren/6r82fhmc11x7-0bncg1eeqkeszbs67f8cop5e-Zoomjpg', 'https://imgchrono24com/images/uhren/lbsct0ntnd9z-giid762ylkscbdut1lh2lm2j-Zoomjpg', 'https://imgchrono24com/images/uhren/vqsznfy4amv9-s4b4i82ed7uo97b1cse5hbbm-Zoomjpg', 'https://imgchrono24com/images/uhren/hhaxptwwkyxt-ql8auaq14yu918kp0p57ohhl-Zoomjpg', 'https://imgchrono24com/images/uhren/zfw57zu6fuau-4hszwj1d1bs52cbq3qq71qk4-Zoomjpg', 'https://imgchrono24com/images/uhren/lbk37l4chj07-0nxqx4obs7pmxhwgeoh447e8-Zoomjpg', 'https://imgchrono24com/images/uhren/lyhzrhrx4rvp-9twiom6tbthq8g7a8upe0fmo-Zoomjpg', 'https://imgchrono24com/images/uhren/60e34dyzryyf-aygnay4zfxa79svas8r9y51v-Zoomjpg', 'https://imgchrono24com/images/uhren/i1d69hcz8iur-oak5y7c500kdcqjla9nmp2y9-Zoomjpg', 'https://imgchrono24com/images/uhren/wxbc9lev11u3-s6a3v7bs9kc9u0wj2t9hu9bw-Zoomjpg', 'https://imgchrono24com/images/uhren/e4do95l5afh0-ck1xdcp8smz95jp3s1ux7s20-Zoomjpg']"
IWC Ingenieur,IWC,Sin documentos originales,Sin estuche original,1.000,Ingenieur,Usado (Bueno) ,1990 (Año aproximado),"['https://imgchrono24com/images/uhren/38745769-k7ka8kmm27in6rsw76nrt3xk-Zoomjpg', 'https://imgchrono24com/images/uhren/38745769-ny0uzc565lbd71eo558qgtio-Zoomjpg', 'https://imgchrono24com/images/uhren/38745769-mg50at5ogv30aqr4g8y6pyyc-Zoomjpg', 'https://imgchrono24com/images/uhren/38745769-1girc0pt135fuxezyldgb2re-Zoomjpg', 'https://imgchrono24com/images/uhren/38745769-3kk5t6a0rc47rnusk39lb5ji-Zoomjpg', 'https://imgchrono24com/images/uhren/38745769-uhsra3b6mc1d6gv5qje57q6e-Zoomjpg', 'https://imgchrono24com/images/uhren/38745769-0wyn2ykjzglvb6nbg7uh9ycg-Zoomjpg', 'https://imgchrono24com/images/uhren/38745769-94hn0lwxzdf5b0i1va3evgxl-Zoomjpg', 'https://imgchrono24com/images/uhren/38745769-psfcz9cvdu13r7h32b13m3hn-Zoomjpg', 'https://imgchrono24com/images/uhren/38745769-y22t2gushguf7gji7aey6gia-Zoomjpg', 'https://imgchrono24com/images/uhren/38745769-766tdek2th0t93mbnpqgusiv-Zoomjpg', 'https://imgchrono24com/images/uhren/38745769-7tjg5jmh05q8r4eo4r2nqo4x-Zoomjpg']"
IWC Pilot Mark,IWC,Con documentos originales,Con estuche original,6.459,Pilot Mark,Usado (Muy bueno) ,2024,"['https://imgchrono24com/images/uhren/39544506-j6a9nequw3plzqh8lo0a4ipn-Zoomjpg', 'https://imgchrono24com/images/uhren/39544506-2e68gky1cgofbwr7fiaj8g2b-Zoomjpg', 'https://imgchrono24com/images/uhren/39544506-pt4acnn4sc1tn6w6xg6mipjf-Zoomjpg', 'https://imgchrono24com/images/uhren/39544506-r1ed4azea42fpizii7suip0x-Zoomjpg', 'https://imgchrono24com/images/uhren/39544506-h2yaz7ya6lhpd7t779c8r5l4-Zoomjpg', 'https://imgchrono24com/images/uhren/39544506-zm6t6znwyfkot2qburzqtcx4-Zoomjpg', 'https://imgchrono24com/images/uhren/39544506-t8arbddiuqnr94jnmfjunsyy-Zoomjpg', 'https://imgchrono24com/images/uhren/39544506-lna857vhhpl53yqag5ko2hzf-Zoomjpg', 'https://imgchrono24com/images/uhren/39544506-kq603jxy07qpfi34chbqxff4-Zoomjpg', 'https://imgchrono24com/images/uhren/39544506-wr4m67q3f813racacmzinwg3-Zoomjpg', 'https://imgchrono24com/images/uhren/39544506-wp5hvawpotd5caluwql019e3-Zoomjpg', 'https://imgchrono24com/images/uhren/39544506-1w55ad2k1n533mgc9cnc2ste-Zoomjpg', 'https://imgchrono24com/images/uhren/39544506-xtt4uq3lrtesg6dzit5lnsjp-Zoomjpg', 'https://imgchrono24com/images/uhren/39544506-jffrha2fvjirvfvv2tryk6tx-Zoomjpg', 'https://imgchrono24com/images/uhren/39544506-2sshh4dk8pvmbcmgi5hlyct6-Zoomjpg', 'https://imgchrono24com/images/uhren/39544506-j71onji5wca2po8khkaqph4g-Zoomjpg', 'https://imgchrono24com/images/uhren/39544506-yym2i4tqzrm6wl7z1rg48z0v-Zoomjpg']"
IWC Portuguese Chronograph,IWC,Sin documentos originales,Sin estuche original,4.000,Portuguese Chronograph,Usado (Bueno) ,No conocido,"['https://imgchrono24com/images/uhren/34947904-2s4x607au2yuk9gc29uy8vhs-Zoomjpg', 'https://imgchrono24com/images/uhren/34947904-nod4fb3pniqhr4qef3pad3tk-Zoomjpg', 'https://imgchrono24com/images/uhren/34947904-pfk6fk6pydvgqd1phbol10nx-Zoomjpg']"
IWC,IWC,Sin documentos originales,Sin estuche original,870,,Usado (Bueno) ,1960 (Año aproximado),"['https://imgchrono24com/images/uhren/p6i20d0ea3sg-672scwvsifbd5w1qjammxnky-Zoomjpg', 'https://imgchrono24com/images/uhren/iqyauq4ypyy6-s7n476jihfy2yu1xsyo7p2p6-Zoomjpg', 'https://imgchrono24com/images/uhren/wq6595uqvymx-hkthf0bic9ifxmew72sgsixr-Zoomjpg', 'https://imgchrono24com/images/uhren/ugmlmu59tqj5-6nuuuz5afjnpb0be7v3fl7gu-Zoomjpg', 'https://imgchrono24com/images/uhren/yzpysksnvh2f-g4n9i42vmtgo2apwh6oftctd-Zoomjpg', 'https://imgchrono24com/images/uhren/12ap2y8yvm2f-v707s2ku7uwju4gbjdlg9z12-Zoomjpg', 'https://imgchrono24com/images/uhren/x0iu0h1fmgyn-pn7op75c48z9s9ej02m34o0x-Zoomjpg', 'https://imgchrono24com/images/uhren/l30ncqmoa7zz-n7pddwd62iha524ia3zigr4v-Zoomjpg', 'https://imgchrono24com/images/uhren/4z9kbnycc7ce-q49e1d9y11oaa9bt6zs5nhzi-Zoomjpg', 'https://imgchrono24com/images/uhren/lftpvvmhen7l-9193xxpbbj72hq14vv21kwe2-Zoomjpg', 'https://imgchrono24com/images/uhren/qq78h4zuim5v-fg49ufqpgex8ns41rm1ndx0x-Zoomjpg', 'https://imgchrono24com/images/uhren/94s32zrnz21b-f1dyo8c037z0sc4rgw5sjxe7-Zoomjpg', 'https://imgchrono24com/images/uhren/in8681xyawot-7f2d1w8yzn0umbygfqydgkv7-Zoomjpg', 'https://imgchrono24com/images/uhren/n6yg94gyeqdk-zbc14zblaqvk9l53l33xfa3s-Zoomjpg']"
IWC Pilot Mark,IWC,Sin documentos originales,Con estuche original,3.890,Pilot Mark,Usado (Bueno) ,1999 (Año aproximado),"['https://imgchrono24com/images/uhren/38496595-0un69uboyl6inly56u2rqk9c-Zoomjpg', 'https://imgchrono24com/images/uhren/38496595-7u98x05idfftj3lv5hx2kx6x-Zoomjpg', 'https://imgchrono24com/images/uhren/38496595-xyrnkjrazejyfvcfy7lcfo7q-Zoomjpg', 'https://imgchrono24com/images/uhren/38496595-wym4cez8ndbx6z3te81aexel-Zoomjpg', 'https://imgchrono24com/images/uhren/38496595-rsdawszjt5imajujrfyoefpf-Zoomjpg', 'https://imgchrono24com/images/uhren/38496595-ij13v052umuks94ih2o8u8yu-Zoomjpg', 'https://imgchrono24com/images/uhren/38496595-mi1d8z2uo8yz9qikdwf43vvg-Zoomjpg', 'https://imgchrono24com/images/uhren/38496595-nr3tl28uu2opp88w0klitz7w-Zoomjpg', 'https://imgchrono24com/images/uhren/38496595-bi0lxrcga7nhih0j7502j48a-Zoomjpg', 'https://imgchrono24com/images/uhren/38496595-n94vyce8alh0ef0u4thmd4lx-Zoomjpg', 'https://imgchrono24com/images/uhren/38496595-v3dfgzdvg8o4pr37ncl754fz-Zoomjpg', 'https://imgchrono24com/images/uhren/38496595-lgefpanjmt6z2xwcso1i6yat-Zoomjpg', 'https://imgchrono24com/images/uhren/38496595-o8k9jc2jrc9f2ea656epcvkf-Zoomjpg', 'https://imgchrono24com/images/uhren/38496595-iitmfm64luty6tsvwljmmirw-Zoomjpg', 'https://imgchrono24com/images/uhren/38496595-thmbc01rtxdk3viqkybhhsaz-Zoomjpg', 'https://imgchrono24com/images/uhren/38496595-uzon6p4tplna5gcmhgilib7c-Zoomjpg']"
IWC Big Ingenieur,IWC,Con documentos originales,Sin estuche original,5.000,Big Ingenieur,Usado (Satisfactorio) ,2009,"['https://imgchrono24com/images/uhren/37772856-hq62iw5vdirjcel5ghsmpuaz-Zoomjpg', 'https://imgchrono24com/images/uhren/37772856-suhcgxy2wifx0ihj7xfonbla-Zoomjpg', 'https://imgchrono24com/images/uhren/37772856-kgmkxveskddovgiea11rcc80-Zoomjpg', 'https://imgchrono24com/images/uhren/37772856-ywti7sr7pzkuednnje1uarob-Zoomjpg', 'https://imgchrono24com/images/uhren/37772856-04z4qu6o2zd85hmybjze6w35-Zoomjpg', 'https://imgchrono24com/images/uhren/37772856-v4k9iaxu82kg2kv6wumgq6o3-Zoomjpg', 'https://imgchrono24com/images/uhren/37772856-uunc11if2ap8t4fpppmygrp1-Zoomjpg', 'https://imgchrono24com/images/uhren/37772856-va2jnesqmcbsdetz7obj1umo-Zoomjpg', 'https://imgchrono24com/images/uhren/37772856-nsog7xa2og57yamc7balqnwr-Zoomjpg', 'https://imgchrono24com/images/uhren/37772856-aeiw3c0j7k9kwq7epd2ggbqv-Zoomjpg', 'https://imgchrono24com/images/uhren/37772856-6nmgeakozsb8437305r6oldb-Zoomjpg', 'https://imgchrono24com/images/uhren/37772856-njpfjqgrnjwsrj25mpfdhqid-Zoomjpg', 'https://imgchrono24com/images/uhren/37772856-o6zh1fu9dj9e1eo7jbq3banj-Zoomjpg', 'https://imgchrono24com/images/uhren/37772856-5d131e2ues0idwfo9ue13im3-Zoomjpg']"
IWC Aquatimer Automatic,IWC,Sin documentos originales,Sin estuche original,3.700,Aquatimer Automatic,Usado (Muy bueno) ,2010 (Año aproximado),"['', 'https://imgchrono24com/images/uhren/38403867-pft1kam6mn8meuzqknrcsx76-Zoomjpg', 'https://imgchrono24com/images/uhren/38403867-361p67kf3qk6r0t73hel46zv-Zoomjpg', 'https://imgchrono24com/images/uhren/38403867-361p67kf3qk6r0t73hel46zv-Zoomjpg', 'https://imgchrono24com/images/uhren/38403867-6f92vzv9oyxpd8tnct49bmn0-Zoomjpg', 'https://imgchrono24com/images/uhren/38403867-6f92vzv9oyxpd8tnct49bmn0-Zoomjpg', 'https://imgchrono24com/images/uhren/38403867-ifxvpnt3h3wevlwdxpg5gkt5-Zoomjpg', 'https://imgchrono24com/images/uhren/38403867-0f55jdauxd990e6qomdiegfu-Zoomjpg', 'https://imgchrono24com/images/uhren/38403867-varfc6otjq59u6x9qeuksg2n-Zoomjpg', 'https://imgchrono24com/images/uhren/38403867-olqi1wb0s169av7sqavhaios-Zoomjpg']"
IWC Pilot Chronograph,IWC,Con documentos originales,Con estuche original,4.850,Pilot Chronograph,Usado (Muy bueno) ,2019,"['https://imgchrono24com/images/uhren/x97ms3b7unca-7jljw2d8ssl57z2ex65dx74r-Zoomjpg', 'https://imgchrono24com/images/uhren/zlj8jksrkso0-zfurpvo0k5h9bcgf4nxvkg1x-Zoomjpg', 'https://imgchrono24com/images/uhren/lzlvjxqkk47y-qc0hbaxbs74ujaj5qwgc876j-Zoomjpg', 'https://imgchrono24com/images/uhren/gk4ko1grqzlc-y81h3iq3kzxtxcqr9jqyitqq-Zoomjpg', 'https://imgchrono24com/images/uhren/orq7jtr0erq8-h7ump17m5fzufg36rqb3930d-Zoomjpg', 'https://imgchrono24com/images/uhren/15xndvdmd917-dfgzyximbsf262y812jep30d-Zoomjpg', 'https://imgchrono24com/images/uhren/ok829vn7y4z4-3c4khjpe3axmoem1x6zyn42m-Zoomjpg', 'https://imgchrono24com/images/uhren/f469klv9jxyr-vkgwjrbglww2gsqgj9pr4wra-Zoomjpg']"
IWC,IWC,Sin documentos originales,Sin estuche original,1.050,,Usado (Bueno) ,1912,"['https://imgchrono24com/images/uhren/32735795-420va39z6w2pwconz6c4hfw5-Zoomjpg', 'https://imgchrono24com/images/uhren/32735795-420va39z6w2pwconz6c4hfw5-Zoomjpg', 'https://imgchrono24com/images/uhren/32735795-2v3oxw1mo8eaddrytmabaftd-Zoomjpg', 'https://imgchrono24com/images/uhren/32735795-2v3oxw1mo8eaddrytmabaftd-Zoomjpg', 'https://imgchrono24com/images/uhren/32735795-d575tus2uwmytip0xptsj77d-Zoomjpg', 'https://imgchrono24com/images/uhren/32735795-benpar909he29xrgqawhdzgb-Zoomjpg', 'https://imgchrono24com/images/uhren/32735795-benpar909he29xrgqawhdzgb-Zoomjpg', 'https://imgchrono24com/images/uhren/32735795-benpar909he29xrgqawhdzgb-Zoomjpg', 'https://imgchrono24com/images/uhren/32735795-benpar909he29xrgqawhdzgb-Zoomjpg', 'https://imgchrono24com/images/uhren/32735795-benpar909he29xrgqawhdzgb-Zoomjpg', 'https://imgchrono24com/images/uhren/32735795-lhcpqj8kldaearvalrmji95k-Zoomjpg', 'https://imgchrono24com/images/uhren/32735795-t2z3aqe2h3cogj6usj1csncm-Zoomjpg', 'https://imgchrono24com/images/uhren/32735795-t2z3aqe2h3cogj6usj1csncm-Zoomjpg']"
IWC Aquatimer Automatic 2000,IWC,Sin documentos originales,Sin estuche original,2.740,Aquatimer Automatic 2000,Usado (Bueno) ,No conocido,"['https://imgchrono24com/images/uhren/39737469-v9iya2xeyrz8upioulnduzot-Zoomjpg', 'https://imgchrono24com/images/uhren/39737469-9ywe8gj7ssfnjp8736u7funo-Zoomjpg', 'https://imgchrono24com/images/uhren/39737469-poi9s6vvp6iqj8wos97nsdng-Zoomjpg', 'https://imgchrono24com/images/uhren/39737469-lwfoqqjk1gdr1715pqu3s7xc-Zoomjpg', 'https://imgchrono24com/images/uhren/39737469-admqleevimk7fykyno2vv7c6-Zoomjpg', 'https://imgchrono24com/images/uhren/39737469-zu4877dtf88jtj1exglucuhl-Zoomjpg', 'https://imgchrono24com/images/uhren/39737469-qp4fkb5326kcs7zg5vkac48f-Zoomjpg', 'https://imgchrono24com/images/uhren/39737469-precigea5wrz39dzgdpn4rta-Zoomjpg', 'https://imgchrono24com/images/uhren/39737469-1ao8cfob7rery3kx7tqw5mre-Zoomjpg', 'https://imgchrono24com/images/uhren/39737469-if0ccej6eggb7xdnhwn2lnsx-Zoomjpg', 'https://imgchrono24com/images/uhren/39737469-dzth2xi2cxs1o1ibk92tpmmc-Zoomjpg', 'https://imgchrono24com/images/uhren/39737469-62lkc50fe2wa6bsm5vw58rww-Zoomjpg', 'https://imgchrono24com/images/uhren/39737469-fl83fm2c9tdffz2izcqsy7ly-Zoomjpg', 'https://imgchrono24com/images/uhren/39737469-9hts9xrd8r5s7whazz4ys523-Zoomjpg', 'https://imgchrono24com/images/uhren/39737469-jcby507nnsfg8uqtk2gm0gyx-Zoomjpg', 'https://imgchrono24com/images/uhren/39737469-he5z76v7qteasp1a145xu5m2-Zoomjpg']"
IWC Porsche Design,IWC,Sin documentos originales,Sin estuche original,1.099,Porsche Design,Usado (Muy bueno) ,1980 (Año aproximado),"['https://imgchrono24com/images/uhren/38960654-hh7pmv8mvelite6r4g0mflnj-Zoomjpg', 'https://imgchrono24com/images/uhren/38960654-v9ncumxnd385e8mj9aaqz8mf-Zoomjpg', 'https://imgchrono24com/images/uhren/38960654-fc2mjfeq2k4p2a431jnvqpo2-Zoomjpg', 'https://imgchrono24com/images/uhren/38960654-slsx5jb05335rqias75ei4q6-Zoomjpg', 'https://imgchrono24com/images/uhren/38960654-c54zrydvv9295dhi2oc7jfqj-Zoomjpg', 'https://imgchrono24com/images/uhren/38960654-hickqjn4xw28ya0jqhoypb5i-Zoomjpg', 'https://imgchrono24com/images/uhren/38960654-rhruvw3wiai8gwsc2pxg41u8-Zoomjpg']"
IWC Aquatimer Automatic,IWC,Sin documentos originales,Sin estuche original,2.500,Aquatimer Automatic,Usado (Bueno) ,No conocido,"['https://imgchrono24com/images/uhren/35660537-js1ephcrtrbdekyrkg4vx6z2-Zoomjpg', 'https://imgchrono24com/images/uhren/35660537-wuwicat2wos5neqt5d9f3ya4-Zoomjpg', 'https://imgchrono24com/images/uhren/35660537-zxgn4bqgimhjlkul2qyq1sk5-Zoomjpg', 'https://imgchrono24com/images/uhren/35660537-mifqwfenkh9uv623luqbpedk-Zoomjpg', 'https://imgchrono24com/images/uhren/35660537-wkrp2vpjmholp8ygm19paa5g-Zoomjpg', 'https://imgchrono24com/images/uhren/35660537-c7nw8momtaitces0ziorlq1m-Zoomjpg', 'https://imgchrono24com/images/uhren/35660537-3z7refa6uu2n0kb3nnsqfvu9-Zoomjpg']"
Hublot Classic,Hublot,Sin documentos originales,Sin estuche original,995,Classic,Usado (Muy bueno) ,2000 (Año aproximado),"['https://imgchrono24com/images/uhren/39124404-kqos8wq48zyph6v9m4ps70sh-Zoomjpg', 'https://imgchrono24com/images/uhren/39124404-r15asdh4oolufzsezq4w20tn-Zoomjpg', 'https://imgchrono24com/images/uhren/39124404-dyrur79pddfzqdmpigdcsia4-Zoomjpg', 'https://imgchrono24com/images/uhren/39124404-oon6e6ga4te0tllcnkhz8w59-Zoomjpg', 'https://imgchrono24com/images/uhren/39124404-fg4n2oynd1rkc7xxxt2otokt-Zoomjpg', 'https://imgchrono24com/images/uhren/39124404-f738wkv2lv9adc7tp5xoeof2-Zoomjpg', 'https://imgchrono24com/images/uhren/39124404-6rxltat65gybylit90rvcusb-Zoomjpg', 'https://imgchrono24com/images/uhren/39124404-qxyrvhzomfwlcolmbwrsw1r5-Zoomjpg', 'https://imgchrono24com/images/uhren/39124404-9h17x28ilssjt4wiuscli2j6-Zoomjpg', 'https://imgchrono24com/images/uhren/39124404-ckofdzpad680ocyhfosmoagt-Zoomjpg', 'https://imgchrono24com/images/uhren/39124404-l8exmy8g5zw5b98jtyk67bx8-Zoomjpg', 'https://imgchrono24com/images/uhren/39124404-lvdolbhe03v6pe2wzyz4yesu-Zoomjpg', 'https://imgchrono24com/images/uhren/39124404-p7sxtd5g710yaz5g7esqpt77-Zoomjpg', 'https://imgchrono24com/images/uhren/39124404-rig4msvf6pxp3xcjynmc1cfu-Zoomjpg', 'https://imgchrono24com/images/uhren/39124404-90js2tnrwgub4buytyhy9g19-Zoomjpg', 'https://imgchrono24com/images/uhren/39124404-estegmi341nzxnma2ua92h9g-Zoomjpg']"
Hublot Classic Fusion,Hublot,Sin documentos originales,Con estuche original,4.000,Classic Fusion,Usado (Muy bueno) ,No conocido,"['https://imgchrono24com/images/uhren/38646727-m5vx3n9ggglovirro1532bao-Zoomjpg', 'https://imgchrono24com/images/uhren/38646727-ma8exarqqvp4oxe7jaj3pwm0-Zoomjpg', 'https://imgchrono24com/images/uhren/38646727-tsb21eyphxogmclnaapoayuf-Zoomjpg', 'https://imgchrono24com/images/uhren/38646727-kljxe1j7776tbqmgnymtkcn8-Zoomjpg', 'https://imgchrono24com/images/uhren/38646727-n4ov84xr422b4pg8zmgdv2yy-Zoomjpg', 'https://imgchrono24com/images/uhren/38646727-0d1tfqd3e7zfbulchl2a2lzh-Zoomjpg', 'https://imgchrono24com/images/uhren/38646727-keocqlqh7cjkrkx7ovpim1st-Zoomjpg']"
Hublot Classic Fusion,Hublot,Sin documentos originales,Sin estuche original,3.500,Classic Fusion,Usado (Bueno) ,2008,"['https://imgchrono24com/images/uhren/hioebet0fodj-6wqwvzh8zpnfmpwa69mqz9vs-Zoomjpg', 'https://imgchrono24com/images/uhren/mdyntzie409q-sanbziur7rir6aqgww9nqoyj-Zoomjpg', 'https://imgchrono24com/images/uhren/hnc1o6xgw02q-ohkenk5riqzrpmn55ucccryo-Zoomjpg', 'https://imgchrono24com/images/uhren/e3wp299sd13o-4j8ojdcenoijqr4n24i4t77t-Zoomjpg', 'https://imgchrono24com/images/uhren/1hry6kcb26f5-9wxhuxip4y8zod9gqujhslve-Zoomjpg', 'https://imgchrono24com/images/uhren/2niniatz7d8j-4swm9rwhp8e42d7cem9tazl8-Zoomjpg', 'https://imgchrono24com/images/uhren/v7nq7y6qujzt-3jq4cumx2tskhbvkd37fecxo-Zoomjpg', 'https://imgchrono24com/images/uhren/x64h60ru0r8o-dkhz2d8he4vmlrf5h4uem3uv-Zoomjpg', 'https://imgchrono24com/images/uhren/mlvlsvqksr9t-18mui69706q99a58fmvgk3o0-Zoomjpg', 'https://imgchrono24com/images/uhren/kgi02llpdmc1-sbe8w5p96lqdox7xbax4e6tj-Zoomjpg', 'https://imgchrono24com/images/uhren/fdn1hn697qc9-0cdgj4pokn7o5sbdmot4ogly-Zoomjpg']"
Hublot Elegant,Hublot,Sin documentos originales,Sin estuche original,2.500,Elegant,Usado (Bueno) ,No conocido,"['https://imgchrono24com/images/uhren/39808409-uut5jwdd6v14cguilktd5982-Zoomjpg', 'https://imgchrono24com/images/uhren/39808409-7rxr8cddwt0wrmeg5k7luhd3-Zoomjpg']"
Hublot Classic Fusion Blue,Hublot,Sin documentos originales,Sin estuche original,3.475,Classic Fusion Blue,Usado (Muy bueno) ,No conocido,"['https://imgchrono24com/images/uhren/39684777-9bvgj0lkzagxd5okr1dt90n8-Zoomjpg', 'https://imgchrono24com/images/uhren/39684777-ppse1b9ykw6qim3cdn7r66hh-Zoomjpg', 'https://imgchrono24com/images/uhren/39684777-m6xp01k7m4qnfl6fs66ddv9b-Zoomjpg', 'https://imgchrono24com/images/uhren/39684777-votjbwwkwepajcyvn3iybtnd-Zoomjpg', 'https://imgchrono24com/images/uhren/39684777-moyvl0hfxs2cif8085ow2waz-Zoomjpg', 'https://imgchrono24com/images/uhren/39684777-1vekpqqk0yvq3uwpnc7u96vd-Zoomjpg', 'https://imgchrono24com/images/uhren/39684777-1vekpqqk0yvq3uwpnc7u96vd-Zoomjpg', 'https://imgchrono24com/images/uhren/39684777-v70wumpxo6zotl1hvj6adsdq-Zoomjpg']"
Hublot Big Bang King,Hublot,Con documentos originales,Con estuche original,64.033,Big Bang King,Como nuevo y sin estrenar ,2015 (Año aproximado),"['https://imgchrono24com/images/uhren/39226410-3elwxu7579z9yfrv2450852s-Zoomjpg', 'https://imgchrono24com/images/uhren/39226410-d1wevmpf9nhsy7yogdpaqqis-Zoomjpg', 'https://imgchrono24com/images/uhren/39226410-u5zi6irzo9rjuzg07qly7pio-Zoomjpg', 'https://imgchrono24com/images/uhren/39226410-bodqj43mn6x04mlmuaakq8xf-Zoomjpg', 'https://imgchrono24com/images/uhren/39226410-1zed4delg3qnk67jm6aca5b1-Zoomjpg', 'https://imgchrono24com/images/uhren/39226410-96wrem8jknqh8212iur2s14y-Zoomjpg', 'https://imgchrono24com/images/uhren/39226410-weifjggcohs3y2ucyy8al3a8-Zoomjpg']"
Hublot Classic,Hublot,Sin documentos originales,Sin estuche original,2.440,Classic,Usado (Muy bueno) ,2010 (Año aproximado),"['https://imgchrono24com/images/uhren/39620781-4t55zgqw25t4qp4zobd9xqvx-Zoomjpg', 'https://imgchrono24com/images/uhren/39620781-j854tqkmtjh3yfaapz4mlxxb-Zoomjpg', 'https://imgchrono24com/images/uhren/39620781-egep1g6yli85zbzhefsmovdr-Zoomjpg', 'https://imgchrono24com/images/uhren/39620781-ej1c57go9n3ur9hx4pe2of1d-Zoomjpg', 'https://imgchrono24com/images/uhren/39620781-m7esl6bh2mkhkx90fu0203f4-Zoomjpg', 'https://imgchrono24com/images/uhren/39620781-5ii8qi0e75vlw4u4sp57mkqo-Zoomjpg', 'https://imgchrono24com/images/uhren/39620781-mxwx421441g80m5htauk2shf-Zoomjpg', 'https://imgchrono24com/images/uhren/39620781-e81tdduywaq6iwrkoerhsgzr-Zoomjpg']"
Hublot Classic Fusion,Hublot,Sin documentos originales,Sin estuche original,4.795,Classic Fusion,Usado (Muy bueno) ,2022 (Año aproximado),"['https://imgchrono24com/images/uhren/38860065-oigf8qjuqa8jead1xgsao6do-Zoomjpg', 'https://imgchrono24com/images/uhren/38860065-wv3he8gpapmklns52c2u8cna-Zoomjpg', 'https://imgchrono24com/images/uhren/38860065-dnhri9qqk2bhv65h29jluo5d-Zoomjpg', 'https://imgchrono24com/images/uhren/38860065-7vpyh5j5dkgwgng38en4mhfp-Zoomjpg', 'https://imgchrono24com/images/uhren/38860065-69zefy6umimrqvrm5xe5fed7-Zoomjpg', 'https://imgchrono24com/images/uhren/38860065-uf5sca043rlsp8snfnz5xvxq-Zoomjpg', 'https://imgchrono24com/images/uhren/38860065-c110fo32xb7yw03aec2m5f6x-Zoomjpg', 'https://imgchrono24com/images/uhren/38860065-ko3mqe4d5j7pdubtja27df20-Zoomjpg', 'https://imgchrono24com/images/uhren/38860065-jmxvjbvzb03gkyv6n850h6g7-Zoomjpg', 'https://imgchrono24com/images/uhren/38860065-ujal0ytidu97a4f1mm2pa2bk-Zoomjpg', 'https://imgchrono24com/images/uhren/38860065-usx8nt8jzt1700mobr9rb2d0-Zoomjpg', 'https://imgchrono24com/images/uhren/38860065-gbm1zfyg3lfneddajt0h3mzt-Zoomjpg', 'https://imgchrono24com/images/uhren/38860065-3h25xdlyf6w5nzbk9638qfqb-Zoomjpg', 'https://imgchrono24com/images/uhren/38860065-sbnmxc4ojuz0j4s5lvb7mnh1-Zoomjpg', 'https://imgchrono24com/images/uhren/38860065-wsr70k5u683vbepd6ummmdic-Zoomjpg', 'https://imgchrono24com/images/uhren/38860065-7hk9962oqytt47q1aaf3ztq0-Zoomjpg']"
Hublot Super B,Hublot,Con documentos originales,Con estuche original,3.200,Super B,Usado (Muy bueno) ,2004,"['https://imgchrono24com/images/uhren/rnh4pzvoi3qi-sly6baebhp283889ob1t7mdf-Zoomjpg', 'https://imgchrono24com/images/uhren/mnd8x1appsxm-2iv91itr71selg6w4eep1pma-Zoomjpg', 'https://imgchrono24com/images/uhren/kfn2wcwfpdd7-ghmqddporvaffdap9wkqnzp7-Zoomjpg', 'https://imgchrono24com/images/uhren/on4lchbansgd-85p7d29572sdjl3vovef3vy9-Zoomjpg', 'https://imgchrono24com/images/uhren/g0hig2a998is-mgv0h5yrbm1draxspzopo9h3-Zoomjpg', 'https://imgchrono24com/images/uhren/kpxg0wrzmhcb-3slp3gbv6153987iwpcfgk2f-Zoomjpg', 'https://imgchrono24com/images/uhren/opqad7lhuxef-8q7l70hxcgglx772x6dartue-Zoomjpg', 'https://imgchrono24com/images/uhren/oawlcsiw4cn1-wnroa6dfuqocozwtxpjkw305-Zoomjpg', 'https://imgchrono24com/images/uhren/5qng1ldxsl8g-srxvq43gh5iqfax1vmdq4cao-Zoomjpg', 'https://imgchrono24com/images/uhren/o74cyatigv1x-z1nvv5p4hj0ilkwsb82fj4q5-Zoomjpg']"
Hublot Classic,Hublot,Sin documentos originales,Sin estuche original,2.780,Classic,Usado (Muy bueno) ,2010 (Año aproximado),"['https://imgchrono24com/images/uhren/37839580-7r43ioctidchuqsx6lhfvkim-Zoomjpg', 'https://imgchrono24com/images/uhren/37839580-jmnip8xsoy8ak7xhrajof09h-Zoomjpg', 'https://imgchrono24com/images/uhren/37839580-nptvyu0cgj3esry1vxyq3908-Zoomjpg', 'https://imgchrono24com/images/uhren/37839580-ttmi7o29fcghvgkx4fztxomq-Zoomjpg', 'https://imgchrono24com/images/uhren/37839580-u2r94f0lb9wywq1gm1f953ur-Zoomjpg', 'https://imgchrono24com/images/uhren/37839580-thefggsx0gny729tq26dcyc4-Zoomjpg', 'https://imgchrono24com/images/uhren/37839580-m3lijt77rs9hc54dgpbox4l7-Zoomjpg', 'https://imgchrono24com/images/uhren/37839580-886dr84bwergu2bgpww9novm-Zoomjpg', 'https://imgchrono24com/images/uhren/37839580-kviz1lcksrqj7lz8goudj7zz-Zoomjpg']"
Hublot Big Bang 41 mm,Hublot,Con documentos originales,Con estuche original,7.200,Big Bang 41 mm,Usado (Muy bueno) ,2007,"['https://imgchrono24com/images/uhren/38721195-bfqnby8nunymbt3u1jwbunwn-Zoomjpg', 'https://imgchrono24com/images/uhren/38721195-tdrh8mp2vw6l04ter3zlxc56-Zoomjpg', 'https://imgchrono24com/images/uhren/38721195-ihpww6mujaih6h74m0m13nw1-Zoomjpg', 'https://imgchrono24com/images/uhren/38721195-x3deklnor7wdc1oop133ec6g-Zoomjpg', 'https://imgchrono24com/images/uhren/38721195-8aw90saxo7glmi8acuippwzh-Zoomjpg', 'https://imgchrono24com/images/uhren/38721195-ocljk31l0d3m75lawe683q6w-Zoomjpg']"
Hublot Classic Fusion Ultra-Thin,Hublot,Con documentos originales,Con estuche original,6.950,Classic Fusion Ultra-Thin,Usado (Muy bueno) ,2010,"['https://imgchrono24com/images/uhren/35357083-i80f7208stxsmhsdar2h2omg-Zoomjpg', 'https://imgchrono24com/images/uhren/35357083-aihz3455z17qzk7l7u446kvp-Zoomjpg', 'https://imgchrono24com/images/uhren/35357083-k86zsndoc2eqiubu5lsdwb9z-Zoomjpg', 'https://imgchrono24com/images/uhren/35357083-jv7it3aaod9pu92wrqxxfvid-Zoomjpg', 'https://imgchrono24com/images/uhren/35357083-sofhp1w1fmw8vuaq2vzteyk4-Zoomjpg', 'https://imgchrono24com/images/uhren/35357083-30vp1kr11dd8wttlzohzfesd-Zoomjpg', 'https://imgchrono24com/images/uhren/35357083-qufzwij8rftbu0d779z7i15k-Zoomjpg', 'https://imgchrono24com/images/uhren/35357083-h6o5zi1i2bn7hwv4b2cgcmh1-Zoomjpg', 'https://imgchrono24com/images/uhren/35357083-vr15z0k85wzp5fquadrhns3i-Zoomjpg', 'https://imgchrono24com/images/uhren/35357083-x4razsvn2xyombodl4xxiue6-Zoomjpg']"
Hublot Classic Fusion,Hublot,Sin documentos originales,Sin estuche original,3.900,Classic Fusion,Usado (Bueno) ,No conocido,"['https://imgchrono24com/images/uhren/34344561-ujkxzlvdetknbgrg9vsn5mr6-Zoomjpg', 'https://imgchrono24com/images/uhren/34344561-0eo7mz6nvxd53y62i3lrc467-Zoomjpg', 'https://imgchrono24com/images/uhren/34344561-bs2djpthvrzqtixw338ermap-Zoomjpg', 'https://imgchrono24com/images/uhren/34344561-e3y4jccxs7t2za06afuqnf46-Zoomjpg', 'https://imgchrono24com/images/uhren/34344561-t0ng93l6kzjyiupue0380wzs-Zoomjpg', 'https://imgchrono24com/images/uhren/34344561-xrx26dox4w96rk3siv2f3jj6-Zoomjpg', 'https://imgchrono24com/images/uhren/34344561-l8mcqetx45p6bawc1dyf1gdj-Zoomjpg', 'https://imgchrono24com/images/uhren/34344561-iirzqh2h69j0zwskv59p837n-Zoomjpg', 'https://imgchrono24com/images/uhren/34344561-epmug7sgy48mpziggsv9zliv-Zoomjpg', 'https://imgchrono24com/images/uhren/34344561-i6ni5uglgnt7s1cb2ppcuhqw-Zoomjpg', 'https://imgchrono24com/images/uhren/34344561-45ss3g85g5cni4tie9a6qaep-Zoomjpg', 'https://imgchrono24com/images/uhren/34344561-303z7x9loql5p9zbc13iar9f-Zoomjpg', 'https://imgchrono24com/images/uhren/34344561-o7t4ak2gk1jmkq7kuendt12n-Zoomjpg', 'https://imgchrono24com/images/uhren/34344561-zkwg0lno7ixywrg7t9ugcc6u-Zoomjpg']"
Hublot Classic,Hublot,Sin documentos originales,Sin estuche original,2.200,Classic,Usado (Muy bueno) ,2000 (Año aproximado),"['https://imgchrono24com/images/uhren/39767931-8fcep0nllpqva1c3cqetd1dn-Zoomjpg', 'https://imgchrono24com/images/uhren/39767931-6loim20flwljlhbmymqwqsvf-Zoomjpg', 'https://imgchrono24com/images/uhren/39767931-a1wnpva04qgd0yxrl74fbn82-Zoomjpg', 'https://imgchrono24com/images/uhren/39767931-31i3vh1q2ba4f9e28exz9bpu-Zoomjpg', 'https://imgchrono24com/images/uhren/39767931-k1ixa0gmg9be6pqwslz1rplz-Zoomjpg', 'https://imgchrono24com/images/uhren/39767931-veizjgq5otca1d0htaqbxkab-Zoomjpg', 'https://imgchrono24com/images/uhren/39767931-0iutw1b9r2vcm9euerfwgbj4-Zoomjpg', 'https://imgchrono24com/images/uhren/39767931-3tz663jauut8hj76hpmg7jvu-Zoomjpg', 'https://imgchrono24com/images/uhren/39767931-i19taqeuvq4vhhutcd2cxjmw-Zoomjpg', 'https://imgchrono24com/images/uhren/39767931-p8ojbbwt8t2sapw426lhnn15-Zoomjpg', 'https://imgchrono24com/images/uhren/39767931-5bkm0hkqk1fjlpz6y0mf1u5x-Zoomjpg']"
Hublot Classic,Hublot,Sin documentos originales,Con estuche original,2.500,Classic,Usado (Muy bueno) ,2010,"['https://imgchrono24com/images/uhren/39768253-5rffh7b9qx3pye5doafbesmf-Zoomjpg', 'https://imgchrono24com/images/uhren/39768253-v8yh5rvj8ky4q88exawxueld-Zoomjpg', 'https://imgchrono24com/images/uhren/39768253-uoovcwsm8x9b0huo9oi5osvv-Zoomjpg', 'https://imgchrono24com/images/uhren/39768253-gu1rs9cmbbq3tbwnc97fhr0h-Zoomjpg', 'https://imgchrono24com/images/uhren/39768253-h4prhuhsytllj7fgs1nhgmoe-Zoomjpg', 'https://imgchrono24com/images/uhren/39768253-qw9sxv9ih44n7jbvl6dwd9cr-Zoomjpg', 'https://imgchrono24com/images/uhren/39768253-lloaqcxq5nr38a7jgbkfnriw-Zoomjpg', 'https://imgchrono24com/images/uhren/39768253-ykc5crsp0dh60n69lm823acg-Zoomjpg', 'https://imgchrono24com/images/uhren/39768253-6dzq9j4qld64et7aawnslfg2-Zoomjpg', 'https://imgchrono24com/images/uhren/39768253-q3cpdcq1f2lxjtc89yluehmz-Zoomjpg', 'https://imgchrono24com/images/uhren/39768253-vd7p5r8cjk40isdlo0v5xiu7-Zoomjpg', 'https://imgchrono24com/images/uhren/39768253-fy3y0fkwfbsiy5rjm9q0pzv1-Zoomjpg', 'https://imgchrono24com/images/uhren/39768253-ynf83yljm1kkww30cgutsbtx-Zoomjpg', 'https://imgchrono24com/images/uhren/39768253-wt3bwih0oe7bveuu0ncbjkf8-Zoomjpg']"
Hublot Classic Fusion Aerofusion,Hublot,Con documentos originales,Sin estuche original,9.300,Classic Fusion Aerofusion,Usado (Muy bueno) ,2020,"['https://imgchrono24com/images/uhren/37472501-fix1sv6ph5sma8fguzbq77jp-Zoomjpg', 'https://imgchrono24com/images/uhren/37472501-4gm0lr2gg0c541l7tw94xo7w-Zoomjpg', 'https://imgchrono24com/images/uhren/37472501-ak8gtcl9b27cs3klj61aei5j-Zoomjpg', 'https://imgchrono24com/images/uhren/37472501-4uvwqsxc38ppdimrt8p071hb-Zoomjpg', 'https://imgchrono24com/images/uhren/37472501-s6qkpsb2v5dsy5to84bgv48x-Zoomjpg', 'https://imgchrono24com/images/uhren/37472501-z3sqqx48ytu89zauif9dz11q-Zoomjpg', 'https://imgchrono24com/images/uhren/37472501-ghh70zwkdeoqtea97d5903cq-Zoomjpg', 'https://imgchrono24com/images/uhren/37472501-eulhw5c02gug6h9rb7l2lpqt-Zoomjpg', 'https://imgchrono24com/images/uhren/37472501-1uwr3awh1kern0pldjvawl6g-Zoomjpg', 'https://imgchrono24com/images/uhren/37472501-om10r5rf3wy8rrfvaz67nrpy-Zoomjpg', 'https://imgchrono24com/images/uhren/37472501-4ak4wxb4rv1ls5s7yancbe53-Zoomjpg', 'https://imgchrono24com/images/uhren/37472501-13rp2ba23p9e2ydfcrf1goky-Zoomjpg']"
Hublot,Hublot,Sin documentos originales,Sin estuche original,2.240,,Usado (Muy bueno) ,No conocido,"['https://imgchrono24com/images/uhren/38978803-yrwkpychy7tuy4fnwzxx8knx-Zoomjpg', 'https://imgchrono24com/images/uhren/38978803-o631n3rnrguzgrn9yza93p40-Zoomjpg', 'https://imgchrono24com/images/uhren/38978803-x7u979i2gtk365krdx8razjk-Zoomjpg', 'https://imgchrono24com/images/uhren/38978803-8tetrmpa59wj1ak322a6w3jo-Zoomjpg', 'https://imgchrono24com/images/uhren/38978803-r1y87iljwpjotfbcu2mqe7yw-Zoomjpg', 'https://imgchrono24com/images/uhren/38978803-tn0lqaitbrtstkppcv52e1au-Zoomjpg', 'https://imgchrono24com/images/uhren/38978803-zouxrae4u0tczkjdvdm4pwns-Zoomjpg', 'https://imgchrono24com/images/uhren/38978803-4songfw7uwb3m89fpho2l7qx-Zoomjpg', 'https://imgchrono24com/images/uhren/38978803-nbr6dklol9iwqtu86ckryb44-Zoomjpg', 'https://imgchrono24com/images/uhren/38978803-x5zrxw0obstp4d3023qnts8i-Zoomjpg', 'https://imgchrono24com/images/uhren/38978803-woypbym1ztma4byu06z5axi6-Zoomjpg']"
Hublot Classic Fusion,Hublot,Con documentos originales,Con estuche original,76.000,Classic Fusion,Nuevo ,2025,"['https://imgchrono24com/images/uhren/39179849-5l6mlv170vho6zmviu43vu54-Zoomjpg', 'https://imgchrono24com/images/uhren/39179849-8n6ye4zx30y4700xclnwjeev-Zoomjpg', 'https://imgchrono24com/images/uhren/39179849-j0ilemnweny1fx80gjubwp2o-Zoomjpg', 'https://imgchrono24com/images/uhren/39179849-ufd7mk4dy4xvc29earfvya9b-Zoomjpg', 'https://imgchrono24com/images/uhren/39179849-g1ochelunnlkmbmn1zqhtiyk-Zoomjpg']"
Hublot Elegant,Hublot,Sin documentos originales,Sin estuche original,4.000,Elegant,Usado (Muy bueno) ,No conocido,"['https://imgchrono24com/images/uhren/22792518-nhiig6trhk8wp49kf6yatzrz-Zoomjpg', 'https://imgchrono24com/images/uhren/22792518-kiverj9qdjbfv6p30005p9ha-Zoomjpg', 'https://imgchrono24com/images/uhren/22792518-wgvngik7hw928uf2i0iy8y3g-Zoomjpg', 'https://imgchrono24com/images/uhren/22792518-uuza7sl6v4l8u9do0p2an56l-Zoomjpg', 'https://imgchrono24com/images/uhren/22792518-4masya1q0458e9xynuyt5m99-Zoomjpg', 'https://imgchrono24com/images/uhren/22792518-omsxpil5oad9y222a2c4rzdk-Zoomjpg', 'https://imgchrono24com/images/uhren/22792518-bift1wwzu028e7xm8b2knj45-Zoomjpg', 'https://imgchrono24com/images/uhren/22792518-tohypkv6s4zpbod9v11of049-Zoomjpg', 'https://imgchrono24com/images/uhren/22792518-74km6l4egw8tveot97lzulo8-Zoomjpg', 'https://imgchrono24com/images/uhren/22792518-mwpoaj6nqggkpbdc7fcdqsco-Zoomjpg']"
Hublot Big Bang 44 mm,Hublot,Con documentos originales,Con estuche original,5.317,Big Bang 44 mm,Usado (Bueno) ,2015 (Año aproximado),"['https://imgchrono24com/images/uhren/39262547-fsxsmopj9ufhxz45v4ev3wme-Zoomjpg', 'https://imgchrono24com/images/uhren/39262547-olpmpvu3law3ptyunqjqe2cz-Zoomjpg', 'https://imgchrono24com/images/uhren/39262547-zlow3ifka1wkjojin1rhs529-Zoomjpg', 'https://imgchrono24com/images/uhren/39262547-kiiguih145ip486epbki1msv-Zoomjpg', 'https://imgchrono24com/images/uhren/39262547-ouoh0bbx26e99vb5kb2gjyrg-Zoomjpg', 'https://imgchrono24com/images/uhren/39262547-xy54ny2sp9eccmpus506jsi4-Zoomjpg', 'https://imgchrono24com/images/uhren/39262547-3ouo997f1u81qemn8rim33f0-Zoomjpg', 'https://imgchrono24com/images/uhren/39262547-oqtxzz3k4vx29cx44soucnjo-Zoomjpg', 'https://imgchrono24com/images/uhren/39262547-tpls8l5t1cmrtj7fghkr0j76-Zoomjpg', 'https://imgchrono24com/images/uhren/39262547-ka4s5yjgl6ajdemm4wk3g54e-Zoomjpg', 'https://imgchrono24com/images/uhren/39262547-4dt7i1azhwxdfozaiahey47m-Zoomjpg', 'https://imgchrono24com/images/uhren/39262547-ygyb28ebyab6ih3jhdrogfx8-Zoomjpg', 'https://imgchrono24com/images/uhren/39262547-p33oft2ipkxwovcrht1rzebs-Zoomjpg', 'https://imgchrono24com/images/uhren/39262547-3fjhrpf12e1nca9otr0kuujm-Zoomjpg']"
TAG Heuer Formula 1 Quartz,TAG Heuer,Con documentos originales,Con estuche original,600,Formula 1 Quartz,Usado (Bueno) ,No conocido,"['https://imgchrono24com/images/uhren/39124037-g4hw12ctmugxus0w0ejthw53-Zoomjpg', 'https://imgchrono24com/images/uhren/39124037-82w9nmc7mdxc7w0d0x9tsod0-Zoomjpg', 'https://imgchrono24com/images/uhren/39124037-w9ikwt1es4osgpi0pl0ip4y9-Zoomjpg', 'https://imgchrono24com/images/uhren/39124037-ctslz5i683okevera1vpzfq5-Zoomjpg', 'https://imgchrono24com/images/uhren/39124037-3zvoi41poo0g7njso4p59ioo-Zoomjpg', 'https://imgchrono24com/images/uhren/39124037-e2q08tywb8kpojc2lohn0sw4-Zoomjpg', 'https://imgchrono24com/images/uhren/39124037-lfc6o2tb90ms5d3d1s88sdp1-Zoomjpg', 'https://imgchrono24com/images/uhren/39124037-4npsa091jjmd7gv0clpbtd3g-Zoomjpg']"
TAG Heuer Aquaracer 300M,TAG Heuer,Con documentos originales,Con estuche original,2.800,Aquaracer 300M,Nuevo ,2025,"['https://imgchrono24com/images/uhren/35024615-e6txbyvv6880rllxheemak8u-Zoomjpg', 'https://imgchrono24com/images/uhren/35024615-5i5j27dctvhftlba11zda85a-Zoomjpg', 'https://imgchrono24com/images/uhren/35024615-xftdw993y824rlvevvy8dznx-Zoomjpg', 'https://imgchrono24com/images/uhren/35024615-9jd7i8e74jv0t6k58negvctz-Zoomjpg', 'https://imgchrono24com/images/uhren/35024615-g6nfx2c1rna6aq5s3sfg42cz-Zoomjpg', 'https://imgchrono24com/images/uhren/35024615-722x1y4ovqh6f16fk97qov5n-Zoomjpg', 'https://imgchrono24com/images/uhren/35024615-588ue2f9hk3ag4vwcibx3csy-Zoomjpg', 'https://imgchrono24com/images/uhren/35024615-l1c5e8ad17mqi9dlxc9ounzl-Zoomjpg', 'https://imgchrono24com/images/uhren/35024615-m165riyijy4haedv2mb48aee-Zoomjpg', 'https://imgchrono24com/images/uhren/35024615-qmepekqavm3340z2bv5hhx2v-Zoomjpg', 'https://imgchrono24com/images/uhren/35024615-12bckv63w2qsapkw3evujm2d-Zoomjpg', 'https://imgchrono24com/images/uhren/35024615-7ox1gh5guxj3d9sz5vx946aa-Zoomjpg', 'https://imgchrono24com/images/uhren/35024615-d0sbgkodiowp6gjk7u56t0aw-Zoomjpg', 'https://imgchrono24com/images/uhren/35024615-96itjo7lylpf8epm4q20dxeb-Zoomjpg', 'https://imgchrono24com/images/uhren/35024615-33fgakr553i3jpsqq3qgkehh-Zoomjpg', 'https://imgchrono24com/images/uhren/35024615-r5lq9d6xox5yfdtv5l2txyfu-Zoomjpg']"
TAG Heuer Aquaracer,TAG Heuer,Sin documentos originales,Sin estuche original,950,Aquaracer,Usado (Bueno) ,2020 (Año aproximado),"['https://imgchrono24com/images/uhren/g85cn75js8s0-xerak9xca4oa59uwqnussja1-Zoomjpg', 'https://imgchrono24com/images/uhren/caxd854vpxap-vkwwmau47gexgmj0fbq2a2nh-Zoomjpg', 'https://imgchrono24com/images/uhren/jl8nkz0uoe5i-vo0i1vatzqht7a8arcz5f15f-Zoomjpg', 'https://imgchrono24com/images/uhren/9ywyh4v3gmry-xm094x4n68a6m6ynlw3c7urj-Zoomjpg', 'https://imgchrono24com/images/uhren/kuzza7ac78pi-w100bwzq8wb91ig23y9l5i1q-Zoomjpg', 'https://imgchrono24com/images/uhren/38632960-4rll7ep27edrrin8jr9ytmr2-Zoomjpg', 'https://imgchrono24com/images/uhren/38632960-b8omtjninn1qey8dysuy5hle-Zoomjpg']"
TAG Heuer Formula 1 Quartz,TAG Heuer,Sin documentos originales,Sin estuche original,750,Formula 1 Quartz,Usado (Muy bueno) ,2022,"['https://imgchrono24com/images/uhren/fyp43izk9f7i-2h14okwi8rd270f18yq1d69b-Zoomjpg', 'https://imgchrono24com/images/uhren/ve2zkczojylm-1wffd82yupyiqh7a4vtbiyvp-Zoomjpg', 'https://imgchrono24com/images/uhren/aj3z6czk8l5x-4jqgquz89lnxcayac4pfbh9h-Zoomjpg', 'https://imgchrono24com/images/uhren/aae3sh2ge1tx-9bf8v2rcizxco1h5934g5bz6-Zoomjpg', 'https://imgchrono24com/images/uhren/p1z365u5ntuq-ck2q22xggxanh5kiqakipzsx-Zoomjpg', 'https://imgchrono24com/images/uhren/4b354vjwefxb-xwn1a2sr9pinvu3h1j57hp66-Zoomjpg', 'https://imgchrono24com/images/uhren/n5l8uv6bxz7t-hjf40441mwnf8scqpn23lac8-Zoomjpg', 'https://imgchrono24com/images/uhren/bnbbwzqi6e6q-mcm5ef3p2b0yn5sif6xo80sf-Zoomjpg']"
TAG Heuer 2000,TAG Heuer,Sin documentos originales,Sin estuche original,384,2000,Usado (Bueno) ,No conocido,"['https://imgchrono24com/images/uhren/7mprhup2gebu-gfvb7tny8qqx6mede0njp2ne-Zoomjpg', 'https://imgchrono24com/images/uhren/grcbq9inyh6c-53cgbwh77g8kse51kayzncug-Zoomjpg', 'https://imgchrono24com/images/uhren/yz0jxwvmvv9d-thapn6ojqcrtmsk3jhf4yqyw-Zoomjpg', 'https://imgchrono24com/images/uhren/zmqpwej3aete-6faigxg6hivdarob01l0ixwd-Zoomjpg', 'https://imgchrono24com/images/uhren/6i28nyubbe79-a2medgqbvu92jceuetsh4cc2-Zoomjpg', 'https://imgchrono24com/images/uhren/xh0k2nsxl5lc-2eomyt7xcm1p2zoeiodkkdhf-Zoomjpg', 'https://imgchrono24com/images/uhren/rb9y32lkmy2p-vz06acl49e5dgnum71sd8g7h-Zoomjpg', 'https://imgchrono24com/images/uhren/44ykv374n0lw-xkjjpfegb5kpznduacoh7z10-Zoomjpg', 'https://imgchrono24com/images/uhren/9iuzsfwxotl2-437o86wrflxl9winkzn5rzno-Zoomjpg', 'https://imgchrono24com/images/uhren/lcmswcaz4fu4-8q2gwjkq97d1abwnd30r8esw-Zoomjpg']"
TAG Heuer Carrera Calibre 5,TAG Heuer,Con documentos originales,Con estuche original,2.100,Carrera Calibre 5,Como nuevo y sin estrenar ,2021,"['https://imgchrono24com/images/uhren/36241327-r7dprbju9hiau9oi4vg9vg0y-Zoomjpg', 'https://imgchrono24com/images/uhren/36241327-spc21v1916km9hti3rohlso5-Zoomjpg', 'https://imgchrono24com/images/uhren/36241327-4dr3bxpfi1o1lglrsq5h0zhz-Zoomjpg', 'https://imgchrono24com/images/uhren/36241327-vm2q3ptzd4sg7hkluwrni5no-Zoomjpg', 'https://imgchrono24com/images/uhren/36241327-lgq77kosmrzpvj2pmehxzaak-Zoomjpg', 'https://imgchrono24com/images/uhren/36241327-cbo9g5gkck1ed307j5lxwrhh-Zoomjpg', 'https://imgchrono24com/images/uhren/36241327-ilbcn5xp5zge80ozt0e62rxn-Zoomjpg', 'https://imgchrono24com/images/uhren/36241327-v3hoyguw1ufk7zhh3l7dxah4-Zoomjpg', 'https://imgchrono24com/images/uhren/36241327-wvxh9a3ict0cg6fcnail6y5f-Zoomjpg', 'https://imgchrono24com/images/uhren/36241327-xvu4alrzza520a2oohlkv1km-Zoomjpg', 'https://imgchrono24com/images/uhren/36241327-y6xzuz79n0tjbsmdb0fyanrq-Zoomjpg', 'https://imgchrono24com/images/uhren/36241327-kgpppx32qowep65pbmes3pnp-Zoomjpg', 'https://imgchrono24com/images/uhren/36241327-42hquwtmla18cooeg0763rt0-Zoomjpg']"
TAG Heuer Carrera,TAG Heuer,Con documentos originales,Con estuche original,3.950,Carrera,Usado (Muy bueno) ,2023 (Año aproximado),"['https://imgchrono24com/images/uhren/w7934qpe5oqm-ylqc26ookh0xzf3uwxuy19c1-Zoomjpg', 'https://imgchrono24com/images/uhren/1o6zdq1lbjox-idrfx9iior1exj0v2vnkkb18-Zoomjpg', 'https://imgchrono24com/images/uhren/j0y4szililno-prosfe4nuicrykqf6jdxbic2-Zoomjpg', 'https://imgchrono24com/images/uhren/te46980qi15r-owokip26bxpnewe3vehpi3lp-Zoomjpg', 'https://imgchrono24com/images/uhren/09t41kdpov44-2jt8ejzfbnixy5lyydvdml8c-Zoomjpg', 'https://imgchrono24com/images/uhren/nge0xy39scek-1yay24cjewql3n22i27hgugh-Zoomjpg', 'https://imgchrono24com/images/uhren/ewh08ay3uf9b-odssheox1bd9ej1lt0i81fex-Zoomjpg', 'https://imgchrono24com/images/uhren/l18qixox24d9-ni022jdo2mg1uon09qmbwhi3-Zoomjpg', 'https://imgchrono24com/images/uhren/gjumiofm7g4q-qtl8rkhadjumxi1kzi1gre1h-Zoomjpg', 'https://imgchrono24com/images/uhren/2yh5sbdu4d9d-nwj6mfobvnevulnfcl9zhagt-Zoomjpg', 'https://imgchrono24com/images/uhren/yii0s371gyst-wtdamqzs8u6jg2dznox1dck2-Zoomjpg']"
TAG Heuer Aquaracer Lady,TAG Heuer,Con documentos originales,Con estuche original,700,Aquaracer Lady,Usado (Bueno) ,2019,"['https://imgchrono24com/images/uhren/34884910-8uaqvmcp4400qjuphjl537bk-Zoomjpg', 'https://imgchrono24com/images/uhren/34884910-gb6qp4m6baad1hjkbx3umg2x-Zoomjpg', 'https://imgchrono24com/images/uhren/34884910-6egi630993kaj7k4hvpeqrp5-Zoomjpg', 'https://imgchrono24com/images/uhren/34884910-j7epgvywy1qtu88mzytanyk0-Zoomjpg', 'https://imgchrono24com/images/uhren/34884910-51a92ovaybkkt5cpgj6bh7az-Zoomjpg', 'https://imgchrono24com/images/uhren/34884910-cmvqs87z3gzrltptk0j6x2z7-Zoomjpg', 'https://imgchrono24com/images/uhren/34884910-hgcxo85ajh6tjshhw6u0e0tl-Zoomjpg', 'https://imgchrono24com/images/uhren/34884910-ueipnax3z4stqf6zx03snqf8-Zoomjpg', 'https://imgchrono24com/images/uhren/34884910-c4etyc3h7p0ln2rd6vwhplna-Zoomjpg', 'https://imgchrono24com/images/uhren/34884910-g77trymkwrollal4r6c8mawo-Zoomjpg', 'https://imgchrono24com/images/uhren/34884910-eolrpt9ypdolh9zouddufwww-Zoomjpg', 'https://imgchrono24com/images/uhren/34884910-54djw8x5ssvo6jtk8t4go3nv-Zoomjpg', 'https://imgchrono24com/images/uhren/34884910-0a06z1t326htsakwcw86lleb-Zoomjpg', 'https://imgchrono24com/images/uhren/34884910-erl1pw114izpfu89c2qlxrs0-Zoomjpg', 'https://imgchrono24com/images/uhren/34884910-xp1n8a7syyfhwo4gh359esez-Zoomjpg', 'https://imgchrono24com/images/uhren/34884910-gij8fsraswk6jgv45ku6o2m3-Zoomjpg', 'https://imgchrono24com/images/uhren/34884910-0xf1pws2kb3a0wb03rovodfu-Zoomjpg', 'https://imgchrono24com/images/uhren/34884910-dhkv5lmvna93segoczohqnlc-Zoomjpg']"
TAG Heuer Carrera Calibre 5,TAG Heuer,Sin documentos originales,Sin estuche original,700,Carrera Calibre 5,Usado (Muy bueno) ,No conocido,"['https://imgchrono24com/images/uhren/38765808-lu1lr4tuaf6lsg3qzgpyc00p-Zoomjpg', 'https://imgchrono24com/images/uhren/38765808-rd9w0ok04ww02ve9jfu7d5w3-Zoomjpg']"
TAG Heuer Formula 1 Quartz,TAG Heuer,Con documentos originales,Con estuche original,1.325,Formula 1 Quartz,Como nuevo y sin estrenar,2017,"['https://imgchrono24com/images/uhren/2nzglpwo4opv-7hxj3anvgl0zuxr8idp0ugpp-Zoomjpg', 'https://imgchrono24com/images/uhren/bxhk06w8u6uc-60p4w45ki3067a4pinlh3nn3-Zoomjpg', 'https://imgchrono24com/images/uhren/jksx3ydmyi2b-ag3hcbdmiy2y5pbpf0q7i2j3-Zoomjpg', 'https://imgchrono24com/images/uhren/f0oo4run077e-reouabxu4rt8r6ueybjckw4z-Zoomjpg', 'https://imgchrono24com/images/uhren/a4zhqcnwbrz9-gx441dkjesg6bbwtkfnq5di1-Zoomjpg', 'https://imgchrono24com/images/uhren/xm8p0n8yygzc-jww000m94wtqs9bar5n5aa0x-Zoomjpg', 'https://imgchrono24com/images/uhren/dligjwxjy8le-7801q74h65wkfz0kx88e7men-Zoomjpg', 'https://imgchrono24com/images/uhren/vcsh9db6gc5k-nmgqwp1jzw55hndj6qd3krbc-Zoomjpg', 'https://imgchrono24com/images/uhren/em28hjm7wqgt-n686io9hej8qn6tp2mw9t3ht-Zoomjpg']"
TAG Heuer Monaco,TAG Heuer,Con documentos originales,Con estuche original,4.200,Monaco,Usado (Muy bueno) ,2009,"['https://imgchrono24com/images/uhren/39787114-s97umy072i6qbejun0ggrimp-Zoomjpg', 'https://imgchrono24com/images/uhren/39787114-3l4xpil9tdw9ygrudmim53a8-Zoomjpg', 'https://imgchrono24com/images/uhren/39787114-2ssnovzwzjj4ikmevafeqt6i-Zoomjpg', 'https://imgchrono24com/images/uhren/39787114-sqs5dzxsuhaow4b7u3a4cbdv-Zoomjpg', 'https://imgchrono24com/images/uhren/39787114-4sjsmmj4g3qz7d8garqadxbh-Zoomjpg', 'https://imgchrono24com/images/uhren/39787114-p4p6xnft4yaxbupwnmbqamrb-Zoomjpg', 'https://imgchrono24com/images/uhren/39787114-3tq1n4fczridezsaud266zk7-Zoomjpg', 'https://imgchrono24com/images/uhren/39787114-g0ovzycws6i8scbuy9cshmht-Zoomjpg', 'https://imgchrono24com/images/uhren/39787114-ft43gyp7s55oxhz8sd2bhgw7-Zoomjpg', 'https://imgchrono24com/images/uhren/39787114-oz6jmbcgi7i4p86ones6fc4w-Zoomjpg', 'https://imgchrono24com/images/uhren/39787114-x5mmg55pz15xybgjsstsby3c-Zoomjpg', 'https://imgchrono24com/images/uhren/39787114-8t7pdl134i6ntvd5h3wmgv01-Zoomjpg', 'https://imgchrono24com/images/uhren/39787114-fj9ul424iml7qy3sjow6k0qk-Zoomjpg', 'https://imgchrono24com/images/uhren/39787114-f1fjb9c4bt7etgrrlr3cgadp-Zoomjpg']"
TAG Heuer Carrera,TAG Heuer,Con documentos originales,Con estuche original,4.950,Carrera,Como nuevo y sin estrenar ,2023 (Año aproximado),"['https://imgchrono24com/images/uhren/37804677-oa65u6oyamit4y8hiao5kull-Zoomjpg', 'https://imgchrono24com/images/uhren/37804677-m0e6cdfoq5buhg2fjl2as3ng-Zoomjpg', 'https://imgchrono24com/images/uhren/37804677-yih7p5fw43tyknlu1rvlrebm-Zoomjpg', 'https://imgchrono24com/images/uhren/37804677-t5klqqe8orzyzdmre0ec1sps-Zoomjpg', 'https://imgchrono24com/images/uhren/37804677-mxuh4h9n0uzmx30wcd2j4crn-Zoomjpg', 'https://imgchrono24com/images/uhren/37804677-r8jva00ho81wvbk1k6i9t3wu-Zoomjpg', 'https://imgchrono24com/images/uhren/37804677-1tfh5o24ooi7vd037q4qpv8g-Zoomjpg', 'https://imgchrono24com/images/uhren/37804677-68l914gjd15oe4mjrnmofmre-Zoomjpg', 'https://imgchrono24com/images/uhren/37804677-ldq9xbds9p4p0bzry69c4b24-Zoomjpg', 'https://imgchrono24com/images/uhren/37804677-3vl523d5cgmkz6f6sab7sik8-Zoomjpg', 'https://imgchrono24com/images/uhren/37804677-fn2u1nkb7nxtb4ubzz425dqg-Zoomjpg']"
TAG Heuer Aquaracer 300M,TAG Heuer,Con documentos originales,Con estuche original,2.040,Aquaracer 300M,Usado (Muy bueno) ,2021,"['https://imgchrono24com/images/uhren/39579121-bszb2fjrxsm9rsjofovztyja-Zoomjpg', 'https://imgchrono24com/images/uhren/39579121-a6l14x45vsjm3p2bowh4dxu8-Zoomjpg', 'https://imgchrono24com/images/uhren/39579121-g6yl04kb37880v2kybt5kcx8-Zoomjpg', 'https://imgchrono24com/images/uhren/39579121-poco3cixi9o6dtrulspiijl6-Zoomjpg', 'https://imgchrono24com/images/uhren/39579121-tuv2lowc4lymvcybztbrf374-Zoomjpg', 'https://imgchrono24com/images/uhren/39579121-eb2iwkmwek8t16xi8bnmwu7r-Zoomjpg', 'https://imgchrono24com/images/uhren/39579121-stljcvau34km1m1ral21dtq4-Zoomjpg', 'https://imgchrono24com/images/uhren/39579121-xvffprhkq6ygntefghyepf65-Zoomjpg', 'https://imgchrono24com/images/uhren/39579121-7pzmjtdq0o916xa2wpoutkt9-Zoomjpg', 'https://imgchrono24com/images/uhren/39579121-vyaelanrjhlljlyd12e76qov-Zoomjpg']"
TAG Heuer Formula 1 Solargraph,TAG Heuer,Con documentos originales,Con estuche original,2.250,Formula 1 Solargraph,Como nuevo y sin estrenar ,2025,"['https://imgchrono24com/images/uhren/39805456-j8lupzjusoh36v9yuxuwj0ga-Zoomjpg', 'https://imgchrono24com/images/uhren/39805456-46mqfci70tmcjfsjdb8o4nkv-Zoomjpg']"
TAG Heuer Monaco,TAG Heuer,Con documentos originales,Con estuche original,2.850,Monaco,Usado (Bueno) ,2011,"['https://imgchrono24com/images/uhren/fgxtipl98m9x-a7a3hm5mneue8yyflskq27z1-Zoomjpg', 'https://imgchrono24com/images/uhren/e47gg97hf026-5hnjli7v1r29ue7ty6mlxh43-Zoomjpg', 'https://imgchrono24com/images/uhren/mz0kt1o1paif-e2o582o28v97djwhjd8jb9lc-Zoomjpg', 'https://imgchrono24com/images/uhren/klte4s2vllur-ejzx9pk9wn838cyc7ckkk1ad-Zoomjpg', 'https://imgchrono24com/images/uhren/mlt1u3a46di5-1xsj0g4chx1nhlidy4v1e8ww-Zoomjpg', 'https://imgchrono24com/images/uhren/zca1bspiyt7m-24fljqd3ove5j42hou9c5ndc-Zoomjpg', 'https://imgchrono24com/images/uhren/ktzf7cws2khs-7hl7h8pw8kwb98n6kq4vmty2-Zoomjpg', 'https://imgchrono24com/images/uhren/fday66zhldjs-2dkb4sjzggkl5sb3pfll6mhe-Zoomjpg', 'https://imgchrono24com/images/uhren/s9xnkednrdyy-zjfmaw52sjes9ga3mx9c2f9n-Zoomjpg', 'https://imgchrono24com/images/uhren/ufg3i4uvrgyc-vqhd0twrsyi8bbud3n87s7rz-Zoomjpg', 'https://imgchrono24com/images/uhren/c1jri4zw206d-1w3ngpq0zuymbmemfzwqqy6u-Zoomjpg', 'https://imgchrono24com/images/uhren/ristaamlg2re-g81bsfdxlt1hmx7gqxhgwd1s-Zoomjpg', 'https://imgchrono24com/images/uhren/kghap3677i7n-ok11yxjhtobg2yf7eu71s1wn-Zoomjpg', 'https://imgchrono24com/images/uhren/q3h4gwuzbn56-jete8avx0lafjf7326xwlzew-Zoomjpg', 'https://imgchrono24com/images/uhren/yyrxy3oa5j83-844zje8d9018l67d05ittkwn-Zoomjpg']"
TAG Heuer Monza,TAG Heuer,Sin documentos originales,Con estuche original,2.500,Monza,Usado (Muy bueno) ,2002 (Año aproximado),"['https://imgchrono24com/images/uhren/fd8qzhadxkzd-w83kot9zqawy3v4lhpg2jkjq-Zoomjpg', 'https://imgchrono24com/images/uhren/01bof9xwxf7z-q7cdp0mp3hugieosk07361q9-Zoomjpg', 'https://imgchrono24com/images/uhren/kilpro647s5m-8aayarjy7iun3sbxfwl7qk1g-Zoomjpg', 'https://imgchrono24com/images/uhren/8mckzd409t6t-8jw9noxwz6fjt3k5s4w17578-Zoomjpg', 'https://imgchrono24com/images/uhren/oh1akjhqt4ch-os6mcwzd6csduueld31rmvn8-Zoomjpg', 'https://imgchrono24com/images/uhren/2vw6snad7guj-l0pjhb39fthle7f91ulrn8sy-Zoomjpg', 'https://imgchrono24com/images/uhren/u2xr2vfn8rqs-fqdttnn9d1e576ew4bbj9cko-Zoomjpg', 'https://imgchrono24com/images/uhren/cs2rbje8qpcz-pkp9l9l6i1u8p3nn4h1uv3hz-Zoomjpg']"
TAG Heuer,TAG Heuer,Con documentos originales,Con estuche original,800,,Como nuevo y sin estrenar ,2024 (Año aproximado),"['https://imgchrono24com/images/uhren/38291397-nh8wslu1nbvgrx6m5xs7rchw-Zoomjpg', 'https://imgchrono24com/images/uhren/7ke3ye8iek5x-xvu1r8ppzmuv2k4r9r89ydts-Zoomjpg', 'https://imgchrono24com/images/uhren/fxngcgeiydbp-uxw5ukek4ventil59f1wblmt-Zoomjpg', 'https://imgchrono24com/images/uhren/7qkk0tc2zams-rergbaa0b4jv9qb91qs4daa3-Zoomjpg', 'https://imgchrono24com/images/uhren/r1oxqp1x9bzm-le8x6ymqey0kppslj4jtz2di-Zoomjpg', 'https://imgchrono24com/images/uhren/qulaadrvv5kv-ympjxs8poyie4gxs6crvn06k-Zoomjpg', 'https://imgchrono24com/images/uhren/9rf3z2lvo26z-j2hachfy6qfzn0ninkb4bctj-Zoomjpg', 'https://imgchrono24com/images/uhren/fpppi5chl31o-xy1imdfbwo5sefba9252vblb-Zoomjpg', 'https://imgchrono24com/images/uhren/o1vmss86m8f7-ztahxqbsqyp1qolv09id5ali-Zoomjpg', 'https://imgchrono24com/images/uhren/6bptup6duspp-k4b93sl3nx2hubnomr2mbd1f-Zoomjpg']"
TAG Heuer Monaco Calibre 12,TAG Heuer,Con documentos originales,Con estuche original,4.800,Monaco Calibre 12,Usado (Muy bueno) ,2015 (Año aproximado),"['https://imgchrono24com/images/uhren/35241536-tz0zzu2hd9u1xbg6qe89ls57-Zoomjpg', 'https://imgchrono24com/images/uhren/35241536-car91q9h177cxlto64b0w4hq-Zoomjpg', 'https://imgchrono24com/images/uhren/35241536-jeiikw40o5rk0ps1karh67wr-Zoomjpg', 'https://imgchrono24com/images/uhren/35241536-4xq6aqaedanqq5y6lc0p3o7u-Zoomjpg', 'https://imgchrono24com/images/uhren/35241536-6dng49w4g6i7yfq5ya20n0s3-Zoomjpg', 'https://imgchrono24com/images/uhren/35241536-0y83goo1z6jtdjphchoieild-Zoomjpg', 'https://imgchrono24com/images/uhren/35241536-t6kgc3opzzpgcck2x4ppwreh-Zoomjpg']"
TAG Heuer Aquaracer,TAG Heuer,Sin documentos originales,Sin estuche original,1.040,Aquaracer,Usado (Bueno) ,No conocido,"['https://imgchrono24com/images/uhren/38979377-jshnuss96zxunsl878f2dsq8-Zoomjpg', 'https://imgchrono24com/images/uhren/38979377-1p6x466jeopij5td1szq7x15-Zoomjpg', 'https://imgchrono24com/images/uhren/38979377-ska5d8dfbzxjtd6xk3bv3u4x-Zoomjpg', 'https://imgchrono24com/images/uhren/38979377-usm2805zj93fcfnzzjvazefb-Zoomjpg', 'https://imgchrono24com/images/uhren/38979377-oxds36y529q03firvbfs83sa-Zoomjpg', 'https://imgchrono24com/images/uhren/38979377-iqyygcvojbtkhb3i8pggn5as-Zoomjpg', 'https://imgchrono24com/images/uhren/38979377-nzhm9bodjzi8jajq45aua2o3-Zoomjpg', 'https://imgchrono24com/images/uhren/38979377-q5o4idz2oscevv660h78vrca-Zoomjpg']"
TAG Heuer Carrera Calibre 5,TAG Heuer,Sin documentos originales,Sin estuche original,1.490,Carrera Calibre 5,Usado (Bueno) ,No conocido,"['https://imgchrono24com/images/uhren/39442371-0lmn7wucxmcsxl8t896ypo0h-Zoomjpg', 'https://imgchrono24com/images/uhren/39442371-cxx4bjvq0vwwgo256mgsmwis-Zoomjpg', 'https://imgchrono24com/images/uhren/39442371-h5q1dl5fb1kfc1ud18zu7alh-Zoomjpg', 'https://imgchrono24com/images/uhren/39442371-mjmdiupx91kvl87tbtt9r1k8-Zoomjpg', 'https://imgchrono24com/images/uhren/39442371-c4ab4hug7q4ldjn3slwqwx55-Zoomjpg', 'https://imgchrono24com/images/uhren/39442371-bkj6s4xxclqc7pi2k8ojoocj-Zoomjpg', 'https://imgchrono24com/images/uhren/39442371-5mvg4q5xrrp4mwny3v1l8v92-Zoomjpg', 'https://imgchrono24com/images/uhren/39442371-nux3dcg9aaawvidbdgx44ja3-Zoomjpg', 'https://imgchrono24com/images/uhren/39442371-te561unf17blk9xr3oh7p3i9-Zoomjpg', 'https://imgchrono24com/images/uhren/39442371-wjrp2o33t70ge2kajz7u7eeq-Zoomjpg', 'https://imgchrono24com/images/uhren/39442371-t4ggu2gbru7c0c7yasof05ti-Zoomjpg', 'https://imgchrono24com/images/uhren/39442371-kwb4nnt30g6fmrltqaehtbu0-Zoomjpg', 'https://imgchrono24com/images/uhren/39442371-pqq5cm9k9akzgviqb1st65go-Zoomjpg']"
Zenith Port Royal,Zenith,Con documentos originales,Con estuche original,1.900,Port Royal,Usado (Muy bueno) ,2010 (Año aproximado),"['https://imgchrono24com/images/uhren/y8ci4lgn70w2-9j9aphvvcj8wog7nhrhzs0c6-Zoomjpg', 'https://imgchrono24com/images/uhren/1ehr606merdr-2xdzt5bh92vbx3jehvxqfjqq-Zoomjpg', 'https://imgchrono24com/images/uhren/3xvnw8cc8g5v-lcbvv3773yu3y65pt99q4mod-Zoomjpg', 'https://imgchrono24com/images/uhren/4algettr1vmu-f32srykhfzsyuzalyqbv9nem-Zoomjpg', 'https://imgchrono24com/images/uhren/wyqljti4ehnp-xnc6iegpmbfy6sk3j02uvli5-Zoomjpg', 'https://imgchrono24com/images/uhren/yrpjet67d5vc-ce52a5fwj1awai079ly40h6c-Zoomjpg', 'https://imgchrono24com/images/uhren/p2vluytp9ce6-swt4m4rhq4lv39wtl7byq9kt-Zoomjpg', 'https://imgchrono24com/images/uhren/mc3m7nq1ouzr-wq69i8ydqzkffscanpl7dnrj-Zoomjpg', 'https://imgchrono24com/images/uhren/y7p5jpkz7938-3ssbu13fldtrzsnalb2weq54-Zoomjpg', 'https://imgchrono24com/images/uhren/xj9m9ii8vnbw-72wggiyh9xh9gfk7cbv2p622-Zoomjpg', 'https://imgchrono24com/images/uhren/3ketxv3fbwxm-c74jpnxfnw594ro8z6n9n6zd-Zoomjpg', 'https://imgchrono24com/images/uhren/f47kwx5sseg1-rkq6tg1budm49uus383c0esf-Zoomjpg', 'https://imgchrono24com/images/uhren/xfq6nbm3klts-xxbt7v59oafugzl5pcb9rw3t-Zoomjpg']"
Zenith Defy El Primero,Zenith,Sin documentos originales,Sin estuche original,6.600,Defy El Primero,Usado (Muy bueno) ,2022 (Año aproximado),"['https://imgchrono24com/images/uhren/36785773-u8oe2hjs19ti28qb5pvir7mb-Zoomjpg', 'https://imgchrono24com/images/uhren/36785773-od8brdn4l5h1wrrorux91d4m-Zoomjpg', 'https://imgchrono24com/images/uhren/36785773-qrpefhbq8s2wqst8eyv6u1jw-Zoomjpg', 'https://imgchrono24com/images/uhren/36785773-z53t0eo8q14swumdks29v3j2-Zoomjpg', 'https://imgchrono24com/images/uhren/36785773-297gkg5rutbf63aa41ohdqat-Zoomjpg', 'https://imgchrono24com/images/uhren/36785773-v92hbnoo63r84p23fdvgrnfd-Zoomjpg', 'https://imgchrono24com/images/uhren/36785773-s5x48kzjj1fwcnt731sdfy26-Zoomjpg', 'https://imgchrono24com/images/uhren/36785773-hjc3xhjd6p92svcpkqk23xgg-Zoomjpg', 'https://imgchrono24com/images/uhren/36785773-wml835td1zku1esfhahe6zfp-Zoomjpg']"
Zenith El Primero Chronograph,Zenith,Sin documentos originales,Sin estuche original,11 900 ,El Primero Chronograph,Usado (Bueno) ,1973 (Año aproximado),"['https://imgchrono24com/images/uhren/39818968-64pta1cchv17qjnn6l12h1cv-Zoomjpg', 'https://imgchrono24com/images/uhren/39818968-fdetvmg37pouu0z8avqfbk8f-Zoomjpg', 'https://imgchrono24com/images/uhren/39818968-loyknjz77df9tpafmv49qmu9-Zoomjpg', 'https://imgchrono24com/images/uhren/39818968-h3gl6v5aeedgeq6o1ack49s3-Zoomjpg', 'https://imgchrono24com/images/uhren/39818968-jw7o2zbg6ozb0haro4ki60ub-Zoomjpg', 'https://imgchrono24com/images/uhren/39818968-9vngn9ovy46pt1fodizeivix-Zoomjpg', 'https://imgchrono24com/images/uhren/39818968-tawl6gq21q5a1zjkmewgmey6-Zoomjpg', 'https://imgchrono24com/images/uhren/39818968-qq2qhr6zwrjo6a809f3u9sca-Zoomjpg', 'https://imgchrono24com/images/uhren/39818968-uvvg6e41c89p8xzw6f9c3otw-Zoomjpg', 'https://imgchrono24com/images/uhren/39818968-wpszamqw52dxwbl0fhu42c6e-Zoomjpg', 'https://imgchrono24com/images/uhren/39818968-xtt88p0i3wyw8fez8ojh7czu-Zoomjpg', 'https://imgchrono24com/images/uhren/39818968-d91dqyuat2c9hkwie0dcdmm3-Zoomjpg', 'https://imgchrono24com/images/uhren/39818968-zy8lpv2mfqp1k5v12wyta298-Zoomjpg', 'https://imgchrono24com/images/uhren/39818968-sq4om1c1bg7n41f6dsy3hpuf-Zoomjpg', 'https://imgchrono24com/images/uhren/39818968-x6qr2lbbiy2q0uxsw1wrhnp2-Zoomjpg', 'https://imgchrono24com/images/uhren/39818968-x6qr2lbbiy2q0uxsw1wrhnp2-Zoomjpg']"
Zenith,Zenith,Sin documentos originales,Sin estuche original,735,,Usado (Bueno) ,1970 (Año aproximado),"['https://imgchrono24com/images/uhren/36869465-plfpqnk8pi6w0sfpzu4ri0at-Zoomjpg', 'https://imgchrono24com/images/uhren/36869465-qgk9fap7d9satwf1v7wg2d1s-Zoomjpg', 'https://imgchrono24com/images/uhren/36869465-rza4de3gchwjz1opsk0yq9bg-Zoomjpg', 'https://imgchrono24com/images/uhren/36869465-49wuxpu504yraifaw75v7jt6-Zoomjpg', 'https://imgchrono24com/images/uhren/36869465-0p983kk7b1sz6zlva327zdow-Zoomjpg', 'https://imgchrono24com/images/uhren/36869465-wzt56qb3xt4cun0qy0kchqlv-Zoomjpg', 'https://imgchrono24com/images/uhren/36869465-3z7fzshd070k6l6pi737dih1-Zoomjpg', 'https://imgchrono24com/images/uhren/36869465-ie61tru2hmomnf39knd6rlz5-Zoomjpg', 'https://imgchrono24com/images/uhren/36869465-wjjfaoubnztwinmoulfuqjo0-Zoomjpg', 'https://imgchrono24com/images/uhren/36869465-suyjt92ar976yubpdb78xelq-Zoomjpg', 'https://imgchrono24com/images/uhren/36869465-4w5zn0eeez4ndk1ocu39dfkz-Zoomjpg', 'https://imgchrono24com/images/uhren/36869465-bsrq8aa6efqntpg0pncbvbx6-Zoomjpg']"
Zenith,Zenith,Sin documentos originales,Sin estuche original,400,,Usado (Bueno) ,No conocido,"['https://imgchrono24com/images/uhren/34455180-ds0f0nkt9jhtgy00fstiea8h-Zoomjpg', 'https://imgchrono24com/images/uhren/34455180-2002njbrcfym9jkz2e2tl2sg-Zoomjpg', 'https://imgchrono24com/images/uhren/34455180-ia9ax1rc9en3h7kjv3n89nms-Zoomjpg', 'https://imgchrono24com/images/uhren/34455180-pm7x9jj5u7tq30iwnnub3998-Zoomjpg', 'https://imgchrono24com/images/uhren/34455180-nlpkes6ub2ize7vhjocgthly-Zoomjpg', 'https://imgchrono24com/images/uhren/34455180-b34b0n4xsduhnqyik1xgpbzn-Zoomjpg', 'https://imgchrono24com/images/uhren/34455180-htf246kqikrvkdc1v4qf39a6-Zoomjpg', 'https://imgchrono24com/images/uhren/34455180-6zp9qm5kca9xj7ykp2f3hcbp-Zoomjpg', 'https://imgchrono24com/images/uhren/34455180-sa5wkgan2132shx2q1v42vsi-Zoomjpg', 'https://imgchrono24com/images/uhren/34455180-bbsqr7qo6vi9qn2cv88tcmke-Zoomjpg', 'https://imgchrono24com/images/uhren/34455180-qeoiqwzxv7js9vh36ohnu4c2-Zoomjpg', 'https://imgchrono24com/images/uhren/34455180-28xydn5e4gzq3vwwmj3fkx4p-Zoomjpg', 'https://imgchrono24com/images/uhren/34455180-fyfjkzn3a1xutow9ay8g77of-Zoomjpg']"
Zenith Pilot,Zenith,Sin documentos originales,Sin estuche original,9.000,Pilot,Usado (Satisfactorio) ,1960 (Año aproximado),"['https://imgchrono24com/images/uhren/30746537-z08g5h3g3m3uy3f5z8yvmkkn-Zoomjpg', 'https://imgchrono24com/images/uhren/30746537-a5b9rm1qjxx4bgfbp56dm10u-Zoomjpg', 'https://imgchrono24com/images/uhren/30746537-lgjeqkkx7acr4flkl6dd01rg-Zoomjpg', 'https://imgchrono24com/images/uhren/30746537-3hj57sfrovy9s29u6rnjsmtg-Zoomjpg', 'https://imgchrono24com/images/uhren/30746537-q81kpa3b3t41dqzpifdnfwnm-Zoomjpg', 'https://imgchrono24com/images/uhren/30746537-nf6lla8xujgqkdkzn4ell8n0-Zoomjpg', 'https://imgchrono24com/images/uhren/30746537-3vy6nwwbcyfxt6m1yzlv9pf7-Zoomjpg', 'https://imgchrono24com/images/uhren/30746537-ffamdt6bsdtfmcdq6oyrl55z-Zoomjpg', 'https://imgchrono24com/images/uhren/30746537-1kaajtt2rgprdhe3aq0ae70u-Zoomjpg', 'https://imgchrono24com/images/uhren/30746537-wm1gv0ztighodp66oofn8l56-Zoomjpg', 'https://imgchrono24com/images/uhren/30746537-69vh6g97uzsuoh0k946705ck-Zoomjpg', 'https://imgchrono24com/images/uhren/30746537-v6lrm6938xmjv2stldbwao6s-Zoomjpg']"
Zenith Stellina,Zenith,Sin documentos originales,Sin estuche original,1.049,Stellina,Usado (Muy bueno) ,1975 (Año aproximado),"['https://imgchrono24com/images/uhren/36291581-rgb0ddozgc8wmcdwi3qopq4c-Zoomjpg', 'https://imgchrono24com/images/uhren/36291581-1n5frtevudy66x38o807ehir-Zoomjpg', 'https://imgchrono24com/images/uhren/36291581-j8otdzfbp0udfprufpvw6f9d-Zoomjpg', 'https://imgchrono24com/images/uhren/36291581-ngzf6reo8mxya484rcymehbd-Zoomjpg', 'https://imgchrono24com/images/uhren/36291581-fwouy2luhuuxk86io5zndb63-Zoomjpg', 'https://imgchrono24com/images/uhren/36291581-b8f7vx4hed6ozuj8kj8qqvgk-Zoomjpg', 'https://imgchrono24com/images/uhren/36291581-wjl1nqjcy2nmm16fzr9qsb8v-Zoomjpg', 'https://imgchrono24com/images/uhren/36291581-sw2qtsxuos6z09pqk69f1jcv-Zoomjpg', 'https://imgchrono24com/images/uhren/36291581-7xtisbp7er91l5n0otm0l7bj-Zoomjpg', 'https://imgchrono24com/images/uhren/36291581-rcloqixhnuan6oc442cqk9z7-Zoomjpg', 'https://imgchrono24com/images/uhren/36291581-ac7qd7jkcrd1r54kc0etc9yc-Zoomjpg', 'https://imgchrono24com/images/uhren/36291581-f688hbwux7dfsvn24pre6e02-Zoomjpg', 'https://imgchrono24com/images/uhren/36291581-oykptm4xrowtoqu76nlln1hu-Zoomjpg', 'https://imgchrono24com/images/uhren/36291581-m10gyjmk7ca4i153yroiga5p-Zoomjpg', 'https://imgchrono24com/images/uhren/36291581-9vxenei9v9mviu93ti5o6cjp-Zoomjpg']"
Zenith Elite,Zenith,Sin documentos originales,Sin estuche original,2.090,Elite,Usado (Muy bueno) ,2000,"['https://imgchrono24com/images/uhren/36105511-7yoqhdvire2mmpb31uotgam4-Zoomjpg', 'https://imgchrono24com/images/uhren/36105511-75imtheo2ffa5qb2kyin5lz6-Zoomjpg', 'https://imgchrono24com/images/uhren/36105511-utbd205xte6ilum2lzxat0tb-Zoomjpg', 'https://imgchrono24com/images/uhren/36105511-mcv6h4njek4hxvg3qn80rf9n-Zoomjpg', 'https://imgchrono24com/images/uhren/36105511-xrhxwzo8ll13np0ieudzh04y-Zoomjpg', 'https://imgchrono24com/images/uhren/36105511-pszxr3ydwv4zhkuyb04eqz8x-Zoomjpg', 'https://imgchrono24com/images/uhren/36105511-x64b6pglsh331l18wqekrm52-Zoomjpg', 'https://imgchrono24com/images/uhren/36105511-g6c74mz60elfreqjmg3rz9qe-Zoomjpg', 'https://imgchrono24com/images/uhren/36105511-bs72h3me5jm4xklolitsfods-Zoomjpg', 'https://imgchrono24com/images/uhren/36105511-lnpiarmol7gk6zybx1j6wype-Zoomjpg', 'https://imgchrono24com/images/uhren/36105511-soq6gmtkf7kq82r74g41ls0j-Zoomjpg', 'https://imgchrono24com/images/uhren/36105511-0qdsd6jcs7mx7y3wwbsr6uol-Zoomjpg', 'https://imgchrono24com/images/uhren/36105511-qam5ay41no7xaawf9bd67nin-Zoomjpg']"
Zenith El Primero Chronomaster,Zenith,Con documentos originales,Con estuche original,4.238,El Primero Chronomaster,Usado (Muy bueno) ,No conocido,"['https://imgchrono24com/images/uhren/38552889-i4ta2dkggup20dodxol4xpt7-Zoomjpg', 'https://imgchrono24com/images/uhren/38552889-eac43rezci8va9b5xov3x5qr-Zoomjpg', 'https://imgchrono24com/images/uhren/38552889-y7goz0kjhy6fouwtktvuieje-Zoomjpg', 'https://imgchrono24com/images/uhren/38552889-xcxnipwgfhr52f8ilb33wktt-Zoomjpg', 'https://imgchrono24com/images/uhren/38552889-u25zb4560obmcv5o9m3bstnx-Zoomjpg', 'https://imgchrono24com/images/uhren/38552889-z70ldtdis6mp1x5asj3h2ut5-Zoomjpg', 'https://imgchrono24com/images/uhren/38552889-1gmiaaai4ub4vvzt1inlfhw8-Zoomjpg', 'https://imgchrono24com/images/uhren/38552889-llgyaa4i3dx912ry81srdmg9-Zoomjpg', 'https://imgchrono24com/images/uhren/38552889-oqd9doj56w914s7jx5u0tct1-Zoomjpg', 'https://imgchrono24com/images/uhren/38552889-5ueah19h3k8kk802v8ckfh11-Zoomjpg', 'https://imgchrono24com/images/uhren/38552889-8jant644rz703tpquvtidarp-Zoomjpg', 'https://imgchrono24com/images/uhren/38552889-ch8mrfxz2ie6l2q8gwqvvex4-Zoomjpg', 'https://imgchrono24com/images/uhren/38552889-yd436l2gimpj8wlk1a3v2mag-Zoomjpg']"
Zenith Defy,Zenith,Sin documentos originales,Sin estuche original,1.500,Defy,Usado (Bueno) ,1970 (Año aproximado),"['https://imgchrono24com/images/uhren/37557766-9xbcighh10860s9p9y416w0o-Zoomjpg', 'https://imgchrono24com/images/uhren/37557766-hiip5l6e81x6ckcwj87t23m2-Zoomjpg', 'https://imgchrono24com/images/uhren/37557766-kiv0653ff5k2hgfkby7exnc7-Zoomjpg', 'https://imgchrono24com/images/uhren/37557766-88txr1hhlm4tjxi480ygjyx0-Zoomjpg', 'https://imgchrono24com/images/uhren/37557766-1excaujgmdy3hb77a8on5y9p-Zoomjpg', 'https://imgchrono24com/images/uhren/37557766-0y1acvddks7krhw45qjjf5yr-Zoomjpg', 'https://imgchrono24com/images/uhren/37557766-ggepgtgazsbt43mvaucdfftx-Zoomjpg', 'https://imgchrono24com/images/uhren/37557766-aqjw881yl8pa587lbb32hfl6-Zoomjpg', 'https://imgchrono24com/images/uhren/37557766-249j1esupq443tpjybklgixl-Zoomjpg']"
Zenith Chronomaster Sport,Zenith,Sin documentos originales,Sin estuche original,6.218,Chronomaster Sport,Usado (Muy bueno) ,No conocido,"['https://imgchrono24com/images/uhren/39052138-l4cjo31mw4mi3o3qt9vo8z99-Zoomjpg', 'https://imgchrono24com/images/uhren/39052138-8n7ri4pcbovj4nuiwyjfsy5d-Zoomjpg', 'https://imgchrono24com/images/uhren/39052138-5idstyw86xtyzebqpm4a7q72-Zoomjpg', 'https://imgchrono24com/images/uhren/39052138-p9stby35a5qv3cy1cwm2su70-Zoomjpg', 'https://imgchrono24com/images/uhren/39052138-mb46rip5dfgdzwsya0zpfvt5-Zoomjpg', 'https://imgchrono24com/images/uhren/39052138-7ul37u1xjodg0am5ytoisii5-Zoomjpg', 'https://imgchrono24com/images/uhren/39052138-bv03ijtmyn2znk8isq1v4a9x-Zoomjpg', 'https://imgchrono24com/images/uhren/39052138-0spjprh2yolkyv2coxu31tq8-Zoomjpg', 'https://imgchrono24com/images/uhren/39052138-6psogll20d9c6zf3fe7c462j-Zoomjpg', 'https://imgchrono24com/images/uhren/39052138-2n9vtaggykocz3lrmeg876l2-Zoomjpg', 'https://imgchrono24com/images/uhren/39052138-1p13lt9kew1v7i7vkdtlfkj4-Zoomjpg']"
Zenith Elite,Zenith,Con documentos originales,Con estuche original,5.150,Elite,Usado (Muy bueno) ,No conocido,"['https://imgchrono24com/images/uhren/39168897-ry9g010br3rrk96yzniop7v1-Zoomjpg', 'https://imgchrono24com/images/uhren/39168897-im2fodqb3lcz60845r222drt-Zoomjpg', 'https://imgchrono24com/images/uhren/39168897-o2gssrzulgh95jwpyd6p9lk2-Zoomjpg', 'https://imgchrono24com/images/uhren/39168897-9qw9mo5boen3xhbwgyirlidh-Zoomjpg', 'https://imgchrono24com/images/uhren/39168897-qq6z76lm7hts5pggtw1trzoo-Zoomjpg', 'https://imgchrono24com/images/uhren/39168897-eb6thzvpzdyo5c3a7igy8fxl-Zoomjpg', 'https://imgchrono24com/images/uhren/39168897-e0kdxhf7o53lf4eypi0uti08-Zoomjpg', 'https://imgchrono24com/images/uhren/39168897-dhsvf0waezsmaq16y05cygod-Zoomjpg', 'https://imgchrono24com/images/uhren/39168897-ien6jjzdzhxha7ytlnjr7acu-Zoomjpg', 'https://imgchrono24com/images/uhren/39168897-6ypb1y1cgmpe70rzh7ehxkcx-Zoomjpg', 'https://imgchrono24com/images/uhren/39168897-cwc6ppdyt127rdxcaj0y4nyy-Zoomjpg', 'https://imgchrono24com/images/uhren/39168897-bj13p0n32nglryxu4xff6dx1-Zoomjpg', 'https://imgchrono24com/images/uhren/39168897-qppom2dtbk6ppccser5sllgi-Zoomjpg']"
Zenith,Zenith,Sin documentos originales,Sin estuche original,1.015,,Usado (Bueno) ,No conocido,"['https://imgchrono24com/images/uhren/38134364-qfr04ko997nknhab7di4nqm7-Zoomjpg', 'https://imgchrono24com/images/uhren/38134364-luhq5p74kxpsoayli81oq9an-Zoomjpg', 'https://imgchrono24com/images/uhren/38134364-dkirgt8210xgammi1ekshnn3-Zoomjpg', 'https://imgchrono24com/images/uhren/38134364-zerbdipwueen3nu2ap1mpnpj-Zoomjpg', 'https://imgchrono24com/images/uhren/38134364-k39ndqx5dl6dkixdvwxxt3p5-Zoomjpg', 'https://imgchrono24com/images/uhren/38134364-buq90eyajjqwehoajz76ejid-Zoomjpg', 'https://imgchrono24com/images/uhren/38134364-q5q5f1g0c70plleq6svclpf3-Zoomjpg', 'https://imgchrono24com/images/uhren/38134364-x3k4qgwfnmd4vmv6fayzql6o-Zoomjpg', 'https://imgchrono24com/images/uhren/38134364-grx52fpjnzy551h9s9pm0sqr-Zoomjpg', 'https://imgchrono24com/images/uhren/38134364-j7ks5juurrzcmekz6oemj8he-Zoomjpg', 'https://imgchrono24com/images/uhren/38134364-dyj4tp345ncepoxwsm8ar1i9-Zoomjpg', 'https://imgchrono24com/images/uhren/38134364-f0wfzkbwsi4068kqwij5eb6l-Zoomjpg', 'https://imgchrono24com/images/uhren/38134364-8jm9bv8lmt2pfc2ij9akif7z-Zoomjpg', 'https://imgchrono24com/images/uhren/38134364-gz4gdiszkej5cr4rw4gjp9op-Zoomjpg', 'https://imgchrono24com/images/uhren/38134364-zdcoa8x5q12j5jc83l0nyp1f-Zoomjpg', 'https://imgchrono24com/images/uhren/38134364-d0m21s95wl096nm3yfxa2l2y-Zoomjpg']"
Zenith Defy Skyline,Zenith,Con documentos originales,Con estuche original,11.900,Defy Skyline,Como nuevo y sin estrenar.,2025,"['https://imgchrono24com/images/uhren/39805967-7qat8bjhbhvrkao2z58bf5i8-Zoomjpg', 'https://imgchrono24com/images/uhren/39805967-b0sfw81ei5ajktpi3xtr6k9q-Zoomjpg']"
Zenith,Zenith,Sin documentos originales,Sin estuche original,890,,Usado (Bueno) ,No conocido,"['', '', 'https://imgchrono24com/images/uhren/33097343-433g3dqj5lumrsmh2u83ot4k-Zoomjpg', 'https://imgchrono24com/images/uhren/33097343-433g3dqj5lumrsmh2u83ot4k-Zoomjpg', 'https://imgchrono24com/images/uhren/33097343-433g3dqj5lumrsmh2u83ot4k-Zoomjpg', 'https://imgchrono24com/images/uhren/33097343-433g3dqj5lumrsmh2u83ot4k-Zoomjpg', 'https://imgchrono24com/images/uhren/33097343-433g3dqj5lumrsmh2u83ot4k-Zoomjpg', 'https://imgchrono24com/images/uhren/33097343-433g3dqj5lumrsmh2u83ot4k-Zoomjpg', 'https://imgchrono24com/images/uhren/33097343-433g3dqj5lumrsmh2u83ot4k-Zoomjpg', 'https://imgchrono24com/images/uhren/33097343-433g3dqj5lumrsmh2u83ot4k-Zoomjpg', 'https://imgchrono24com/images/uhren/33097343-433g3dqj5lumrsmh2u83ot4k-Zoomjpg', 'https://imgchrono24com/images/uhren/33097343-433g3dqj5lumrsmh2u83ot4k-Zoomjpg', 'https://imgchrono24com/images/uhren/33097343-433g3dqj5lumrsmh2u83ot4k-Zoomjpg']"
Zenith Defy Skyline,Zenith,Con documentos originales,Con estuche original,6.999,Defy Skyline,Como nuevo y sin estrenar ,2022,"['https://imgchrono24com/images/uhren/38493321-wbjaqmui72nh2i368fdzmx49-Zoomjpg', 'https://imgchrono24com/images/uhren/38493321-l4txp1bhiybr3t35jxz9pz7t-Zoomjpg', 'https://imgchrono24com/images/uhren/38493321-e89g2e4lmzgi4wfv7ifd14g3-Zoomjpg', 'https://imgchrono24com/images/uhren/38493321-hq0y9euppu6xeymbqfis98im-Zoomjpg', 'https://imgchrono24com/images/uhren/38493321-gl97z3oiijy0zpwhkc9owapk-Zoomjpg', 'https://imgchrono24com/images/uhren/38493321-up909eq36gvpzmodylsq9pbx-Zoomjpg', 'https://imgchrono24com/images/uhren/38493321-ep24g39a6rtrh8gswc6r3ojt-Zoomjpg']"
Zenith Pilot Type 20 Extra Special,Zenith,Con documentos originales,Con estuche original,3.490,Pilot Type 20 Extra Special,Usado (Muy bueno) ,2014 (Año aproximado),"['https://imgchrono24com/images/uhren/35701559-exx4gutlntsnwrlnq30f1pfj-Zoomjpg', 'https://imgchrono24com/images/uhren/35701559-ecto1q90kz1n2btj7orzrww9-Zoomjpg', 'https://imgchrono24com/images/uhren/35701559-ty5wymfm54jet4a3vturvezn-Zoomjpg', 'https://imgchrono24com/images/uhren/35701559-ab8777lluczriyaykbfrwtkq-Zoomjpg', 'https://imgchrono24com/images/uhren/35701559-j624r2c3bg9scwd8axy36g33-Zoomjpg', 'https://imgchrono24com/images/uhren/35701559-3zjuy3mwt8nui004gd6frdvo-Zoomjpg', 'https://imgchrono24com/images/uhren/35701559-nxjfmjwre3bkasu31xu5rvup-Zoomjpg', 'https://imgchrono24com/images/uhren/35701559-wd2qvqa5fy2ph3ru7uovir9j-Zoomjpg', 'https://imgchrono24com/images/uhren/35701559-onpshffsx6p2wygwe2drj2zf-Zoomjpg', 'https://imgchrono24com/images/uhren/35701559-rgb1flwdhfhl4v0zuzhlkwcr-Zoomjpg', 'https://imgchrono24com/images/uhren/35701559-kp18r9dj6nhx6c4x58chnnis-Zoomjpg', 'https://imgchrono24com/images/uhren/35701559-c2wgtlmr45mo8zea8let9jzy-Zoomjpg', 'https://imgchrono24com/images/uhren/35701559-kk5374t6cdlrq2zxue5tof32-Zoomjpg', 'https://imgchrono24com/images/uhren/35701559-qqbvrb4pomptz5izg38xonmq-Zoomjpg', 'https://imgchrono24com/images/uhren/35701559-ik05zwnzgcii9l82u1pqdra4-Zoomjpg', 'https://imgchrono24com/images/uhren/35701559-q6d7rkg6ctvmvi5tv6d0aklh-Zoomjpg', 'https://imgchrono24com/images/uhren/35701559-pdvhzahtjdk81bn0ofwibnwl-Zoomjpg', 'https://imgchrono24com/images/uhren/35701559-vgfc4cdi9dl8kpg25nmfk0uu-Zoomjpg']"
Zenith El Primero 36'000 VpH,Zenith,Sin documentos originales,Sin estuche original,3.900,El Primero 36'000 VpH,Usado (Muy bueno) ,No conocido,"['https://imgchrono24com/images/uhren/36157545-al4ylzostxmmx9f1zf1jgdcc-Zoomjpg', 'https://imgchrono24com/images/uhren/36157545-q36yzhr7fbvi0dt4zuz010ys-Zoomjpg', 'https://imgchrono24com/images/uhren/36157545-4xoe237hzz0hesb2ej9fgkye-Zoomjpg', 'https://imgchrono24com/images/uhren/36157545-ox67rlgn23p1dnxgz4pfsqbc-Zoomjpg', 'https://imgchrono24com/images/uhren/36157545-cl74otktbma2h3ihew7t1lov-Zoomjpg', 'https://imgchrono24com/images/uhren/36157545-hqx1aout2lpy1s62o92w7ic0-Zoomjpg', 'https://imgchrono24com/images/uhren/36157545-tcf4h88n9afucv80j2x1cto8-Zoomjpg', 'https://imgchrono24com/images/uhren/36157545-4lvly3nis169t8sjhjh35orq-Zoomjpg', 'https://imgchrono24com/images/uhren/36157545-wkbe5m05vh3qnfew71583xrv-Zoomjpg', 'https://imgchrono24com/images/uhren/36157545-4mf87spdhp61q07r90379btm-Zoomjpg', 'https://imgchrono24com/images/uhren/36157545-619gkh6apk6lhz32mb01of3h-Zoomjpg', 'https://imgchrono24com/images/uhren/36157545-xb3d9v5vymtj4zej8dvkuemk-Zoomjpg', 'https://imgchrono24com/images/uhren/36157545-e1oqtwjyjrc7jz830y10xhvw-Zoomjpg', 'https://imgchrono24com/images/uhren/36157545-nfppcv8s5u5q7p8lmmk3mdox-Zoomjpg', 'https://imgchrono24com/images/uhren/36157545-gih3ldras2jmuxgd3y0caxzb-Zoomjpg', 'https://imgchrono24com/images/uhren/36157545-irwn8uyb5upp7wu57kvw50sx-Zoomjpg']"
Audemars Piguet Royal Oak Lady,Audemars Piguet,Sin documentos originales,Sin estuche original,10.000,Royal Oak Lady,Usado (Muy bueno) ,No conocido,"['https://imgchrono24com/images/uhren/25635353-ixtbloksl3zm01xqpoki1vhv-Zoomjpg', 'https://imgchrono24com/images/uhren/25635353-v5gl0l70z8bfxe44n07nb9ni-Zoomjpg', 'https://imgchrono24com/images/uhren/25635353-fro0fwjw5twqm0rdvzrfni3i-Zoomjpg']"
Audemars Piguet Royal Oak Selfwinding,Audemars Piguet,Con documentos originales,Con estuche original,34.500,Royal Oak Selfwinding,Usado (Muy bueno) ,2020 (Año aproximado),"['https://imgchrono24com/images/uhren/39499561-x2pjsjig0uhytmfj3r7tbah7-Zoomjpg', 'https://imgchrono24com/images/uhren/39499561-0zlpjjyhtaq8ruegp2dqyaru-Zoomjpg', 'https://imgchrono24com/images/uhren/39499561-41ya86atiup6sdr8jcwxrlpt-Zoomjpg', 'https://imgchrono24com/images/uhren/39499561-p9gec4agp6rwmo0irouzabel-Zoomjpg', 'https://imgchrono24com/images/uhren/39499561-qt6o41mtjopkf707comhq0v5-Zoomjpg', 'https://imgchrono24com/images/uhren/39499561-q0mfjiu0lay1ws66dn6ck6o0-Zoomjpg', 'https://imgchrono24com/images/uhren/39499561-70yqmkuxfgpru6xockyt4i3w-Zoomjpg', 'https://imgchrono24com/images/uhren/39499561-0fwg19fyzkfjhfqznltwxquu-Zoomjpg', 'https://imgchrono24com/images/uhren/39499561-sbrriikpi76bnna89m1l11br-Zoomjpg', 'https://imgchrono24com/images/uhren/39499561-tjcer3jic7i8aj3w2sq70nwj-Zoomjpg', 'https://imgchrono24com/images/uhren/39499561-1fxnmj8m7w2zv4bf0qez7vm2-Zoomjpg', 'https://imgchrono24com/images/uhren/39499561-gaf8h149rlbnz0g9aj99mwsp-Zoomjpg', 'https://imgchrono24com/images/uhren/39499561-3r2r7fju18q6xfam25865xpk-Zoomjpg', 'https://imgchrono24com/images/uhren/39499561-8zpxegbfb2p55yeg3eq9x9o0-Zoomjpg', 'https://imgchrono24com/images/uhren/39499561-o7jxaxd0schu354bd2ucqkfn-Zoomjpg']"
Audemars Piguet Royal Oak Selfwinding,Audemars Piguet,Sin documentos originales,Con estuche original,29.900,Royal Oak Selfwinding,Usado (Muy bueno) ,2010 (Año aproximado),"['https://imgchrono24com/images/uhren/j28os9oy8pip-gkt2fj266pbvpu0s6x2e9pk9-Zoomjpg', 'https://imgchrono24com/images/uhren/fa01yv7mj8oo-84n8drh0eantki9opmir2lhb-Zoomjpg', 'https://imgchrono24com/images/uhren/du2xsi62qrbr-y6ajoj70mdqf9o1880sna4ro-Zoomjpg', 'https://imgchrono24com/images/uhren/c8yp0iduo7zg-xaiw8e5g0krxmfvsixbju5q4-Zoomjpg', 'https://imgchrono24com/images/uhren/w788brfjhhxs-nd5ens32iq3693m0x62aqpal-Zoomjpg', 'https://imgchrono24com/images/uhren/w82iiruyp75c-zhuf15sijpyjktxn9dbzzf6p-Zoomjpg', 'https://imgchrono24com/images/uhren/in38ccla5xal-l7m8co9j2mfpp52ib7ca6u3y-Zoomjpg', 'https://imgchrono24com/images/uhren/siplmzhtuqll-if6845zxnl8iw00x0lqlwv6w-Zoomjpg']"
Audemars Piguet Royal Oak Perpetual Calendar,Audemars Piguet,Sin documentos originales,Con estuche original,290.000,Royal Oak Perpetual Calendar,Usado (Muy bueno) ,2015,"['https://imgchrono24com/images/uhren/37069905-zflkrt29oiemqq1c7d3r1ag7-Zoomjpg', 'https://imgchrono24com/images/uhren/37069905-bxdahdjm1kxj8930big0mvzb-Zoomjpg', 'https://imgchrono24com/images/uhren/37069905-xmhemnng100vh9peuotxsuv5-Zoomjpg', 'https://imgchrono24com/images/uhren/37069905-udq3p2fc8pif7hbanrxwbs8s-Zoomjpg', 'https://imgchrono24com/images/uhren/37069905-ggre9s3ukytcc52bqhaysreo-Zoomjpg', 'https://imgchrono24com/images/uhren/37069905-1sh1n53kwbxzahuzrrj6cagd-Zoomjpg']"
Audemars Piguet Royal Oak Lady,Audemars Piguet,Sin documentos originales,Sin estuche original,7.995,Royal Oak Lady,Usado (Muy bueno) ,1995 (Año aproximado),"['https://imgchrono24com/images/uhren/38653237-5ey5tlsijiu5m0gfpj08fr6y-Zoomjpg', 'https://imgchrono24com/images/uhren/38653237-tg129qdrnh719j1gscp8zx7a-Zoomjpg', 'https://imgchrono24com/images/uhren/38653237-nk8kzjit8rmomgrp1nhva1wf-Zoomjpg', 'https://imgchrono24com/images/uhren/38653237-r06l6xdma6qweuumu37qusfb-Zoomjpg', 'https://imgchrono24com/images/uhren/38653237-c43e6hykup003adgmh3kf59v-Zoomjpg', 'https://imgchrono24com/images/uhren/38653237-yxr15o7rnhj18ekz3exhp68m-Zoomjpg', 'https://imgchrono24com/images/uhren/38653237-xsf90mhkkkliez1jfbb4gt1q-Zoomjpg', 'https://imgchrono24com/images/uhren/38653237-a8z7wrdxlmmv0hwayqb7jthv-Zoomjpg', 'https://imgchrono24com/images/uhren/38653237-6ep2ol80klwdve5e9e59z41g-Zoomjpg', 'https://imgchrono24com/images/uhren/38653237-x6m3jwp1c8t9uqdaeupx1zc4-Zoomjpg', 'https://imgchrono24com/images/uhren/38653237-fqkufbb1xcnwul9hro7vlrs8-Zoomjpg', 'https://imgchrono24com/images/uhren/38653237-zo5tki2bd6sth7hlcdks8tn4-Zoomjpg', 'https://imgchrono24com/images/uhren/38653237-6lbd2vrtrr4jl4dcp7k1ho30-Zoomjpg', 'https://imgchrono24com/images/uhren/38653237-rnc3qs4q9amnp3fh5c55d9ep-Zoomjpg', 'https://imgchrono24com/images/uhren/38653237-xdww7i27xja52r67lje6antk-Zoomjpg', 'https://imgchrono24com/images/uhren/38653237-vh07o30qjdog0rd9o06vs7z4-Zoomjpg']"
Audemars Piguet Quantieme Perpetual Calendar,Audemars Piguet,Con documentos originales,Con estuche original,36 500 ,Quantieme Perpetual Calendar,Usado (Muy bueno) ,1992,"['https://imgchrono24com/images/uhren/36133989-c9eipkd07u2trdow7ahj2bi2-Zoomjpg', 'https://imgchrono24com/images/uhren/36133989-bacwx31nqldo21r8t7bqefte-Zoomjpg', 'https://imgchrono24com/images/uhren/36133989-oygsu5c6c1e9y39gw1op0g48-Zoomjpg', 'https://imgchrono24com/images/uhren/36133989-bk96p8q5ulzxtlh28h6blqoc-Zoomjpg', 'https://imgchrono24com/images/uhren/36133989-38pd2lywm9o644sn89233st9-Zoomjpg', 'https://imgchrono24com/images/uhren/36133989-c3p0q0s90kmo5127jt0yrknv-Zoomjpg', 'https://imgchrono24com/images/uhren/36133989-zhv7kjw2kwtgc1oholple1n4-Zoomjpg', 'https://imgchrono24com/images/uhren/36133989-ib5b93eam05ix0s95f7i6hpd-Zoomjpg', 'https://imgchrono24com/images/uhren/36133989-aokp3xiq1l81b0s670vvda4z-Zoomjpg', 'https://imgchrono24com/images/uhren/36133989-y0k4syapishfvue7gn6oer5f-Zoomjpg', 'https://imgchrono24com/images/uhren/36133989-jnu0xb64dw0aabwmrsnt66qn-Zoomjpg', 'https://imgchrono24com/images/uhren/36133989-wmg62je51gg63e9wnibcw5ph-Zoomjpg', 'https://imgchrono24com/images/uhren/36133989-80z8nbtsqdfef50tdtafty8c-Zoomjpg', 'https://imgchrono24com/images/uhren/36133989-jt2e7vjntgf2bp1rij3chqsq-Zoomjpg', 'https://imgchrono24com/images/uhren/36133989-sa7szjg58a933v5rdl6noiej-Zoomjpg', 'https://imgchrono24com/images/uhren/36133989-n9ykoewjtvty6iey70ezkryv-Zoomjpg', 'https://imgchrono24com/images/uhren/36133989-3rifa51k9gp0rbrtsgdqngus-Zoomjpg']"
Audemars Piguet Royal Oak,Audemars Piguet,Sin documentos originales,Sin estuche original,13 972 ,Royal Oak,Usado (Bueno) ,1980 (Año aproximado),"['https://imgchrono24com/images/uhren/38650156-677d318o51xz9io6i04ge9ti-Zoomjpg', 'https://imgchrono24com/images/uhren/38650156-4x0c6h3v3irol46dmb1xypve-Zoomjpg', 'https://imgchrono24com/images/uhren/38650156-xdf3d3rjq87suo9n1zqnue5n-Zoomjpg', 'https://imgchrono24com/images/uhren/38650156-caul5dta4p0ld7xg9hjmvmgc-Zoomjpg', 'https://imgchrono24com/images/uhren/38650156-3d0t0pkz92adfoq5l1qve2km-Zoomjpg', 'https://imgchrono24com/images/uhren/38650156-5ylo1825xqgl89w3e6kyng7x-Zoomjpg', 'https://imgchrono24com/images/uhren/38650156-3420ntz5chx61nuf3kl68o57-Zoomjpg', 'https://imgchrono24com/images/uhren/38650156-mls9atb3l14ay7v5ldgdjyg8-Zoomjpg', 'https://imgchrono24com/images/uhren/38650156-kj2lp6xh1gs7zskfpxgni39l-Zoomjpg']"
Audemars Piguet Royal Oak,Audemars Piguet,Sin documentos originales,Sin estuche original,15 726 ,Royal Oak,Usado (Bueno) ,1990 (Año aproximado),"['https://imgchrono24com/images/uhren/38700726-4p4znihex3egi3ckekgvrtat-Zoomjpg', 'https://imgchrono24com/images/uhren/38700726-vcaar756jwhe5gdsmjxyp3ga-Zoomjpg', 'https://imgchrono24com/images/uhren/38700726-zce41zigk6dcfl7ssav5ot48-Zoomjpg', 'https://imgchrono24com/images/uhren/38700726-yfbsoai1vx7tynnicpxqdsex-Zoomjpg', 'https://imgchrono24com/images/uhren/38700726-ndm2dnxup8c0ghgdh4vc3efw-Zoomjpg', 'https://imgchrono24com/images/uhren/38700726-0bqybsxp3fpaz7fzoe75d8g4-Zoomjpg', 'https://imgchrono24com/images/uhren/38700726-75kmgx5v2es4fxv1f8a9ocl2-Zoomjpg']"
Audemars Piguet Royal Oak Selfwinding,Audemars Piguet,Con documentos originales,Con estuche original,34 200 ,Royal Oak Selfwinding,Usado (Muy bueno) ,2015,"['https://imgchrono24com/images/uhren/9ue5s9w7wfvg-axcshnvxqxmls1lcnlgr7jkg-Zoomjpg', 'https://imgchrono24com/images/uhren/zgs75akyksbm-c11kjt6k6m0ep8tez9v4sahc-Zoomjpg', 'https://imgchrono24com/images/uhren/38e1qb9o8rub-bl1h90ffx9c84o6lmn07ft2c-Zoomjpg', 'https://imgchrono24com/images/uhren/sfqkd80ggpb2-bh59juv5tufob5yd1rz3fubc-Zoomjpg', 'https://imgchrono24com/images/uhren/688vkk2v4rdv-9uk26hgd1p34j4d5omlkzi5u-Zoomjpg', 'https://imgchrono24com/images/uhren/tka6sarlfqmb-oqbxqh6wvfbdrvrxllgx424q-Zoomjpg', 'https://imgchrono24com/images/uhren/rf4gw3jmwopg-smbwepic41bpnlth8yhf52jx-Zoomjpg', 'https://imgchrono24com/images/uhren/88bdrltl04dl-l2nok2pyaym8bak7elpcq1b6-Zoomjpg', 'https://imgchrono24com/images/uhren/azxuqeuhlpun-n7p3e65m828yp3azdtf0a9hq-Zoomjpg']"
Audemars Piguet Royal Oak Jumbo,Audemars Piguet,Sin documentos originales,Con estuche original,78 000 ,Royal Oak Jumbo,Usado (Muy bueno) ,2017,"['https://imgchrono24com/images/uhren/38897055-hp4muk1r33uv5j8e496xu4mg-Zoomjpg', 'https://imgchrono24com/images/uhren/38897055-kktouweikawawd4anhhhlxub-Zoomjpg', 'https://imgchrono24com/images/uhren/38897055-dz1i1nhn6di3ws02wcdiv37l-Zoomjpg', 'https://imgchrono24com/images/uhren/38897055-3rpwnivtwgww1rw4zamfip0g-Zoomjpg', 'https://imgchrono24com/images/uhren/38897055-b201evbcno9xqf1kpjkhpmjq-Zoomjpg']"
Audemars Piguet Royal Oak Selfwinding,Audemars Piguet,Sin documentos originales,Sin estuche original,40 000 ,Royal Oak Selfwinding,Usado (Muy bueno) ,No conocido,"['https://imgchrono24com/images/uhren/qt31uqzvq7ub-eqa2mxwzhnr4ywkx47npal6b-Zoomjpg', 'https://imgchrono24com/images/uhren/35189377-iqp2bp96lhqv2e9s0nhbra74-Zoomjpg', 'https://imgchrono24com/images/uhren/35189377-g5b4ejtc78qyqrja820qmxzs-Zoomjpg', 'https://imgchrono24com/images/uhren/35189377-qdms68zb2nmruc4dx4yc82oc-Zoomjpg', 'https://imgchrono24com/images/uhren/qu9py2nscruh-n22n6f8f1hmh9khg1t16e89b-Zoomjpg', 'https://imgchrono24com/images/uhren/fk7fsbv0rgt9-ff2u10of53up58qiu7dss0jb-Zoomjpg']"
Audemars Piguet Royal Oak,Audemars Piguet,Con documentos originales,Sin estuche original,15 890 ,Royal Oak,Usado (Muy bueno) ,1996,"['https://imgchrono24com/images/uhren/33129837-lco1gsi6pj37tz8n3tepk5p7-Zoomjpg', 'https://imgchrono24com/images/uhren/33129837-po9pryjc9o41h1wwfrf3umse-Zoomjpg', 'https://imgchrono24com/images/uhren/33129837-hjvhsfsmtpx9w8drmp4y7o90-Zoomjpg', 'https://imgchrono24com/images/uhren/33129837-3onssm8qs09ggwos6c6yj159-Zoomjpg', 'https://imgchrono24com/images/uhren/33129837-kzj637pt4zeq84oafmjqu33z-Zoomjpg', 'https://imgchrono24com/images/uhren/33129837-ds55zl68rkvqk4w1qbhb2akk-Zoomjpg', 'https://imgchrono24com/images/uhren/33129837-s327oh6hcpmnt55jjac8ck98-Zoomjpg', 'https://imgchrono24com/images/uhren/33129837-su1sca5m2kdderxis4teigse-Zoomjpg', 'https://imgchrono24com/images/uhren/33129837-y5nid41cczas9dow8hvzi286-Zoomjpg', 'https://imgchrono24com/images/uhren/33129837-bbzgow9iw8290hag2lyzlzmg-Zoomjpg', 'https://imgchrono24com/images/uhren/33129837-54s4udsx0ja6yoqh6nfitggv-Zoomjpg', 'https://imgchrono24com/images/uhren/33129837-rid321kzo91ortx1fyc426bq-Zoomjpg', 'https://imgchrono24com/images/uhren/33129837-s6ksloqf0iiba2w0j4hn112g-Zoomjpg']"
Audemars Piguet Royal Oak Chronograph,Audemars Piguet,Sin documentos originales,Sin estuche original,26 500 ,Royal Oak Chronograph,Usado (Muy bueno) ,1998,"['https://imgchrono24com/images/uhren/39786386-lz33xsd3ysp60j2k30oiuc2v-Zoomjpg', 'https://imgchrono24com/images/uhren/39786386-0ujqimsve3r0s7bxvjg62n3g-Zoomjpg', 'https://imgchrono24com/images/uhren/39786386-8qrv6yyfezq7rl313x0w0w31-Zoomjpg', 'https://imgchrono24com/images/uhren/39786386-tllanmk3gfxxjwhxxcnjrfg8-Zoomjpg', 'https://imgchrono24com/images/uhren/39786386-3i0ha7top10igs92an101y84-Zoomjpg', 'https://imgchrono24com/images/uhren/39786386-8ila1mos74kmeh9hot4twbyd-Zoomjpg', 'https://imgchrono24com/images/uhren/39786386-uhcodl3klshbr4i0zn3674wd-Zoomjpg', 'https://imgchrono24com/images/uhren/39786386-j3lkavdlquxujx19k8asis46-Zoomjpg', 'https://imgchrono24com/images/uhren/39786386-tavfm15fiwpwsty70sjrjtvm-Zoomjpg', 'https://imgchrono24com/images/uhren/39786386-vzn6icdbvy4qt04bfgvc07hp-Zoomjpg', 'https://imgchrono24com/images/uhren/39786386-x4niudamq0sdblyyzdx3pv8j-Zoomjpg', 'https://imgchrono24com/images/uhren/39786386-q55txulca5m43s6kx2bny63v-Zoomjpg', 'https://imgchrono24com/images/uhren/39786386-txutdld6j194aofzcpwjw4rp-Zoomjpg', 'https://imgchrono24com/images/uhren/39786386-xzv1fv682d8aw4y34weov5v0-Zoomjpg', 'https://imgchrono24com/images/uhren/39786386-65wkq01t2104s3m6f157ydgj-Zoomjpg']"
Audemars Piguet Royal Oak Offshore Diver,Audemars Piguet,Con documentos originales,Con estuche original,16 999 ,Royal Oak Offshore Diver,Usado (Muy bueno) ,2010,"['https://imgchrono24com/images/uhren/39549816-b7ssbejwtunoc70g0z7x4q4i-Zoomjpg', 'https://imgchrono24com/images/uhren/39549816-cg5flzoompfnousbhbys22mm-Zoomjpg', 'https://imgchrono24com/images/uhren/39549816-sc72xmx3zm4yhv3l3yz9l3gs-Zoomjpg', 'https://imgchrono24com/images/uhren/39549816-2fn2276s158b3qz3jllndfh4-Zoomjpg', 'https://imgchrono24com/images/uhren/39549816-rbl1n6hr1a3kr1jfkji4n0gv-Zoomjpg', 'https://imgchrono24com/images/uhren/39549816-m6r49n2tr5ikjh4i4eu94fe9-Zoomjpg', 'https://imgchrono24com/images/uhren/39549816-7fgow9cnet81kvh58zkwgmxh-Zoomjpg', 'https://imgchrono24com/images/uhren/39549816-8y5iachz98w0jt1azm806nb2-Zoomjpg', 'https://imgchrono24com/images/uhren/39549816-jy2bju9f15i16tq20uq5h0c3-Zoomjpg', 'https://imgchrono24com/images/uhren/39549816-sv2aaz8c7idpc1pp2ij9iduq-Zoomjpg']"
Audemars Piguet,Audemars Piguet,Sin documentos originales,Sin estuche original,2.200,,Usado (Bueno) ,1990 (Año aproximado),"['https://imgchrono24com/images/uhren/cljwbcs4dla4-i04u2tk73q2fkpn3tu1w1ctg-Zoomjpg', 'https://imgchrono24com/images/uhren/38422259-nw3i1h3r5wrtgk0enayikgj6-Zoomjpg', 'https://imgchrono24com/images/uhren/38422259-cro3vuky1j55g03w6alwjf88-Zoomjpg', 'https://imgchrono24com/images/uhren/zff3gf8fpt4y-l24krsgj4j6sz0b3j8g6cubc-Zoomjpg', 'https://imgchrono24com/images/uhren/1kxvx3a8bhaa-8j6tx1579epmq3qxy6s5mxz8-Zoomjpg', 'https://imgchrono24com/images/uhren/3575g8sh6vow-db07mpftwr7r9z5rc73prqdl-Zoomjpg', 'https://imgchrono24com/images/uhren/bimtedpmp8hw-1bzmt0zhj1bvm7xgm9dm1cdz-Zoomjpg', 'https://imgchrono24com/images/uhren/6llrizjpxnkk-phgu6e9kv4axrehwn102ddtr-Zoomjpg', 'https://imgchrono24com/images/uhren/gvbph1ckaqb6-8rf4optondemyy7c1afm2x4x-Zoomjpg', 'https://imgchrono24com/images/uhren/4hv46fdv2bia-rxzl7rylp3oizttdq7ft0mm3-Zoomjpg', 'https://imgchrono24com/images/uhren/5j9thrzdlzn9-8bs23bnrqekzbsv8wiopr0ww-Zoomjpg', 'https://imgchrono24com/images/uhren/mp2ulhv67naq-twbrrmz3qfgroayx7v7iay8g-Zoomjpg', 'https://imgchrono24com/images/uhren/60goz1i1idgn-p5po3w3q1k9idfjrevs5nwkn-Zoomjpg']"
Audemars Piguet Royal Oak,Audemars Piguet,Sin documentos originales,Con estuche original,16 900 ,Royal Oak,Usado (Bueno) ,No conocido,"['https://imgchrono24com/images/uhren/33697935-xqfjsjlyrm04yg5duci5ygq4-Zoomjpg', 'https://imgchrono24com/images/uhren/33697935-4qd4skipnfq59yn0owtete2k-Zoomjpg', 'https://imgchrono24com/images/uhren/33697935-mmcqgk0pptpx3drrxi7pczmo-Zoomjpg', 'https://imgchrono24com/images/uhren/33697935-xpm4u293ldxbrhv8erjqt68p-Zoomjpg', 'https://imgchrono24com/images/uhren/33697935-4p5vrcpd5pbihz81c8igebhy-Zoomjpg', 'https://imgchrono24com/images/uhren/33697935-4ohfiunbva2h531czdzunbe4-Zoomjpg', 'https://imgchrono24com/images/uhren/33697935-qiaeff3dps3x2ixy2cnn95k0-Zoomjpg', 'https://imgchrono24com/images/uhren/33697935-3asms4n4vo18nyi0wvlknl21-Zoomjpg']"
Audemars Piguet Royal Oak Double Balance Wheel Openworked,Audemars Piguet,Con documentos originales,Con estuche original,184 676 ,Royal Oak Double Balance Wheel Openworked,Como nuevo y sin estrenar ,2023,"['https://imgchrono24com/images/uhren/37832848-mla6s32g9u6vhtjqsm5y3ekp-Zoomjpg', 'https://imgchrono24com/images/uhren/37832848-9pblo03db7cs7aexm34olpe2-Zoomjpg', 'https://imgchrono24com/images/uhren/37832848-mcv63zg0jne28f6deyub0l8u-Zoomjpg', 'https://imgchrono24com/images/uhren/37832848-e8i1vwem4dk20wdni2mq05bt-Zoomjpg']"
Audemars Piguet Royal Oak Selfwinding,Audemars Piguet,Con documentos originales,Con estuche original,42 934 ,Royal Oak Selfwinding,Como nuevo y sin estrenar ,2021 (Año aproximado),"['https://imgchrono24com/images/uhren/bkwb6g416rvh-3i2gon8wrcj5w1g1rokki4nb-Zoomjpg', 'https://imgchrono24com/images/uhren/n76kanlstbe8-7z770nnrpbim0l87h1u7gj4b-Zoomjpg', 'https://imgchrono24com/images/uhren/qfsnbzys6nro-xpa31hyjl1t14mdh1jffhlrt-Zoomjpg', 'https://imgchrono24com/images/uhren/q3d9nonr4xnq-7gro3m0kqxbk146v364c4tyz-Zoomjpg', 'https://imgchrono24com/images/uhren/sjk92jdnnj6x-qak87800gicvv38p1lqsypjo-Zoomjpg', 'https://imgchrono24com/images/uhren/6mypdok1rlb7-qiamdgiyrsk33rysmossitw8-Zoomjpg', 'https://imgchrono24com/images/uhren/ga3owrt0a20p-3zefezum5yal5qp9oo6sk05q-Zoomjpg', 'https://imgchrono24com/images/uhren/38413353-vmnao54pu6bkanebdgsa4b2y-Zoomjpg', 'https://imgchrono24com/images/uhren/38413353-uuwetakmex7xa8zyahnyg2if-Zoomjpg']"
Audemars Piguet Code 1159,Audemars Piguet,Con documentos originales,Con estuche original,19 900 ,Code 1159,Usado (Muy bueno) ,2021,"['https://imgchrono24com/images/uhren/39502082-fuisex5i1109st9rkjk12oo6-Zoomjpg', 'https://imgchrono24com/images/uhren/39502082-htwoo047pc3r8uhktuxanv2u-Zoomjpg', 'https://imgchrono24com/images/uhren/39502082-bmto6ce0b7khmhw6i65dgfy6-Zoomjpg', 'https://imgchrono24com/images/uhren/39502082-j1vgk8h4d7hyxltfp8zdcevr-Zoomjpg', 'https://imgchrono24com/images/uhren/39502082-iyw5thc1gcefvh7fhhqdxca8-Zoomjpg', 'https://imgchrono24com/images/uhren/39502082-8xg4prokmmr32fnmgji4ew65-Zoomjpg', 'https://imgchrono24com/images/uhren/39502082-pg01n4d3df2ml0lf7rkcchch-Zoomjpg', 'https://imgchrono24com/images/uhren/39502082-ag0c7cbaiv36fp676oxyejbn-Zoomjpg', 'https://imgchrono24com/images/uhren/39502082-c4wrv2jkzvww0r6dnq35eb7n-Zoomjpg', 'https://imgchrono24com/images/uhren/39502082-1ny6pna40pjalo99j26bdw4t-Zoomjpg', 'https://imgchrono24com/images/uhren/39502082-cl85sgju1rmvoqf1tow1ecw2-Zoomjpg', 'https://imgchrono24com/images/uhren/39502082-nw2x3xjplv5nhxhqegv6tqta-Zoomjpg', 'https://imgchrono24com/images/uhren/39502082-z35gys7jxkuocvtct5thx3ma-Zoomjpg', 'https://imgchrono24com/images/uhren/39502082-t79m8qtbn53ymt7q3n1p39yk-Zoomjpg', 'https://imgchrono24com/images/uhren/39502082-wxg3ahvoapjridkfzwyd9i6l-Zoomjpg', 'https://imgchrono24com/images/uhren/39502082-yo2og7kdckr5g5a4ryf6g04s-Zoomjpg']"
Audemars Piguet Royal Oak Chronograph,Audemars Piguet,Sin documentos originales,Sin estuche original,26 800 ,Royal Oak Chronograph,Usado (Muy bueno) ,2000,"['https://imgchrono24com/images/uhren/4ta9ipu9cbnq-36f19foe0o2s8t2woyclwqcf-Zoomjpg', 'https://imgchrono24com/images/uhren/sr8d565urwp3-dq0iytjj0v10bfhm67pckhr0-Zoomjpg', 'https://imgchrono24com/images/uhren/vm5xahacow18-jua2nro1fxucaj258gv4optb-Zoomjpg', 'https://imgchrono24com/images/uhren/cx223mhlq961-2cwp5u7n5o0j4jota4awa83e-Zoomjpg', 'https://imgchrono24com/images/uhren/tz7yt8fc6gl2-af77dhyq12flllfwzx54l85e-Zoomjpg', 'https://imgchrono24com/images/uhren/kn2i9mguiab6-s0tegeb9jf7a42x0h0u755b2-Zoomjpg', 'https://imgchrono24com/images/uhren/jxbw4kkn25ih-36wji5evy1qrnozpe3yyxeux-Zoomjpg', 'https://imgchrono24com/images/uhren/uqj4au47gs05-je350hzmmt0giuejw8alip7s-Zoomjpg', 'https://imgchrono24com/images/uhren/6w0518hnajqv-1fua67xajv4s9xxgbtunsdax-Zoomjpg']"
A Lange & Söhne,A Lange & Söhne,Con documentos originales,Con estuche original,558 636 ,,Como nuevo y sin estrenar ,2024,"['https://imgchrono24com/images/uhren/39434057-p7g4ioos6j4j85k2gente76z-Zoomjpg', 'https://imgchrono24com/images/uhren/39434057-dqqm41pskjei7tpyoo695ngu-Zoomjpg', 'https://imgchrono24com/images/uhren/39434057-ks84r90k9nudncs2v2mlmq1a-Zoomjpg']"
A Lange & Söhne Lange 1,A Lange & Söhne,Sin documentos originales,Sin estuche original,22 772 ,Lange 1,Usado (Muy bueno) ,No conocido,"['https://imgchrono24com/images/uhren/sn20rti9u4lc-jecd36mo4j1h1whc6det6svh-Zoomjpg', 'https://imgchrono24com/images/uhren/djp5yiwmxzoh-ig8zwy74t5wnubqvs4sxtnhg-Zoomjpg', 'https://imgchrono24com/images/uhren/abpgnur6vhew-xursc5l3p0lkt96o45cojzqu-Zoomjpg', 'https://imgchrono24com/images/uhren/5wtf9oerhzxe-e6bf54ub1gjfmltd8vs3bfb9-Zoomjpg', 'https://imgchrono24com/images/uhren/0oful1ayhe4g-a7vzvybjwd7wlb45rsubail0-Zoomjpg', 'https://imgchrono24com/images/uhren/gj35md0aezja-6vef2hvk5n2sgw5hz977aure-Zoomjpg', 'https://imgchrono24com/images/uhren/o1593it9d4eb-vkfgm1go09aaj7p4s3c9vl3h-Zoomjpg', 'https://imgchrono24com/images/uhren/8xi2pnpucge1-crax2roslj6nray5ozjjx8t1-Zoomjpg']"
A Lange & Söhne Lange 1,A Lange & Söhne,Sin documentos originales,Sin estuche original,23 990 ,Lange 1,Usado (Muy bueno) ,No conocido,"['https://imgchrono24com/images/uhren/37196108-2hs1k4litwtksgvk3u9ez5r0-Zoomjpg', 'https://imgchrono24com/images/uhren/37196108-ynxj4cghj99hktx7uo55lxyi-Zoomjpg', 'https://imgchrono24com/images/uhren/37196108-gb2pbq8fy5468ujri379e10k-Zoomjpg', 'https://imgchrono24com/images/uhren/37196108-06a8uppbajtubcyulajx1qmq-Zoomjpg', 'https://imgchrono24com/images/uhren/37196108-4ygfddid98ht5psq60ut1x71-Zoomjpg', 'https://imgchrono24com/images/uhren/37196108-w6x7w4b5cwvo7ozvks07p139-Zoomjpg', 'https://imgchrono24com/images/uhren/37196108-qa01b1e3gs6tw0fi7i7lwuxb-Zoomjpg']"
A Lange & Söhne Lange 1,A Lange & Söhne,Sin documentos originales,Con estuche original,42 200 ,Lange 1,Usado (Muy bueno) ,No conocido,"['https://imgchrono24com/images/uhren/39786131-f8satuoytechfeh7qbbvfrrh-Zoomjpg', 'https://imgchrono24com/images/uhren/39786131-hkbe52vwonexe8ute3yl2w4t-Zoomjpg', 'https://imgchrono24com/images/uhren/39786131-oiect8uluoay63ntgswxoi9u-Zoomjpg', 'https://imgchrono24com/images/uhren/39786131-82vrdacuxqagft4t0njcnbyq-Zoomjpg', 'https://imgchrono24com/images/uhren/39786131-jlkr2f6vb5namkei6un24iat-Zoomjpg', 'https://imgchrono24com/images/uhren/39786131-rca6sn4pql1s0g5zzfkjy75l-Zoomjpg', 'https://imgchrono24com/images/uhren/39786131-s3hjdjd63orbdblgf1eqe0nb-Zoomjpg', 'https://imgchrono24com/images/uhren/39786131-c99utnbly9rougot9an7j0m5-Zoomjpg', 'https://imgchrono24com/images/uhren/39786131-pmdbf6btk9owlibaw3zgeei9-Zoomjpg', 'https://imgchrono24com/images/uhren/39786131-s83ktlinmnxcezlthz05t2v9-Zoomjpg', 'https://imgchrono24com/images/uhren/39786131-j3i95ofmxwh4aeecgb3yu0e9-Zoomjpg', 'https://imgchrono24com/images/uhren/39786131-jmtp5u7hndtch82ge2vyccc1-Zoomjpg', 'https://imgchrono24com/images/uhren/39786131-ymmr5mipb59uswa16laqui71-Zoomjpg', 'https://imgchrono24com/images/uhren/39786131-41ij20ltku8inp17kqac5sr9-Zoomjpg', 'https://imgchrono24com/images/uhren/39786131-3vydsn17pl5mjbz83euc09dn-Zoomjpg', 'https://imgchrono24com/images/uhren/39786131-9o6529nqlyf5yzuuacn7i610-Zoomjpg']"
A Lange & Söhne,A Lange & Söhne,Sin documentos originales,Sin estuche original,8.350,,Usado (Muy bueno) ,2002,"['https://imgchrono24com/images/uhren/38857525-ywi89mue8jpnwft7nlai9m4g-Zoomjpg', 'https://imgchrono24com/images/uhren/38857525-o6zpxwcqeovn9q7ltwvm0ipz-Zoomjpg', 'https://imgchrono24com/images/uhren/38857525-je39vuau3yp4znr2ixx983xv-Zoomjpg', 'https://imgchrono24com/images/uhren/38857525-rxs8583zjzzumob62hu3ssam-Zoomjpg', 'https://imgchrono24com/images/uhren/38857525-oaigekb1adhk24d35th2yp2e-Zoomjpg', 'https://imgchrono24com/images/uhren/38857525-z2seuxte8qovoam9pb0bvm0l-Zoomjpg', 'https://imgchrono24com/images/uhren/38857525-cpxjb31tnz0ivdvl9f5pgzw3-Zoomjpg', 'https://imgchrono24com/images/uhren/38857525-nslrqk68ogbpgph3nfzqvrn5-Zoomjpg', 'https://imgchrono24com/images/uhren/38857525-cko8kdk7t0n6kpahd7qtyp62-Zoomjpg', 'https://imgchrono24com/images/uhren/38857525-nml7aeqt2d2bgi24s3iqgw81-Zoomjpg']"
A Lange & Söhne 1815,A Lange & Söhne,Con documentos originales,Con estuche original,33 000 ,1815,Usado (Muy bueno) ,2018,"['https://imgchrono24com/images/uhren/38138614-nrda06rz68oqhyw8fkkdmfuk-Zoomjpg', 'https://imgchrono24com/images/uhren/38138614-d4a6p64ji1jte2o4yvzhi7z0-Zoomjpg', 'https://imgchrono24com/images/uhren/38138614-lnbplwsid80lw1iytng2gk8a-Zoomjpg', 'https://imgchrono24com/images/uhren/38138614-blukvqfmgqsnjipwipdlcsm3-Zoomjpg', 'https://imgchrono24com/images/uhren/38138614-mxmg6hy8wis2357a2j4sk99e-Zoomjpg', 'https://imgchrono24com/images/uhren/38138614-swipp51hyrhbgb2227u7patt-Zoomjpg', 'https://imgchrono24com/images/uhren/38138614-shbxwi361ablx1ve35q0247l-Zoomjpg', 'https://imgchrono24com/images/uhren/38138614-74b6uhf2fhsl1v169x25k3fx-Zoomjpg', 'https://imgchrono24com/images/uhren/38138614-93gth0w8cxgh9mje1p1ixf06-Zoomjpg', 'https://imgchrono24com/images/uhren/38138614-d30dxr6l8s2kxwuov5nytzlk-Zoomjpg', 'https://imgchrono24com/images/uhren/38138614-zmm1m9vlafyy8siei9c2r3dp-Zoomjpg', 'https://imgchrono24com/images/uhren/38138614-8oownbrppjhkaxgl52ff8cz7-Zoomjpg']"
A Lange & Söhne Little Lange 1,A Lange & Söhne,Sin documentos originales,Sin estuche original,46 675 ,Little Lange 1,Nuevo ,2024,['https://imgchrono24com/images/uhren/37269906-rz5a1i7l0hud1orbmx98pypm-Zoomjpg']
A Lange & Söhne Lange 1,A Lange & Söhne,Sin documentos originales,Con estuche original,29 300 ,Lange 1,Usado (Muy bueno) ,No conocido,['https://imgchrono24com/images/uhren/36100511-lnw8sf3pz1a0m1ive70dd0ck-Zoomjpg']
A Lange & Söhne Lange 1,A Lange & Söhne,Con documentos originales,Sin estuche original,23 457 ,Lange 1,Usado (Muy bueno) ,No conocido,"['https://imgchrono24com/images/uhren/37452961-bnr48rdssundaveu87yzx9kz-Zoomjpg', 'https://imgchrono24com/images/uhren/37452961-r854qadlp4be59b8m7l4ay93-Zoomjpg', 'https://imgchrono24com/images/uhren/37452961-09ilkyu1r0qef0qqng3wxk5l-Zoomjpg', 'https://imgchrono24com/images/uhren/37452961-meylirihocxdjt6zamvzv57s-Zoomjpg', 'https://imgchrono24com/images/uhren/37452961-try68orvn9qm4dtf6d53rt3m-Zoomjpg', 'https://imgchrono24com/images/uhren/37452961-ykrvvoma8wp9zb9xcszqplq6-Zoomjpg', 'https://imgchrono24com/images/uhren/37452961-gdf1d5bejcy20f2dzyto6di7-Zoomjpg', 'https://imgchrono24com/images/uhren/37452961-e0trno7rk80igtg2c1ryibj7-Zoomjpg']"
A Lange & Söhne 1815,A Lange & Söhne,Sin documentos originales,Con estuche original,22 000 ,1815,Usado (Muy bueno) ,No conocido,"['https://imgchrono24com/images/uhren/39798726-s618nizm9ujn92j8z1tf093b-Zoomjpg', 'https://imgchrono24com/images/uhren/39798726-wck1sh4whhas6d6lwg4t09ba-Zoomjpg', 'https://imgchrono24com/images/uhren/39798726-saaiy4g7evrybwduxon0bfpr-Zoomjpg', 'https://imgchrono24com/images/uhren/39798726-x51afr10134fbu61yg99fead-Zoomjpg', 'https://imgchrono24com/images/uhren/39798726-tzz24jlq6e5bou3jzoh755af-Zoomjpg', 'https://imgchrono24com/images/uhren/39798726-8itrai7rsoq93shihi84kjcq-Zoomjpg', 'https://imgchrono24com/images/uhren/39798726-d9d0dx37ibew0oaxomsycim2-Zoomjpg']"
A Lange & Söhne Datograph,A Lange & Söhne,Con documentos originales,Con estuche original,277 478 ,Datograph,Nuevo ,2025,"['https://imgchrono24com/images/uhren/35272733-bfau8h5lc65wt4w6mu6sus10-Zoomjpg', 'https://imgchrono24com/images/uhren/35272733-463mh80uwspsn04d3ws9r7oc-Zoomjpg', 'https://imgchrono24com/images/uhren/35272733-5ulx14gs33p6j5bi7op2jk3u-Zoomjpg', 'https://imgchrono24com/images/uhren/35272733-bxt5wazpivfccu4h12monbye-Zoomjpg', 'https://imgchrono24com/images/uhren/35272733-k19r6rxt2kvg2hbf2247sq16-Zoomjpg', 'https://imgchrono24com/images/uhren/35272733-dkofmknkrlwm7akrmk4qrt3g-Zoomjpg', 'https://imgchrono24com/images/uhren/35272733-57eieprmdm26shtr0cxf5zp0-Zoomjpg', 'https://imgchrono24com/images/uhren/35272733-qrfvlh00ivg5yoio8c6y0vnw-Zoomjpg', 'https://imgchrono24com/images/uhren/35272733-uai750vs0fegg1qhe9loiynz-Zoomjpg', 'https://imgchrono24com/images/uhren/35272733-1s5fj2r5um45j1vp77lerl1y-Zoomjpg', 'https://imgchrono24com/images/uhren/35272733-7pgxycb6waq38zmhy315pzd5-Zoomjpg', 'https://imgchrono24com/images/uhren/35272733-m0fszc65h8g1ivaek584kdio-Zoomjpg', 'https://imgchrono24com/images/uhren/35272733-ulbwmpq3jdf45i034l2pks42-Zoomjpg', 'https://imgchrono24com/images/uhren/35272733-13sg2sjd2sf9vh2fg1rbsdcx-Zoomjpg', 'https://imgchrono24com/images/uhren/35272733-dowqs3h5blp2zbb6ie6jdz3i-Zoomjpg', 'https://imgchrono24com/images/uhren/35272733-3imqp5klm0zwkq9fg3zr9la6-Zoomjpg']"
A Lange & Söhne Langematik,A Lange & Söhne,Con documentos originales,Con estuche original,21 000 ,Langematik,Usado (Muy bueno) ,2000 (Año aproximado),"['https://imgchrono24com/images/uhren/33321621-bkut4haroctg4z5arihzi1r3-Zoomjpg', 'https://imgchrono24com/images/uhren/33321621-2mhc03bd6wecnki06ggqhi8d-Zoomjpg', 'https://imgchrono24com/images/uhren/33321621-lvwewpsowg8bx3ki2xthgy4f-Zoomjpg', 'https://imgchrono24com/images/uhren/33321621-0isxf1o3bg9zh5x9rw2kew7d-Zoomjpg', 'https://imgchrono24com/images/uhren/33321621-x5tcruaju9zq41amko15d23q-Zoomjpg', 'https://imgchrono24com/images/uhren/33321621-8mgcbnpkoqsk17qxp5wqj86b-Zoomjpg']"
A Lange & Söhne Saxonia,A Lange & Söhne,Sin documentos originales,Sin estuche original,18 934 ,Saxonia,Usado (Muy bueno) ,No conocido,"['https://imgchrono24com/images/uhren/tqwekqqbpyz3-0o3q9h72a8sal4n426tv2mw2-Zoomjpg', 'https://imgchrono24com/images/uhren/ozgq8m034q8r-kxbnn6sm9il58s3jjw39xhb0-Zoomjpg', 'https://imgchrono24com/images/uhren/f0esh33agi4v-e30qgghu3aqohvi5le3ixtkq-Zoomjpg', 'https://imgchrono24com/images/uhren/vkuw6u777epb-rocsrp1l21m5kvho2jkk19qh-Zoomjpg', 'https://imgchrono24com/images/uhren/lp5kupr08j1q-snpk9mfoc7d5qx5rziavk6r8-Zoomjpg', 'https://imgchrono24com/images/uhren/w4rs5149o76t-waxb44myix8o1ef52n9m495k-Zoomjpg', 'https://imgchrono24com/images/uhren/fluyx7mtjy5x-7tm3cevfem9nhex5e6mhw9cj-Zoomjpg']"
A Lange & Söhne 1815,A Lange & Söhne,Sin documentos originales,Sin estuche original,11 607 ,1815,Usado (Bueno) ,No conocido,"['https://imgchrono24com/images/uhren/38103313-yczt35kwn2a6wq2yveli814e-Zoomjpg', 'https://imgchrono24com/images/uhren/38103313-e6qlbc5hqh1egjupgp6feygw-Zoomjpg', 'https://imgchrono24com/images/uhren/38103313-dyue53q31bmmo0unsgwwqngo-Zoomjpg', 'https://imgchrono24com/images/uhren/38103313-22jqpr62ff0l68vbid82n9aa-Zoomjpg', 'https://imgchrono24com/images/uhren/38103313-eb5wpk3uum9gdocebhnbjf50-Zoomjpg', 'https://imgchrono24com/images/uhren/38103313-2cu43j569d5hdocgur80k0ey-Zoomjpg', 'https://imgchrono24com/images/uhren/38103313-gh3sdh0c4a16hrutezadxz7e-Zoomjpg', 'https://imgchrono24com/images/uhren/38103313-b6xt1eww369qe8xkg6c87ikn-Zoomjpg']"
A Lange & Söhne 1815,A Lange & Söhne,Sin documentos originales,Sin estuche original,17 980 ,1815,Usado (Muy bueno) ,No conocido,"['https://imgchrono24com/images/uhren/38775372-ua5pryu9cjkh7ucqb6ysjnv0-Zoomjpg', 'https://imgchrono24com/images/uhren/38775372-jdk7fokcmq04mx8c00qieo92-Zoomjpg', 'https://imgchrono24com/images/uhren/38775372-eksietr2yhysqge83059nyhi-Zoomjpg', 'https://imgchrono24com/images/uhren/38775372-mkn0bkny52v1mp9xvglfvk35-Zoomjpg', 'https://imgchrono24com/images/uhren/38775372-m1caqs71t2f5gyssy6n12pt1-Zoomjpg', 'https://imgchrono24com/images/uhren/38775372-5l7bn5ncuz7nosajpd31qb88-Zoomjpg', 'https://imgchrono24com/images/uhren/38775372-uw5qinl203z8aqlsn505snsp-Zoomjpg', 'https://imgchrono24com/images/uhren/38775372-tjeyn9y3p19qup5u61kz87sh-Zoomjpg', 'https://imgchrono24com/images/uhren/38775372-i9olk8jm7288so8c1prk5550-Zoomjpg', 'https://imgchrono24com/images/uhren/38775372-jdqqjnz7y3s95sxyo3diawal-Zoomjpg', 'https://imgchrono24com/images/uhren/38775372-e1ylnjwounpei3bq6frndonb-Zoomjpg', 'https://imgchrono24com/images/uhren/38775372-ipyfhhnbkd4469rg5h5z6dnx-Zoomjpg']"
A Lange & Söhne Lange 1,A Lange & Söhne,Sin documentos originales,Sin estuche original,19 192 ,Lange 1,Usado (Muy bueno) ,No conocido,"['https://imgchrono24com/images/uhren/38298150-swdb6b8um9a6jxgzzi0vwp83-Zoomjpg', 'https://imgchrono24com/images/uhren/38298150-yp8qn90tqo4pmai9hehhsrce-Zoomjpg', 'https://imgchrono24com/images/uhren/38298150-rlhr44ciiyysk07b4560lh2u-Zoomjpg', 'https://imgchrono24com/images/uhren/38298150-av8qgxxldzrrk70u7ek5xd7u-Zoomjpg', 'https://imgchrono24com/images/uhren/38298150-hadw1ud13hn701h7gjtlps3t-Zoomjpg', 'https://imgchrono24com/images/uhren/38298150-vgmf433jj4o4u8eco415sdg2-Zoomjpg', 'https://imgchrono24com/images/uhren/38298150-qy1urh7k4r1ndclqlqta2dhh-Zoomjpg', 'https://imgchrono24com/images/uhren/38298150-hxo2lnavgj0079u2pxf8un88-Zoomjpg', 'https://imgchrono24com/images/uhren/38298150-a5xj0irrmi6a3wkk383q7d9p-Zoomjpg']"
A Lange & Söhne 1815,A Lange & Söhne,Sin documentos originales,Sin estuche original,37 732 ,1815,Usado (Bueno) ,No conocido,"['https://imgchrono24com/images/uhren/36217919-hfy6c03loy3ja1y4fa97gplc-Zoomjpg', 'https://imgchrono24com/images/uhren/36217919-bjw5pni5q3ihpnpcayiekra1-Zoomjpg', 'https://imgchrono24com/images/uhren/36217919-qcseoyzov219camq3f68ury9-Zoomjpg', 'https://imgchrono24com/images/uhren/36217919-ckfdnfme5f5r5blv271zbuoz-Zoomjpg', 'https://imgchrono24com/images/uhren/36217919-vnnbkbtpc5kf111nkpubbjsa-Zoomjpg', 'https://imgchrono24com/images/uhren/36217919-qadkhizvstiytsoq3tcmgqij-Zoomjpg', 'https://imgchrono24com/images/uhren/36217919-n14py9884ze5gigw8vo2o4du-Zoomjpg']"
A Lange & Söhne 1815,A Lange & Söhne,Con documentos originales,Sin estuche original,18 500 ,1815,Como nuevo y sin estrenar ,2020,"['https://imgchrono24com/images/uhren/38608797-kypmecs2w1bvkkr72hjb1dt6-Zoomjpg', 'https://imgchrono24com/images/uhren/38608797-bc24sw1jxdrib3x334yq9u3p-Zoomjpg', 'https://imgchrono24com/images/uhren/38608797-1jwg0vgmdq04dyj5u0nuslx0-Zoomjpg', 'https://imgchrono24com/images/uhren/38608797-beq3pkub4n5l7xoxnr8y67mt-Zoomjpg', 'https://imgchrono24com/images/uhren/38608797-yxgvke7tt8egogwjbgzs090p-Zoomjpg', 'https://imgchrono24com/images/uhren/38608797-x1vri4dferpdfxykv6mycpie-Zoomjpg', 'https://imgchrono24com/images/uhren/38608797-n7zw6f1r3w56osreav50ekpb-Zoomjpg', 'https://imgchrono24com/images/uhren/38608797-qq1m9wtdojk4pk74ykcse5sm-Zoomjpg']"
A Lange & Söhne Lange 1,A Lange & Söhne,Con documentos originales,Sin estuche original,21 450 ,Lange 1,Usado (Muy bueno) ,2000,"['https://imgchrono24com/images/uhren/39529018-bca7p1we6h3m5hkwct9eb14q-Zoomjpg', 'https://imgchrono24com/images/uhren/39529018-9ibc22coj3a4guigvsd1dv53-Zoomjpg', 'https://imgchrono24com/images/uhren/39529018-bb43ewc2o99lf2dka7qchqmk-Zoomjpg', 'https://imgchrono24com/images/uhren/39529018-b3lobsghgobyxgeiwrr2al8d-Zoomjpg', 'https://imgchrono24com/images/uhren/39529018-sehdypfzyhqw7sb0fvgyw43k-Zoomjpg', 'https://imgchrono24com/images/uhren/zg1mje55iwpq-tt592yutp76pw04oh4cccski-Zoomjpg', 'https://imgchrono24com/images/uhren/x0hh8yjebv2z-esf374olbkin1xm8sr1r5elr-Zoomjpg']"
A Lange & Söhne Saxonia,A Lange & Söhne,Sin documentos originales,Sin estuche original,12 686 ,Saxonia,Usado (Muy bueno) ,No conocido,"['https://imgchrono24com/images/uhren/37321200-g30gfaabitudukktwoyufi2c-Zoomjpg', 'https://imgchrono24com/images/uhren/37321200-4cbekis5pdtgdit35ns8dgp5-Zoomjpg', 'https://imgchrono24com/images/uhren/37321200-iggjxx8e5g5apiavfs4gn6zw-Zoomjpg', 'https://imgchrono24com/images/uhren/37321200-zz3tzmsjnva8c8lmkfrf4qkx-Zoomjpg', 'https://imgchrono24com/images/uhren/37321200-in0v4ykuwjms3hrnk1upiso5-Zoomjpg', 'https://imgchrono24com/images/uhren/37321200-p8ihv75f7yvwoeev4d2st2yy-Zoomjpg', 'https://imgchrono24com/images/uhren/37321200-nhrokl1qf00tavdkpmng8j13-Zoomjpg']"
Longines HydroConquest,Longines,Sin documentos originales,Con estuche original,650,HydroConquest,Usado (Bueno) ,No conocido,"['https://imgchrono24com/images/uhren/sjwim9shpc1x-w8jzweqpgffmzntamxaaif63-Zoomjpg', 'https://imgchrono24com/images/uhren/xaxdoa3fyaxw-agad0hwi2ttn900quyfrjq0x-Zoomjpg', 'https://imgchrono24com/images/uhren/77fjipnsw2vo-k720i8aw42kz4jcpm3w2cpbt-Zoomjpg', 'https://imgchrono24com/images/uhren/8f0vatws573f-dyynpnljg5k954z1halhpzf4-Zoomjpg', 'https://imgchrono24com/images/uhren/ewpm89go3474-l2aosl5dqne8qgao4nue8oi6-Zoomjpg', 'https://imgchrono24com/images/uhren/irngao9rempg-wf0uhfrjlbbmkxcq2xl8nux6-Zoomjpg', 'https://imgchrono24com/images/uhren/51dsnfavxq80-nja0dq06k5910juauo8xr7xn-Zoomjpg', 'https://imgchrono24com/images/uhren/l2y2dwo2ta17-egefnnoe77r3bb2lmvmpkn08-Zoomjpg']"
Longines Conquest,Longines,Con documentos originales,Con estuche original,1.700,Conquest,Nuevo ,2025,"['https://imgchrono24com/images/uhren/35199062-9thdn50y7im8dcawcfrw0ba6-Zoomjpg', 'https://imgchrono24com/images/uhren/35199062-ncflnv5ac8zeb4yvfpijfz9u-Zoomjpg', 'https://imgchrono24com/images/uhren/35199062-70ukblp0bqktw2jn1ldzb8g0-Zoomjpg', 'https://imgchrono24com/images/uhren/35199062-t7x0k4au5cpflv7hwfyy8k4n-Zoomjpg', 'https://imgchrono24com/images/uhren/35199062-q9jgzrf3syh9fttzx0becija-Zoomjpg', 'https://imgchrono24com/images/uhren/35199062-ruyh71uqw90pqwhzw288b1qb-Zoomjpg', 'https://imgchrono24com/images/uhren/35199062-ks3xxmqt6bthp3odt5xecel3-Zoomjpg', 'https://imgchrono24com/images/uhren/35199062-oht73q0isby16l3utjq4vsc2-Zoomjpg', 'https://imgchrono24com/images/uhren/35199062-zgoalh4873eaw5ghzz7axq10-Zoomjpg', 'https://imgchrono24com/images/uhren/35199062-8nwitsi3habmyuzgiyyaavwj-Zoomjpg', 'https://imgchrono24com/images/uhren/35199062-g8nru5xnqtqnxoiscix033rd-Zoomjpg', 'https://imgchrono24com/images/uhren/35199062-p2nbou80i09tlj4ruh9ge6fn-Zoomjpg', 'https://imgchrono24com/images/uhren/35199062-rhjcdyy68xr1d9gk8d9l8wpr-Zoomjpg']"
Longines HydroConquest,Longines,Sin documentos originales,Con estuche original,1.200,HydroConquest,Usado (Muy bueno) ,2022,"['https://imgchrono24com/images/uhren/u8898topvx2w-aeer3uib987q3c0hk5fn88r2-Zoomjpg', 'https://imgchrono24com/images/uhren/mnsesplzwv47-rg319c3f2knigqezshx93nn6-Zoomjpg', 'https://imgchrono24com/images/uhren/jk11iu7d5a18-ivengxg6a78nqxw4f397qd7p-Zoomjpg', 'https://imgchrono24com/images/uhren/ss2t8q6jjtmo-z3hc2u0of4f3vv5nrl71opm3-Zoomjpg', 'https://imgchrono24com/images/uhren/8jjmfpmykkox-62ukm5828rws0ec01tdvvxow-Zoomjpg', 'https://imgchrono24com/images/uhren/l4z2paki3o35-tm98bg5s1sk74m33yxon465l-Zoomjpg', 'https://imgchrono24com/images/uhren/snzc04yv8304-ac8nwnps5mhaaaf80084ime5-Zoomjpg', 'https://imgchrono24com/images/uhren/39656989-wa3jpsvlzmguml8ip8sflry2-Zoomjpg', 'https://imgchrono24com/images/uhren/n0fb9q6g667i-w68872kriuqbbg4m1iciyz1n-Zoomjpg', 'https://imgchrono24com/images/uhren/n32rucz2ifdu-cjwp08y7i4uluvaz11fekbqs-Zoomjpg', 'https://imgchrono24com/images/uhren/shzxgcs3vqya-4w6abjrzasdh843wy8vpll5z-Zoomjpg', 'https://imgchrono24com/images/uhren/pp9gv7ph94uo-fzduxyq55stfgqg5xmfpk4q9-Zoomjpg', 'https://imgchrono24com/images/uhren/t0orhgbotxu1-jj7c8v5b5ucnt4hgbxqzn6gl-Zoomjpg', 'https://imgchrono24com/images/uhren/e98sxv5v0vd0-ppri5c01e07o1ghaa474ixdj-Zoomjpg', 'https://imgchrono24com/images/uhren/9xji6xervewr-9m820dcjotk1vagoeiv6w3q1-Zoomjpg', 'https://imgchrono24com/images/uhren/pdzz01pwsm4g-vpuqoeusy9w9n64629e2bzqh-Zoomjpg', 'https://imgchrono24com/images/uhren/r4bie62fgf2m-d4oofsi3ul9hyo9wnqdha53y-Zoomjpg', 'https://imgchrono24com/images/uhren/1ch8u0gq43db-hqm075l1f6wkhcqediknipz2-Zoomjpg', 'https://imgchrono24com/images/uhren/1ch8u0gq43db-hqm075l1f6wkhcqediknipz2-Zoomjpg', 'https://imgchrono24com/images/uhren/drfnv1j04v97-5ybatlo3apriw0sfrfflmaph-Zoomjpg', 'https://imgchrono24com/images/uhren/eb015ekdhyv8-si575oqr438fqcekzi7vii6y-Zoomjpg', 'https://imgchrono24com/images/uhren/2xbwulv2as3y-zatuwb6bn6oa4sxfe0bzbjf3-Zoomjpg']"
Longines Conquest Heritage,Longines,Con documentos originales,Con estuche original,1.395,Conquest Heritage,Usado (Muy bueno) ,2010,"['https://imgchrono24com/images/uhren/39230886-to7txzu0m8kvi2fxoekqe5z1-Zoomjpg', 'https://imgchrono24com/images/uhren/39230886-gsqb8ysmcrp3nbsj8g294xxg-Zoomjpg', 'https://imgchrono24com/images/uhren/39230886-7lglcp15xnih3e96gwfpyfxw-Zoomjpg', 'https://imgchrono24com/images/uhren/39230886-5dr6b13kihe0x1kv4b5p37uy-Zoomjpg', 'https://imgchrono24com/images/uhren/39230886-6yn4zz5cyyhell9s836gollu-Zoomjpg', 'https://imgchrono24com/images/uhren/39230886-ujtlbm7euz9eas9vxty4dseh-Zoomjpg', 'https://imgchrono24com/images/uhren/39230886-0y05x948a8nvtt1mas2zelsm-Zoomjpg', 'https://imgchrono24com/images/uhren/39230886-qxpl42sqbs5seu6gguzf7if3-Zoomjpg', 'https://imgchrono24com/images/uhren/39230886-qxpl42sqbs5seu6gguzf7if3-Zoomjpg', 'https://imgchrono24com/images/uhren/39230886-qxpl42sqbs5seu6gguzf7if3-Zoomjpg', 'https://imgchrono24com/images/uhren/39230886-df1lkwxgxspefc12h4dnqtco-Zoomjpg']"
Longines HydroConquest,Longines,Sin documentos originales,Sin estuche original,595,HydroConquest,Usado (Bueno) ,No conocido,"['https://imgchrono24com/images/uhren/38651909-i9g7wcsuroohfdy00xsq6raw-Zoomjpg', 'https://imgchrono24com/images/uhren/38651909-7nmqydge0e1bi6vdewy5vkd4-Zoomjpg', 'https://imgchrono24com/images/uhren/38651909-v81ptik1sbaoepmyxc72qukl-Zoomjpg', 'https://imgchrono24com/images/uhren/38651909-s3ek2il702v1u36areq16ny7-Zoomjpg', 'https://imgchrono24com/images/uhren/38651909-dpl6d02ex4xh8siu2492aplt-Zoomjpg', 'https://imgchrono24com/images/uhren/38651909-tq7fhbcta2a01b4ighu19obu-Zoomjpg', 'https://imgchrono24com/images/uhren/38651909-tozl9pu5ce9mpej7f0q6wr6v-Zoomjpg', 'https://imgchrono24com/images/uhren/38651909-a77a3qs2mexklk9ksfferc3g-Zoomjpg', 'https://imgchrono24com/images/uhren/38651909-kysjho95y82zjp63bqrt521x-Zoomjpg', 'https://imgchrono24com/images/uhren/38651909-ejklm2hibnask8r0vscalr9b-Zoomjpg', 'https://imgchrono24com/images/uhren/38651909-t08ncsfz2516rb7b6mdmryo1-Zoomjpg']"
Longines Conquest,Longines,Con documentos originales,Con estuche original,2.944,Conquest,Nuevo ,2024 (Año aproximado),"['https://imgchrono24com/images/uhren/38257220-sdac0w577odwskwcgrtwjioi-Zoomjpg', 'https://imgchrono24com/images/uhren/38257220-6n5obbq0vueyym28fyut4scd-Zoomjpg', 'https://imgchrono24com/images/uhren/38257220-b3uj4vifglsicoh0uvyttrco-Zoomjpg', 'https://imgchrono24com/images/uhren/38257220-f0y6gg8hdf8rrvtq02abixjl-Zoomjpg', 'https://imgchrono24com/images/uhren/38257220-hqdbsjmagxxwik6egln8aq4c-Zoomjpg', 'https://imgchrono24com/images/uhren/38257220-a7a5l3pjmbdxhuv2c5fdh3bi-Zoomjpg', 'https://imgchrono24com/images/uhren/38257220-wp2310ht12mv183ucyh09ck7-Zoomjpg', 'https://imgchrono24com/images/uhren/38257220-6dqqzm7p97mm2a5sut6osaj0-Zoomjpg']"
Longines HydroConquest,Longines,Sin documentos originales,Con estuche original,999,HydroConquest,Usado (Bueno) ,2019 (Año aproximado),"['', '', '', '', '', '', '', '', '', '', '', 'https://imgchrono24com/images/uhren/fdx7ed6ai5o4-cvgbanepctve9kjb9bx4pgy7-Zoomjpg', 'https://imgchrono24com/images/uhren/24n4nszfwqj4-16i6h99yxl98a9vrstrbpes0-Zoomjpg']"
Longines Flagship Heritage,Longines,Con documentos originales,Con estuche original,1.400,Flagship Heritage,Como nuevo y sin estrenar ,2025,"['https://imgchrono24com/images/uhren/39582845-ansp9s3j7pm7f8zg7yxaaz5u-Zoomjpg', 'https://imgchrono24com/images/uhren/39582845-g49jhn21u0wzjtoetkrrk7gp-Zoomjpg', 'https://imgchrono24com/images/uhren/39582845-t22yarukotsxnnl1v40cjv9f-Zoomjpg', 'https://imgchrono24com/images/uhren/39582845-l5yhv85sjmnjrlb5rgtf9lmb-Zoomjpg', 'https://imgchrono24com/images/uhren/39582845-u726jhv6mke09rr8rep94hh2-Zoomjpg', 'https://imgchrono24com/images/uhren/39582845-mlunlsbskd7q4c6mxqi0uxqq-Zoomjpg', 'https://imgchrono24com/images/uhren/39582845-9gtvs6pjisx9extxeg86tj4d-Zoomjpg', 'https://imgchrono24com/images/uhren/39582845-0ifo3ttdhvs6lo5muk8vfiex-Zoomjpg', 'https://imgchrono24com/images/uhren/39582845-6skjasc9jy2sual82iz58t5b-Zoomjpg', 'https://imgchrono24com/images/uhren/39582845-9cwlvc7g2z3r1esxce6yk4pm-Zoomjpg', 'https://imgchrono24com/images/uhren/39582845-13x38qd51kef3vxgbw4ctrf5-Zoomjpg', 'https://imgchrono24com/images/uhren/39582845-x8wwbyppu23h0l7lvbeyncd7-Zoomjpg']"
Longines Présence,Longines,Sin documentos originales,Sin estuche original,250,Présence,Usado (Bueno) ,No conocido,"['https://imgchrono24com/images/uhren/7wsshxjeeufd-zaelacexs8sf6n1kyqtc2xc0-Zoomjpg', 'https://imgchrono24com/images/uhren/wllh8apbk5n1-j07kkuo91h9cxge7h54d3ftr-Zoomjpg', 'https://imgchrono24com/images/uhren/one5z0v4ieps-1eu3bg0n4xvisjd0iwegh9ek-Zoomjpg', 'https://imgchrono24com/images/uhren/6ak0nvhs8bmi-to9vrzj44gew4835ma31b0pz-Zoomjpg', 'https://imgchrono24com/images/uhren/u0aphnltb9wt-hz826el4p3432iaqj1drqk1r-Zoomjpg', 'https://imgchrono24com/images/uhren/kro6rgwh73kh-zi4gu3vsderipchghji84fjd-Zoomjpg', 'https://imgchrono24com/images/uhren/gx4p1tadkocl-2byec0jhljotvgt6no7z9zjt-Zoomjpg']"
Longines,Longines,Sin documentos originales,Sin estuche original,4.900,,Usado (Muy bueno) ,No conocido,"['https://imgchrono24com/images/uhren/39786201-5hrwzms1mdano7j1sej0rek7-Zoomjpg', 'https://imgchrono24com/images/uhren/39786201-v1cif85vrz50e9hp0nzmp1kl-Zoomjpg', 'https://imgchrono24com/images/uhren/39786201-5y1hi0dbfzlladugs4l39ank-Zoomjpg', 'https://imgchrono24com/images/uhren/39786201-5blm26i3zphe2ge3ulsa202e-Zoomjpg', 'https://imgchrono24com/images/uhren/39786201-ezpvvwnlf3j2970fh3ucucic-Zoomjpg', 'https://imgchrono24com/images/uhren/39786201-qmnwlps5lrok6t2j0vnrmfxw-Zoomjpg', 'https://imgchrono24com/images/uhren/39786201-o2g2n6q4kspyq194z0edd4ir-Zoomjpg', 'https://imgchrono24com/images/uhren/39786201-4tuxj7df6d45k7wfhua1necq-Zoomjpg', 'https://imgchrono24com/images/uhren/39786201-38tnn9zady67kdmy55as9idy-Zoomjpg', 'https://imgchrono24com/images/uhren/39786201-fxiflwdx0fthwghwos0sg764-Zoomjpg', 'https://imgchrono24com/images/uhren/39786201-cer01dm2uhoi8mx05lvffo5w-Zoomjpg', 'https://imgchrono24com/images/uhren/39786201-eqrsifaxsia1b9l6uyhta6mc-Zoomjpg', 'https://imgchrono24com/images/uhren/39786201-dvo53tfq0rqzvw5ns49e19gh-Zoomjpg', 'https://imgchrono24com/images/uhren/39786201-p0qnd3e5mb28qficw17ob5t4-Zoomjpg', 'https://imgchrono24com/images/uhren/39786201-lmt1ky6wirddnshg2mgkaoe5-Zoomjpg', 'https://imgchrono24com/images/uhren/39786201-9v7bs527y0nn8yh9gpr9v0lu-Zoomjpg']"
Longines,Longines,Sin documentos originales,Sin estuche original,879,,Usado (Muy bueno) ,No conocido,"['https://imgchrono24com/images/uhren/mqnzstajto1a-nmbslcv1uuo8wczx2m18oc4a-Zoomjpg', 'https://imgchrono24com/images/uhren/sbnwz499ry0b-w8c1wp4czn9w1i10wnfq6wlh-Zoomjpg', 'https://imgchrono24com/images/uhren/rmw74ubciita-d631v0l3du62psj72jflvpzv-Zoomjpg', 'https://imgchrono24com/images/uhren/hvn0a9ovu9sn-fgsjmmibbktc6jt0wac7fk5t-Zoomjpg', 'https://imgchrono24com/images/uhren/5isatnmmzgg0-edn8981kej5zz8aukk7bqlau-Zoomjpg', 'https://imgchrono24com/images/uhren/023d6vg15j8u-mhkz2cqtmhsczlrtfadavtsc-Zoomjpg', 'https://imgchrono24com/images/uhren/hrqqb50v2618-rgndy9drtxrzee5rjejch9lz-Zoomjpg']"
Longines Evidenza,Longines,Con documentos originales,Con estuche original,1.650,Evidenza,Usado (Muy bueno) ,No conocido,"['https://imgchrono24com/images/uhren/djafo3i0hj5k-ywig9427isdn1xjcje7cnp74-Zoomjpg', 'https://imgchrono24com/images/uhren/rwqqx3acjfin-38xqry5t6qqa6y3k5vo1d9z8-Zoomjpg', 'https://imgchrono24com/images/uhren/b5iuyhx8xcha-p9mz9b7ezuz577rpq4fsiilr-Zoomjpg', 'https://imgchrono24com/images/uhren/f9iqoclyzsnw-lgwys8q6mwg7dye1jd1da4ay-Zoomjpg', 'https://imgchrono24com/images/uhren/rh1tbjbpz0mt-fgm1sbkp5w9t78p44amovynh-Zoomjpg', 'https://imgchrono24com/images/uhren/9po80gm7pz9t-xynl9q5rw9868qkxrv4eqahm-Zoomjpg', 'https://imgchrono24com/images/uhren/its72srgoxg6-0gmnrpi9ir2vyxbrtgasg0le-Zoomjpg', 'https://imgchrono24com/images/uhren/nnac12mzozs4-a9sdjrinsxh6am1yunwx5gsc-Zoomjpg', 'https://imgchrono24com/images/uhren/abmbxj2rlqcs-t0llxrodbavrhla48jt5y7dv-Zoomjpg', 'https://imgchrono24com/images/uhren/bvuc2epvzaz5-ludmz9o5znq3ks4uobrgji1f-Zoomjpg']"
Longines Flagship,Longines,Sin documentos originales,Sin estuche original,600,Flagship,Usado (Bueno) ,1966 (Año aproximado),"['https://imgchrono24com/images/uhren/38020022-muf2vtzy662nbt2c3ryji007-Zoomjpg', 'https://imgchrono24com/images/uhren/38020022-bl5q8vau4fa73one57jdgb3l-Zoomjpg', 'https://imgchrono24com/images/uhren/38020022-tbxgooibpixn5rg5fdxyn6ey-Zoomjpg', 'https://imgchrono24com/images/uhren/38020022-ihml8n498f6ty4076u89pdvt-Zoomjpg', 'https://imgchrono24com/images/uhren/38020022-09jpwpcx4ks38vz8mtj1wl8z-Zoomjpg', 'https://imgchrono24com/images/uhren/38020022-3a3y824e92dgozbsd4pi56xs-Zoomjpg', 'https://imgchrono24com/images/uhren/38020022-njn1xzw1qb9jl84sbojivits-Zoomjpg', 'https://imgchrono24com/images/uhren/38020022-zkhv2f6cnwfa8ivbh50mpf8f-Zoomjpg', 'https://imgchrono24com/images/uhren/38020022-q8qa5i27o1qahwxs51fszv2i-Zoomjpg']"
Longines,Longines,Sin documentos originales,Sin estuche original,490,,Usado (Muy bueno) ,1960,"['https://imgchrono24com/images/uhren/tpyp9eodvtj8-oiwf7qs2thw3bvg95xh6molz-Zoomjpg', 'https://imgchrono24com/images/uhren/xjv8xmmkg001-lxa3jgxnibbi2s06q28v7n6b-Zoomjpg', 'https://imgchrono24com/images/uhren/jf05tulm3z3y-sdmus7v4tmjo0oa8yqwalvti-Zoomjpg', 'https://imgchrono24com/images/uhren/l4aduwqlbety-j9fj8l05mc95cd8van9uo78m-Zoomjpg', 'https://imgchrono24com/images/uhren/ru91jhbimw8p-p06hxkge8cs0txi22n93id6j-Zoomjpg', 'https://imgchrono24com/images/uhren/c588hm9bahba-wlxqr59fpftp6qfgq61rrz1y-Zoomjpg', 'https://imgchrono24com/images/uhren/2ajb6fj6s2t5-lopkbyvmsiwlrbiq1qf06mi6-Zoomjpg']"
Longines Conquest,Longines,Con documentos originales,Con estuche original,3.200,Conquest,Nuevo ,2024 (Año aproximado),"['https://imgchrono24com/images/uhren/37562199-4d8cwktmft5u0hej1pdejaue-Zoomjpg', 'https://imgchrono24com/images/uhren/37562199-s6bmnpxoztzbwtpon7bzb2r8-Zoomjpg', 'https://imgchrono24com/images/uhren/37562199-2c04v6kzv9s9cq94ctktm7p3-Zoomjpg', 'https://imgchrono24com/images/uhren/37562199-vfm4j0ipnn62lxpik2dq81eo-Zoomjpg', 'https://imgchrono24com/images/uhren/37562199-f6z8mhfi0n0ok8wu0jeostip-Zoomjpg', 'https://imgchrono24com/images/uhren/37562199-21rpw3sdw36li79g0yv7yl50-Zoomjpg', 'https://imgchrono24com/images/uhren/37562199-jaq7z60n0l7t73c11w5uljtg-Zoomjpg', 'https://imgchrono24com/images/uhren/37562199-05rk5qpmdjv7ur3v31cjdv9k-Zoomjpg', 'https://imgchrono24com/images/uhren/37562199-023vknwi2u07a520tg2lmho2-Zoomjpg', 'https://imgchrono24com/images/uhren/37562199-w11trv8vzidhtxujhm1nkjw1-Zoomjpg']"
Longines,Longines,Con documentos originales,Con estuche original,6.500,,Usado (Bueno) ,No conocido,"['https://imgchrono24com/images/uhren/0o0mxctfei7l-rbvkn0md6xwapj20okqt3wt9-Zoomjpg', 'https://imgchrono24com/images/uhren/lx26zy4pj0iv-o3ed1n1f62ciepg2a7qxi27p-Zoomjpg', 'https://imgchrono24com/images/uhren/g4xn1swe5k5q-hlx5hjtjvgbl4yxqchjv5yzl-Zoomjpg', 'https://imgchrono24com/images/uhren/nznzclrgzkrq-lazf40tn1ynfzz18o0x8acan-Zoomjpg', 'https://imgchrono24com/images/uhren/jy2fmkauhojs-wv05zd8s1tmohoag61sz9shi-Zoomjpg', 'https://imgchrono24com/images/uhren/d823jqwq16my-hq3goorkzfakozf05id14n9h-Zoomjpg', 'https://imgchrono24com/images/uhren/ujngdgsbc6no-m66omxss96c6b5p4kb1onmz2-Zoomjpg', 'https://imgchrono24com/images/uhren/dy14t8xy6tx2-zlpntkd9vjvsq0t4idtsond9-Zoomjpg', 'https://imgchrono24com/images/uhren/vjozcxwmlgs9-zduf05ffamgcyc0qr5dn0386-Zoomjpg', 'https://imgchrono24com/images/uhren/s0jczpykkaft-3xish6b9ua8bx89wvfj1u0f0-Zoomjpg', 'https://imgchrono24com/images/uhren/iqzoqvfkgazj-z1jhptj2ontj8hrsmmyqlq76-Zoomjpg']"
Longines,Longines,Sin documentos originales,Sin estuche original,2.600,,Usado (Bueno) ,1906 (Año aproximado),"['https://imgchrono24com/images/uhren/34829971-4pwlcfi0zlem9fvd6k38x115-Zoomjpg', 'https://imgchrono24com/images/uhren/34829971-iv4zgbc4bis3435q83wflqj5-Zoomjpg', 'https://imgchrono24com/images/uhren/34829971-k07l6dao7f1cqolwbw0zclna-Zoomjpg', 'https://imgchrono24com/images/uhren/34829971-7xlk288yodkstnhzewgd9g0o-Zoomjpg', 'https://imgchrono24com/images/uhren/34829971-r6fch63d85ukgeoqbq5kb0bn-Zoomjpg', 'https://imgchrono24com/images/uhren/34829971-o3ude0djnz1nt23y1e0n0w2q-Zoomjpg', 'https://imgchrono24com/images/uhren/34829971-o3ude0djnz1nt23y1e0n0w2q-Zoomjpg', 'https://imgchrono24com/images/uhren/34829971-1o10gzwjpfj5j4jlf2ppu9cq-Zoomjpg', 'https://imgchrono24com/images/uhren/34829971-13ds8ffd90sjl9djn4yk2a5h-Zoomjpg', 'https://imgchrono24com/images/uhren/34829971-jecg2u0xq8mvdl6gpzlnfaqb-Zoomjpg', 'https://imgchrono24com/images/uhren/34829971-j0x6pk2elm70ohjcix5rxr68-Zoomjpg', 'https://imgchrono24com/images/uhren/34829971-ckr20opzcjglihrt1nphsrqy-Zoomjpg']"
Longines Legend Diver,Longines,Con documentos originales,Sin estuche original,1.079,Legend Diver,Usado (Bueno) ,No conocido,"['https://imgchrono24com/images/uhren/39012480-f692q9u6spmkc4i4f5v46t4q-Zoomjpg', 'https://imgchrono24com/images/uhren/39012480-afyko2t0sanvlumd9snftca3-Zoomjpg', 'https://imgchrono24com/images/uhren/39012480-ywpnvfwex5edmpy7d40w137c-Zoomjpg', 'https://imgchrono24com/images/uhren/39012480-3pd399ab08npfmzygjyvkopw-Zoomjpg', 'https://imgchrono24com/images/uhren/39012480-azgj1stlabem168cj1eazyie-Zoomjpg', 'https://imgchrono24com/images/uhren/39012480-kr2ipt1gs2dms7h0go9bnr4r-Zoomjpg']"
Longines Conquest Heritage,Longines,Sin documentos originales,Sin estuche original,800,Conquest Heritage,Usado (Muy bueno) ,2011,"['https://imgchrono24com/images/uhren/o6u9n7dgysn9-mtazvw9ineo5iyyqh9e4u0zz-Zoomjpg', 'https://imgchrono24com/images/uhren/c419itf0nf3a-scc8g5oqevyyr9wuqeqbe92q-Zoomjpg', 'https://imgchrono24com/images/uhren/mgdb49oly2m5-wjnpqbkdd7sf7qxi8zn24w8a-Zoomjpg', 'https://imgchrono24com/images/uhren/qv5j3iti1vyv-lk6jpkp8nsxzupzkepjv00ef-Zoomjpg', 'https://imgchrono24com/images/uhren/tdkd87ytl6lk-55lh4s5vw45jet757zedru3v-Zoomjpg', 'https://imgchrono24com/images/uhren/l40qpfkduczs-zuuzhlq18ij881jonbe0sg94-Zoomjpg', 'https://imgchrono24com/images/uhren/otcstvxzfkgx-3vjh2t2wxl0yi9wtzbh4qjt1-Zoomjpg', 'https://imgchrono24com/images/uhren/tmp5im8qyryr-onmwvjlli5u07itrakyn82z9-Zoomjpg', 'https://imgchrono24com/images/uhren/smxktmopvlxv-51r22dv459uq95bvcnjn8hq0-Zoomjpg', 'https://imgchrono24com/images/uhren/b7m3l2rkvv45-6ilxtw8ue4x4q6yt6hb8c5xd-Zoomjpg', 'https://imgchrono24com/images/uhren/go26vzdsw3an-vdyp1n3sn5saih32ksun5mgo-Zoomjpg', 'https://imgchrono24com/images/uhren/d9gqw4x8drte-2xviw06nh869cs5aks4pi9wy-Zoomjpg']"
Longines HydroConquest,Longines,Con documentos originales,Con estuche original,1.000,HydroConquest,Usado (Muy bueno) ,2022,"['https://imgchrono24com/images/uhren/v1bll535hc57-mrhf7ik6r3xm8vowteiswa76-Zoomjpg', 'https://imgchrono24com/images/uhren/gci74bo00krj-rrqjqj7u8vqdgpz7y8wlu37x-Zoomjpg', 'https://imgchrono24com/images/uhren/yp7nxd2mhk0p-42fv7oj2rspl4cmjdkkthrbg-Zoomjpg', 'https://imgchrono24com/images/uhren/yh05bjiyo68p-uo1vqqpkjaa5i5mx96vkzks6-Zoomjpg', 'https://imgchrono24com/images/uhren/y55czgvpg1w9-h1z1tjpxppfy4n269tup45bs-Zoomjpg', 'https://imgchrono24com/images/uhren/c3nkm9f2gily-e62lbgir8ygsqich2wh98z1y-Zoomjpg', 'https://imgchrono24com/images/uhren/p3a2wvhut5rt-tyrs57410rjrbfftcm5y1aud-Zoomjpg']"
Chopard Mille Miglia,Chopard,Sin documentos originales,Sin estuche original,3.000,Mille Miglia,Usado (Muy bueno) ,No conocido,"['https://imgchrono24com/images/uhren/34114750-t0cnv6mz8drzs199qekh5lx9-Zoomjpg', 'https://imgchrono24com/images/uhren/34114750-pnp9x0lx694ytb216xgcd608-Zoomjpg', 'https://imgchrono24com/images/uhren/34114750-ci5nf0e7yr03pkundv88egb2-Zoomjpg', 'https://imgchrono24com/images/uhren/34114750-o9uadliqgjpbdfhx4112k49d-Zoomjpg']"
Chopard LUC,Chopard,Con documentos originales,Con estuche original,5.340,LUC,Usado (Muy bueno) ,2016,"['https://imgchrono24com/images/uhren/39808422-tf9y4x2zq78z4dv6kblufdar-Zoomjpg', 'https://imgchrono24com/images/uhren/39808422-s6nfmqc0trfcmktjqggacbb1-Zoomjpg', 'https://imgchrono24com/images/uhren/39808422-o1f1r2z34xmi7rj3fkmwzabh-Zoomjpg', 'https://imgchrono24com/images/uhren/39808422-qsqwylwc758aung1x4p42for-Zoomjpg', 'https://imgchrono24com/images/uhren/39808422-tg5ghyg0ldwolkq5ujuoegoh-Zoomjpg', 'https://imgchrono24com/images/uhren/39808422-9ymz218miwq2x7yg7esxwqp0-Zoomjpg']"
Chopard LUC,Chopard,Sin documentos originales,Con estuche original,3.554,LUC,Usado (Muy bueno) ,No conocido,"['https://imgchrono24com/images/uhren/38049192-qgtag2k4oomgiu4dvkwo74ik-Zoomjpg', 'https://imgchrono24com/images/uhren/38049192-it0wb2tgq8cd1tsu1bdatf99-Zoomjpg', 'https://imgchrono24com/images/uhren/38049192-sydo5hqtvf2gmtpzoy2zg50v-Zoomjpg', 'https://imgchrono24com/images/uhren/38049192-sydo5hqtvf2gmtpzoy2zg50v-Zoomjpg', 'https://imgchrono24com/images/uhren/38049192-sydo5hqtvf2gmtpzoy2zg50v-Zoomjpg', 'https://imgchrono24com/images/uhren/38049192-ghar36eltujj8ftujfgyczxy-Zoomjpg', 'https://imgchrono24com/images/uhren/38049192-6l4wj07zj19plcmcxd2q2sst-Zoomjpg', 'https://imgchrono24com/images/uhren/38049192-nm5g30ft4l9zit2zerc7p0k2-Zoomjpg', 'https://imgchrono24com/images/uhren/38049192-vqsux7tkmp1mjc0v2wcwbrs0-Zoomjpg', 'https://imgchrono24com/images/uhren/38049192-wl5j5c7wyyzpyfuozeeikhup-Zoomjpg']"
Chopard Mille Miglia,Chopard,Sin documentos originales,Sin estuche original,2.240,Mille Miglia,Usado (Bueno) ,No conocido,"['https://imgchrono24com/images/uhren/37530829-upf16iqwj3k8cd0dd3fnj1sr-Zoomjpg', 'https://imgchrono24com/images/uhren/37530829-il71gekx142gtsr96371mvqi-Zoomjpg', 'https://imgchrono24com/images/uhren/37530829-ofm9a68v0tb3u7l4ezji0e6n-Zoomjpg', 'https://imgchrono24com/images/uhren/37530829-nucyapino19xvu6ig5d0xq2o-Zoomjpg', 'https://imgchrono24com/images/uhren/37530829-cjfotsk82cmqso5ocfpvbot7-Zoomjpg', 'https://imgchrono24com/images/uhren/37530829-btyunn420ucxii793fgpwtpp-Zoomjpg', 'https://imgchrono24com/images/uhren/37530829-g4ipis0dfu8cypyc8wtyd72t-Zoomjpg', 'https://imgchrono24com/images/uhren/37530829-aen5wiw1vq8k5s7oq85hbbdk-Zoomjpg', 'https://imgchrono24com/images/uhren/37530829-s6pkdifeq567iobqw6kjf8vq-Zoomjpg']"
Chopard Mille Miglia,Chopard,Sin documentos originales,Sin estuche original,1.984,Mille Miglia,Usado (Satisfactorio) ,No conocido,"['https://imgchrono24com/images/uhren/38701802-dm74vqfe51zg6syb3qje7vro-Zoomjpg', 'https://imgchrono24com/images/uhren/38701802-ltrt2vkb0o7u5hxahovp74cj-Zoomjpg', 'https://imgchrono24com/images/uhren/38701802-blrglrh6vs8qoa90bbzrtuna-Zoomjpg', 'https://imgchrono24com/images/uhren/38701802-pgo7w5f0xv6uw1u5ed4kxyh8-Zoomjpg', 'https://imgchrono24com/images/uhren/38701802-i6v6dbfygvkyttqu2f4jml8d-Zoomjpg']"
Chopard LUC,Chopard,Con documentos originales,Con estuche original,25 000  ,LUC,Como nuevo y sin estrenar ,No conocido,"['https://imgchrono24com/images/uhren/33473350-ckin8cdvwnsaig7q8o9e8tz9-Zoomjpg', 'https://imgchrono24com/images/uhren/33473350-z2bzz30s1ocb4n9ua77r4sl5-Zoomjpg', 'https://imgchrono24com/images/uhren/33473350-qwwtpqogdbbj51sqhs0mjzzq-Zoomjpg', 'https://imgchrono24com/images/uhren/33473350-7kiurb4rsq09bqri2kopqygm-Zoomjpg', 'https://imgchrono24com/images/uhren/33473350-y3mz5w7nyzebu4brmdufry76-Zoomjpg', 'https://imgchrono24com/images/uhren/33473350-q13bhlizu8m0s4i3idozapyh-Zoomjpg', 'https://imgchrono24com/images/uhren/33473350-xwburkz371z17oh3lovdiljb-Zoomjpg', 'https://imgchrono24com/images/uhren/33473350-5846hgj8ryosmqotc95j172q-Zoomjpg', 'https://imgchrono24com/images/uhren/33473350-v4bjg1bcwyslmmdvlhbxu1ln-Zoomjpg', 'https://imgchrono24com/images/uhren/33473350-ydqkb4lbt5qxy99fb9vckas8-Zoomjpg', 'https://imgchrono24com/images/uhren/33473350-je8lhvu4d42xea9kcxpea925-Zoomjpg', 'https://imgchrono24com/images/uhren/33473350-a55repfgex8ov5rut9ajvxhw-Zoomjpg', 'https://imgchrono24com/images/uhren/33473350-0vxa1cb3c9ulkaeqv3o6d06c-Zoomjpg', 'https://imgchrono24com/images/uhren/33473350-8o36zo68axsdqfv5z8qw8dce-Zoomjpg', 'https://imgchrono24com/images/uhren/33473350-kxnne426ag9pyj9ouszvndyc-Zoomjpg', 'https://imgchrono24com/images/uhren/33473350-g5w4pcbmlz2pw0q55dvthuzh-Zoomjpg', 'https://imgchrono24com/images/uhren/33473350-00em2rifvfovkkn8lga001ul-Zoomjpg', 'https://imgchrono24com/images/uhren/33473350-4wwkfox88e41ps5pjvrnvcnd-Zoomjpg', 'https://imgchrono24com/images/uhren/33473350-6ypus7w8bfgytpbluqkq9ej5-Zoomjpg', 'https://imgchrono24com/images/uhren/33473350-5f5fd4bbkmgdktiicl8ba90b-Zoomjpg', 'https://imgchrono24com/images/uhren/33473350-ghc7fq4cizlb7aaeedd7kxod-Zoomjpg', 'https://imgchrono24com/images/uhren/33473350-g03wrrc0gmewltwssio6azn6-Zoomjpg']"
Chopard Happy Sport,Chopard,Con documentos originales,Con estuche original,3.495,Happy Sport,Usado (Bueno) ,2001,"['', 'https://imgchrono24com/images/uhren/35025335-8p288id8uzv0phynllrljevo-Zoomjpg', 'https://imgchrono24com/images/uhren/35025335-65itpjvwf4i85bka75r6caq6-Zoomjpg', 'https://imgchrono24com/images/uhren/35025335-1h8fdqktnef0a8zjas9ts8ln-Zoomjpg', 'https://imgchrono24com/images/uhren/35025335-kighrkid8v2lw5drpwvlonsb-Zoomjpg', 'https://imgchrono24com/images/uhren/35025335-kighrkid8v2lw5drpwvlonsb-Zoomjpg', 'https://imgchrono24com/images/uhren/35025335-kighrkid8v2lw5drpwvlonsb-Zoomjpg', 'https://imgchrono24com/images/uhren/35025335-kighrkid8v2lw5drpwvlonsb-Zoomjpg', 'https://imgchrono24com/images/uhren/35025335-edymekxp10f701inbt965hzp-Zoomjpg', 'https://imgchrono24com/images/uhren/35025335-agofqgleyaeztsswt7ndquss-Zoomjpg', 'https://imgchrono24com/images/uhren/35025335-agofqgleyaeztsswt7ndquss-Zoomjpg', 'https://imgchrono24com/images/uhren/35025335-s7cfl20fzm20mmbi172bjpaa-Zoomjpg', 'https://imgchrono24com/images/uhren/35025335-8pvvqnw8d099beif2l5ulwyu-Zoomjpg']"
Chopard Alpine Eagle,Chopard,Con documentos originales,Con estuche original,14 750 ,Alpine Eagle,Nuevo ,2025,"['https://imgchrono24com/images/uhren/39817495-cx3rd5bi2zetns93qt9igeew-Zoomjpg', 'https://imgchrono24com/images/uhren/39817495-bu222wojk2lx8yr6djd3u9s7-Zoomjpg', 'https://imgchrono24com/images/uhren/39817495-l92ertxanfw0l09e2my11dwl-Zoomjpg']"
Chopard Mille Miglia,Chopard,Sin documentos originales,Sin estuche original,2.800,Mille Miglia,Usado (Muy bueno) ,No conocido,"['https://imgchrono24com/images/uhren/39325277-vgy6s803ltyqgj3jwduk0xxn-Zoomjpg', 'https://imgchrono24com/images/uhren/39325277-rjhin8fuz6s5nk9df70zjoej-Zoomjpg', 'https://imgchrono24com/images/uhren/39325277-mtim7y975ikgddp1fu4srkjx-Zoomjpg', 'https://imgchrono24com/images/uhren/39325277-yxt8w2hfm6herujb3y4lwoay-Zoomjpg', 'https://imgchrono24com/images/uhren/39325277-lwdaqlvk0kiw8tydwtbnb6uy-Zoomjpg', 'https://imgchrono24com/images/uhren/39325277-h0edwp209dv14foop28pj56e-Zoomjpg', 'https://imgchrono24com/images/uhren/39325277-h0edwp209dv14foop28pj56e-Zoomjpg', 'https://imgchrono24com/images/uhren/39325277-ty0v2rwm19d0af5w2ylyjllf-Zoomjpg']"
Chopard Mille Miglia,Chopard,Sin documentos originales,Sin estuche original,2.218,Mille Miglia,Como nuevo y sin estrenar ,2003,"['https://imgchrono24com/images/uhren/um8vl8w0txwo-3swcxnrale5p83tbu0vrueds-Zoomjpg', 'https://imgchrono24com/images/uhren/ikrkly4dp4fx-76yay8st1w975nimk588ibsj-Zoomjpg', 'https://imgchrono24com/images/uhren/67nlnf3m1civ-xksc5yvbbw4oanv1f9mhumv3-Zoomjpg', 'https://imgchrono24com/images/uhren/4mfmd7m7tasp-zz9bdjw8yjbmb1as84b9avdb-Zoomjpg', 'https://imgchrono24com/images/uhren/fzo25rnnt6h1-9hpte19zrhp6xuzgf86i81w5-Zoomjpg', 'https://imgchrono24com/images/uhren/sczfx4eblmau-204ok62c73v34lwdw30fmud6-Zoomjpg', 'https://imgchrono24com/images/uhren/xqjqobchaydr-bnbewoloxwum7nunyjsrpguc-Zoomjpg']"
Chopard,Chopard,Con documentos originales,Con estuche original,6.800,,Como nuevo y sin estrenar ,1999 (Año aproximado),"['https://imgchrono24com/images/uhren/39212205-9wtlqx1yihas6mxkp1y1rc80-Zoomjpg', 'https://imgchrono24com/images/uhren/39212205-0wekapvuyyvd4phncrdtyij3-Zoomjpg', 'https://imgchrono24com/images/uhren/39212205-svabycmvj8ab0lbll51w4u0r-Zoomjpg', 'https://imgchrono24com/images/uhren/39212205-9l03isd12lp7ro1plnonizso-Zoomjpg', 'https://imgchrono24com/images/uhren/39212205-129xw8my8veh0acfgzf6ci23-Zoomjpg', 'https://imgchrono24com/images/uhren/39212205-tbffojoq10ug7whmyg4fu33x-Zoomjpg', 'https://imgchrono24com/images/uhren/39212205-1scyqa1tzp27e4kt9feji26x-Zoomjpg', 'https://imgchrono24com/images/uhren/39212205-bql1cwqnxl0uakd0plvnw4ee-Zoomjpg']"
Chopard LUC,Chopard,Con documentos originales,Con estuche original,9.094,LUC,Nuevo ,2024,"['https://imgchrono24com/images/uhren/35584431-9ww9035uds4tcuvfsvn698zv-Zoomjpg', 'https://imgchrono24com/images/uhren/35584431-9ww9035uds4tcuvfsvn698zv-Zoomjpg', 'https://imgchrono24com/images/uhren/35584431-qda6hn3enexw6zevvn7c59mi-Zoomjpg', 'https://imgchrono24com/images/uhren/35584431-vj9gc70klloh0nyhmseg77sz-Zoomjpg', 'https://imgchrono24com/images/uhren/35584431-tz17hzneixxwf1hxa3f99vw9-Zoomjpg', 'https://imgchrono24com/images/uhren/35584431-gx93socga4sdsbftzus8nxbx-Zoomjpg', 'https://imgchrono24com/images/uhren/35584431-kh5i600g98o847tl8tvjcu2k-Zoomjpg', 'https://imgchrono24com/images/uhren/35584431-nujzffufp4jm4zhcijvt06vz-Zoomjpg']"
Chopard Mille Miglia,Chopard,Sin documentos originales,Sin estuche original,3.299,Mille Miglia,Usado (Muy bueno) ,No conocido,"['https://imgchrono24com/images/uhren/37456913-eg337lod2xhnvbffue4deiut-Zoomjpg', 'https://imgchrono24com/images/uhren/37456913-vnrij221qejrqdgm8vxapgpq-Zoomjpg', 'https://imgchrono24com/images/uhren/37456913-qsgp77yxblex4f7xozuuozof-Zoomjpg', 'https://imgchrono24com/images/uhren/37456913-vrtluqx18gcqp7xidv1znowg-Zoomjpg', 'https://imgchrono24com/images/uhren/37456913-fsyaz0w3d7x2iyt3qw7b87gv-Zoomjpg', 'https://imgchrono24com/images/uhren/37456913-phalsxwyg4ayajt4esrtlm9t-Zoomjpg', 'https://imgchrono24com/images/uhren/37456913-heh0vojhgj6l2tr9g0gvv2w4-Zoomjpg', 'https://imgchrono24com/images/uhren/37456913-4h1ar0yi98b368389l7uk4cb-Zoomjpg', 'https://imgchrono24com/images/uhren/37456913-buzqdttzmth3x7tstd49e3i7-Zoomjpg', 'https://imgchrono24com/images/uhren/37456913-akltuidxkvcfxn3sd5wi0onh-Zoomjpg', 'https://imgchrono24com/images/uhren/37456913-mkcsvbm57g1cb5zmuh57rcn9-Zoomjpg']"
Chopard Mille Miglia,Chopard,Sin documentos originales,Sin estuche original,1.400,Mille Miglia,Usado (Bueno) ,2000 (Año aproximado),"['https://imgchrono24com/images/uhren/m1movb1pdrs9-0teg9w1c02wfj3e4tud6bddb-Zoomjpg', 'https://imgchrono24com/images/uhren/2ee1bfn1vqup-esbgi0vxqcnlwdaiqj2kpsrt-Zoomjpg', 'https://imgchrono24com/images/uhren/qv56isw3g37j-ejhuyzepfxv9goxzkrwso83c-Zoomjpg', 'https://imgchrono24com/images/uhren/048ahl49kyel-r9qoq5c20jteuvspund4jhyc-Zoomjpg', 'https://imgchrono24com/images/uhren/96sioxbkns05-xf65vhlge4gig6l1b6cwtirl-Zoomjpg', 'https://imgchrono24com/images/uhren/pykxvn308oxj-zn70j5b1pqf05e325d9h5bua-Zoomjpg', 'https://imgchrono24com/images/uhren/ax9qxdrhwoa7-dfyxfzbllpkite5vpwvp11cd-Zoomjpg']"
Chopard Mille Miglia,Chopard,Sin documentos originales,Con estuche original,2.790,Mille Miglia,Usado (Muy bueno) ,2004,"['https://imgchrono24com/images/uhren/35053294-hmmtysnrwht66zyqupzi582b-Zoomjpg', 'https://imgchrono24com/images/uhren/35053294-bcktmdyz9v94rmn3l3ulut2t-Zoomjpg', 'https://imgchrono24com/images/uhren/35053294-80vcxt8e1996u2rukdsex8lp-Zoomjpg', 'https://imgchrono24com/images/uhren/35053294-oo71hea6mfy8opson9xr0cfd-Zoomjpg', 'https://imgchrono24com/images/uhren/35053294-hcv0e1wi0p1fv13itxda0nl4-Zoomjpg']"
Chopard Mille Miglia,Chopard,Sin documentos originales,Con estuche original,3.600,Mille Miglia,Usado (Bueno) ,2009,"['https://imgchrono24com/images/uhren/33895773-24ecz5hb57zvromh7nh1arcn-Zoomjpg', 'https://imgchrono24com/images/uhren/33895773-3lzwikrntlardkc71r3955qt-Zoomjpg', 'https://imgchrono24com/images/uhren/33895773-wqxjicmsda5nlx73f9ywt2f2-Zoomjpg', 'https://imgchrono24com/images/uhren/33895773-0zemtaiiljuxsrdrvg9dx55y-Zoomjpg', 'https://imgchrono24com/images/uhren/33895773-ra66fx9js8w9bvqulnpocx0y-Zoomjpg', 'https://imgchrono24com/images/uhren/33895773-9owho6zsfnc3nz9kw5kecwd0-Zoomjpg', 'https://imgchrono24com/images/uhren/33895773-fjpcc35bb07ri8zhqmjntk1h-Zoomjpg', 'https://imgchrono24com/images/uhren/33895773-k8arfpcfnzlyum11n0bs8rfp-Zoomjpg']"
Chopard Imperiale,Chopard,Con documentos originales,Con estuche original,7.850,Imperiale,Nuevo ,2025,['https://imgchrono24com/images/uhren/38169587-5oc1261gcmfjg3uk8e8a8f2a-Zoomjpg']
Chopard Classic,Chopard,Sin documentos originales,Sin estuche original,2.831,Classic,Usado (Muy bueno) ,No conocido,"['https://imgchrono24com/images/uhren/39816941-ny11xtot1464d6rvbfdpqke2-Zoomjpg', 'https://imgchrono24com/images/uhren/39816941-ko0mr1oddhbcspj1ouyw8joz-Zoomjpg', 'https://imgchrono24com/images/uhren/39816941-1xnys50vaf4capougbxnp2zm-Zoomjpg', 'https://imgchrono24com/images/uhren/39816941-xr4zx877t2ymof9ldo99z78f-Zoomjpg', 'https://imgchrono24com/images/uhren/39816941-wcn7ft9fbxg9wwpo1va0i19s-Zoomjpg', 'https://imgchrono24com/images/uhren/39816941-juvwazzkz73agb4f1lbot9pm-Zoomjpg', 'https://imgchrono24com/images/uhren/39816941-fef8unkdbfrl3x6thuciyy0j-Zoomjpg']"
Chopard Mille Miglia,Chopard,Con documentos originales,Sin estuche original,3.109,Mille Miglia,Usado (Muy bueno) ,2004,"['https://imgchrono24com/images/uhren/39030156-1dzw4vt4xaqxru2ouiu3coqk-Zoomjpg', 'https://imgchrono24com/images/uhren/39030156-4x3h9xqjz8m07ysihomd95pf-Zoomjpg', 'https://imgchrono24com/images/uhren/39030156-ooqp500mifap4zsonb2pntbb-Zoomjpg', 'https://imgchrono24com/images/uhren/39030156-sxzvrpz7nbf453q3vku5xizg-Zoomjpg', 'https://imgchrono24com/images/uhren/39030156-7s10h2tsnar1sfgaqyqr60qd-Zoomjpg', 'https://imgchrono24com/images/uhren/39030156-snreijpa3m7v251g2xmpxnyc-Zoomjpg', 'https://imgchrono24com/images/uhren/39030156-ibkjen592huxbmj3xydf0hsc-Zoomjpg', 'https://imgchrono24com/images/uhren/39030156-db38iykil2suzximj3q5x07m-Zoomjpg', 'https://imgchrono24com/images/uhren/39030156-y0la327r2z2dshljecc279i3-Zoomjpg']"
Chopard LUC,Chopard,Con documentos originales,Con estuche original,4.428,LUC,Usado (Muy bueno) ,2013,"['https://imgchrono24com/images/uhren/38906794-xpo1g4yb43mbcqgrjqedvg7g-Zoomjpg', 'https://imgchrono24com/images/uhren/38906794-9g3tp95logn4sftialejroyi-Zoomjpg', 'https://imgchrono24com/images/uhren/38906794-sn61rb2rfydon5xmkc36er7j-Zoomjpg', 'https://imgchrono24com/images/uhren/38906794-xbc19tsxsfas0h78o8lgyvyr-Zoomjpg', 'https://imgchrono24com/images/uhren/38906794-zol79p6dyzc1dnvpf3j4bpew-Zoomjpg', 'https://imgchrono24com/images/uhren/38906794-5gz3cd22bk82qzfnv76fb0x6-Zoomjpg', 'https://imgchrono24com/images/uhren/38906794-qlihhfssoiwn9dz137czxun4-Zoomjpg', 'https://imgchrono24com/images/uhren/38906794-h4cg9pcz65l6t5xxmefbm5l5-Zoomjpg']"
Franck Muller,Franck Muller,Con documentos originales,Con estuche original,84 500 ,,Usado (Muy bueno) ,No conocido,"['https://imgchrono24com/images/uhren/38368078-5gl88dl45li7b4el8qkecxdq-Zoomjpg', 'https://imgchrono24com/images/uhren/38368078-d4cvxws7yusibmvbq3a4hkmn-Zoomjpg', 'https://imgchrono24com/images/uhren/38368078-6cnxl6f3buodw358sopr3oay-Zoomjpg', 'https://imgchrono24com/images/uhren/38368078-eg7gcbmnxgeskzg58msxlpad-Zoomjpg', 'https://imgchrono24com/images/uhren/38368078-s9fh6lcmwoh7m16ljdw7kmi8-Zoomjpg', 'https://imgchrono24com/images/uhren/38368078-fq6ypvjmypud8zifo1lmnq59-Zoomjpg']"
Franck Muller Vanguard,Franck Muller,Con documentos originales,Con estuche original,5.277,Vanguard,Usado (Muy bueno) ,No conocido,"['https://imgchrono24com/images/uhren/v3l1mbrse9t2-n1ef1f8e9tfca9q1t1fxh5q4-Zoomjpg', 'https://imgchrono24com/images/uhren/rkjo6k1n53ur-swuo07ro5qak2as1h0tpqf4n-Zoomjpg', 'https://imgchrono24com/images/uhren/hlg578rqxmwq-07fmeheevvlt047k560fpns7-Zoomjpg', 'https://imgchrono24com/images/uhren/169qky7hj1n4-l3icw11oeozme4w564nh44uj-Zoomjpg', 'https://imgchrono24com/images/uhren/627orvu6zc8s-qmy5s52oixv7ojumewjm1jpz-Zoomjpg']"
Franck Muller,Franck Muller,Sin documentos originales,Sin estuche original,299 844 ,,Usado (Muy bueno) ,No conocido,"['https://imgchrono24com/images/uhren/39621936-ww6ulezdm8n0mxcn2on3omv6-Zoomjpg', 'https://imgchrono24com/images/uhren/39621936-qatk2c6624m81lhc7srkkgwp-Zoomjpg', 'https://imgchrono24com/images/uhren/39621936-0caunl35m0gusapd1mobkcf2-Zoomjpg', 'https://imgchrono24com/images/uhren/39621936-soxdz8fg1txpjtdioibk5e1d-Zoomjpg', 'https://imgchrono24com/images/uhren/39621936-emfsq6gsx7cn8dalwyn4uw6r-Zoomjpg', 'https://imgchrono24com/images/uhren/39621936-umt6g1d6f9yfpjau4srv6hpv-Zoomjpg', 'https://imgchrono24com/images/uhren/39621936-nfr0pewfajy4hy01kybte21o-Zoomjpg', 'https://imgchrono24com/images/uhren/39621936-8rkg6udy0bddebzvmh6pcyq1-Zoomjpg']"
Franck Muller Vanguard,Franck Muller,Con documentos originales,Con estuche original,15 000 ,Vanguard,Nuevo ,2025,"['https://imgchrono24com/images/uhren/38330247-djfap3mqpn20ryj5po7yuhgl-Zoomjpg', 'https://imgchrono24com/images/uhren/38330247-fw7elsrbup9kwzgw6a40ps2v-Zoomjpg', 'https://imgchrono24com/images/uhren/38330247-vcbjfq4endcffdim216u6rdb-Zoomjpg', 'https://imgchrono24com/images/uhren/38330247-08zexhmq3x2ob9lbjv4y0yld-Zoomjpg', 'https://imgchrono24com/images/uhren/38330247-rmqi7e5fn7127zvy3yvb6hym-Zoomjpg', 'https://imgchrono24com/images/uhren/38330247-lji9fv7tcz1qnmndls6z1u27-Zoomjpg', 'https://imgchrono24com/images/uhren/38330247-0tqlr416yppql59uylsjsomu-Zoomjpg']"
Franck Muller Cintrée Curvex,Franck Muller,Con documentos originales,Sin estuche original,1.750,Cintrée Curvex,Usado (Muy bueno) ,2006,"['https://imgchrono24com/images/uhren/o6q7aszilpjw-it58lmpmgxzio2e1hkrwf7t1-Zoomjpg', 'https://imgchrono24com/images/uhren/ff3y2asv8so3-1fdimyde8lk1ah12rom6e5yn-Zoomjpg', 'https://imgchrono24com/images/uhren/de7qvsfcun4k-ztxa97q7eoc5za1sk8dnide8-Zoomjpg', 'https://imgchrono24com/images/uhren/thxy73eoy2fl-o61yyl7t71t54yieptfu67ag-Zoomjpg', 'https://imgchrono24com/images/uhren/x6y85u89ia44-sunlhf0mdkos0v3omvhrxx4t-Zoomjpg', 'https://imgchrono24com/images/uhren/pd45lzd8oxo6-45e4kesxojc6m8rzc65oop21-Zoomjpg', 'https://imgchrono24com/images/uhren/dlcdjkujxwyq-jlgcagbb1xzbd8e2uetktcf4-Zoomjpg', 'https://imgchrono24com/images/uhren/fwzuzem5bmzi-y7wo95ywr4pavepyl0is7gjx-Zoomjpg', 'https://imgchrono24com/images/uhren/lseqb4nv7n8m-5wip0o0kjgqmc9t7emlht3gf-Zoomjpg', 'https://imgchrono24com/images/uhren/m492x5grp7wb-y1w4wt1h4eo3qj8i9x007bz2-Zoomjpg', 'https://imgchrono24com/images/uhren/9hfiyzajhcoi-8umeaugc95fwapu2qha0s58c-Zoomjpg', 'https://imgchrono24com/images/uhren/oqniby7uiw2u-8kdnfjozp52251yt0dbiblo1-Zoomjpg']"
Franck Muller,Franck Muller,Con documentos originales,Con estuche original,18 000  ,,Usado (Muy bueno) ,2022,"['https://imgchrono24com/images/uhren/7h27hj1q3n9q-hnahy5301zroejelb2symicg-Zoomjpg', 'https://imgchrono24com/images/uhren/aplqafie44gi-1ax5c5r9iwfllowl4719et3a-Zoomjpg', 'https://imgchrono24com/images/uhren/xv2woclywr1y-xo5aw4dkvq34r7yxyxbjlc4v-Zoomjpg', 'https://imgchrono24com/images/uhren/mcy66qa0a314-7xim2nd8fm1z7hth3soclqh4-Zoomjpg', 'https://imgchrono24com/images/uhren/ixevvranc8vb-yg42c1ftd54fy5qpejnk0kqd-Zoomjpg', 'https://imgchrono24com/images/uhren/1ncx2lfbbdn2-a6h1onp7ihjx0ucsw62l631h-Zoomjpg', 'https://imgchrono24com/images/uhren/a6kaizctd9as-p4oovdoltgqbjq4e1jja0inr-Zoomjpg', 'https://imgchrono24com/images/uhren/k3ybdc6b21xg-z5652gjseosgqwpvkyj06seg-Zoomjpg', 'https://imgchrono24com/images/uhren/qar2zjkkzlg7-gwbd8b5lue7nr53vx8jlhm6k-Zoomjpg', 'https://imgchrono24com/images/uhren/39188708-yyr96v1iq7wmxy0xftc0dc7u-Zoomjpg', 'https://imgchrono24com/images/uhren/39188708-wvy3uzhsbetxxdvrhdktdngi-Zoomjpg', 'https://imgchrono24com/images/uhren/39188708-j2jq3uhtek3ey5n65txopxcq-Zoomjpg']"
Franck Muller Vanguard,Franck Muller,Sin documentos originales,Sin estuche original,30 624 ,Vanguard,Usado (Muy bueno) ,No conocido,"['https://imgchrono24com/images/uhren/37025521-tbuf2xt93ukd9pba5dc1o2xc-Zoomjpg', 'https://imgchrono24com/images/uhren/37025521-kc2xz3cd0ewv1i84za38xo4r-Zoomjpg', 'https://imgchrono24com/images/uhren/37025521-kfpmbe8xkmhxzq80se88t5in-Zoomjpg', 'https://imgchrono24com/images/uhren/37025521-fxxp7ywgoh5pxx0zqpsdmbeu-Zoomjpg', 'https://imgchrono24com/images/uhren/37025521-t6hb9a9abw9m8c8x2q7nar8i-Zoomjpg', 'https://imgchrono24com/images/uhren/37025521-fmhyhxpr4kgzi7yii5aqoijs-Zoomjpg', 'https://imgchrono24com/images/uhren/37025521-khibmjyfgw43z1t7dy4xl1j2-Zoomjpg', 'https://imgchrono24com/images/uhren/37025521-a9lvpzktxad7ni2g4tom3m28-Zoomjpg']"
Franck Muller Vanguard,Franck Muller,Con documentos originales,Con estuche original,3.135,Vanguard,Usado (Bueno) ,No conocido,"['https://imgchrono24com/images/uhren/39444812-22d41fyk6pm69sxyn6hedf54-Zoomjpg', 'https://imgchrono24com/images/uhren/39444812-s5prw7uurtztkkqc5nxguwsu-Zoomjpg', 'https://imgchrono24com/images/uhren/39444812-k0jukgf94uccrmqge7secghj-Zoomjpg', 'https://imgchrono24com/images/uhren/39444812-0sr0l78w4e9nnhrqkefj3ls0-Zoomjpg', 'https://imgchrono24com/images/uhren/39444812-adsiyr0lcidwkqzjnz68v6nz-Zoomjpg', 'https://imgchrono24com/images/uhren/39444812-ae0czxq9gda0koxtkmefm49k-Zoomjpg']"
Franck Muller Conquistador,Franck Muller,Sin documentos originales,Con estuche original,4.500,Conquistador,Usado (Muy bueno) ,2002,"['https://imgchrono24com/images/uhren/z4ft9oe0fyta-zl5a3hd8faqc8pvnhsoved0w-Zoomjpg', 'https://imgchrono24com/images/uhren/l82umcr5jxwv-gs5cvl1u66lpr6dio8dcwjlc-Zoomjpg', 'https://imgchrono24com/images/uhren/2tabhau95nsc-ppux4s1own6gr20b66wjp8v2-Zoomjpg', 'https://imgchrono24com/images/uhren/bltxf3bu6hkf-czeoof6lhf8vjz4416m2qwk3-Zoomjpg', 'https://imgchrono24com/images/uhren/q5n0hjinj4fr-ymde7zosb3phteqxtcb3awrs-Zoomjpg', 'https://imgchrono24com/images/uhren/d625jq1jpqan-8v2l3m4nr9026m6drd39rz4g-Zoomjpg', 'https://imgchrono24com/images/uhren/gue0zppy6s62-jzct6bihs5k6wjoneixlmhif-Zoomjpg', 'https://imgchrono24com/images/uhren/u0vju7ex6s2f-8o05uf8yw3zya0dp5spvpb4w-Zoomjpg', 'https://imgchrono24com/images/uhren/dc8d2jshcb6m-0i33nzk3l2uny36611tn3z8a-Zoomjpg', 'https://imgchrono24com/images/uhren/olaqh7hzqjzz-r5evmx6eruyht4xiwuxddezm-Zoomjpg']"
Franck Muller Long Island,Franck Muller,Sin documentos originales,Sin estuche original,9.000,Long Island,Usado (Muy bueno) ,No conocido,"['https://imgchrono24com/images/uhren/32698253-zr7bw4356tpf6cy0wten73ey-Zoomjpg', 'https://imgchrono24com/images/uhren/32698253-huqhmce34xcwrl0mg0hjjxbn-Zoomjpg', 'https://imgchrono24com/images/uhren/32698253-wzoul39rzqyffcr0icreqgh9-Zoomjpg']"
Franck Muller Color Dreams,Franck Muller,Sin documentos originales,Sin estuche original,2.779,Color Dreams,Usado (Muy bueno) ,No conocido,"['https://imgchrono24com/images/uhren/35211710-s9w2oorick6ilt97l2293ixq-Zoomjpg', 'https://imgchrono24com/images/uhren/35211710-q6e6ji5g7q8sedwjjroau3jp-Zoomjpg', 'https://imgchrono24com/images/uhren/35211710-fksb3nif352tg9hlq0f9ukw0-Zoomjpg', 'https://imgchrono24com/images/uhren/35211710-rywev13vge0fzu9oi4dhwojp-Zoomjpg']"
Franck Muller,Franck Muller,Sin documentos originales,Sin estuche original,3.000,,Como nuevo y sin estrenar ,2001 (Año aproximado),"['https://imgchrono24com/images/uhren/scn9gd5k26c0-ke2njetq2m3hj0u6dea6yfi4-Zoomjpg', 'https://imgchrono24com/images/uhren/nxuo2p499h9z-y5eavjr3hfnwlp8v169z1hu2-Zoomjpg', 'https://imgchrono24com/images/uhren/bzbv3l0ou2oc-es4k7sz21swb3edq6m48frrs-Zoomjpg', 'https://imgchrono24com/images/uhren/t10n536qctv4-9qmzhn6ltiplmcxx1dllo56q-Zoomjpg', 'https://imgchrono24com/images/uhren/ar1wo0gq96a1-9qguriqmlwjpisvq56qkvw0a-Zoomjpg', 'https://imgchrono24com/images/uhren/wpw821o8965v-4n6mfe55g591ffrmx9djb3p7-Zoomjpg', 'https://imgchrono24com/images/uhren/kvq9r8u4ale8-x9qfwqqerdmga90az9vv01ex-Zoomjpg', 'https://imgchrono24com/images/uhren/963s48n4ahnv-wk0y9zu267o02uyqsn05pz21-Zoomjpg', 'https://imgchrono24com/images/uhren/zrk2yl8stl0f-p8x3vt7evlkfeiovtp33kley-Zoomjpg', 'https://imgchrono24com/images/uhren/nuf8lq983jit-si9lvm36wg9d8yuowe1v661j-Zoomjpg', 'https://imgchrono24com/images/uhren/y7t5xme0lty6-sn8t68ei0sofqfem3ane8aah-Zoomjpg', 'https://imgchrono24com/images/uhren/m2vvudtabwz2-rm2o56keh8hsi6syuc0wd3ne-Zoomjpg']"
Franck Muller Casablanca,Franck Muller,Con documentos originales,Con estuche original,4.500,Casablanca,Como nuevo y sin estrenar ,2021,"['https://imgchrono24com/images/uhren/7virejh22wbb-rotnmmiqdd6ugos7wad0g1yd-Zoomjpg', 'https://imgchrono24com/images/uhren/7d3a75kn6hya-t0hr0mxyu7bswcr055utp67j-Zoomjpg', 'https://imgchrono24com/images/uhren/7pv3rrfq25a7-hnjqk1zu0r7t2axhn3m7d0ya-Zoomjpg', 'https://imgchrono24com/images/uhren/8ncud3v5sfcq-sj2gu6lyofm4cjamzyf4sosk-Zoomjpg', 'https://imgchrono24com/images/uhren/bw07aavthjez-kede70yu8ojfo6ml6fr6d49d-Zoomjpg', 'https://imgchrono24com/images/uhren/jdhxugunjgc1-kd7356zwkzqrxlruh3sw9ydy-Zoomjpg', 'https://imgchrono24com/images/uhren/jk2fmfqox8gj-7z6j4lle4xn1i9bc6a24ifjw-Zoomjpg', 'https://imgchrono24com/images/uhren/7dfc05eu14mf-0lil6fy2rrs6om68p1v2gl89-Zoomjpg']"
Franck Muller Crazy Hours,Franck Muller,Con documentos originales,Sin estuche original,6.104,Crazy Hours,Usado (Satisfactorio) ,No conocido,"['', '', '', 'https://imgchrono24com/images/uhren/38104132-90ek6ydzinuusevb01689lg3-Zoomjpg', 'https://imgchrono24com/images/uhren/38104132-flhjw2nrx1wtrnysfwop55ri-Zoomjpg', 'https://imgchrono24com/images/uhren/38104132-f226et5vh4jp7l9sqxlkgrms-Zoomjpg', 'https://imgchrono24com/images/uhren/38104132-g0ekeextu3cdadtuzxdmuo9b-Zoomjpg', 'https://imgchrono24com/images/uhren/38104132-b36s41nssuigbadvsnlk39ab-Zoomjpg', 'https://imgchrono24com/images/uhren/38104132-uptjxzsfia9ikaz7sai025s8-Zoomjpg', 'https://imgchrono24com/images/uhren/38104132-g88zpkagj0cixgc5kj53eeeq-Zoomjpg', 'https://imgchrono24com/images/uhren/38104132-uwwwswu7sgcalm1iv0y45bby-Zoomjpg']"
Franck Muller Conquistador,Franck Muller,Sin documentos originales,Sin estuche original,1.600,Conquistador,Usado (Bueno) ,2013 (Año aproximado),"['https://imgchrono24com/images/uhren/34025954-ixgs7v53kfynyvi6osc264ll-Zoomjpg', 'https://imgchrono24com/images/uhren/34025954-bdwowmxy9ksypv4y3rklibvf-Zoomjpg', 'https://imgchrono24com/images/uhren/34025954-vkf3ct1lq2u1amdvoo8qe42h-Zoomjpg', 'https://imgchrono24com/images/uhren/34025954-8x61sec1ls4xah7oexqxe4j0-Zoomjpg', 'https://imgchrono24com/images/uhren/34025954-hopc2jxzyh08fr7swer97rdw-Zoomjpg', 'https://imgchrono24com/images/uhren/34025954-gskrt6p9hkmizptcu3tlo196-Zoomjpg', 'https://imgchrono24com/images/uhren/34025954-h602driet8qu0nftpqpxqdbd-Zoomjpg', 'https://imgchrono24com/images/uhren/34025954-28xos9dpydmnexk5fz94e64b-Zoomjpg', 'https://imgchrono24com/images/uhren/34025954-jgs8l7vjlietyoag5dnzc6m9-Zoomjpg', 'https://imgchrono24com/images/uhren/34025954-qpb2spxu3ajy0j7708k484mh-Zoomjpg', 'https://imgchrono24com/images/uhren/34025954-tzyq10blocgkrnys4s9siqny-Zoomjpg', 'https://imgchrono24com/images/uhren/34025954-bubio2nci0cjuj7cvv26y5p1-Zoomjpg', 'https://imgchrono24com/images/uhren/34025954-3j1cvcdpix9i5lrn5sslc69b-Zoomjpg', 'https://imgchrono24com/images/uhren/34025954-nxo9dcxgx5ezsygdtsj8kesw-Zoomjpg', 'https://imgchrono24com/images/uhren/34025954-s6a1mhk2mehn0ctscofzpopq-Zoomjpg']"
Franck Muller Conquistador Cortez,Franck Muller,Con documentos originales,Con estuche original,4.750,Conquistador Cortez,Usado (Muy bueno) ,2016,"['https://imgchrono24com/images/uhren/5y2fey1nxe6q-ntoyjvvz64pcb447ji1jipuf-Zoomjpg', 'https://imgchrono24com/images/uhren/rdowkj4grf69-ci816kcfiqvc7nj8zhz2xle5-Zoomjpg', 'https://imgchrono24com/images/uhren/j9gncprnd5zu-c0ai4soztukzdfs6b7e9zgrm-Zoomjpg', 'https://imgchrono24com/images/uhren/cmoej23szv6v-fobd7hjddjh1ykpqczrat0aa-Zoomjpg', 'https://imgchrono24com/images/uhren/kpq34ua1pc0w-h1a4y6bc0ozbfsr7kirtdyyp-Zoomjpg', 'https://imgchrono24com/images/uhren/kdh7i4y68h2z-idktqovyqhqbdjza4dejnfrk-Zoomjpg', 'https://imgchrono24com/images/uhren/o7jxccej6vf0-ee8dllazcv93deqwb2b83e1j-Zoomjpg', 'https://imgchrono24com/images/uhren/yqdflqzx6v43-q60zsahyz1y90zdvsc9qpcbw-Zoomjpg']"
Franck Muller Cintrée Curvex,Franck Muller,Sin documentos originales,Sin estuche original,1.750,Cintrée Curvex,Usado (Muy bueno) ,No conocido,"['https://imgchrono24com/images/uhren/39652210-l4u032rinfwm4ec4vrskcire-Zoomjpg', 'https://imgchrono24com/images/uhren/39652210-kssl0zemv94h15zwaskg623c-Zoomjpg', 'https://imgchrono24com/images/uhren/39652210-1qsjfu1hu7ikm9d38jdusayt-Zoomjpg', 'https://imgchrono24com/images/uhren/39652210-b087oysm6ilyvx5w8wpgunlp-Zoomjpg', 'https://imgchrono24com/images/uhren/39652210-j4xg1xrrjp9ab4jw8hy1xqxt-Zoomjpg', 'https://imgchrono24com/images/uhren/39652210-8nkb7899xt3nkg9koj9pwghg-Zoomjpg', 'https://imgchrono24com/images/uhren/39652210-bji3eyzad2awgdduf764x4r3-Zoomjpg', 'https://imgchrono24com/images/uhren/39652210-kgd6ld5yq5mcly50zvgfcg50-Zoomjpg', 'https://imgchrono24com/images/uhren/39652210-6zjhybhm2r00x1yjzrl39tyf-Zoomjpg', 'https://imgchrono24com/images/uhren/39652210-xoi1a44vsk5qypuakfd3jdd2-Zoomjpg', 'https://imgchrono24com/images/uhren/39652210-4ztenpqu258pd2vi1sfzms0i-Zoomjpg', 'https://imgchrono24com/images/uhren/39652210-6au4pv96e278vjj2keoyp1va-Zoomjpg', 'https://imgchrono24com/images/uhren/39652210-y65zel9bujy2ufneq0odsv7q-Zoomjpg']"
Franck Muller Vanguard,Franck Muller,Sin documentos originales,Con estuche original,6.200,Vanguard,Como nuevo y sin estrenar ,2018 (Año aproximado),"['https://imgchrono24com/images/uhren/39121828-18rr11dikkbm2cdfxz4gmlh9-Zoomjpg', 'https://imgchrono24com/images/uhren/39121828-qst82gd8nph5xgxq8eqesg0q-Zoomjpg', 'https://imgchrono24com/images/uhren/39121828-fcygtmswyab5fhotjor0lzus-Zoomjpg', 'https://imgchrono24com/images/uhren/39121828-n3jye9kqans1mgxlheoatt5q-Zoomjpg', 'https://imgchrono24com/images/uhren/39121828-jcvp13j49cg25hhho45mwaeg-Zoomjpg', 'https://imgchrono24com/images/uhren/39121828-20gob0acpnttvmsugm9pfnh0-Zoomjpg', 'https://imgchrono24com/images/uhren/39121828-20gob0acpnttvmsugm9pfnh0-Zoomjpg', 'https://imgchrono24com/images/uhren/39121828-2jst08foutfah6qcs36ld120-Zoomjpg', 'https://imgchrono24com/images/uhren/39121828-22zuudxi7gsq4xbf57qugde0-Zoomjpg', 'https://imgchrono24com/images/uhren/39121828-nrg0arnl4ild1c607b55seln-Zoomjpg', 'https://imgchrono24com/images/uhren/39121828-j6iohey98zz3eox8g13h4qeq-Zoomjpg', 'https://imgchrono24com/images/uhren/39121828-mwjo2g6zgv61a6htpnt2j4ab-Zoomjpg']"
Franck Muller Vanguard,Franck Muller,Con documentos originales,Con estuche original,14 750 ,Vanguard,Como nuevo y sin estrenar ,2024,"['https://imgchrono24com/images/uhren/36445990-zpr7i92tsa4gt9mky2tp59vf-Zoomjpg', 'https://imgchrono24com/images/uhren/36445990-4fl5l4fwq6bp5k41s97v74xd-Zoomjpg', 'https://imgchrono24com/images/uhren/36445990-e67tq7wgevfrz05d3x4ik52l-Zoomjpg', 'https://imgchrono24com/images/uhren/36445990-ucscqajntrslh2a81zj09uen-Zoomjpg', 'https://imgchrono24com/images/uhren/36445990-fefhylvu2mdllrnj19rgtzxv-Zoomjpg']"
Franck Muller Mariner,Franck Muller,Sin documentos originales,Con estuche original,10 999  ,Mariner,Usado (Bueno) ,2007,"['https://imgchrono24com/images/uhren/d1rvppe0ku9p-apnmr3u0kf1go43b8pxfnzsg-Zoomjpg', 'https://imgchrono24com/images/uhren/yh1x7hh9zwmx-9b0ejfkzstltd89lz0jcgtd9-Zoomjpg', 'https://imgchrono24com/images/uhren/0vf9ryh0v7uu-dd2t54qpyci65le78aek5bca-Zoomjpg', 'https://imgchrono24com/images/uhren/x4ic2n80p65w-r14l4kxkdh5x364iye1meeef-Zoomjpg', 'https://imgchrono24com/images/uhren/e05fs0o0ap1m-z65p9w17gui28a7qxybw6jav-Zoomjpg', 'https://imgchrono24com/images/uhren/7scwowfrrwyz-n5wntb0jbdwr750aeq1fiiv7-Zoomjpg', 'https://imgchrono24com/images/uhren/j2as2rd1pi23-ldq8v9u279lov3mtgpweypvp-Zoomjpg', 'https://imgchrono24com/images/uhren/n5ejgzbuhxl8-29vim9co54hn5vxr0tix577h-Zoomjpg', 'https://imgchrono24com/images/uhren/f8tazamiityz-3ivnidr96vrwraeg8acj1z94-Zoomjpg', 'https://imgchrono24com/images/uhren/i04f15yrmnxv-wwj8pgu4zk37xdm8v7pmuaea-Zoomjpg', 'https://imgchrono24com/images/uhren/18b33f9gi9lf-pgdg956uce1aks4hozjkpyq9-Zoomjpg', 'https://imgchrono24com/images/uhren/221ntc1s3hs8-b0onk9vm1l13qkmi7j4xpbd5-Zoomjpg', 'https://imgchrono24com/images/uhren/trcudvsthgj6-kq02gjvvtpmzuey8yldx9nnq-Zoomjpg']"
Bell & Ross BR V2,Bell & Ross,Sin documentos originales,Sin estuche original,1.550,BR V2,Usado (Bueno) ,No conocido,"['https://imgchrono24com/images/uhren/umll5xl907yo-o1et4w7zo1va6nrnlrxje1ip-Zoomjpg', 'https://imgchrono24com/images/uhren/h3m1kr6xx8sx-7kznb1aco1akhoeyzqo28sec-Zoomjpg', 'https://imgchrono24com/images/uhren/davn0lanplv9-0kcsds2eeaslsxal7skbw6au-Zoomjpg', 'https://imgchrono24com/images/uhren/yfdwbjoqgphw-u967gtplb5hvxs93yev18rg0-Zoomjpg', 'https://imgchrono24com/images/uhren/rtop6wjgp01i-q4mqxf5dju0dd1o0iegko2e1-Zoomjpg', 'https://imgchrono24com/images/uhren/akxqwnoveyoh-egehorq5war5ap28daldsm0b-Zoomjpg', 'https://imgchrono24com/images/uhren/4mxh0va4f1o5-veyhb80jtb2fa9ryyg2xjpw4-Zoomjpg', 'https://imgchrono24com/images/uhren/calmb58vaaev-byvrx6qq1ooblfs5t5sw01g6-Zoomjpg', 'https://imgchrono24com/images/uhren/46s45x95pj5o-bzn34odh1un90o06c3lpzmlc-Zoomjpg']"
Bell & Ross BR 02,Bell & Ross,Con documentos originales,Con estuche original,2.400,BR 02,Usado (Muy bueno) ,No conocido,"['https://imgchrono24com/images/uhren/4xe5bf3zhqyi-0w5h50nvehu9wvkrxkxf2yau-Zoomjpg', 'https://imgchrono24com/images/uhren/j9jbk0n7mi79-m6h977wnukd43es0o85n42nk-Zoomjpg', 'https://imgchrono24com/images/uhren/ee3ph9kkwv7t-1t1l6jh51eekbygpzqzs5jhu-Zoomjpg', 'https://imgchrono24com/images/uhren/lyx8f5076j9k-wsrkyvtmz3czcs9kqjvk6bbl-Zoomjpg', 'https://imgchrono24com/images/uhren/yh0iz4zokdm2-tbogib77ha7jed7dxb2jpibn-Zoomjpg', 'https://imgchrono24com/images/uhren/2zhmsocyyhag-inkio9vx61tk8qkw6gd4kt4h-Zoomjpg', 'https://imgchrono24com/images/uhren/a9sqt0oo0vfe-iv8l6u4ih3vw01cvqji9yp7d-Zoomjpg', 'https://imgchrono24com/images/uhren/cj0udkuqhz14-egaz66kk5ejzoqzui5s26mo7-Zoomjpg']"
Bell & Ross BR 01-92,Bell & Ross,Con documentos originales,Con estuche original,3.450,BR 01-92,Como nuevo y sin estrenar ,2007 (Año aproximado),"['https://imgchrono24com/images/uhren/i8tdq4nolbkd-62puf28e01ys9ixtpqel497m-Zoomjpg', 'https://imgchrono24com/images/uhren/5s5qt3gkda5q-zjo59ve55vhyi72e0t4kwlw3-Zoomjpg', 'https://imgchrono24com/images/uhren/4m89fmcshgyd-bugljr2jnf9bwarvgwa0wvlv-Zoomjpg', 'https://imgchrono24com/images/uhren/2o32zf8qasjv-5e5tl7tj5z2u9ef7cpdwh2e3-Zoomjpg', 'https://imgchrono24com/images/uhren/sicbo0zgge4h-zdzonu7f8vrw56k8dsmqegp2-Zoomjpg', 'https://imgchrono24com/images/uhren/31cnpyzjob0d-svdv6z47ryzenrxow69v9x6p-Zoomjpg', 'https://imgchrono24com/images/uhren/eagarv2wwdix-qogvhpjk3fzw804niaqf6ja5-Zoomjpg', 'https://imgchrono24com/images/uhren/frie94chbltp-olloy7j1iy2txnh3bwmvjxps-Zoomjpg', 'https://imgchrono24com/images/uhren/25drp2tby6am-a3ueul6fq6zgjnbn9x5gm930-Zoomjpg']"
Bell & Ross Vintage,Bell & Ross,Sin documentos originales,Sin estuche original,1.600,Vintage,Usado (Muy bueno) ,No conocido,"['https://imgchrono24com/images/uhren/39761550-9jx1vdr7yhqxot3ddjzgjmxc-Zoomjpg', 'https://imgchrono24com/images/uhren/39761550-910avb1lql30ld3su3703b2v-Zoomjpg', 'https://imgchrono24com/images/uhren/39761550-sephyzq8a4g5yf4brf3o6oo6-Zoomjpg', 'https://imgchrono24com/images/uhren/39761550-x7895a83dz27n0n02w115ehr-Zoomjpg', 'https://imgchrono24com/images/uhren/39761550-kznemlfnvah0of3gbmdzjvwb-Zoomjpg', 'https://imgchrono24com/images/uhren/39761550-04vpbhdwo9eerjfv6pt3f59p-Zoomjpg', 'https://imgchrono24com/images/uhren/39761550-f8timf0fghbetyzevnl4wlwq-Zoomjpg']"
Bell & Ross BR 03-94 Chronographe,Bell & Ross,Con documentos originales,Con estuche original,5.700,BR 03-94 Chronographe,Como nuevo y sin estrenar ,2023,"['https://imgchrono24com/images/uhren/36292464-hzgu0bk74b4wom1uag5wnat5-Zoomjpg', 'https://imgchrono24com/images/uhren/740yisd2yx9n-cskdngnzcg2d3v86qi180jx9-Zoomjpg', 'https://imgchrono24com/images/uhren/36292464-waj34ld96wxbyecghhlc6ekv-Zoomjpg', 'https://imgchrono24com/images/uhren/36292464-qmox8ibe48398eskhqelfxa1-Zoomjpg', 'https://imgchrono24com/images/uhren/36292464-pcdcoit7nvt1uxz7eel340kf-Zoomjpg', 'https://imgchrono24com/images/uhren/enpldzj9lhg5-x920hceocjn5ihz5gg2rwa5e-Zoomjpg', 'https://imgchrono24com/images/uhren/t4rey2uu7hh8-u35h1i7h91du4sekwrkqrzxs-Zoomjpg']"
Bell & Ross BR 01-94 Chronographe,Bell & Ross,Con documentos originales,Con estuche original,3.900,BR 01-94 Chronographe,Usado (Muy bueno) ,2012 (Año aproximado),"['https://imgchrono24com/images/uhren/a3glmosugsmv-dtwddomkvd09cgv5peo521cy-Zoomjpg', 'https://imgchrono24com/images/uhren/tqbhvrjy1se2-vlhl6u35r5dlxlglst53lpgf-Zoomjpg', 'https://imgchrono24com/images/uhren/pempt82hd5ep-ew4dzhimt4jwywu0lso3eihr-Zoomjpg', 'https://imgchrono24com/images/uhren/rk9m13hepu56-g8jc1llxewmzt6ekndm9dzl4-Zoomjpg', 'https://imgchrono24com/images/uhren/33tny0y4r3qn-l0xfoaneydvunwk231cykpuh-Zoomjpg', 'https://imgchrono24com/images/uhren/s40h9bf0wqgn-t481jj5pgyyca3zzy5s3a52y-Zoomjpg', 'https://imgchrono24com/images/uhren/lje3nl0sgu9t-f529km2sbcnox1zh8p1iuc8v-Zoomjpg', 'https://imgchrono24com/images/uhren/vsltd1ijvqiq-5w0tal1h030d0j80yng65rmu-Zoomjpg', 'https://imgchrono24com/images/uhren/9071bckfjugi-dz4a2lgjm77xhqmmmwoj1rd7-Zoomjpg', 'https://imgchrono24com/images/uhren/74a6z9u7tmg2-5s22e10q1h75pxfooqr5qd7v-Zoomjpg', 'https://imgchrono24com/images/uhren/o4omwv6lov1r-r8p6apk581krubnsmnwqcu4d-Zoomjpg', 'https://imgchrono24com/images/uhren/znubnfcjklh8-byvsmviu61rd0kp00igl3nf1-Zoomjpg']"
Bell & Ross BR 03-94 Chronographe,Bell & Ross,Con documentos originales,Con estuche original,4.200,BR 03-94 Chronographe,Usado (Muy bueno) ,2018,"['https://imgchrono24com/images/uhren/35199372-wbhmchloav3jz7ef7nxncsl9-Zoomjpg', 'https://imgchrono24com/images/uhren/35199372-uuyj98s9ks2e1ak9ebc3otrg-Zoomjpg', 'https://imgchrono24com/images/uhren/35199372-gegcw0ovnd1p39j50q6s90z6-Zoomjpg', 'https://imgchrono24com/images/uhren/35199372-76e8tgl9u7hr0r8swlubq0wz-Zoomjpg', 'https://imgchrono24com/images/uhren/35199372-wsew5ahx69t5mlrg35i4xp36-Zoomjpg', 'https://imgchrono24com/images/uhren/35199372-eg0cmdcdzwmoy8cyfusakf0y-Zoomjpg', 'https://imgchrono24com/images/uhren/35199372-eas3uahn430rt6clqammgr44-Zoomjpg', 'https://imgchrono24com/images/uhren/35199372-hxmtsppehd7nz1m6co4c6038-Zoomjpg']"
Bell & Ross,Bell & Ross,Sin documentos originales,Sin estuche original,1.950,,Usado (Bueno) ,2000 (Año aproximado),"['https://imgchrono24com/images/uhren/38215279-ewa4nqxzf02linjz8649jmmu-Zoomjpg', 'https://imgchrono24com/images/uhren/38215279-u395i13utf7p78ooaewsghxv-Zoomjpg', 'https://imgchrono24com/images/uhren/38215279-cqt3by76s3yrq2xyp4chis3g-Zoomjpg', 'https://imgchrono24com/images/uhren/38215279-qtoaairog7zh6zn0qlqqhwxl-Zoomjpg', 'https://imgchrono24com/images/uhren/38215279-6lb57f8ss988xwoc3cl1dar4-Zoomjpg', 'https://imgchrono24com/images/uhren/38215279-d4g8wmydbkxwomgklg0nv16x-Zoomjpg', 'https://imgchrono24com/images/uhren/38215279-5ke593ju3ele4913aqjr5752-Zoomjpg', 'https://imgchrono24com/images/uhren/38215279-vssvfxzxz8nl0fx9nsb2dszb-Zoomjpg']"
Bell & Ross BR 03-92 Steel,Bell & Ross,Con documentos originales,Con estuche original,2.500,BR 03-92 Steel,Usado (Muy bueno) ,2014,"['https://imgchrono24com/images/uhren/8vwu06ywnerf-9l80ra2oplzzagiy3acq7i26-Zoomjpg', 'https://imgchrono24com/images/uhren/h8134r0m2mpd-uyemb49v9t17puisc5lb3stw-Zoomjpg', 'https://imgchrono24com/images/uhren/l7cx4twe5sgx-qpx1309b9m8su1dw04kvvrc9-Zoomjpg', 'https://imgchrono24com/images/uhren/p3itsdo2clau-mbt2n9wbspx50d5fl96wys5x-Zoomjpg', 'https://imgchrono24com/images/uhren/ss4q9ymgv4ny-5unorxif85z9b99jr5uf9j0s-Zoomjpg', 'https://imgchrono24com/images/uhren/zktqkd0pyxic-zd18gcj97mwi4k72gat89h9v-Zoomjpg', 'https://imgchrono24com/images/uhren/d3s2fdylzm7k-lrrd42tv2kzodd5c9ir322m5-Zoomjpg', 'https://imgchrono24com/images/uhren/fycrsudshw8l-qb35jtqzxfzg873t5hyepvb0-Zoomjpg', 'https://imgchrono24com/images/uhren/uihg9nwwi9d9-7v7pjk11wuedm28w1zolqxe9-Zoomjpg', 'https://imgchrono24com/images/uhren/8pw6kxoez5ie-uuowkh7t709fzathh41mpfb0-Zoomjpg', 'https://imgchrono24com/images/uhren/u247qi56a6yp-9nnaeim483jb9mavobrqkx6i-Zoomjpg']"
Bell & Ross BR 01-97 Réserve de Marche,Bell & Ross,Con documentos originales,Sin estuche original,9.800,BR 01-97 Réserve de Marche,Usado (Muy bueno) ,2007,"['https://imgchrono24com/images/uhren/35929614-r66zwrgtz9usaax88ad3bvrx-Zoomjpg', 'https://imgchrono24com/images/uhren/35929614-9rk824w0yxwj86rent2h5y9e-Zoomjpg', 'https://imgchrono24com/images/uhren/35929614-8fid8pro8164prfg5cmscdoq-Zoomjpg', 'https://imgchrono24com/images/uhren/35929614-5j3cdtw2xw8ubcjt5157fkax-Zoomjpg', 'https://imgchrono24com/images/uhren/35929614-wj71iv6cq070s1yw7gxixnxy-Zoomjpg', 'https://imgchrono24com/images/uhren/35929614-kfu5hdr3jv4qol8dtcrhaup1-Zoomjpg']"
Bell & Ross BR 03,Bell & Ross,Con documentos originales,Con estuche original,6.200,BR 03,Como nuevo y sin estrenar ,2019 (Año aproximado),"['https://imgchrono24com/images/uhren/33492925-u780dkwrb493mtqe7y1ox9rc-Zoomjpg', 'https://imgchrono24com/images/uhren/33492925-gqby25f45arpws2ooiggcdjy-Zoomjpg', 'https://imgchrono24com/images/uhren/33492925-3zlddy8zicqr4awo87xlj2cm-Zoomjpg', 'https://imgchrono24com/images/uhren/33492925-bli2uth6bv0yrqci6yjcd35k-Zoomjpg', 'https://imgchrono24com/images/uhren/33492925-ybe1kcm0nq6dmacxu8ibbt7u-Zoomjpg', 'https://imgchrono24com/images/uhren/33492925-4rr3newikcc53kg2u3zzt0kc-Zoomjpg', 'https://imgchrono24com/images/uhren/33492925-nfqbjk5ych7kgj6mwe1z0jki-Zoomjpg', 'https://imgchrono24com/images/uhren/33492925-g8ofom9p4gwi040ij7g64pjb-Zoomjpg', 'https://imgchrono24com/images/uhren/33492925-uce0cfcnuvegb7hcgdtbsfzy-Zoomjpg']"
Bell & Ross BR 03,Bell & Ross,Con documentos originales,Con estuche original,2.492,BR 03,Usado (Bueno) ,2021,"['https://imgchrono24com/images/uhren/39815519-2lsbln4p649msojzd38xy2mn-Zoomjpg', 'https://imgchrono24com/images/uhren/39815519-ote8umnvf0y3a5zrsxqhc34d-Zoomjpg', 'https://imgchrono24com/images/uhren/39815519-v7vd39rcszf23uocbsjerh0b-Zoomjpg', 'https://imgchrono24com/images/uhren/39815519-53rnkqkv1vouey833fljskvn-Zoomjpg', 'https://imgchrono24com/images/uhren/39815519-ewjgs00dc3dasqibsgky2w3j-Zoomjpg', 'https://imgchrono24com/images/uhren/39815519-ebmgmnx2q2y8vp9zqfx04bnn-Zoomjpg', 'https://imgchrono24com/images/uhren/39815519-7ywmu6d61p3m3x90rzen0eb3-Zoomjpg', 'https://imgchrono24com/images/uhren/39815519-pmg0gj510dffyo3ell9swn7c-Zoomjpg', 'https://imgchrono24com/images/uhren/39815519-kuu6wzdqxzh53a9ii9v2z3vg-Zoomjpg', 'https://imgchrono24com/images/uhren/39815519-32i1dlolu2ctt86hqs7o1wbk-Zoomjpg', 'https://imgchrono24com/images/uhren/39815519-x4dz9vp7508zdk46arx4wggy-Zoomjpg']"
Bell & Ross BR 03,Bell & Ross,Con documentos originales,Con estuche original,3.062,BR 03,Usado (Muy bueno) ,2021,"['https://imgchrono24com/images/uhren/39797994-2fun58w20hyzjnlnkxk8hm83-Zoomjpg', 'https://imgchrono24com/images/uhren/39797994-qs5zyvwms9tfyb3zw4d6sp2x-Zoomjpg', 'https://imgchrono24com/images/uhren/39797994-fk7pobsfvaqbde0olq3gb8p0-Zoomjpg', 'https://imgchrono24com/images/uhren/39797994-ft7wcs79yosormt80ls86e1i-Zoomjpg', 'https://imgchrono24com/images/uhren/39797994-75lr3b0byj1a7hkta00qqlmv-Zoomjpg', 'https://imgchrono24com/images/uhren/39797994-jmb0vw6e2y4123hzoozui9aq-Zoomjpg', 'https://imgchrono24com/images/uhren/39797994-md2lipxtpdz0jypftspmvxd8-Zoomjpg', 'https://imgchrono24com/images/uhren/39797994-7s8zzset0b9q5ytv9j4oiay5-Zoomjpg', 'https://imgchrono24com/images/uhren/39797994-pqcu74db6syqj9r89qe3432n-Zoomjpg', 'https://imgchrono24com/images/uhren/39797994-p9q3hv3spatrmirc5jfdphjw-Zoomjpg']"
Bell & Ross BR 05,Bell & Ross,Con documentos originales,Sin estuche original,2.850,BR 05,Usado (Muy bueno) ,2018,"['https://imgchrono24com/images/uhren/36530312-1fat65th8nj6w01aojcp0hn4-Zoomjpg', 'https://imgchrono24com/images/uhren/36530312-0gkgxhnhiztzvcyqsr3h7vy3-Zoomjpg', 'https://imgchrono24com/images/uhren/36530312-5n3t7snybsu9jdohhgqsa85o-Zoomjpg', 'https://imgchrono24com/images/uhren/36530312-y0rmqfr8mh9h7nuspwgfd5ah-Zoomjpg', 'https://imgchrono24com/images/uhren/36530312-x1l9q52ab89244w7hp4s2qtj-Zoomjpg', 'https://imgchrono24com/images/uhren/36530312-382gayr0fc0edob50qoo2ir9-Zoomjpg', 'https://imgchrono24com/images/uhren/36530312-1ogngwolod0a6tp5b7um4omn-Zoomjpg', 'https://imgchrono24com/images/uhren/36530312-ix2aq6xkcjrtptvbgyaox0cm-Zoomjpg', 'https://imgchrono24com/images/uhren/36530312-e1uce1kxp9m6gpzta8pzarzy-Zoomjpg', 'https://imgchrono24com/images/uhren/36530312-5lgp11mdkf5twirohavbzmxf-Zoomjpg', 'https://imgchrono24com/images/uhren/36530312-81ez647oi6dru082kvlxnf5c-Zoomjpg', 'https://imgchrono24com/images/uhren/36530312-ssg7wzeh0okkehp4latxf6zf-Zoomjpg', 'https://imgchrono24com/images/uhren/36530312-zx2ml0jxd9i1gek446tanatn-Zoomjpg', 'https://imgchrono24com/images/uhren/36530312-myu1x5vfqig8fny7poox9j17-Zoomjpg', 'https://imgchrono24com/images/uhren/36530312-dogvu9lnndmk7z6jqroekgyz-Zoomjpg', 'https://imgchrono24com/images/uhren/36530312-7vq8legnm92irtvxb2v3727w-Zoomjpg']"
Bell & Ross BR 03-92 Ceramic,Bell & Ross,Con documentos originales,Con estuche original,1.700,BR 03-92 Ceramic,Usado (Muy bueno) ,2013,"['https://imgchrono24com/images/uhren/39678941-n8vy4qpx1s0zycp8vqfcwvv1-Zoomjpg', 'https://imgchrono24com/images/uhren/39678941-mfewl27v6i7gtulu0l6rcitb-Zoomjpg', 'https://imgchrono24com/images/uhren/39678941-i1bgwpwkff9s7wtfr5ckh36g-Zoomjpg', 'https://imgchrono24com/images/uhren/39678941-gz4oyybva9xc4qo7nh05hzwt-Zoomjpg', 'https://imgchrono24com/images/uhren/39678941-sruklf8p3uprmx1ol9r73cqd-Zoomjpg', 'https://imgchrono24com/images/uhren/39678941-a76vd9ejirxtpcxv1p6bxupy-Zoomjpg', 'https://imgchrono24com/images/uhren/39678941-sf3bertozzxn1kcun4caxeaj-Zoomjpg', 'https://imgchrono24com/images/uhren/39678941-fku0kia9iw89ae7w8qbe5xsw-Zoomjpg', 'https://imgchrono24com/images/uhren/39678941-uibbnfo7vlbrl76iy0n3uivt-Zoomjpg']"
Bell & Ross BR 03-94 Chronographe,Bell & Ross,Con documentos originales,Con estuche original,4.500,BR 03-94 Chronographe,Usado (Muy bueno) ,2023,"['https://imgchrono24com/images/uhren/33658747-ef924km6x60iauokhltu1lis-Zoomjpg', 'https://imgchrono24com/images/uhren/33658747-s245n09nyynms7wx0vn8tgmd-Zoomjpg', 'https://imgchrono24com/images/uhren/33658747-7jfsy8n26krwlk0mdn83fpad-Zoomjpg', 'https://imgchrono24com/images/uhren/33658747-gnx411zhmesoeauehyagy64g-Zoomjpg', 'https://imgchrono24com/images/uhren/33658747-m2vw8j70a7dcd8144q8e2au4-Zoomjpg', 'https://imgchrono24com/images/uhren/33658747-61h24i7u392v0ft5dkzyhq79-Zoomjpg', 'https://imgchrono24com/images/uhren/33658747-6zkyq59zwjaq4g0zjkza59g9-Zoomjpg', 'https://imgchrono24com/images/uhren/33658747-0uy2hs8rhr8lt40azrwtps9q-Zoomjpg', 'https://imgchrono24com/images/uhren/33658747-pmh2x9llk3ku1i8a2w4vtqfy-Zoomjpg', 'https://imgchrono24com/images/uhren/33658747-vnj8t0etjqxm3v86xqul08sz-Zoomjpg', 'https://imgchrono24com/images/uhren/33658747-06rkitqpdz81t57lxlgrwaov-Zoomjpg', 'https://imgchrono24com/images/uhren/33658747-7i8k7liznctxut5fmhpuasi2-Zoomjpg', 'https://imgchrono24com/images/uhren/33658747-6rx3b440befeueqhzo767uol-Zoomjpg', 'https://imgchrono24com/images/uhren/33658747-jsym200dtcaiqfx6dcjhw9nk-Zoomjpg']"
Bell & Ross BR 03,Bell & Ross,Con documentos originales,Con estuche original,2.500,BR 03,Usado (Muy bueno) ,No conocido,"['https://imgchrono24com/images/uhren/39627399-z2fi2p0mkhddfjyi9ilefj6j-Zoomjpg', 'https://imgchrono24com/images/uhren/39627399-jkd8yehztzuqgmrk397mzfnf-Zoomjpg', 'https://imgchrono24com/images/uhren/39627399-eoa2z1a9p85g2cn18o4ud4tg-Zoomjpg', 'https://imgchrono24com/images/uhren/39627399-rmmgqflm55ypiis1yg9jf1e1-Zoomjpg', 'https://imgchrono24com/images/uhren/39627399-0nqv87b841rtw0wqoy2dos9k-Zoomjpg', 'https://imgchrono24com/images/uhren/39627399-tc4t62jhuvo4fftkqjw5g75e-Zoomjpg', 'https://imgchrono24com/images/uhren/39627399-yvkwdjvqa0ukf54zvf1cl1lq-Zoomjpg', 'https://imgchrono24com/images/uhren/39627399-ejk3wiibld37rwxygklaox66-Zoomjpg', 'https://imgchrono24com/images/uhren/39627399-kizeytxo91xvlgs1awm5gpin-Zoomjpg', 'https://imgchrono24com/images/uhren/39627399-kd063few49znkw4mzmorc1sz-Zoomjpg', 'https://imgchrono24com/images/uhren/39627399-7thx6e1oo85c8doz8m6lnevj-Zoomjpg', 'https://imgchrono24com/images/uhren/39627399-fm8rh8u1ikzszy4946eo5yxp-Zoomjpg', 'https://imgchrono24com/images/uhren/39627399-lfjbyi3u0x7rcx5ryhmltbxj-Zoomjpg', 'https://imgchrono24com/images/uhren/39627399-7lsa0drkw1f5rnv61g8fnwwh-Zoomjpg', 'https://imgchrono24com/images/uhren/39627399-mdve4yh4otc4cx0232chord5-Zoomjpg']"
Maurice Lacroix AIKON,Maurice Lacroix,Con documentos originales,Con estuche original,375,AIKON,Como nuevo y sin estrenar ,2024 (Año aproximado),"['https://imgchrono24com/images/uhren/37814124-nwjgqq7o0ikqtqa1gy4414dk-Zoomjpg', 'https://imgchrono24com/images/uhren/37814124-s3yz36gha9bkuwzfttrvtzwm-Zoomjpg', 'https://imgchrono24com/images/uhren/37814124-jw9ui0sipbvdl9y3713ecfdp-Zoomjpg', 'https://imgchrono24com/images/uhren/37814124-szgphqaini5yzkjy0l1i97cy-Zoomjpg', 'https://imgchrono24com/images/uhren/37814124-axg1o5gwgtssv5bwv6e10xap-Zoomjpg', 'https://imgchrono24com/images/uhren/37814124-cgi8glm4o0rnni02c7z87pe8-Zoomjpg', 'https://imgchrono24com/images/uhren/37814124-qw229j67v17v3dkeln7lh8yz-Zoomjpg', 'https://imgchrono24com/images/uhren/37814124-arvwbiwxax0bn2f0r5xxzqb1-Zoomjpg']"
Maurice Lacroix AIKON,Maurice Lacroix,Con documentos originales,Con estuche original,803,AIKON,Usado (Bueno) ,2021,"['https://imgchrono24com/images/uhren/38852547-e8viwvq2hi0ltpcgui3huotc-Zoomjpg', 'https://imgchrono24com/images/uhren/38852547-se0n6ca7miit17s0dg2oxf2f-Zoomjpg', 'https://imgchrono24com/images/uhren/38852547-qpf9tvirq3kn41t2bhzd8sk1-Zoomjpg', 'https://imgchrono24com/images/uhren/38852547-g5lncn9auiwyb27g2ruquapj-Zoomjpg', 'https://imgchrono24com/images/uhren/38852547-zsgy0fe82m8kfcvia9cdm5pj-Zoomjpg', 'https://imgchrono24com/images/uhren/38852547-1eitnsu63fcsk5yfgq7q6wls-Zoomjpg', 'https://imgchrono24com/images/uhren/38852547-2wteujxuv70kg1yfos2s4fpx-Zoomjpg', 'https://imgchrono24com/images/uhren/38852547-9viigdg99t798nejskvgyq0h-Zoomjpg', 'https://imgchrono24com/images/uhren/38852547-aa8c2iq93pdkk4jijit6a9u1-Zoomjpg', 'https://imgchrono24com/images/uhren/38852547-q9thk9mimwr61g2k9v9418wa-Zoomjpg', 'https://imgchrono24com/images/uhren/38852547-qo8mffo5qvai9ciiceg6i04z-Zoomjpg', 'https://imgchrono24com/images/uhren/38852547-u9jmg98t8o2e9ni1vnoc9tgc-Zoomjpg', 'https://imgchrono24com/images/uhren/38852547-3k36tx20ie10bnx353w4npu0-Zoomjpg', 'https://imgchrono24com/images/uhren/38852547-0m9tdliqcochaaw613v2lxsu-Zoomjpg', 'https://imgchrono24com/images/uhren/38852547-uhk4a3prwa7hpf8iz6v3rpra-Zoomjpg', 'https://imgchrono24com/images/uhren/38852547-exu062bd1mdl4oz70gvlqo78-Zoomjpg']"
Maurice Lacroix AIKON,Maurice Lacroix,Sin documentos originales,Sin estuche original,1.368,AIKON,Usado (Bueno) ,2021 (Año aproximado),"['https://imgchrono24com/images/uhren/aofdjg8a8edw-lrgg3jkcxjhxvc57yy7d8i2r-Zoomjpg', 'https://imgchrono24com/images/uhren/8ka128ykapi9-x2c7ohympt3m36x53gsaqviz-Zoomjpg', 'https://imgchrono24com/images/uhren/8lgmmzeicffn-3svbs5pk5m2wx2e6x03fb47g-Zoomjpg', 'https://imgchrono24com/images/uhren/2e1yfyai95o1-d1q5lbeest6njhi7d2huhr7v-Zoomjpg', 'https://imgchrono24com/images/uhren/zojpyl4gdq9t-xvg3paqgzm3dsz320riwydqo-Zoomjpg', 'https://imgchrono24com/images/uhren/546nd4328ikt-73oj5k7fgsl145htvaxsrutu-Zoomjpg', 'https://imgchrono24com/images/uhren/9pwqpmnv9in2-awop9nru420f4x6tfccsn5cd-Zoomjpg']"
Maurice Lacroix,Maurice Lacroix,Sin documentos originales,Con estuche original,690,,Usado (Muy bueno) ,1995 (Año aproximado),"['https://imgchrono24com/images/uhren/39384761-tvd352pwtfgqkrj3jcgoy6h5-Zoomjpg', 'https://imgchrono24com/images/uhren/39384761-hw113i3ozfnm2yahlym27zga-Zoomjpg', 'https://imgchrono24com/images/uhren/39384761-mc2q5pjwd263g7h411fu6dow-Zoomjpg', 'https://imgchrono24com/images/uhren/39384761-9vrlbutep7q3gf5plkk910qo-Zoomjpg', 'https://imgchrono24com/images/uhren/39384761-szi77ito14ssm4oi3ec68sx3-Zoomjpg', 'https://imgchrono24com/images/uhren/39384761-l08xabtardv53gkk84fxf97x-Zoomjpg', 'https://imgchrono24com/images/uhren/39384761-p9i0wt0pe64otevs9zvpn930-Zoomjpg', 'https://imgchrono24com/images/uhren/39384761-g7xdgoja0d5d7u2hdlrk749p-Zoomjpg', 'https://imgchrono24com/images/uhren/39384761-gmdt38jhhaz7dune9tifdrwx-Zoomjpg', 'https://imgchrono24com/images/uhren/39384761-oluf6la7hr22j3zi7gumkyec-Zoomjpg', 'https://imgchrono24com/images/uhren/39384761-5fcpee30rwrm94091d9n6yca-Zoomjpg', 'https://imgchrono24com/images/uhren/39384761-ie32obwr7g9fk42nhr7oa4mb-Zoomjpg']"
Maurice Lacroix AIKON,Maurice Lacroix,Con documentos originales,Con estuche original,1.750,AIKON,Como nuevo y sin estrenar ,2023,"['', 'https://imgchrono24com/images/uhren/36512030-i6mhnggetydc31udybodsrm7-Zoomjpg', 'https://imgchrono24com/images/uhren/36512030-7vowf1ld44ztojbsmrexvjyw-Zoomjpg', 'https://imgchrono24com/images/uhren/36512030-7vowf1ld44ztojbsmrexvjyw-Zoomjpg', 'https://imgchrono24com/images/uhren/36512030-q5iwep2vqs7ttahdswcfic6q-Zoomjpg', 'https://imgchrono24com/images/uhren/36512030-64nelgq0xastkbq4139jtsh0-Zoomjpg', 'https://imgchrono24com/images/uhren/36512030-fnwpzmrmfiz572tmkngzivaj-Zoomjpg', 'https://imgchrono24com/images/uhren/36512030-jhxcrxd3wkj5ybasm9r5bks6-Zoomjpg', 'https://imgchrono24com/images/uhren/36512030-nb6auc7zahaaf37oxxf5qwvk-Zoomjpg', 'https://imgchrono24com/images/uhren/36512030-uiequ8q8n9uu7eu85i8qhzej-Zoomjpg', 'https://imgchrono24com/images/uhren/36512030-eo6a2o59xhooztqd2pswx1bu-Zoomjpg', 'https://imgchrono24com/images/uhren/36512030-nuiek28yltiwzopmi8r8a0hb-Zoomjpg', 'https://imgchrono24com/images/uhren/36512030-nuiek28yltiwzopmi8r8a0hb-Zoomjpg', 'https://imgchrono24com/images/uhren/36512030-nuiek28yltiwzopmi8r8a0hb-Zoomjpg', 'https://imgchrono24com/images/uhren/36512030-lfima3qvkbws2n6cvoyf24n6-Zoomjpg', 'https://imgchrono24com/images/uhren/36512030-lp0x5ymdxoq9w9y3cni8rjc2-Zoomjpg']"
Maurice Lacroix Masterpiece,Maurice Lacroix,Sin documentos originales,Sin estuche original,1.150,Masterpiece,Usado (Muy bueno) ,No conocido,"['https://imgchrono24com/images/uhren/34198322-f47losrnfa2pu30anbs5xk1w-Zoomjpg', 'https://imgchrono24com/images/uhren/34198322-3t4h0db0l1y1mjjhxj6hk3ix-Zoomjpg', 'https://imgchrono24com/images/uhren/34198322-ihlqk55egppj6bu5qdzesp5n-Zoomjpg', 'https://imgchrono24com/images/uhren/34198322-8rppvqhiy1c3sx79wbuzglfu-Zoomjpg', 'https://imgchrono24com/images/uhren/34198322-dgchgfj6jwz4s0lr97684tlj-Zoomjpg', 'https://imgchrono24com/images/uhren/34198322-sl876qnq5vnfi57lsianpki5-Zoomjpg', 'https://imgchrono24com/images/uhren/34198322-rlkxgdyneqm8oa03k0xzmqn0-Zoomjpg', 'https://imgchrono24com/images/uhren/34198322-1nefufrwb9pbrzs7fzgiy5kx-Zoomjpg', 'https://imgchrono24com/images/uhren/34198322-9piejqiqt1urhwvavhpqvw5i-Zoomjpg', 'https://imgchrono24com/images/uhren/34198322-2r8e4oqoimsygn1hdy329ed2-Zoomjpg']"
Maurice Lacroix Divina,Maurice Lacroix,Sin documentos originales,Sin estuche original,388,Divina,Usado (Bueno) ,2000 (Año aproximado),"['https://imgchrono24com/images/uhren/yn70mkmxixmv-4wdhnt41l8f6f252mwlfronx-Zoomjpg', 'https://imgchrono24com/images/uhren/jqhfl00aozli-eltpwk1yk5hunn7a13bbkf5h-Zoomjpg', 'https://imgchrono24com/images/uhren/f883nmquakiu-49nrt4ir42fy50q3s62bmbdo-Zoomjpg', 'https://imgchrono24com/images/uhren/3pnze1yrp57p-b4f1deuzlg0uiloz39xkqhz6-Zoomjpg', 'https://imgchrono24com/images/uhren/asuf0hf61bj8-o42e9lp2n3xvw2yufyn6mdnm-Zoomjpg', 'https://imgchrono24com/images/uhren/rhrdzsmpl937-jjsd4u4d97v9926zt9qllvnv-Zoomjpg', 'https://imgchrono24com/images/uhren/3i9m44wmbbxo-osfsod5v1c6nj267npnr99tg-Zoomjpg']"
Maurice Lacroix AIKON,Maurice Lacroix,Con documentos originales,Con estuche original,1.400,AIKON,Usado (Muy bueno) ,2021,"['https://imgchrono24com/images/uhren/ji6m09tz63as-7c5mjbutx8nr3meq2vwwuajw-Zoomjpg', 'https://imgchrono24com/images/uhren/owl3rxc0ofii-xmfobxklx8r29s6puv4c1re5-Zoomjpg', 'https://imgchrono24com/images/uhren/owogljog3jzt-31n7bhtjwy7bl33q3gte2js8-Zoomjpg', 'https://imgchrono24com/images/uhren/8a04ua3lqj3p-u7fdcl9gk2lq4nm550tai43g-Zoomjpg', 'https://imgchrono24com/images/uhren/imdle0yh7lth-shpf0zewnupj5y112s6wbbu2-Zoomjpg', 'https://imgchrono24com/images/uhren/3s5s6b8terwr-06qmnocdl5j565h72tuq97si-Zoomjpg', 'https://imgchrono24com/images/uhren/68mwcbtjvph1-ipkffdflxq0pts5y1skixexs-Zoomjpg', 'https://imgchrono24com/images/uhren/zdtn03qddlrl-1wynqmik4d9bcjknos8cag07-Zoomjpg', 'https://imgchrono24com/images/uhren/6o2oyz1py9bf-y7jr8u091016pv213qvwx0i6-Zoomjpg', 'https://imgchrono24com/images/uhren/ec6nweo9u770-hr2ipaj4f7ogxo59onadnwiz-Zoomjpg']"
Maurice Lacroix AIKON,Maurice Lacroix,Con documentos originales,Con estuche original,3.406,AIKON,Nuevo ,2025,"['https://imgchrono24com/images/uhren/3a99f3vzudpn-xg37y46v7nlcgyfkniiedt4q-Zoomjpg', 'https://imgchrono24com/images/uhren/sb9jtgpfs8ex-c48ysutknwbo8uvltxzvp1at-Zoomjpg', 'https://imgchrono24com/images/uhren/3cj6gm4x7rgn-o3zkeftj7g1iw0qc0a2944t2-Zoomjpg', 'https://imgchrono24com/images/uhren/ok4ma7gd3dz8-lyd7xf8rexewwmaclpuyjtob-Zoomjpg', 'https://imgchrono24com/images/uhren/1f4bo2jy5ki0-53t4hbw4gqz16mbrclbky5x4-Zoomjpg', 'https://imgchrono24com/images/uhren/n1x4w8xva2fw-wmfqxhn5zfxqqgzdugegyjue-Zoomjpg', 'https://imgchrono24com/images/uhren/7sp7bn8oa4bs-f58r7ho7sqew9b9h9idkqftf-Zoomjpg', 'https://imgchrono24com/images/uhren/ha6vbkt72lng-2qfmaxog100i025q6sw231k5-Zoomjpg', 'https://imgchrono24com/images/uhren/jxnrsvg3q5nh-h0blbhistkv4dhjxw8inudth-Zoomjpg', 'https://imgchrono24com/images/uhren/rqzije2760cb-mfqh5lj3nus40xqx0x1bhhhd-Zoomjpg', 'https://imgchrono24com/images/uhren/5myq6kde6yym-ou2eouwp9pr5upkr2ydcdhtl-Zoomjpg', 'https://imgchrono24com/images/uhren/4hw9preuaapw-5ulcbws80bjbf6qjedciegn7-Zoomjpg']"
Maurice Lacroix,Maurice Lacroix,Sin documentos originales,Sin estuche original,275,,Usado (Muy bueno) ,No conocido,"['https://imgchrono24com/images/uhren/d3bohwtwaiv6-cwwx818r4g4jy04rs7covsjf-Zoomjpg', 'https://imgchrono24com/images/uhren/r0yjrnvroxfu-97iologbnu7n0ch2rtdp1pdc-Zoomjpg', 'https://imgchrono24com/images/uhren/j3ca40tlg3yq-arz83g12sade9rfmm8bw66un-Zoomjpg', 'https://imgchrono24com/images/uhren/wgd6ciatr7co-s5pxd5j9qzkubl2welpzoha6-Zoomjpg', 'https://imgchrono24com/images/uhren/cma1esib6u01-ivmjrscbj63oodjr2s7idxfa-Zoomjpg', 'https://imgchrono24com/images/uhren/qotecv0cuvz2-xn9xi40w9ibosrfxwpjhewgk-Zoomjpg', 'https://imgchrono24com/images/uhren/jcwwnv1f9ml9-7oynnu3wopf54soe5o0f0bwj-Zoomjpg', 'https://imgchrono24com/images/uhren/soby53tjwsaj-by4niazogq2lbxntx8oxkgfx-Zoomjpg']"
Maurice Lacroix AIKON,Maurice Lacroix,Con documentos originales,Con estuche original,900,AIKON,Usado (Muy bueno) ,2018 (Año aproximado),"['https://imgchrono24com/images/uhren/r0rmq0n8ktzh-jh71718fk9nta4qe86md7kvn-Zoomjpg', 'https://imgchrono24com/images/uhren/qlzgls6cdzoh-qwq5hbbf3dkx8idh3zyklbjh-Zoomjpg', 'https://imgchrono24com/images/uhren/zvsf1r3xjsf5-xjvs3vlmlv6gnslhhcgthnnf-Zoomjpg', 'https://imgchrono24com/images/uhren/o8jaqd28qpcq-xf3sa1abna5bo6oc9hs9gm3h-Zoomjpg', 'https://imgchrono24com/images/uhren/bh4jsaee2hwi-oscmeiuy087gjs0rmsq5ic61-Zoomjpg', 'https://imgchrono24com/images/uhren/9s159c1hyj72-uri6z329pnf8qgl9qx9dgms0-Zoomjpg', 'https://imgchrono24com/images/uhren/41kkwttvujob-u6rkmzp54ks1d6wobfcswo5v-Zoomjpg', 'https://imgchrono24com/images/uhren/3j9jblrtt0ti-5tvnx3aw5b9urkrbtncsgin0-Zoomjpg']"
Maurice Lacroix Eliros,Maurice Lacroix,Con documentos originales,Con estuche original,700,Eliros,Nuevo ,2024,"['https://imgchrono24com/images/uhren/34605277-lw0v0ykn2y5ymp12u38ijq2z-Zoomjpg', 'https://imgchrono24com/images/uhren/34605277-vllqcd0ed7p7xxaze7uaaz2b-Zoomjpg', 'https://imgchrono24com/images/uhren/34605277-a3yg3vlzdek6gd7096eq1oyt-Zoomjpg', 'https://imgchrono24com/images/uhren/34605277-u2rwk8cdrdixiqwmuubavcp7-Zoomjpg', 'https://imgchrono24com/images/uhren/34605277-dgrun8zv5aj5ojjdle6a3q5b-Zoomjpg', 'https://imgchrono24com/images/uhren/34605277-zr8h68un9t1jfwdhi2rt8q14-Zoomjpg', 'https://imgchrono24com/images/uhren/34605277-zr8h68un9t1jfwdhi2rt8q14-Zoomjpg']"
Maurice Lacroix AIKON,Maurice Lacroix,Con documentos originales,Con estuche original,2.000,AIKON,Usado (Muy bueno) ,2022,"['https://imgchrono24com/images/uhren/70u1tutpfz8y-9z2j2ahvvrtxytmo3w9dnaqn-Zoomjpg', 'https://imgchrono24com/images/uhren/so3l9ws4b04a-fqd00oogf1m6176r3k4stf2y-Zoomjpg', 'https://imgchrono24com/images/uhren/mvvyx8i49dcb-4elek4i5m3iwnlwqge2r9ye5-Zoomjpg', 'https://imgchrono24com/images/uhren/wk7rnsfolpvd-lij730b7xcqar6inqdmr42by-Zoomjpg', 'https://imgchrono24com/images/uhren/wi3sp1pyx1n2-8q8eval71wymn6vxgbfngudh-Zoomjpg', 'https://imgchrono24com/images/uhren/jae8x8esp93a-23m98jvc2izoyx3jyf6di8l3-Zoomjpg', 'https://imgchrono24com/images/uhren/jpus9n4ckvjd-isd6ke6wiz4hcyiqiw5rmpsk-Zoomjpg']"
Maurice Lacroix,Maurice Lacroix,Sin documentos originales,Sin estuche original,400,,Usado (Bueno) ,2009 (Año aproximado),"['https://imgchrono24com/images/uhren/34046202-1m4lygevvf151zgxpwdr61e9-Zoomjpg', 'https://imgchrono24com/images/uhren/34046202-zhmvzzrkb75of1rfdx89lku6-Zoomjpg', 'https://imgchrono24com/images/uhren/34046202-7bes635wavcikt4ovyx3qkhu-Zoomjpg', 'https://imgchrono24com/images/uhren/34046202-2om19cdo9nkqyus6llkwvcej-Zoomjpg', 'https://imgchrono24com/images/uhren/34046202-4lme3glfcglfw01gfqj3r4e5-Zoomjpg']"
Maurice Lacroix AIKON,Maurice Lacroix,Sin documentos originales,Con estuche original,828,AIKON,Usado (Muy bueno) ,No conocido,"['https://imgchrono24com/images/uhren/39743480-qmucl08zwecper5cl27zxash-Zoomjpg', 'https://imgchrono24com/images/uhren/39743480-e8x07dzf9ezfvfnhvt7807in-Zoomjpg', 'https://imgchrono24com/images/uhren/39743480-ebtkugdndtxr28mgp34lvao7-Zoomjpg', 'https://imgchrono24com/images/uhren/39743480-9oezjh2jjq8rn4utkqzpchfq-Zoomjpg', 'https://imgchrono24com/images/uhren/39743480-gmnc9ztbtjz3jak1zuqvb4x5-Zoomjpg', 'https://imgchrono24com/images/uhren/39743480-jzrsktcq11qz8vn10yzsg54u-Zoomjpg', 'https://imgchrono24com/images/uhren/39743480-saf7ohg021wo9oylcrds5uw5-Zoomjpg', 'https://imgchrono24com/images/uhren/39743480-5n68g3g1bfm1a3d92ymkc8ur-Zoomjpg', 'https://imgchrono24com/images/uhren/39743480-upqfn4r1dyouajgklalkwem0-Zoomjpg', 'https://imgchrono24com/images/uhren/39743480-cy18o05n2gf9x7azzt0hfumw-Zoomjpg', 'https://imgchrono24com/images/uhren/39743480-axps3wmwxszapa03wvhelcod-Zoomjpg', 'https://imgchrono24com/images/uhren/39743480-zcy223ru7qnr1a9zpy4soer5-Zoomjpg', 'https://imgchrono24com/images/uhren/39743480-td5as1usj1dxlld05j8ko8qm-Zoomjpg']"
Maurice Lacroix,Maurice Lacroix,Con documentos originales,Con estuche original,585,,Como nuevo y sin estrenar ,1995 (Año aproximado),"['https://imgchrono24com/images/uhren/82nr9cdwm6zm-11hqkz1r3n9tg8r5ye3totwf-Zoomjpg', 'https://imgchrono24com/images/uhren/l8w0xqlk48hu-am2185gm5ukfoipuv5nl4ugo-Zoomjpg', 'https://imgchrono24com/images/uhren/97ub5cegduii-iqto6sdktnzejdustl14rzwc-Zoomjpg', 'https://imgchrono24com/images/uhren/hjcrsk2jv83q-fdbye5tzhgg9uh22pke0p885-Zoomjpg', 'https://imgchrono24com/images/uhren/eoty82jdzb4i-v5uusuhfl9i1yes92hw1nzi4-Zoomjpg', 'https://imgchrono24com/images/uhren/7gl9m94w9ved-0tclq905njrbvyjfd32hnefw-Zoomjpg', 'https://imgchrono24com/images/uhren/ah7xhhur9lko-pu2nn78fidm7fgi7ujjcxjqg-Zoomjpg', 'https://imgchrono24com/images/uhren/8s964c8ais8p-ldyrj2m8c9vdythxv7mw9hot-Zoomjpg']"
Maurice Lacroix,Maurice Lacroix,Sin documentos originales,Sin estuche original,590,,Usado (Muy bueno) ,No conocido,"['https://imgchrono24com/images/uhren/22751186-hxphkr63t7wxgfzera24sjht-Zoomjpg', 'https://imgchrono24com/images/uhren/22751186-8n7mm6wo7po0zb16w9r8h545-Zoomjpg', 'https://imgchrono24com/images/uhren/22751186-4lc1kqdajav9393ao8x8m1f6-Zoomjpg', 'https://imgchrono24com/images/uhren/22751186-43mguaoy6w1rn11z7g0k82vn-Zoomjpg', 'https://imgchrono24com/images/uhren/22751186-s9km1vn8nwepeuz6465m5szv-Zoomjpg', 'https://imgchrono24com/images/uhren/22751186-w47ruz15eqe2ggt1kvng2xpk-Zoomjpg', 'https://imgchrono24com/images/uhren/22751186-0iuoqem7j2mngs6p83lymi4i-Zoomjpg', 'https://imgchrono24com/images/uhren/22751186-dxxra3qfl33h9gvjukewmlpt-Zoomjpg']"
Maurice Lacroix Pontos Day Date,Maurice Lacroix,Sin documentos originales,Con estuche original,999,Pontos Day Date,Usado (Muy bueno) ,No conocido,"['https://imgchrono24com/images/uhren/34921072-35k3qx390r0xsolybyfd7v8i-Zoomjpg', 'https://imgchrono24com/images/uhren/34921072-j4jn1dbqspsmk9c3tnfn3zbb-Zoomjpg', 'https://imgchrono24com/images/uhren/34921072-qrq78gozktjou27dimp0dpp2-Zoomjpg', 'https://imgchrono24com/images/uhren/34921072-e4k1tlpp27f5vssywpbn790b-Zoomjpg', 'https://imgchrono24com/images/uhren/34921072-3rqo7w3a2b5vvf59p5oygqzh-Zoomjpg', 'https://imgchrono24com/images/uhren/34921072-zzhc5im2o4ei9e08j7h2wcac-Zoomjpg', 'https://imgchrono24com/images/uhren/34921072-4yei831y7m7cnrfymhypgbpb-Zoomjpg']"
Maurice Lacroix Calypso,Maurice Lacroix,Con documentos originales,Con estuche original,590,Calypso,Usado (Muy bueno) ,1999 (Año aproximado),"['https://imgchrono24com/images/uhren/38848247-if8m3jm6rhxsjw6a1v2r60mg-Zoomjpg', 'https://imgchrono24com/images/uhren/38848247-ba7hbmgzemul2qeiya4vuc4q-Zoomjpg', 'https://imgchrono24com/images/uhren/38848247-ui8wxw7haaohv82a2rnbijwe-Zoomjpg', 'https://imgchrono24com/images/uhren/38848247-qobwe0nv3vid6z9cpajefq6m-Zoomjpg', 'https://imgchrono24com/images/uhren/38848247-k6hb72keyizo9drz66agftbs-Zoomjpg', 'https://imgchrono24com/images/uhren/38848247-diggn4wrbanbwcmt5tebta8x-Zoomjpg', 'https://imgchrono24com/images/uhren/38848247-o53kmjvvwdf1l2rv1lfl3ah9-Zoomjpg', 'https://imgchrono24com/images/uhren/38848247-z4d01rv2cjpssdb612i9ze6g-Zoomjpg']"
